ISO-10303-21;
HEADER;
/* Generated by software containing ST-Developer
 * from STEP Tools, Inc. (www.steptools.com) 
 */
/* OPTION: using custom renumber hook */

FILE_DESCRIPTION(
/* description */ ('STEP AP242 Edition 2',
'CAx-IF Rec.Pracs.---Representation and Presentation of Product Manufa
cturing Information (PMI)---4.0---2014-10-13',
'CAx-IF Rec.Pracs.---3D Tessellated Geometry---0.4---2014-09-14','2;1',
'CAx-IF Rec.Pracs.---User Defined Attributes---1.5---2016-08-15'),
/* implementation_level */ '2;1');

FILE_NAME(
/* name */ 'Box',
/* time_stamp */ '2026-08-02T04:20:18Z',
/* author */ (''),
/* organization */ (''),
/* preprocessor_version */ 'ST-DEVELOPER v20',
/* originating_system */ 'ONSHAPE BY PTC INC, 1.218',
/* authorisation */ '  ');

FILE_SCHEMA (('AP242_MANAGED_MODEL_BASED_3D_ENGINEERING_MIM_LF { 1 0 10303 442 3 1 4 }'));
ENDSEC;

DATA;
#10=SHAPE_REPRESENTATION_RELATIONSHIP('','',#8442,#21);
#11=SHAPE_REPRESENTATION_RELATIONSHIP('','',#8443,#22);
#12=SHAPE_REPRESENTATION_RELATIONSHIP('','',#8444,#23);
#13=SHAPE_REPRESENTATION_RELATIONSHIP('','',#8445,#24);
#14=SHAPE_REPRESENTATION_RELATIONSHIP('','',#8446,#25);
#15=SHAPE_REPRESENTATION_RELATIONSHIP('','',#8447,#26);
#16=SHAPE_REPRESENTATION_RELATIONSHIP('','',#8448,#27);
#17=SHAPE_REPRESENTATION_RELATIONSHIP('','',#8449,#28);
#18=SHAPE_REPRESENTATION_RELATIONSHIP('','',#8450,#29);
#19=SHAPE_REPRESENTATION_RELATIONSHIP('','',#8451,#30);
#20=SHAPE_REPRESENTATION_RELATIONSHIP('','',#8452,#31);
#21=ADVANCED_BREP_SHAPE_REPRESENTATION('',(#8420),#14766);
#22=ADVANCED_BREP_SHAPE_REPRESENTATION('',(#8421),#14767);
#23=ADVANCED_BREP_SHAPE_REPRESENTATION('',(#8422),#14768);
#24=ADVANCED_BREP_SHAPE_REPRESENTATION('',(#8423),#14769);
#25=ADVANCED_BREP_SHAPE_REPRESENTATION('',(#8424),#14770);
#26=ADVANCED_BREP_SHAPE_REPRESENTATION('',(#8425),#14771);
#27=ADVANCED_BREP_SHAPE_REPRESENTATION('',(#8426),#14772);
#28=ADVANCED_BREP_SHAPE_REPRESENTATION('',(#8427),#14773);
#29=ADVANCED_BREP_SHAPE_REPRESENTATION('',(#8428),#14774);
#30=ADVANCED_BREP_SHAPE_REPRESENTATION('',(#8429),#14775);
#31=ADVANCED_BREP_SHAPE_REPRESENTATION('',(#8430),#14776);
#32=B_SPLINE_SURFACE_WITH_KNOTS('',1,3,((#12619,#12620,#12621,#12622,#12623,
#12624,#12625,#12626,#12627,#12628),(#12629,#12630,#12631,#12632,#12633,
#12634,#12635,#12636,#12637,#12638)),.RULED_SURF.,.F.,.F.,.F.,(2,2),(4,
2,2,2,4),(0.,1.),(-0.751879414294985,-0.375939707147493,1.11022302462516E-16,
0.375939707147493,0.751879414294985),.UNSPECIFIED.);
#33=B_SPLINE_SURFACE_WITH_KNOTS('',1,3,((#12643,#12644,#12645,#12646,#12647,
#12648,#12649,#12650,#12651,#12652),(#12653,#12654,#12655,#12656,#12657,
#12658,#12659,#12660,#12661,#12662)),.RULED_SURF.,.F.,.F.,.F.,(2,2),(4,
2,2,2,4),(0.,1.),(-0.751879414294984,-0.375939707147491,1.4432899320127E-15,
0.375939707147494,0.751879414294987),.UNSPECIFIED.);
#34=B_SPLINE_SURFACE_WITH_KNOTS('',1,3,((#12677,#12678,#12679,#12680,#12681,
#12682,#12683,#12684,#12685,#12686),(#12687,#12688,#12689,#12690,#12691,
#12692,#12693,#12694,#12695,#12696)),.RULED_SURF.,.F.,.F.,.F.,(2,2),(4,
2,2,2,4),(0.,1.),(-0.751879414294984,-0.375939707147492,8.32667268468867E-16,
0.375939707147493,0.751879414294986),.UNSPECIFIED.);
#35=B_SPLINE_SURFACE_WITH_KNOTS('',1,3,((#12701,#12702,#12703,#12704,#12705,
#12706,#12707,#12708,#12709,#12710),(#12711,#12712,#12713,#12714,#12715,
#12716,#12717,#12718,#12719,#12720)),.RULED_SURF.,.F.,.F.,.F.,(2,2),(4,
2,2,2,4),(0.,1.),(-0.751879414294985,-0.375939707147493,1.11022302462516E-16,
0.375939707147493,0.751879414294985),.UNSPECIFIED.);
#36=B_SPLINE_SURFACE_WITH_KNOTS('',3,1,((#12753,#12754),(#12755,#12756),
(#12757,#12758),(#12759,#12760)),.SURF_OF_LINEAR_EXTRUSION.,.F.,.F.,.F.,
(4,4),(2,2),(0.,1.),(0.,1.),.PIECEWISE_BEZIER_KNOTS.);
#37=B_SPLINE_SURFACE_WITH_KNOTS('',3,1,((#12823,#12824),(#12825,#12826),
(#12827,#12828),(#12829,#12830)),.SURF_OF_LINEAR_EXTRUSION.,.F.,.F.,.F.,
(4,4),(2,2),(0.,1.),(0.,1.),.PIECEWISE_BEZIER_KNOTS.);
#38=B_SPLINE_SURFACE_WITH_KNOTS('',3,1,((#12842,#12843),(#12844,#12845),
(#12846,#12847),(#12848,#12849)),.SURF_OF_LINEAR_EXTRUSION.,.F.,.F.,.F.,
(4,4),(2,2),(0.,1.),(0.,1.),.PIECEWISE_BEZIER_KNOTS.);
#39=B_SPLINE_SURFACE_WITH_KNOTS('',3,1,((#12871,#12872),(#12873,#12874),
(#12875,#12876),(#12877,#12878)),.SURF_OF_LINEAR_EXTRUSION.,.F.,.F.,.F.,
(4,4),(2,2),(0.,1.),(0.,1.),.PIECEWISE_BEZIER_KNOTS.);
#40=B_SPLINE_SURFACE_WITH_KNOTS('',3,1,((#12885,#12886),(#12887,#12888),
(#12889,#12890),(#12891,#12892)),.SURF_OF_LINEAR_EXTRUSION.,.F.,.F.,.F.,
(4,4),(2,2),(0.,1.),(0.,1.),.PIECEWISE_BEZIER_KNOTS.);
#41=B_SPLINE_SURFACE_WITH_KNOTS('',3,1,((#12952,#12953),(#12954,#12955),
(#12956,#12957),(#12958,#12959)),.SURF_OF_LINEAR_EXTRUSION.,.F.,.F.,.F.,
(4,4),(2,2),(0.,1.),(0.,1.),.PIECEWISE_BEZIER_KNOTS.);
#42=B_SPLINE_SURFACE_WITH_KNOTS('',3,1,((#13017,#13018),(#13019,#13020),
(#13021,#13022),(#13023,#13024)),.SURF_OF_LINEAR_EXTRUSION.,.F.,.F.,.F.,
(4,4),(2,2),(0.,1.),(0.,1.),.PIECEWISE_BEZIER_KNOTS.);
#43=B_SPLINE_SURFACE_WITH_KNOTS('',3,1,((#13031,#13032),(#13033,#13034),
(#13035,#13036),(#13037,#13038)),.SURF_OF_LINEAR_EXTRUSION.,.F.,.F.,.F.,
(4,4),(2,2),(0.,1.),(0.,1.),.PIECEWISE_BEZIER_KNOTS.);
#44=B_SPLINE_SURFACE_WITH_KNOTS('',3,1,((#13066,#13067),(#13068,#13069),
(#13070,#13071),(#13072,#13073)),.SURF_OF_LINEAR_EXTRUSION.,.F.,.F.,.F.,
(4,4),(2,2),(0.,1.),(0.,1.),.PIECEWISE_BEZIER_KNOTS.);
#45=B_SPLINE_SURFACE_WITH_KNOTS('',3,1,((#13085,#13086),(#13087,#13088),
(#13089,#13090),(#13091,#13092)),.SURF_OF_LINEAR_EXTRUSION.,.F.,.F.,.F.,
(4,4),(2,2),(0.,1.),(0.,1.),.PIECEWISE_BEZIER_KNOTS.);
#46=B_SPLINE_SURFACE_WITH_KNOTS('',3,1,((#13131,#13132),(#13133,#13134),
(#13135,#13136),(#13137,#13138)),.SURF_OF_LINEAR_EXTRUSION.,.F.,.F.,.F.,
(4,4),(2,2),(0.,1.),(0.,1.),.PIECEWISE_BEZIER_KNOTS.);
#47=B_SPLINE_SURFACE_WITH_KNOTS('',3,1,((#13178,#13179),(#13180,#13181),
(#13182,#13183),(#13184,#13185)),.SURF_OF_LINEAR_EXTRUSION.,.F.,.F.,.F.,
(4,4),(2,2),(0.,1.),(0.,1.),.PIECEWISE_BEZIER_KNOTS.);
#48=B_SPLINE_SURFACE_WITH_KNOTS('',3,1,((#13192,#13193),(#13194,#13195),
(#13196,#13197),(#13198,#13199)),.SURF_OF_LINEAR_EXTRUSION.,.F.,.F.,.F.,
(4,4),(2,2),(0.,1.),(0.,1.),.PIECEWISE_BEZIER_KNOTS.);
#49=B_SPLINE_SURFACE_WITH_KNOTS('',3,1,((#13206,#13207),(#13208,#13209),
(#13210,#13211),(#13212,#13213)),.SURF_OF_LINEAR_EXTRUSION.,.F.,.F.,.F.,
(4,4),(2,2),(0.,1.),(0.,1.),.PIECEWISE_BEZIER_KNOTS.);
#50=B_SPLINE_SURFACE_WITH_KNOTS('',3,1,((#13220,#13221),(#13222,#13223),
(#13224,#13225),(#13226,#13227)),.SURF_OF_LINEAR_EXTRUSION.,.F.,.F.,.F.,
(4,4),(2,2),(0.,1.),(0.,1.),.PIECEWISE_BEZIER_KNOTS.);
#51=B_SPLINE_SURFACE_WITH_KNOTS('',3,1,((#13238,#13239),(#13240,#13241),
(#13242,#13243),(#13244,#13245)),.SURF_OF_LINEAR_EXTRUSION.,.F.,.F.,.F.,
(4,4),(2,2),(0.,1.),(0.,1.),.PIECEWISE_BEZIER_KNOTS.);
#52=B_SPLINE_SURFACE_WITH_KNOTS('',3,1,((#13252,#13253),(#13254,#13255),
(#13256,#13257),(#13258,#13259)),.SURF_OF_LINEAR_EXTRUSION.,.F.,.F.,.F.,
(4,4),(2,2),(0.,1.),(0.,1.),.PIECEWISE_BEZIER_KNOTS.);
#53=B_SPLINE_SURFACE_WITH_KNOTS('',3,1,((#13266,#13267),(#13268,#13269),
(#13270,#13271),(#13272,#13273)),.SURF_OF_LINEAR_EXTRUSION.,.F.,.F.,.F.,
(4,4),(2,2),(0.,1.),(0.,1.),.PIECEWISE_BEZIER_KNOTS.);
#54=B_SPLINE_SURFACE_WITH_KNOTS('',3,1,((#13328,#13329),(#13330,#13331),
(#13332,#13333),(#13334,#13335)),.SURF_OF_LINEAR_EXTRUSION.,.F.,.F.,.F.,
(4,4),(2,2),(0.,1.),(0.,1.),.PIECEWISE_BEZIER_KNOTS.);
#55=B_SPLINE_SURFACE_WITH_KNOTS('',3,1,((#13344,#13345),(#13346,#13347),
(#13348,#13349),(#13350,#13351)),.SURF_OF_LINEAR_EXTRUSION.,.F.,.F.,.F.,
(4,4),(2,2),(0.,1.),(0.,1.),.PIECEWISE_BEZIER_KNOTS.);
#56=B_SPLINE_SURFACE_WITH_KNOTS('',3,1,((#13359,#13360),(#13361,#13362),
(#13363,#13364),(#13365,#13366)),.SURF_OF_LINEAR_EXTRUSION.,.F.,.F.,.F.,
(4,4),(2,2),(0.,1.),(0.,1.),.PIECEWISE_BEZIER_KNOTS.);
#57=B_SPLINE_SURFACE_WITH_KNOTS('',3,1,((#13373,#13374),(#13375,#13376),
(#13377,#13378),(#13379,#13380)),.SURF_OF_LINEAR_EXTRUSION.,.F.,.F.,.F.,
(4,4),(2,2),(0.,1.),(0.,1.),.PIECEWISE_BEZIER_KNOTS.);
#58=B_SPLINE_SURFACE_WITH_KNOTS('',3,1,((#13387,#13388),(#13389,#13390),
(#13391,#13392),(#13393,#13394)),.SURF_OF_LINEAR_EXTRUSION.,.F.,.F.,.F.,
(4,4),(2,2),(0.,1.),(0.,1.),.PIECEWISE_BEZIER_KNOTS.);
#59=B_SPLINE_SURFACE_WITH_KNOTS('',3,1,((#13401,#13402),(#13403,#13404),
(#13405,#13406),(#13407,#13408)),.SURF_OF_LINEAR_EXTRUSION.,.F.,.F.,.F.,
(4,4),(2,2),(0.,1.),(0.,1.),.PIECEWISE_BEZIER_KNOTS.);
#60=B_SPLINE_SURFACE_WITH_KNOTS('',3,1,((#13419,#13420),(#13421,#13422),
(#13423,#13424),(#13425,#13426)),.SURF_OF_LINEAR_EXTRUSION.,.F.,.F.,.F.,
(4,4),(2,2),(0.,1.),(0.,1.),.PIECEWISE_BEZIER_KNOTS.);
#61=B_SPLINE_SURFACE_WITH_KNOTS('',3,1,((#13433,#13434),(#13435,#13436),
(#13437,#13438),(#13439,#13440)),.SURF_OF_LINEAR_EXTRUSION.,.F.,.F.,.F.,
(4,4),(2,2),(0.,1.),(0.,1.),.PIECEWISE_BEZIER_KNOTS.);
#62=B_SPLINE_SURFACE_WITH_KNOTS('',3,1,((#13456,#13457),(#13458,#13459),
(#13460,#13461),(#13462,#13463)),.SURF_OF_LINEAR_EXTRUSION.,.F.,.F.,.F.,
(4,4),(2,2),(0.,1.),(0.,1.),.PIECEWISE_BEZIER_KNOTS.);
#63=B_SPLINE_SURFACE_WITH_KNOTS('',3,1,((#13470,#13471),(#13472,#13473),
(#13474,#13475),(#13476,#13477)),.SURF_OF_LINEAR_EXTRUSION.,.F.,.F.,.F.,
(4,4),(2,2),(0.,1.),(0.,1.),.PIECEWISE_BEZIER_KNOTS.);
#64=B_SPLINE_SURFACE_WITH_KNOTS('',3,1,((#13505,#13506),(#13507,#13508),
(#13509,#13510),(#13511,#13512)),.SURF_OF_LINEAR_EXTRUSION.,.F.,.F.,.F.,
(4,4),(2,2),(0.,1.),(0.,1.),.PIECEWISE_BEZIER_KNOTS.);
#65=B_SPLINE_SURFACE_WITH_KNOTS('',3,1,((#13524,#13525),(#13526,#13527),
(#13528,#13529),(#13530,#13531)),.SURF_OF_LINEAR_EXTRUSION.,.F.,.F.,.F.,
(4,4),(2,2),(0.,1.),(0.,1.),.PIECEWISE_BEZIER_KNOTS.);
#66=B_SPLINE_SURFACE_WITH_KNOTS('',3,1,((#13570,#13571),(#13572,#13573),
(#13574,#13575),(#13576,#13577)),.SURF_OF_LINEAR_EXTRUSION.,.F.,.F.,.F.,
(4,4),(2,2),(0.,1.),(0.,1.),.PIECEWISE_BEZIER_KNOTS.);
#67=B_SPLINE_SURFACE_WITH_KNOTS('',3,1,((#13676,#13677),(#13678,#13679),
(#13680,#13681),(#13682,#13683)),.SURF_OF_LINEAR_EXTRUSION.,.F.,.F.,.F.,
(4,4),(2,2),(0.,1.),(0.,1.),.PIECEWISE_BEZIER_KNOTS.);
#68=B_SPLINE_SURFACE_WITH_KNOTS('',3,1,((#13758,#13759),(#13760,#13761),
(#13762,#13763),(#13764,#13765)),.SURF_OF_LINEAR_EXTRUSION.,.F.,.F.,.F.,
(4,4),(2,2),(0.,1.),(0.,1.),.PIECEWISE_BEZIER_KNOTS.);
#69=B_SPLINE_SURFACE_WITH_KNOTS('',3,1,((#13848,#13849),(#13850,#13851),
(#13852,#13853),(#13854,#13855)),.SURF_OF_LINEAR_EXTRUSION.,.F.,.F.,.F.,
(4,4),(2,2),(0.,1.),(0.,1.),.PIECEWISE_BEZIER_KNOTS.);
#70=B_SPLINE_SURFACE_WITH_KNOTS('',3,1,((#13858,#13859),(#13860,#13861),
(#13862,#13863),(#13864,#13865)),.SURF_OF_LINEAR_EXTRUSION.,.F.,.F.,.F.,
(4,4),(2,2),(0.,1.),(0.,1.),.PIECEWISE_BEZIER_KNOTS.);
#71=B_SPLINE_SURFACE_WITH_KNOTS('',3,1,((#13872,#13873),(#13874,#13875),
(#13876,#13877),(#13878,#13879)),.SURF_OF_LINEAR_EXTRUSION.,.F.,.F.,.F.,
(4,4),(2,2),(0.,1.),(0.,1.),.PIECEWISE_BEZIER_KNOTS.);
#72=B_SPLINE_SURFACE_WITH_KNOTS('',3,1,((#13881,#13882),(#13883,#13884),
(#13885,#13886),(#13887,#13888)),.SURF_OF_LINEAR_EXTRUSION.,.F.,.F.,.F.,
(4,4),(2,2),(0.,1.),(0.,1.),.PIECEWISE_BEZIER_KNOTS.);
#73=B_SPLINE_SURFACE_WITH_KNOTS('',3,1,((#13977,#13978),(#13979,#13980),
(#13981,#13982),(#13983,#13984)),.SURF_OF_LINEAR_EXTRUSION.,.F.,.F.,.F.,
(4,4),(2,2),(0.,1.),(0.,1.),.PIECEWISE_BEZIER_KNOTS.);
#74=B_SPLINE_SURFACE_WITH_KNOTS('',3,1,((#14096,#14097),(#14098,#14099),
(#14100,#14101),(#14102,#14103)),.SURF_OF_LINEAR_EXTRUSION.,.F.,.F.,.F.,
(4,4),(2,2),(0.,1.),(0.,1.),.PIECEWISE_BEZIER_KNOTS.);
#75=B_SPLINE_SURFACE_WITH_KNOTS('',3,1,((#14105,#14106),(#14107,#14108),
(#14109,#14110),(#14111,#14112)),.SURF_OF_LINEAR_EXTRUSION.,.F.,.F.,.F.,
(4,4),(2,2),(0.,1.),(0.,1.),.PIECEWISE_BEZIER_KNOTS.);
#76=B_SPLINE_SURFACE_WITH_KNOTS('',3,1,((#14117,#14118),(#14119,#14120),
(#14121,#14122),(#14123,#14124)),.SURF_OF_LINEAR_EXTRUSION.,.F.,.F.,.F.,
(4,4),(2,2),(0.,1.),(0.,1.),.PIECEWISE_BEZIER_KNOTS.);
#77=B_SPLINE_SURFACE_WITH_KNOTS('',3,1,((#14126,#14127),(#14128,#14129),
(#14130,#14131),(#14132,#14133)),.SURF_OF_LINEAR_EXTRUSION.,.F.,.F.,.F.,
(4,4),(2,2),(0.,1.),(0.,1.),.PIECEWISE_BEZIER_KNOTS.);
#78=B_SPLINE_SURFACE_WITH_KNOTS('',3,1,((#14223,#14224),(#14225,#14226),
(#14227,#14228),(#14229,#14230)),.SURF_OF_LINEAR_EXTRUSION.,.F.,.F.,.F.,
(4,4),(2,2),(0.,1.),(0.,1.),.PIECEWISE_BEZIER_KNOTS.);
#79=B_SPLINE_SURFACE_WITH_KNOTS('',3,1,((#14233,#14234),(#14235,#14236),
(#14237,#14238),(#14239,#14240)),.SURF_OF_LINEAR_EXTRUSION.,.F.,.F.,.F.,
(4,4),(2,2),(0.,1.),(0.,1.),.PIECEWISE_BEZIER_KNOTS.);
#80=B_SPLINE_SURFACE_WITH_KNOTS('',3,1,((#14244,#14245),(#14246,#14247),
(#14248,#14249),(#14250,#14251)),.SURF_OF_LINEAR_EXTRUSION.,.F.,.F.,.F.,
(4,4),(2,2),(0.,1.),(0.,1.),.PIECEWISE_BEZIER_KNOTS.);
#81=B_SPLINE_SURFACE_WITH_KNOTS('',3,1,((#14253,#14254),(#14255,#14256),
(#14257,#14258),(#14259,#14260)),.SURF_OF_LINEAR_EXTRUSION.,.F.,.F.,.F.,
(4,4),(2,2),(0.,1.),(0.,1.),.PIECEWISE_BEZIER_KNOTS.);
#82=B_SPLINE_SURFACE_WITH_KNOTS('',3,1,((#14262,#14263),(#14264,#14265),
(#14266,#14267),(#14268,#14269)),.SURF_OF_LINEAR_EXTRUSION.,.F.,.F.,.F.,
(4,4),(2,2),(0.,1.),(0.,1.),.PIECEWISE_BEZIER_KNOTS.);
#83=B_SPLINE_SURFACE_WITH_KNOTS('',3,1,((#14271,#14272),(#14273,#14274),
(#14275,#14276),(#14277,#14278)),.SURF_OF_LINEAR_EXTRUSION.,.F.,.F.,.F.,
(4,4),(2,2),(0.,1.),(0.,1.),.PIECEWISE_BEZIER_KNOTS.);
#84=B_SPLINE_SURFACE_WITH_KNOTS('',3,1,((#14282,#14283),(#14284,#14285),
(#14286,#14287),(#14288,#14289)),.SURF_OF_LINEAR_EXTRUSION.,.F.,.F.,.F.,
(4,4),(2,2),(0.,1.),(0.,1.),.PIECEWISE_BEZIER_KNOTS.);
#85=B_SPLINE_SURFACE_WITH_KNOTS('',3,1,((#14291,#14292),(#14293,#14294),
(#14295,#14296),(#14297,#14298)),.SURF_OF_LINEAR_EXTRUSION.,.F.,.F.,.F.,
(4,4),(2,2),(0.,1.),(0.,1.),.PIECEWISE_BEZIER_KNOTS.);
#86=B_SPLINE_SURFACE_WITH_KNOTS('',3,1,((#14383,#14384),(#14385,#14386),
(#14387,#14388),(#14389,#14390)),.SURF_OF_LINEAR_EXTRUSION.,.F.,.F.,.F.,
(4,4),(2,2),(0.,1.),(0.,1.),.PIECEWISE_BEZIER_KNOTS.);
#87=B_SPLINE_SURFACE_WITH_KNOTS('',3,1,((#14469,#14470),(#14471,#14472),
(#14473,#14474),(#14475,#14476)),.SURF_OF_LINEAR_EXTRUSION.,.F.,.F.,.F.,
(4,4),(2,2),(0.,1.),(0.,1.),.PIECEWISE_BEZIER_KNOTS.);
#88=B_SPLINE_SURFACE_WITH_KNOTS('',3,1,((#14479,#14480),(#14481,#14482),
(#14483,#14484),(#14485,#14486)),.SURF_OF_LINEAR_EXTRUSION.,.F.,.F.,.F.,
(4,4),(2,2),(0.,1.),(0.,1.),.PIECEWISE_BEZIER_KNOTS.);
#89=B_SPLINE_SURFACE_WITH_KNOTS('',3,1,((#14493,#14494),(#14495,#14496),
(#14497,#14498),(#14499,#14500)),.SURF_OF_LINEAR_EXTRUSION.,.F.,.F.,.F.,
(4,4),(2,2),(0.,1.),(0.,1.),.PIECEWISE_BEZIER_KNOTS.);
#90=B_SPLINE_SURFACE_WITH_KNOTS('',3,1,((#14502,#14503),(#14504,#14505),
(#14506,#14507),(#14508,#14509)),.SURF_OF_LINEAR_EXTRUSION.,.F.,.F.,.F.,
(4,4),(2,2),(0.,1.),(0.,1.),.PIECEWISE_BEZIER_KNOTS.);
#91=B_SPLINE_SURFACE_WITH_KNOTS('',3,1,((#14682,#14683),(#14684,#14685),
(#14686,#14687),(#14688,#14689)),.SURF_OF_LINEAR_EXTRUSION.,.F.,.F.,.F.,
(4,4),(2,2),(0.,1.),(0.,1.),.PIECEWISE_BEZIER_KNOTS.);
#92=B_SPLINE_SURFACE_WITH_KNOTS('',3,1,((#14692,#14693),(#14694,#14695),
(#14696,#14697),(#14698,#14699)),.SURF_OF_LINEAR_EXTRUSION.,.F.,.F.,.F.,
(4,4),(2,2),(0.,1.),(0.,1.),.PIECEWISE_BEZIER_KNOTS.);
#93=B_SPLINE_SURFACE_WITH_KNOTS('',3,1,((#14701,#14702),(#14703,#14704),
(#14705,#14706),(#14707,#14708)),.SURF_OF_LINEAR_EXTRUSION.,.F.,.F.,.F.,
(4,4),(2,2),(0.,1.),(0.,1.),.PIECEWISE_BEZIER_KNOTS.);
#94=B_SPLINE_SURFACE_WITH_KNOTS('',3,1,((#14712,#14713),(#14714,#14715),
(#14716,#14717),(#14718,#14719)),.SURF_OF_LINEAR_EXTRUSION.,.F.,.F.,.F.,
(4,4),(2,2),(0.,1.),(0.,1.),.PIECEWISE_BEZIER_KNOTS.);
#95=B_SPLINE_SURFACE_WITH_KNOTS('',3,1,((#14721,#14722),(#14723,#14724),
(#14725,#14726),(#14727,#14728)),.SURF_OF_LINEAR_EXTRUSION.,.F.,.F.,.F.,
(4,4),(2,2),(0.,1.),(0.,1.),.PIECEWISE_BEZIER_KNOTS.);
#96=B_SPLINE_SURFACE_WITH_KNOTS('',3,1,((#14730,#14731),(#14732,#14733),
(#14734,#14735),(#14736,#14737)),.SURF_OF_LINEAR_EXTRUSION.,.F.,.F.,.F.,
(4,4),(2,2),(0.,1.),(0.,1.),.PIECEWISE_BEZIER_KNOTS.);
#97=B_SPLINE_SURFACE_WITH_KNOTS('',3,1,((#14739,#14740),(#14741,#14742),
(#14743,#14744),(#14745,#14746)),.SURF_OF_LINEAR_EXTRUSION.,.F.,.F.,.F.,
(4,4),(2,2),(0.,1.),(0.,1.),.PIECEWISE_BEZIER_KNOTS.);
#98=TOROIDAL_SURFACE('',#8763,0.00175,0.0005);
#99=TOROIDAL_SURFACE('',#8770,0.00175,0.0005);
#100=TOROIDAL_SURFACE('',#8771,0.00175,0.0005);
#101=TOROIDAL_SURFACE('',#8778,0.00175,0.0005);
#102=TOROIDAL_SURFACE('',#8779,0.0065,0.0005);
#103=TOROIDAL_SURFACE('',#8782,0.0015,0.0005);
#104=TOROIDAL_SURFACE('',#8786,0.0015,0.0005);
#105=TOROIDAL_SURFACE('',#8787,0.0015,0.0005);
#106=TOROIDAL_SURFACE('',#8791,0.0015,0.0005);
#107=TOROIDAL_SURFACE('',#8794,0.0065,0.0005);
#108=TOROIDAL_SURFACE('',#8797,0.0065,0.0005);
#109=TOROIDAL_SURFACE('',#8800,0.0065,0.0005);
#110=CONICAL_SURFACE('',#8690,0.015,1.32581766366803);
#111=CONICAL_SURFACE('',#8691,0.015,1.32581766366803);
#112=CONICAL_SURFACE('',#8692,0.015,1.32581766366803);
#113=CONICAL_SURFACE('',#8693,0.015,1.32581766366803);
#114=CONICAL_SURFACE('',#8694,0.015,1.32581766366803);
#115=CONICAL_SURFACE('',#8695,0.015,1.32581766366803);
#116=CONICAL_SURFACE('',#8696,0.015,1.32581766366803);
#117=CONICAL_SURFACE('',#8697,0.015,1.32581766366803);
#118=CONICAL_SURFACE('',#8713,0.006,0.785398163397448);
#119=CONICAL_SURFACE('',#8714,0.006,0.785398163397448);
#120=CONICAL_SURFACE('',#8717,0.006,0.785398163397448);
#121=CONICAL_SURFACE('',#8718,0.006,0.785398163397448);
#122=CONICAL_SURFACE('',#8802,0.0034,0.785398163397452);
#123=CONICAL_SURFACE('',#8803,0.0034,0.785398163397452);
#124=CONICAL_SURFACE('',#8806,0.0034,0.785398163397452);
#125=CONICAL_SURFACE('',#8807,0.0034,0.785398163397452);
#126=CONICAL_SURFACE('',#8813,0.00336,0.785398163397448);
#127=CONICAL_SURFACE('',#8816,0.00336,0.785398163397448);
#128=CONICAL_SURFACE('',#8819,0.00336,0.785398163397448);
#129=CONICAL_SURFACE('',#8822,0.00336,0.785398163397448);
#130=CONICAL_SURFACE('',#8935,0.0154,0.78539816339745);
#131=CONICAL_SURFACE('',#8936,0.0154,0.78539816339745);
#132=CONICAL_SURFACE('',#8937,0.0154,0.78539816339745);
#133=CONICAL_SURFACE('',#8938,0.0154,0.78539816339745);
#134=CONICAL_SURFACE('',#8939,0.0154,0.785398163397452);
#135=CONICAL_SURFACE('',#8940,0.0154,0.785398163397448);
#136=CONICAL_SURFACE('',#8941,0.0154,0.785398163397448);
#137=CONICAL_SURFACE('',#8942,0.0154,0.785398163397452);
#138=CONICAL_SURFACE('',#8943,0.015,0.78539816339745);
#139=CONICAL_SURFACE('',#8944,0.015,0.78539816339745);
#140=CONICAL_SURFACE('',#8945,0.015,0.785398163397452);
#141=CONICAL_SURFACE('',#8946,0.015,0.785398163397448);
#142=(
BOUNDED_SURFACE()
B_SPLINE_SURFACE(3,2,((#11840,#11841,#11842),(#11843,#11844,#11845),(#11846,
#11847,#11848),(#11849,#11850,#11851),(#11852,#11853,#11854),(#11855,#11856,
#11857),(#11858,#11859,#11860)),.UNSPECIFIED.,.F.,.F.,.F.)
B_SPLINE_SURFACE_WITH_KNOTS((4,1,1,1,4),(3,3),(5.5313058928846,5.90724560003209,
6.28318530717959,6.65912501432708,7.03506472147457),(0.,1.),
 .UNSPECIFIED.)
GEOMETRIC_REPRESENTATION_ITEM()
RATIONAL_B_SPLINE_SURFACE(((1.,0.793353340291235,1.),(1.,0.80291054046944,
1.),(1.,0.817798600145389,1.),(1.,0.825460041856861,1.),(1.,0.817798600143788,
1.),(1.,0.802910540473177,1.),(1.,0.793353340291235,1.)))
REPRESENTATION_ITEM('')
SURFACE()
);
#143=(
BOUNDED_SURFACE()
B_SPLINE_SURFACE(3,2,((#11862,#11863,#11864),(#11865,#11866,#11867),(#11868,
#11869,#11870),(#11871,#11872,#11873),(#11874,#11875,#11876),(#11877,#11878,
#11879),(#11880,#11881,#11882)),.UNSPECIFIED.,.F.,.F.,.F.)
B_SPLINE_SURFACE_WITH_KNOTS((4,1,1,1,4),(3,3),(5.5313058928846,5.90724560003209,
6.28318530717959,6.65912501432708,7.03506472147457),(0.,1.),
 .UNSPECIFIED.)
GEOMETRIC_REPRESENTATION_ITEM()
RATIONAL_B_SPLINE_SURFACE(((1.,0.793353340291236,1.),(1.,0.802910540470656,
1.),(1.,0.817798600144916,1.),(1.,0.825460041856698,1.),(1.,0.817798600144915,
1.),(1.,0.802910540470656,1.),(1.,0.793353340291236,1.)))
REPRESENTATION_ITEM('')
SURFACE()
);
#144=(
BOUNDED_SURFACE()
B_SPLINE_SURFACE(3,2,((#11884,#11885,#11886),(#11887,#11888,#11889),(#11890,
#11891,#11892),(#11893,#11894,#11895),(#11896,#11897,#11898),(#11899,#11900,
#11901),(#11902,#11903,#11904)),.UNSPECIFIED.,.F.,.F.,.F.)
B_SPLINE_SURFACE_WITH_KNOTS((4,1,1,1,4),(3,3),(5.5313058928846,5.9072456000321,
6.28318530717959,6.65912501432708,7.03506472147458),(0.,1.),
 .UNSPECIFIED.)
GEOMETRIC_REPRESENTATION_ITEM()
RATIONAL_B_SPLINE_SURFACE(((1.,0.793353340291234,1.),(1.,0.802910540470841,
1.),(1.,0.817798600144687,1.),(1.,0.825460041857222,1.),(1.,0.817798600143044,
1.),(1.,0.80291054047467,1.),(1.,0.793353340291233,1.)))
REPRESENTATION_ITEM('')
SURFACE()
);
#145=(
BOUNDED_SURFACE()
B_SPLINE_SURFACE(3,2,((#11906,#11907,#11908),(#11909,#11910,#11911),(#11912,
#11913,#11914),(#11915,#11916,#11917),(#11918,#11919,#11920),(#11921,#11922,
#11923),(#11924,#11925,#11926)),.UNSPECIFIED.,.F.,.F.,.F.)
B_SPLINE_SURFACE_WITH_KNOTS((4,1,1,1,4),(3,3),(5.5313058928846,5.90724560003209,
6.28318530717959,6.65912501432708,7.03506472147457),(0.,1.),
 .UNSPECIFIED.)
GEOMETRIC_REPRESENTATION_ITEM()
RATIONAL_B_SPLINE_SURFACE(((1.,0.793353340291235,1.),(1.,0.80291054046944,
1.),(1.,0.817798600145389,1.),(1.,0.825460041856861,1.),(1.,0.817798600143788,
1.),(1.,0.802910540473177,1.),(1.,0.793353340291235,1.)))
REPRESENTATION_ITEM('')
SURFACE()
);
#146=CYLINDRICAL_SURFACE('',#8473,0.0213564702489341);
#147=CYLINDRICAL_SURFACE('',#8478,0.0213564702489341);
#148=CYLINDRICAL_SURFACE('',#8498,0.0183564702489341);
#149=CYLINDRICAL_SURFACE('',#8503,0.0213564702489341);
#150=CYLINDRICAL_SURFACE('',#8506,0.0183564702489341);
#151=CYLINDRICAL_SURFACE('',#8512,0.0213564702489341);
#152=CYLINDRICAL_SURFACE('',#8515,0.0183564702489341);
#153=CYLINDRICAL_SURFACE('',#8521,0.0183564702489341);
#154=CYLINDRICAL_SURFACE('',#8565,0.015);
#155=CYLINDRICAL_SURFACE('',#8571,0.003);
#156=CYLINDRICAL_SURFACE('',#8573,0.002);
#157=CYLINDRICAL_SURFACE('',#8576,0.002);
#158=CYLINDRICAL_SURFACE('',#8579,0.002);
#159=CYLINDRICAL_SURFACE('',#8582,0.002);
#160=CYLINDRICAL_SURFACE('',#8589,0.015);
#161=CYLINDRICAL_SURFACE('',#8590,0.015);
#162=CYLINDRICAL_SURFACE('',#8592,0.015);
#163=CYLINDRICAL_SURFACE('',#8594,0.015);
#164=CYLINDRICAL_SURFACE('',#8601,0.015);
#165=CYLINDRICAL_SURFACE('',#8607,0.015);
#166=CYLINDRICAL_SURFACE('',#8613,0.015);
#167=CYLINDRICAL_SURFACE('',#8621,0.009);
#168=CYLINDRICAL_SURFACE('',#8622,0.0025);
#169=CYLINDRICAL_SURFACE('',#8626,0.0025);
#170=CYLINDRICAL_SURFACE('',#8630,0.0025);
#171=CYLINDRICAL_SURFACE('',#8634,0.0025);
#172=CYLINDRICAL_SURFACE('',#8638,0.0015);
#173=CYLINDRICAL_SURFACE('',#8641,0.0015);
#174=CYLINDRICAL_SURFACE('',#8644,0.0015);
#175=CYLINDRICAL_SURFACE('',#8647,0.0015);
#176=CYLINDRICAL_SURFACE('',#8700,0.003);
#177=CYLINDRICAL_SURFACE('',#8703,0.003);
#178=CYLINDRICAL_SURFACE('',#8706,0.003);
#179=CYLINDRICAL_SURFACE('',#8709,0.003);
#180=CYLINDRICAL_SURFACE('',#8720,0.002);
#181=CYLINDRICAL_SURFACE('',#8721,0.002);
#182=CYLINDRICAL_SURFACE('',#8722,0.002);
#183=CYLINDRICAL_SURFACE('',#8723,0.002);
#184=CYLINDRICAL_SURFACE('',#8735,0.001);
#185=CYLINDRICAL_SURFACE('',#8739,0.001);
#186=CYLINDRICAL_SURFACE('',#8742,0.00125);
#187=CYLINDRICAL_SURFACE('',#8746,0.00125);
#188=CYLINDRICAL_SURFACE('',#8751,0.00125);
#189=CYLINDRICAL_SURFACE('',#8754,0.00125);
#190=CYLINDRICAL_SURFACE('',#8757,0.006);
#191=CYLINDRICAL_SURFACE('',#8760,0.006);
#192=CYLINDRICAL_SURFACE('',#8766,0.0005);
#193=CYLINDRICAL_SURFACE('',#8768,0.0005);
#194=CYLINDRICAL_SURFACE('',#8774,0.0005);
#195=CYLINDRICAL_SURFACE('',#8776,0.0005);
#196=CYLINDRICAL_SURFACE('',#8781,0.0005);
#197=CYLINDRICAL_SURFACE('',#8784,0.0005);
#198=CYLINDRICAL_SURFACE('',#8789,0.0005);
#199=CYLINDRICAL_SURFACE('',#8792,0.0005);
#200=CYLINDRICAL_SURFACE('',#8795,0.0005);
#201=CYLINDRICAL_SURFACE('',#8798,0.0005);
#202=CYLINDRICAL_SURFACE('',#8811,0.00175);
#203=CYLINDRICAL_SURFACE('',#8814,0.00175);
#204=CYLINDRICAL_SURFACE('',#8817,0.00175);
#205=CYLINDRICAL_SURFACE('',#8820,0.00175);
#206=CYLINDRICAL_SURFACE('',#8829,0.0494152262485109);
#207=CYLINDRICAL_SURFACE('',#8857,0.0494152262485788);
#208=CYLINDRICAL_SURFACE('',#8997,0.0494152262485788);
#209=CYLINDRICAL_SURFACE('',#9036,0.0494152262485109);
#210=ELLIPSE('',#8459,0.0265040234974635,0.0083240221879042);
#211=ELLIPSE('',#8469,0.0139020612920127,0.013);
#212=ELLIPSE('',#8470,0.0139020612920127,0.013);
#213=ELLIPSE('',#8471,0.0139020612920127,0.013);
#214=ELLIPSE('',#8472,0.0139020612920127,0.013);
#215=ELLIPSE('',#8585,0.015788201549476,0.015);
#216=ELLIPSE('',#8586,0.015788201549476,0.015);
#217=ELLIPSE('',#8587,0.015788201549476,0.015);
#218=ELLIPSE('',#8588,0.015788201549476,0.015);
#219=ELLIPSE('',#8909,0.0265040234974635,0.0083240221879042);
#220=ELLIPSE('',#9016,0.0265040234974635,0.0083240221879042);
#221=ELLIPSE('',#9018,0.0265040234974635,0.0083240221879042);
#222=B_SPLINE_CURVE_WITH_KNOTS('',3,(#11106,#11107,#11108,#11109),
 .UNSPECIFIED.,.F.,.F.,(4,4),(0.,1.),.PIECEWISE_BEZIER_KNOTS.);
#223=B_SPLINE_CURVE_WITH_KNOTS('',3,(#11125,#11126,#11127,#11128),
 .UNSPECIFIED.,.F.,.F.,(4,4),(0.,1.),.PIECEWISE_BEZIER_KNOTS.);
#224=B_SPLINE_CURVE_WITH_KNOTS('',3,(#11130,#11131,#11132,#11133),
 .UNSPECIFIED.,.F.,.F.,(4,4),(0.,1.),.PIECEWISE_BEZIER_KNOTS.);
#225=B_SPLINE_CURVE_WITH_KNOTS('',3,(#11136,#11137,#11138,#11139),
 .UNSPECIFIED.,.F.,.F.,(4,4),(0.,1.),.PIECEWISE_BEZIER_KNOTS.);
#226=B_SPLINE_CURVE_WITH_KNOTS('',3,(#11142,#11143,#11144,#11145),
 .UNSPECIFIED.,.F.,.F.,(4,4),(0.,1.),.PIECEWISE_BEZIER_KNOTS.);
#227=B_SPLINE_CURVE_WITH_KNOTS('',3,(#11147,#11148,#11149,#11150),
 .UNSPECIFIED.,.F.,.F.,(4,4),(0.,1.),.PIECEWISE_BEZIER_KNOTS.);
#228=B_SPLINE_CURVE_WITH_KNOTS('',3,(#11154,#11155,#11156,#11157),
 .UNSPECIFIED.,.F.,.F.,(4,4),(0.,1.),.PIECEWISE_BEZIER_KNOTS.);
#229=B_SPLINE_CURVE_WITH_KNOTS('',3,(#11159,#11160,#11161,#11162),
 .UNSPECIFIED.,.F.,.F.,(4,4),(0.,1.),.PIECEWISE_BEZIER_KNOTS.);
#230=B_SPLINE_CURVE_WITH_KNOTS('',3,(#11164,#11165,#11166,#11167),
 .UNSPECIFIED.,.F.,.F.,(4,4),(0.,1.),.PIECEWISE_BEZIER_KNOTS.);
#231=B_SPLINE_CURVE_WITH_KNOTS('',3,(#11169,#11170,#11171,#11172),
 .UNSPECIFIED.,.F.,.F.,(4,4),(0.,1.),.PIECEWISE_BEZIER_KNOTS.);
#232=B_SPLINE_CURVE_WITH_KNOTS('',3,(#11204,#11205,#11206,#11207),
 .UNSPECIFIED.,.F.,.F.,(4,4),(0.,1.),.PIECEWISE_BEZIER_KNOTS.);
#233=B_SPLINE_CURVE_WITH_KNOTS('',3,(#11209,#11210,#11211,#11212),
 .UNSPECIFIED.,.F.,.F.,(4,4),(0.,1.),.PIECEWISE_BEZIER_KNOTS.);
#234=B_SPLINE_CURVE_WITH_KNOTS('',3,(#11214,#11215,#11216,#11217),
 .UNSPECIFIED.,.F.,.F.,(4,4),(0.,1.),.PIECEWISE_BEZIER_KNOTS.);
#235=B_SPLINE_CURVE_WITH_KNOTS('',3,(#11221,#11222,#11223,#11224),
 .UNSPECIFIED.,.F.,.F.,(4,4),(0.,1.),.PIECEWISE_BEZIER_KNOTS.);
#236=B_SPLINE_CURVE_WITH_KNOTS('',3,(#11226,#11227,#11228,#11229),
 .UNSPECIFIED.,.F.,.F.,(4,4),(0.,1.),.PIECEWISE_BEZIER_KNOTS.);
#237=B_SPLINE_CURVE_WITH_KNOTS('',3,(#11231,#11232,#11233,#11234),
 .UNSPECIFIED.,.F.,.F.,(4,4),(0.,1.),.PIECEWISE_BEZIER_KNOTS.);
#238=B_SPLINE_CURVE_WITH_KNOTS('',3,(#11236,#11237,#11238,#11239),
 .UNSPECIFIED.,.F.,.F.,(4,4),(0.,1.),.PIECEWISE_BEZIER_KNOTS.);
#239=B_SPLINE_CURVE_WITH_KNOTS('',3,(#11257,#11258,#11259,#11260),
 .UNSPECIFIED.,.F.,.F.,(4,4),(0.,1.),.PIECEWISE_BEZIER_KNOTS.);
#240=B_SPLINE_CURVE_WITH_KNOTS('',3,(#11276,#11277,#11278,#11279),
 .UNSPECIFIED.,.F.,.F.,(4,4),(0.,1.),.PIECEWISE_BEZIER_KNOTS.);
#241=B_SPLINE_CURVE_WITH_KNOTS('',3,(#11281,#11282,#11283,#11284),
 .UNSPECIFIED.,.F.,.F.,(4,4),(0.,1.),.PIECEWISE_BEZIER_KNOTS.);
#242=B_SPLINE_CURVE_WITH_KNOTS('',3,(#11318,#11319,#11320,#11321),
 .UNSPECIFIED.,.F.,.F.,(4,4),(0.,1.),.PIECEWISE_BEZIER_KNOTS.);
#243=B_SPLINE_CURVE_WITH_KNOTS('',3,(#11323,#11324,#11325,#11326),
 .UNSPECIFIED.,.F.,.F.,(4,4),(0.,1.),.PIECEWISE_BEZIER_KNOTS.);
#244=B_SPLINE_CURVE_WITH_KNOTS('',3,(#11388,#11389,#11390,#11391,#11392,
#11393,#11394,#11395,#11396,#11397,#11398),.UNSPECIFIED.,.T.,.F.,(1,1,1,
1,1,1,1,1,1,1,1,1,1,1,1),(-0.00469170534903949,-0.00312780356602633,-0.00156390178301316,
0.,0.00156390178301316,0.00312780356602633,0.00469170534903949,0.00625560713205265,
0.00781950891506582,0.00938341069807898,0.0109473124810921,0.0125112142641053,
0.0140751160471185,0.0156390178301316,0.0172029196131448),.UNSPECIFIED.);
#245=B_SPLINE_CURVE_WITH_KNOTS('',3,(#11413,#11414,#11415,#11416,#11417,
#11418,#11419,#11420,#11421,#11422,#11423),.UNSPECIFIED.,.T.,.F.,(1,1,1,
1,1,1,1,1,1,1,1,1,1,1,1),(-0.00469170534903946,-0.00312780356602629,-0.00156390178301312,
5.25022593123785E-17,0.00156390178301322,0.00312780356602639,0.00469170534903956,
0.00625560713205273,0.0078195089150659,0.00938341069807907,0.0109473124810922,
0.0125112142641054,0.0140751160471186,0.0156390178301318,0.0172029196131449),
 .UNSPECIFIED.);
#246=B_SPLINE_CURVE_WITH_KNOTS('',3,(#11436,#11437,#11438,#11439,#11440,
#11441,#11442),.UNSPECIFIED.,.F.,.F.,(4,1,1,1,4),(0.,0.000981365645546579,
0.00196273129109316,0.00294409693663974,0.00392546258218631),
 .UNSPECIFIED.);
#247=B_SPLINE_CURVE_WITH_KNOTS('',3,(#11446,#11447,#11448,#11449,#11450,
#11451,#11452),.UNSPECIFIED.,.F.,.F.,(4,1,1,1,4),(0.,0.000977258984428726,
0.00195451796885745,0.00293177695328618,0.0039090359377149),
 .UNSPECIFIED.);
#248=B_SPLINE_CURVE_WITH_KNOTS('',3,(#11503,#11504,#11505,#11506,#11507,
#11508,#11509,#11510,#11511,#11512,#11513),.UNSPECIFIED.,.T.,.F.,(1,1,1,
1,1,1,1,1,1,1,1,1,1,1,1),(-0.00469261124853851,-0.00312840749902567,-0.00156420374951284,
0.,0.00156420374951284,0.00312840749902567,0.00469261124853851,0.00625681499805135,
0.00782101874756418,0.00938522249707702,0.0109494262465899,0.0125136299961027,
0.0140778337456155,0.0156420374951284,0.0172062412446412),.UNSPECIFIED.);
#249=B_SPLINE_CURVE_WITH_KNOTS('',3,(#11524,#11525,#11526,#11527,#11528,
#11529,#11530,#11531,#11532,#11533,#11534),.UNSPECIFIED.,.T.,.F.,(1,1,1,
1,1,1,1,1,1,1,1,1,1,1,1),(-0.00469170534903949,-0.00312780356602633,-0.00156390178301316,
0.,0.00156390178301316,0.00312780356602633,0.00469170534903949,0.00625560713205266,
0.00781950891506582,0.00938341069807899,0.0109473124810921,0.0125112142641053,
0.0140751160471185,0.0156390178301316,0.0172029196131448),.UNSPECIFIED.);
#250=B_SPLINE_CURVE_WITH_KNOTS('',3,(#11547,#11548,#11549,#11550,#11551,
#11552,#11553,#11554,#11555,#11556,#11557),.UNSPECIFIED.,.T.,.F.,(1,1,1,
1,1,1,1,1,1,1,1,1,1,1,1),(-0.00469261124853851,-0.00312840749902567,-0.00156420374951284,
9.75781955236954E-19,0.00156420374951284,0.00312840749902568,0.00469261124853852,
0.00625681499805136,0.00782101874756419,0.00938522249707703,0.0109494262465899,
0.0125136299961027,0.0140778337456155,0.0156420374951284,0.0172062412446412),
 .UNSPECIFIED.);
#251=B_SPLINE_CURVE_WITH_KNOTS('',3,(#11562,#11563,#11564,#11565,#11566,
#11567,#11568,#11569,#11570,#11571,#11572),.UNSPECIFIED.,.T.,.F.,(1,1,1,
1,1,1,1,1,1,1,1,1,1,1,1),(-0.0046917053490395,-0.00312780356602633,-0.00156390178301317,
0.,0.00156390178301317,0.00312780356602633,0.0046917053490395,0.00625560713205267,
0.00781950891506583,0.009383410698079,0.0109473124810922,0.0125112142641053,
0.0140751160471185,0.0156390178301317,0.0172029196131448),.UNSPECIFIED.);
#252=B_SPLINE_CURVE_WITH_KNOTS('',3,(#11585,#11586,#11587,#11588,#11589,
#11590,#11591,#11592,#11593,#11594,#11595),.UNSPECIFIED.,.T.,.F.,(1,1,1,
1,1,1,1,1,1,1,1,1,1,1,1),(-0.00469261124853852,-0.00312840749902568,-0.00156420374951284,
0.,0.00156420374951284,0.00312840749902568,0.00469261124853852,0.00625681499805136,
0.0078210187475642,0.00938522249707704,0.0109494262465899,0.0125136299961027,
0.0140778337456156,0.0156420374951284,0.0172062412446412),.UNSPECIFIED.);
#253=B_SPLINE_CURVE_WITH_KNOTS('',3,(#11608,#11609,#11610,#11611,#11612,
#11613,#11614,#11615,#11616,#11617,#11618),.UNSPECIFIED.,.T.,.F.,(1,1,1,
1,1,1,1,1,1,1,1,1,1,1,1),(-0.00469261124853848,-0.00312840749902563,-0.00156420374951279,
5.25022593123785E-17,0.0015642037495129,0.00312840749902574,0.00469261124853858,
0.00625681499805142,0.00782101874756427,0.00938522249707711,0.01094942624659,
0.0125136299961028,0.0140778337456156,0.0156420374951285,0.0172062412446413),
 .UNSPECIFIED.);
#254=B_SPLINE_CURVE_WITH_KNOTS('',3,(#11685,#11686,#11687,#11688,#11689,
#11690,#11691,#11692,#11693),.UNSPECIFIED.,.F.,.F.,(4,1,1,1,1,1,4),(0.,
0.125,0.25,0.5,0.75,0.875,1.),.UNSPECIFIED.);
#255=B_SPLINE_CURVE_WITH_KNOTS('',3,(#11698,#11699,#11700,#11701,#11702,
#11703,#11704,#11705,#11706),.UNSPECIFIED.,.F.,.F.,(4,1,1,1,1,1,4),(0.,
0.125,0.25,0.5,0.75,0.875,1.),.UNSPECIFIED.);
#256=B_SPLINE_CURVE_WITH_KNOTS('',3,(#11710,#11711,#11712,#11713,#11714,
#11715,#11716,#11717,#11718),.UNSPECIFIED.,.F.,.F.,(4,1,1,1,1,1,4),(0.,
0.125,0.25,0.5,0.75,0.875,1.),.UNSPECIFIED.);
#257=B_SPLINE_CURVE_WITH_KNOTS('',3,(#11722,#11723,#11724,#11725,#11726,
#11727,#11728,#11729,#11730),.UNSPECIFIED.,.F.,.F.,(4,1,1,1,1,1,4),(0.,
0.125,0.25,0.5,0.75,0.875,1.),.UNSPECIFIED.);
#258=B_SPLINE_CURVE_WITH_KNOTS('',3,(#11753,#11754,#11755,#11756),
 .UNSPECIFIED.,.F.,.F.,(4,4),(0.,0.00255293328362051),.UNSPECIFIED.);
#259=B_SPLINE_CURVE_WITH_KNOTS('',3,(#11760,#11761,#11762,#11763),
 .UNSPECIFIED.,.F.,.F.,(4,4),(0.,0.0025529332836205),.UNSPECIFIED.);
#260=B_SPLINE_CURVE_WITH_KNOTS('',3,(#11767,#11768,#11769,#11770),
 .UNSPECIFIED.,.F.,.F.,(4,4),(0.,0.00255293328362051),.UNSPECIFIED.);
#261=B_SPLINE_CURVE_WITH_KNOTS('',3,(#11774,#11775,#11776,#11777),
 .UNSPECIFIED.,.F.,.F.,(4,4),(0.,0.00255293328362051),.UNSPECIFIED.);
#262=B_SPLINE_CURVE_WITH_KNOTS('',3,(#11931,#11932,#11933,#11934,#11935,
#11936,#11937,#11938,#11939,#11940,#11941,#11942,#11943,#11944,#11945),
 .UNSPECIFIED.,.F.,.F.,(4,1,1,1,1,1,1,1,1,1,1,1,4),(0.,0.125,0.1875,0.25,
0.3125,0.375,0.5,0.625,0.6875,0.75,0.8125,0.875,1.),.UNSPECIFIED.);
#263=B_SPLINE_CURVE_WITH_KNOTS('',3,(#11951,#11952,#11953,#11954,#11955,
#11956,#11957,#11958,#11959,#11960,#11961,#11962,#11963,#11964,#11965),
 .UNSPECIFIED.,.F.,.F.,(4,1,1,1,1,1,1,1,1,1,1,1,4),(0.,0.125,0.1875,0.25,
0.3125,0.375,0.5,0.625,0.6875,0.75,0.8125,0.875,1.),.UNSPECIFIED.);
#264=B_SPLINE_CURVE_WITH_KNOTS('',3,(#11973,#11974,#11975,#11976,#11977,
#11978,#11979,#11980,#11981,#11982,#11983,#11984,#11985,#11986,#11987),
 .UNSPECIFIED.,.F.,.F.,(4,1,1,1,1,1,1,1,1,1,1,1,4),(0.,0.125,0.1875,0.25,
0.3125,0.375,0.5,0.625,0.6875,0.75,0.8125,0.875,1.),.UNSPECIFIED.);
#265=B_SPLINE_CURVE_WITH_KNOTS('',3,(#11995,#11996,#11997,#11998,#11999,
#12000,#12001,#12002,#12003,#12004,#12005,#12006,#12007,#12008,#12009),
 .UNSPECIFIED.,.F.,.F.,(4,1,1,1,1,1,1,1,1,1,1,1,4),(0.,0.125,0.1875,0.25,
0.3125,0.375,0.5,0.625,0.6875,0.75,0.8125,0.875,1.),.UNSPECIFIED.);
#266=B_SPLINE_CURVE_WITH_KNOTS('',3,(#12163,#12164,#12165,#12166),
 .UNSPECIFIED.,.F.,.F.,(4,4),(0.,0.00057402986448526),.UNSPECIFIED.);
#267=B_SPLINE_CURVE_WITH_KNOTS('',3,(#12168,#12169,#12170,#12171),
 .UNSPECIFIED.,.F.,.F.,(4,4),(0.,0.00211287171331243),.UNSPECIFIED.);
#268=B_SPLINE_CURVE_WITH_KNOTS('',3,(#12173,#12174,#12175,#12176),
 .UNSPECIFIED.,.F.,.F.,(4,4),(0.,0.000574029864485258),.UNSPECIFIED.);
#269=B_SPLINE_CURVE_WITH_KNOTS('',3,(#12177,#12178,#12179,#12180),
 .UNSPECIFIED.,.F.,.F.,(4,4),(0.,0.00211287171331243),.UNSPECIFIED.);
#270=B_SPLINE_CURVE_WITH_KNOTS('',3,(#12190,#12191,#12192,#12193),
 .UNSPECIFIED.,.F.,.F.,(4,4),(0.,0.000574029864485249),.UNSPECIFIED.);
#271=B_SPLINE_CURVE_WITH_KNOTS('',3,(#12196,#12197,#12198,#12199),
 .UNSPECIFIED.,.F.,.F.,(4,4),(0.,0.00211287171331244),.UNSPECIFIED.);
#272=B_SPLINE_CURVE_WITH_KNOTS('',3,(#12201,#12202,#12203,#12204),
 .UNSPECIFIED.,.F.,.F.,(4,4),(0.,0.000574029864485249),.UNSPECIFIED.);
#273=B_SPLINE_CURVE_WITH_KNOTS('',3,(#12205,#12206,#12207,#12208),
 .UNSPECIFIED.,.F.,.F.,(4,4),(0.,0.00211287171331244),.UNSPECIFIED.);
#274=B_SPLINE_CURVE_WITH_KNOTS('',3,(#12223,#12224,#12225,#12226),
 .UNSPECIFIED.,.F.,.F.,(4,4),(0.,0.000574029864485258),.UNSPECIFIED.);
#275=B_SPLINE_CURVE_WITH_KNOTS('',3,(#12228,#12229,#12230,#12231),
 .UNSPECIFIED.,.F.,.F.,(4,4),(0.,0.00211287171331243),.UNSPECIFIED.);
#276=B_SPLINE_CURVE_WITH_KNOTS('',3,(#12233,#12234,#12235,#12236),
 .UNSPECIFIED.,.F.,.F.,(4,4),(0.,0.000574029864485258),.UNSPECIFIED.);
#277=B_SPLINE_CURVE_WITH_KNOTS('',3,(#12237,#12238,#12239,#12240),
 .UNSPECIFIED.,.F.,.F.,(4,4),(0.,0.00211287171331243),.UNSPECIFIED.);
#278=B_SPLINE_CURVE_WITH_KNOTS('',3,(#12250,#12251,#12252,#12253),
 .UNSPECIFIED.,.F.,.F.,(4,4),(0.,0.000574029864485284),.UNSPECIFIED.);
#279=B_SPLINE_CURVE_WITH_KNOTS('',3,(#12256,#12257,#12258,#12259),
 .UNSPECIFIED.,.F.,.F.,(4,4),(0.,0.00211287171331244),.UNSPECIFIED.);
#280=B_SPLINE_CURVE_WITH_KNOTS('',3,(#12261,#12262,#12263,#12264),
 .UNSPECIFIED.,.F.,.F.,(4,4),(0.,0.000574029864485284),.UNSPECIFIED.);
#281=B_SPLINE_CURVE_WITH_KNOTS('',3,(#12265,#12266,#12267,#12268),
 .UNSPECIFIED.,.F.,.F.,(4,4),(0.,0.00211287171331244),.UNSPECIFIED.);
#282=B_SPLINE_CURVE_WITH_KNOTS('',3,(#12283,#12284,#12285,#12286),
 .UNSPECIFIED.,.F.,.F.,(4,4),(0.,0.000574029864485244),.UNSPECIFIED.);
#283=B_SPLINE_CURVE_WITH_KNOTS('',3,(#12288,#12289,#12290,#12291),
 .UNSPECIFIED.,.F.,.F.,(4,4),(0.,0.00211287171331244),.UNSPECIFIED.);
#284=B_SPLINE_CURVE_WITH_KNOTS('',3,(#12293,#12294,#12295,#12296),
 .UNSPECIFIED.,.F.,.F.,(4,4),(0.,0.000574029864485244),.UNSPECIFIED.);
#285=B_SPLINE_CURVE_WITH_KNOTS('',3,(#12297,#12298,#12299,#12300),
 .UNSPECIFIED.,.F.,.F.,(4,4),(0.,0.00211287171331244),.UNSPECIFIED.);
#286=B_SPLINE_CURVE_WITH_KNOTS('',3,(#12310,#12311,#12312,#12313),
 .UNSPECIFIED.,.F.,.F.,(4,4),(0.,0.000574029864485259),.UNSPECIFIED.);
#287=B_SPLINE_CURVE_WITH_KNOTS('',3,(#12316,#12317,#12318,#12319),
 .UNSPECIFIED.,.F.,.F.,(4,4),(0.,0.00211287171331241),.UNSPECIFIED.);
#288=B_SPLINE_CURVE_WITH_KNOTS('',3,(#12321,#12322,#12323,#12324),
 .UNSPECIFIED.,.F.,.F.,(4,4),(0.,0.000574029864485259),.UNSPECIFIED.);
#289=B_SPLINE_CURVE_WITH_KNOTS('',3,(#12325,#12326,#12327,#12328),
 .UNSPECIFIED.,.F.,.F.,(4,4),(0.,0.00211287171331241),.UNSPECIFIED.);
#290=B_SPLINE_CURVE_WITH_KNOTS('',3,(#12343,#12344,#12345,#12346),
 .UNSPECIFIED.,.F.,.F.,(4,4),(0.,0.000574029864485244),.UNSPECIFIED.);
#291=B_SPLINE_CURVE_WITH_KNOTS('',3,(#12347,#12348,#12349,#12350),
 .UNSPECIFIED.,.F.,.F.,(4,4),(0.,0.00211287171331239),.UNSPECIFIED.);
#292=B_SPLINE_CURVE_WITH_KNOTS('',3,(#12353,#12354,#12355,#12356),
 .UNSPECIFIED.,.F.,.F.,(4,4),(0.,0.000574029864485244),.UNSPECIFIED.);
#293=B_SPLINE_CURVE_WITH_KNOTS('',3,(#12358,#12359,#12360,#12361),
 .UNSPECIFIED.,.F.,.F.,(4,4),(0.,0.00211287171331239),.UNSPECIFIED.);
#294=B_SPLINE_CURVE_WITH_KNOTS('',3,(#12370,#12371,#12372,#12373),
 .UNSPECIFIED.,.F.,.F.,(4,4),(0.,0.000574029864485249),.UNSPECIFIED.);
#295=B_SPLINE_CURVE_WITH_KNOTS('',3,(#12374,#12375,#12376,#12377),
 .UNSPECIFIED.,.F.,.F.,(4,4),(0.,0.00211287171331235),.UNSPECIFIED.);
#296=B_SPLINE_CURVE_WITH_KNOTS('',3,(#12381,#12382,#12383,#12384),
 .UNSPECIFIED.,.F.,.F.,(4,4),(0.,0.000574029864485249),.UNSPECIFIED.);
#297=B_SPLINE_CURVE_WITH_KNOTS('',3,(#12387,#12388,#12389,#12390),
 .UNSPECIFIED.,.F.,.F.,(4,4),(0.,0.00211287171331235),.UNSPECIFIED.);
#298=B_SPLINE_CURVE_WITH_KNOTS('',3,(#12611,#12612,#12613,#12614),
 .UNSPECIFIED.,.F.,.F.,(4,4),(0.,1.),.UNSPECIFIED.);
#299=B_SPLINE_CURVE_WITH_KNOTS('',3,(#12615,#12616,#12617,#12618),
 .UNSPECIFIED.,.F.,.F.,(4,4),(0.,1.),.UNSPECIFIED.);
#300=B_SPLINE_CURVE_WITH_KNOTS('',3,(#12639,#12640,#12641,#12642),
 .UNSPECIFIED.,.F.,.F.,(4,4),(0.,1.),.UNSPECIFIED.);
#301=B_SPLINE_CURVE_WITH_KNOTS('',3,(#12663,#12664,#12665,#12666),
 .UNSPECIFIED.,.F.,.F.,(4,4),(0.,1.),.UNSPECIFIED.);
#302=B_SPLINE_CURVE_WITH_KNOTS('',3,(#12668,#12669,#12670,#12671),
 .UNSPECIFIED.,.F.,.F.,(4,4),(0.,1.),.UNSPECIFIED.);
#303=B_SPLINE_CURVE_WITH_KNOTS('',3,(#12673,#12674,#12675,#12676),
 .UNSPECIFIED.,.F.,.F.,(4,4),(0.,1.),.UNSPECIFIED.);
#304=B_SPLINE_CURVE_WITH_KNOTS('',3,(#12697,#12698,#12699,#12700),
 .UNSPECIFIED.,.F.,.F.,(4,4),(0.,1.),.UNSPECIFIED.);
#305=B_SPLINE_CURVE_WITH_KNOTS('',3,(#12721,#12722,#12723,#12724),
 .UNSPECIFIED.,.F.,.F.,(4,4),(0.,1.),.UNSPECIFIED.);
#306=B_SPLINE_CURVE_WITH_KNOTS('',3,(#12761,#12762,#12763,#12764),
 .UNSPECIFIED.,.F.,.F.,(4,4),(0.,1.),.PIECEWISE_BEZIER_KNOTS.);
#307=B_SPLINE_CURVE_WITH_KNOTS('',3,(#12768,#12769,#12770,#12771),
 .UNSPECIFIED.,.F.,.F.,(4,4),(0.,1.),.PIECEWISE_BEZIER_KNOTS.);
#308=B_SPLINE_CURVE_WITH_KNOTS('',3,(#12831,#12832,#12833,#12834),
 .UNSPECIFIED.,.F.,.F.,(4,4),(0.,1.),.PIECEWISE_BEZIER_KNOTS.);
#309=B_SPLINE_CURVE_WITH_KNOTS('',3,(#12838,#12839,#12840,#12841),
 .UNSPECIFIED.,.F.,.F.,(4,4),(0.,1.),.PIECEWISE_BEZIER_KNOTS.);
#310=B_SPLINE_CURVE_WITH_KNOTS('',3,(#12850,#12851,#12852,#12853),
 .UNSPECIFIED.,.F.,.F.,(4,4),(0.,1.),.PIECEWISE_BEZIER_KNOTS.);
#311=B_SPLINE_CURVE_WITH_KNOTS('',3,(#12857,#12858,#12859,#12860),
 .UNSPECIFIED.,.F.,.F.,(4,4),(0.,1.),.PIECEWISE_BEZIER_KNOTS.);
#312=B_SPLINE_CURVE_WITH_KNOTS('',3,(#12881,#12882,#12883,#12884),
 .UNSPECIFIED.,.F.,.F.,(4,4),(0.,1.),.PIECEWISE_BEZIER_KNOTS.);
#313=B_SPLINE_CURVE_WITH_KNOTS('',3,(#12895,#12896,#12897,#12898),
 .UNSPECIFIED.,.F.,.F.,(4,4),(0.,1.),.PIECEWISE_BEZIER_KNOTS.);
#314=B_SPLINE_CURVE_WITH_KNOTS('',3,(#12960,#12961,#12962,#12963),
 .UNSPECIFIED.,.F.,.F.,(4,4),(0.,1.),.PIECEWISE_BEZIER_KNOTS.);
#315=B_SPLINE_CURVE_WITH_KNOTS('',3,(#12967,#12968,#12969,#12970),
 .UNSPECIFIED.,.F.,.F.,(4,4),(0.,1.),.PIECEWISE_BEZIER_KNOTS.);
#316=B_SPLINE_CURVE_WITH_KNOTS('',3,(#13027,#13028,#13029,#13030),
 .UNSPECIFIED.,.F.,.F.,(4,4),(0.,1.),.PIECEWISE_BEZIER_KNOTS.);
#317=B_SPLINE_CURVE_WITH_KNOTS('',3,(#13041,#13042,#13043,#13044),
 .UNSPECIFIED.,.F.,.F.,(4,4),(0.,1.),.PIECEWISE_BEZIER_KNOTS.);
#318=B_SPLINE_CURVE_WITH_KNOTS('',3,(#13074,#13075,#13076,#13077),
 .UNSPECIFIED.,.F.,.F.,(4,4),(0.,1.),.PIECEWISE_BEZIER_KNOTS.);
#319=B_SPLINE_CURVE_WITH_KNOTS('',3,(#13081,#13082,#13083,#13084),
 .UNSPECIFIED.,.F.,.F.,(4,4),(0.,1.),.PIECEWISE_BEZIER_KNOTS.);
#320=B_SPLINE_CURVE_WITH_KNOTS('',3,(#13093,#13094,#13095,#13096),
 .UNSPECIFIED.,.F.,.F.,(4,4),(0.,1.),.PIECEWISE_BEZIER_KNOTS.);
#321=B_SPLINE_CURVE_WITH_KNOTS('',3,(#13097,#13098,#13099,#13100),
 .UNSPECIFIED.,.F.,.F.,(4,4),(0.,1.),.PIECEWISE_BEZIER_KNOTS.);
#322=B_SPLINE_CURVE_WITH_KNOTS('',3,(#13141,#13142,#13143,#13144),
 .UNSPECIFIED.,.F.,.F.,(4,4),(0.,1.),.PIECEWISE_BEZIER_KNOTS.);
#323=B_SPLINE_CURVE_WITH_KNOTS('',3,(#13188,#13189,#13190,#13191),
 .UNSPECIFIED.,.F.,.F.,(4,4),(0.,1.),.PIECEWISE_BEZIER_KNOTS.);
#324=B_SPLINE_CURVE_WITH_KNOTS('',3,(#13202,#13203,#13204,#13205),
 .UNSPECIFIED.,.F.,.F.,(4,4),(0.,1.),.PIECEWISE_BEZIER_KNOTS.);
#325=B_SPLINE_CURVE_WITH_KNOTS('',3,(#13216,#13217,#13218,#13219),
 .UNSPECIFIED.,.F.,.F.,(4,4),(0.,1.),.PIECEWISE_BEZIER_KNOTS.);
#326=B_SPLINE_CURVE_WITH_KNOTS('',3,(#13230,#13231,#13232,#13233),
 .UNSPECIFIED.,.F.,.F.,(4,4),(0.,1.),.PIECEWISE_BEZIER_KNOTS.);
#327=B_SPLINE_CURVE_WITH_KNOTS('',3,(#13248,#13249,#13250,#13251),
 .UNSPECIFIED.,.F.,.F.,(4,4),(0.,1.),.PIECEWISE_BEZIER_KNOTS.);
#328=B_SPLINE_CURVE_WITH_KNOTS('',3,(#13262,#13263,#13264,#13265),
 .UNSPECIFIED.,.F.,.F.,(4,4),(0.,1.),.PIECEWISE_BEZIER_KNOTS.);
#329=B_SPLINE_CURVE_WITH_KNOTS('',3,(#13274,#13275,#13276,#13277),
 .UNSPECIFIED.,.F.,.F.,(4,4),(0.,1.),.PIECEWISE_BEZIER_KNOTS.);
#330=B_SPLINE_CURVE_WITH_KNOTS('',3,(#13338,#13339,#13340,#13341),
 .UNSPECIFIED.,.F.,.F.,(4,4),(0.,1.),.PIECEWISE_BEZIER_KNOTS.);
#331=B_SPLINE_CURVE_WITH_KNOTS('',3,(#13369,#13370,#13371,#13372),
 .UNSPECIFIED.,.F.,.F.,(4,4),(0.,1.),.PIECEWISE_BEZIER_KNOTS.);
#332=B_SPLINE_CURVE_WITH_KNOTS('',3,(#13383,#13384,#13385,#13386),
 .UNSPECIFIED.,.F.,.F.,(4,4),(0.,1.),.PIECEWISE_BEZIER_KNOTS.);
#333=B_SPLINE_CURVE_WITH_KNOTS('',3,(#13397,#13398,#13399,#13400),
 .UNSPECIFIED.,.F.,.F.,(4,4),(0.,1.),.PIECEWISE_BEZIER_KNOTS.);
#334=B_SPLINE_CURVE_WITH_KNOTS('',3,(#13411,#13412,#13413,#13414),
 .UNSPECIFIED.,.F.,.F.,(4,4),(0.,1.),.PIECEWISE_BEZIER_KNOTS.);
#335=B_SPLINE_CURVE_WITH_KNOTS('',3,(#13429,#13430,#13431,#13432),
 .UNSPECIFIED.,.F.,.F.,(4,4),(0.,1.),.PIECEWISE_BEZIER_KNOTS.);
#336=B_SPLINE_CURVE_WITH_KNOTS('',3,(#13441,#13442,#13443,#13444),
 .UNSPECIFIED.,.F.,.F.,(4,4),(0.,1.),.PIECEWISE_BEZIER_KNOTS.);
#337=B_SPLINE_CURVE_WITH_KNOTS('',3,(#13466,#13467,#13468,#13469),
 .UNSPECIFIED.,.F.,.F.,(4,4),(0.,1.),.PIECEWISE_BEZIER_KNOTS.);
#338=B_SPLINE_CURVE_WITH_KNOTS('',3,(#13480,#13481,#13482,#13483),
 .UNSPECIFIED.,.F.,.F.,(4,4),(0.,1.),.PIECEWISE_BEZIER_KNOTS.);
#339=B_SPLINE_CURVE_WITH_KNOTS('',3,(#13513,#13514,#13515,#13516),
 .UNSPECIFIED.,.F.,.F.,(4,4),(0.,1.),.PIECEWISE_BEZIER_KNOTS.);
#340=B_SPLINE_CURVE_WITH_KNOTS('',3,(#13520,#13521,#13522,#13523),
 .UNSPECIFIED.,.F.,.F.,(4,4),(0.,1.),.PIECEWISE_BEZIER_KNOTS.);
#341=B_SPLINE_CURVE_WITH_KNOTS('',3,(#13532,#13533,#13534,#13535),
 .UNSPECIFIED.,.F.,.F.,(4,4),(0.,1.),.PIECEWISE_BEZIER_KNOTS.);
#342=B_SPLINE_CURVE_WITH_KNOTS('',3,(#13536,#13537,#13538,#13539),
 .UNSPECIFIED.,.F.,.F.,(4,4),(0.,1.),.PIECEWISE_BEZIER_KNOTS.);
#343=B_SPLINE_CURVE_WITH_KNOTS('',3,(#13580,#13581,#13582,#13583),
 .UNSPECIFIED.,.F.,.F.,(4,4),(0.,1.),.PIECEWISE_BEZIER_KNOTS.);
#344=B_SPLINE_CURVE_WITH_KNOTS('',3,(#13627,#13628,#13629,#13630),
 .UNSPECIFIED.,.F.,.F.,(4,4),(0.,1.),.PIECEWISE_BEZIER_KNOTS.);
#345=B_SPLINE_CURVE_WITH_KNOTS('',3,(#13655,#13656,#13657,#13658),
 .UNSPECIFIED.,.F.,.F.,(4,4),(0.,1.),.PIECEWISE_BEZIER_KNOTS.);
#346=B_SPLINE_CURVE_WITH_KNOTS('',3,(#13709,#13710,#13711,#13712),
 .UNSPECIFIED.,.F.,.F.,(4,4),(0.,1.),.PIECEWISE_BEZIER_KNOTS.);
#347=B_SPLINE_CURVE_WITH_KNOTS('',3,(#13737,#13738,#13739,#13740),
 .UNSPECIFIED.,.F.,.F.,(4,4),(0.,1.),.PIECEWISE_BEZIER_KNOTS.);
#348=B_SPLINE_CURVE_WITH_KNOTS('',3,(#13783,#13784,#13785,#13786),
 .UNSPECIFIED.,.F.,.F.,(4,4),(0.,1.),.PIECEWISE_BEZIER_KNOTS.);
#349=B_SPLINE_CURVE_WITH_KNOTS('',3,(#13788,#13789,#13790,#13791),
 .UNSPECIFIED.,.F.,.F.,(4,4),(0.,1.),.PIECEWISE_BEZIER_KNOTS.);
#350=B_SPLINE_CURVE_WITH_KNOTS('',3,(#13801,#13802,#13803,#13804),
 .UNSPECIFIED.,.F.,.F.,(4,4),(0.,1.),.PIECEWISE_BEZIER_KNOTS.);
#351=B_SPLINE_CURVE_WITH_KNOTS('',3,(#13806,#13807,#13808,#13809),
 .UNSPECIFIED.,.F.,.F.,(4,4),(0.,1.),.PIECEWISE_BEZIER_KNOTS.);
#352=B_SPLINE_CURVE_WITH_KNOTS('',3,(#13820,#13821,#13822,#13823),
 .UNSPECIFIED.,.F.,.F.,(4,4),(0.,1.),.PIECEWISE_BEZIER_KNOTS.);
#353=B_SPLINE_CURVE_WITH_KNOTS('',3,(#13825,#13826,#13827,#13828),
 .UNSPECIFIED.,.F.,.F.,(4,4),(0.,1.),.PIECEWISE_BEZIER_KNOTS.);
#354=B_SPLINE_CURVE_WITH_KNOTS('',3,(#13834,#13835,#13836,#13837),
 .UNSPECIFIED.,.F.,.F.,(4,4),(0.,1.),.PIECEWISE_BEZIER_KNOTS.);
#355=B_SPLINE_CURVE_WITH_KNOTS('',3,(#13839,#13840,#13841,#13842),
 .UNSPECIFIED.,.F.,.F.,(4,4),(0.,1.),.PIECEWISE_BEZIER_KNOTS.);
#356=B_SPLINE_CURVE_WITH_KNOTS('',3,(#13916,#13917,#13918,#13919),
 .UNSPECIFIED.,.F.,.F.,(4,4),(0.,1.),.PIECEWISE_BEZIER_KNOTS.);
#357=B_SPLINE_CURVE_WITH_KNOTS('',3,(#13952,#13953,#13954,#13955),
 .UNSPECIFIED.,.F.,.F.,(4,4),(0.,1.),.PIECEWISE_BEZIER_KNOTS.);
#358=B_SPLINE_CURVE_WITH_KNOTS('',3,(#14010,#14011,#14012,#14013),
 .UNSPECIFIED.,.F.,.F.,(4,4),(0.,1.),.PIECEWISE_BEZIER_KNOTS.);
#359=B_SPLINE_CURVE_WITH_KNOTS('',3,(#14015,#14016,#14017,#14018),
 .UNSPECIFIED.,.F.,.F.,(4,4),(0.,1.),.PIECEWISE_BEZIER_KNOTS.);
#360=B_SPLINE_CURVE_WITH_KNOTS('',3,(#14026,#14027,#14028,#14029),
 .UNSPECIFIED.,.F.,.F.,(4,4),(0.,1.),.PIECEWISE_BEZIER_KNOTS.);
#361=B_SPLINE_CURVE_WITH_KNOTS('',3,(#14031,#14032,#14033,#14034),
 .UNSPECIFIED.,.F.,.F.,(4,4),(0.,1.),.PIECEWISE_BEZIER_KNOTS.);
#362=B_SPLINE_CURVE_WITH_KNOTS('',3,(#14043,#14044,#14045,#14046),
 .UNSPECIFIED.,.F.,.F.,(4,4),(0.,1.),.PIECEWISE_BEZIER_KNOTS.);
#363=B_SPLINE_CURVE_WITH_KNOTS('',3,(#14048,#14049,#14050,#14051),
 .UNSPECIFIED.,.F.,.F.,(4,4),(0.,1.),.PIECEWISE_BEZIER_KNOTS.);
#364=B_SPLINE_CURVE_WITH_KNOTS('',3,(#14069,#14070,#14071,#14072),
 .UNSPECIFIED.,.F.,.F.,(4,4),(0.,1.),.PIECEWISE_BEZIER_KNOTS.);
#365=B_SPLINE_CURVE_WITH_KNOTS('',3,(#14074,#14075,#14076,#14077),
 .UNSPECIFIED.,.F.,.F.,(4,4),(0.,1.),.PIECEWISE_BEZIER_KNOTS.);
#366=B_SPLINE_CURVE_WITH_KNOTS('',3,(#14140,#14141,#14142,#14143),
 .UNSPECIFIED.,.F.,.F.,(4,4),(0.,1.),.PIECEWISE_BEZIER_KNOTS.);
#367=B_SPLINE_CURVE_WITH_KNOTS('',3,(#14146,#14147,#14148,#14149),
 .UNSPECIFIED.,.F.,.F.,(4,4),(0.,1.),.PIECEWISE_BEZIER_KNOTS.);
#368=B_SPLINE_CURVE_WITH_KNOTS('',3,(#14151,#14152,#14153,#14154),
 .UNSPECIFIED.,.F.,.F.,(4,4),(0.,1.),.PIECEWISE_BEZIER_KNOTS.);
#369=B_SPLINE_CURVE_WITH_KNOTS('',3,(#14158,#14159,#14160,#14161),
 .UNSPECIFIED.,.F.,.F.,(4,4),(0.,1.),.PIECEWISE_BEZIER_KNOTS.);
#370=B_SPLINE_CURVE_WITH_KNOTS('',3,(#14163,#14164,#14165,#14166),
 .UNSPECIFIED.,.F.,.F.,(4,4),(0.,1.),.PIECEWISE_BEZIER_KNOTS.);
#371=B_SPLINE_CURVE_WITH_KNOTS('',3,(#14168,#14169,#14170,#14171),
 .UNSPECIFIED.,.F.,.F.,(4,4),(0.,1.),.PIECEWISE_BEZIER_KNOTS.);
#372=B_SPLINE_CURVE_WITH_KNOTS('',3,(#14173,#14174,#14175,#14176),
 .UNSPECIFIED.,.F.,.F.,(4,4),(0.,1.),.PIECEWISE_BEZIER_KNOTS.);
#373=B_SPLINE_CURVE_WITH_KNOTS('',3,(#14182,#14183,#14184,#14185),
 .UNSPECIFIED.,.F.,.F.,(4,4),(0.,1.),.PIECEWISE_BEZIER_KNOTS.);
#374=B_SPLINE_CURVE_WITH_KNOTS('',3,(#14192,#14193,#14194,#14195),
 .UNSPECIFIED.,.F.,.F.,(4,4),(0.,1.),.PIECEWISE_BEZIER_KNOTS.);
#375=B_SPLINE_CURVE_WITH_KNOTS('',3,(#14197,#14198,#14199,#14200),
 .UNSPECIFIED.,.F.,.F.,(4,4),(0.,1.),.PIECEWISE_BEZIER_KNOTS.);
#376=B_SPLINE_CURVE_WITH_KNOTS('',3,(#14202,#14203,#14204,#14205),
 .UNSPECIFIED.,.F.,.F.,(4,4),(0.,1.),.PIECEWISE_BEZIER_KNOTS.);
#377=B_SPLINE_CURVE_WITH_KNOTS('',3,(#14207,#14208,#14209,#14210),
 .UNSPECIFIED.,.F.,.F.,(4,4),(0.,1.),.PIECEWISE_BEZIER_KNOTS.);
#378=B_SPLINE_CURVE_WITH_KNOTS('',3,(#14214,#14215,#14216,#14217),
 .UNSPECIFIED.,.F.,.F.,(4,4),(0.,1.),.PIECEWISE_BEZIER_KNOTS.);
#379=B_SPLINE_CURVE_WITH_KNOTS('',3,(#14219,#14220,#14221,#14222),
 .UNSPECIFIED.,.F.,.F.,(4,4),(0.,1.),.PIECEWISE_BEZIER_KNOTS.);
#380=B_SPLINE_CURVE_WITH_KNOTS('',3,(#14322,#14323,#14324,#14325),
 .UNSPECIFIED.,.F.,.F.,(4,4),(0.,1.),.PIECEWISE_BEZIER_KNOTS.);
#381=B_SPLINE_CURVE_WITH_KNOTS('',3,(#14358,#14359,#14360,#14361),
 .UNSPECIFIED.,.F.,.F.,(4,4),(0.,1.),.PIECEWISE_BEZIER_KNOTS.);
#382=B_SPLINE_CURVE_WITH_KNOTS('',3,(#14404,#14405,#14406,#14407),
 .UNSPECIFIED.,.F.,.F.,(4,4),(0.,1.),.PIECEWISE_BEZIER_KNOTS.);
#383=B_SPLINE_CURVE_WITH_KNOTS('',3,(#14409,#14410,#14411,#14412),
 .UNSPECIFIED.,.F.,.F.,(4,4),(0.,1.),.PIECEWISE_BEZIER_KNOTS.);
#384=B_SPLINE_CURVE_WITH_KNOTS('',3,(#14422,#14423,#14424,#14425),
 .UNSPECIFIED.,.F.,.F.,(4,4),(0.,1.),.PIECEWISE_BEZIER_KNOTS.);
#385=B_SPLINE_CURVE_WITH_KNOTS('',3,(#14427,#14428,#14429,#14430),
 .UNSPECIFIED.,.F.,.F.,(4,4),(0.,1.),.PIECEWISE_BEZIER_KNOTS.);
#386=B_SPLINE_CURVE_WITH_KNOTS('',3,(#14441,#14442,#14443,#14444),
 .UNSPECIFIED.,.F.,.F.,(4,4),(0.,1.),.PIECEWISE_BEZIER_KNOTS.);
#387=B_SPLINE_CURVE_WITH_KNOTS('',3,(#14446,#14447,#14448,#14449),
 .UNSPECIFIED.,.F.,.F.,(4,4),(0.,1.),.PIECEWISE_BEZIER_KNOTS.);
#388=B_SPLINE_CURVE_WITH_KNOTS('',3,(#14455,#14456,#14457,#14458),
 .UNSPECIFIED.,.F.,.F.,(4,4),(0.,1.),.PIECEWISE_BEZIER_KNOTS.);
#389=B_SPLINE_CURVE_WITH_KNOTS('',3,(#14460,#14461,#14462,#14463),
 .UNSPECIFIED.,.F.,.F.,(4,4),(0.,1.),.PIECEWISE_BEZIER_KNOTS.);
#390=B_SPLINE_CURVE_WITH_KNOTS('',3,(#14594,#14595,#14596,#14597),
 .UNSPECIFIED.,.F.,.F.,(4,4),(0.,1.),.PIECEWISE_BEZIER_KNOTS.);
#391=B_SPLINE_CURVE_WITH_KNOTS('',3,(#14599,#14600,#14601,#14602),
 .UNSPECIFIED.,.F.,.F.,(4,4),(0.,1.),.PIECEWISE_BEZIER_KNOTS.);
#392=B_SPLINE_CURVE_WITH_KNOTS('',3,(#14604,#14605,#14606,#14607),
 .UNSPECIFIED.,.F.,.F.,(4,4),(0.,1.),.PIECEWISE_BEZIER_KNOTS.);
#393=B_SPLINE_CURVE_WITH_KNOTS('',3,(#14611,#14612,#14613,#14614),
 .UNSPECIFIED.,.F.,.F.,(4,4),(0.,1.),.PIECEWISE_BEZIER_KNOTS.);
#394=B_SPLINE_CURVE_WITH_KNOTS('',3,(#14616,#14617,#14618,#14619),
 .UNSPECIFIED.,.F.,.F.,(4,4),(0.,1.),.PIECEWISE_BEZIER_KNOTS.);
#395=B_SPLINE_CURVE_WITH_KNOTS('',3,(#14621,#14622,#14623,#14624),
 .UNSPECIFIED.,.F.,.F.,(4,4),(0.,1.),.PIECEWISE_BEZIER_KNOTS.);
#396=B_SPLINE_CURVE_WITH_KNOTS('',3,(#14626,#14627,#14628,#14629),
 .UNSPECIFIED.,.F.,.F.,(4,4),(0.,1.),.PIECEWISE_BEZIER_KNOTS.);
#397=B_SPLINE_CURVE_WITH_KNOTS('',3,(#14646,#14647,#14648,#14649),
 .UNSPECIFIED.,.F.,.F.,(4,4),(0.,1.),.PIECEWISE_BEZIER_KNOTS.);
#398=B_SPLINE_CURVE_WITH_KNOTS('',3,(#14651,#14652,#14653,#14654),
 .UNSPECIFIED.,.F.,.F.,(4,4),(0.,1.),.PIECEWISE_BEZIER_KNOTS.);
#399=B_SPLINE_CURVE_WITH_KNOTS('',3,(#14656,#14657,#14658,#14659),
 .UNSPECIFIED.,.F.,.F.,(4,4),(0.,1.),.PIECEWISE_BEZIER_KNOTS.);
#400=B_SPLINE_CURVE_WITH_KNOTS('',3,(#14661,#14662,#14663,#14664),
 .UNSPECIFIED.,.F.,.F.,(4,4),(0.,1.),.PIECEWISE_BEZIER_KNOTS.);
#401=B_SPLINE_CURVE_WITH_KNOTS('',3,(#14668,#14669,#14670,#14671),
 .UNSPECIFIED.,.F.,.F.,(4,4),(0.,1.),.PIECEWISE_BEZIER_KNOTS.);
#402=B_SPLINE_CURVE_WITH_KNOTS('',3,(#14673,#14674,#14675,#14676),
 .UNSPECIFIED.,.F.,.F.,(4,4),(0.,1.),.PIECEWISE_BEZIER_KNOTS.);
#403=B_SPLINE_CURVE_WITH_KNOTS('',3,(#14678,#14679,#14680,#14681),
 .UNSPECIFIED.,.F.,.F.,(4,4),(0.,1.),.PIECEWISE_BEZIER_KNOTS.);
#404=LINE('',#11095,#1182);
#405=LINE('',#11098,#1183);
#406=LINE('',#11100,#1184);
#407=LINE('',#11102,#1185);
#408=LINE('',#11104,#1186);
#409=LINE('',#11111,#1187);
#410=LINE('',#11113,#1188);
#411=LINE('',#11115,#1189);
#412=LINE('',#11117,#1190);
#413=LINE('',#11119,#1191);
#414=LINE('',#11120,#1192);
#415=LINE('',#11123,#1193);
#416=LINE('',#11135,#1194);
#417=LINE('',#11152,#1195);
#418=LINE('',#11174,#1196);
#419=LINE('',#11177,#1197);
#420=LINE('',#11180,#1198);
#421=LINE('',#11182,#1199);
#422=LINE('',#11184,#1200);
#423=LINE('',#11186,#1201);
#424=LINE('',#11188,#1202);
#425=LINE('',#11190,#1203);
#426=LINE('',#11192,#1204);
#427=LINE('',#11194,#1205);
#428=LINE('',#11196,#1206);
#429=LINE('',#11198,#1207);
#430=LINE('',#11200,#1208);
#431=LINE('',#11201,#1209);
#432=LINE('',#11219,#1210);
#433=LINE('',#11241,#1211);
#434=LINE('',#11243,#1212);
#435=LINE('',#11245,#1213);
#436=LINE('',#11246,#1214);
#437=LINE('',#11249,#1215);
#438=LINE('',#11251,#1216);
#439=LINE('',#11253,#1217);
#440=LINE('',#11255,#1218);
#441=LINE('',#11262,#1219);
#442=LINE('',#11264,#1220);
#443=LINE('',#11266,#1221);
#444=LINE('',#11268,#1222);
#445=LINE('',#11270,#1223);
#446=LINE('',#11271,#1224);
#447=LINE('',#11274,#1225);
#448=LINE('',#11286,#1226);
#449=LINE('',#11287,#1227);
#450=LINE('',#11290,#1228);
#451=LINE('',#11292,#1229);
#452=LINE('',#11294,#1230);
#453=LINE('',#11296,#1231);
#454=LINE('',#11298,#1232);
#455=LINE('',#11300,#1233);
#456=LINE('',#11302,#1234);
#457=LINE('',#11303,#1235);
#458=LINE('',#11306,#1236);
#459=LINE('',#11308,#1237);
#460=LINE('',#11310,#1238);
#461=LINE('',#11312,#1239);
#462=LINE('',#11314,#1240);
#463=LINE('',#11316,#1241);
#464=LINE('',#11328,#1242);
#465=LINE('',#11329,#1243);
#466=LINE('',#11332,#1244);
#467=LINE('',#11334,#1245);
#468=LINE('',#11336,#1246);
#469=LINE('',#11338,#1247);
#470=LINE('',#11340,#1248);
#471=LINE('',#11342,#1249);
#472=LINE('',#11344,#1250);
#473=LINE('',#11356,#1251);
#474=LINE('',#11360,#1252);
#475=LINE('',#11364,#1253);
#476=LINE('',#11368,#1254);
#477=LINE('',#11371,#1255);
#478=LINE('',#11376,#1256);
#479=LINE('',#11380,#1257);
#480=LINE('',#11384,#1258);
#481=LINE('',#11400,#1259);
#482=LINE('',#11405,#1260);
#483=LINE('',#11411,#1261);
#484=LINE('',#11428,#1262);
#485=LINE('',#11432,#1263);
#486=LINE('',#11454,#1264);
#487=LINE('',#11459,#1265);
#488=LINE('',#11463,#1266);
#489=LINE('',#11467,#1267);
#490=LINE('',#11476,#1268);
#491=LINE('',#11481,#1269);
#492=LINE('',#11488,#1270);
#493=LINE('',#11493,#1271);
#494=LINE('',#11519,#1272);
#495=LINE('',#11523,#1273);
#496=LINE('',#11621,#1274);
#497=LINE('',#11623,#1275);
#498=LINE('',#11627,#1276);
#499=LINE('',#11629,#1277);
#500=LINE('',#11631,#1278);
#501=LINE('',#11635,#1279);
#502=LINE('',#11637,#1280);
#503=LINE('',#11639,#1281);
#504=LINE('',#11643,#1282);
#505=LINE('',#11645,#1283);
#506=LINE('',#11647,#1284);
#507=LINE('',#11651,#1285);
#508=LINE('',#11653,#1286);
#509=LINE('',#11655,#1287);
#510=LINE('',#11659,#1288);
#511=LINE('',#11661,#1289);
#512=LINE('',#11663,#1290);
#513=LINE('',#11667,#1291);
#514=LINE('',#11669,#1292);
#515=LINE('',#11671,#1293);
#516=LINE('',#11675,#1294);
#517=LINE('',#11677,#1295);
#518=LINE('',#11679,#1296);
#519=LINE('',#11683,#1297);
#520=LINE('',#11696,#1298);
#521=LINE('',#11708,#1299);
#522=LINE('',#11720,#1300);
#523=LINE('',#11732,#1301);
#524=LINE('',#11741,#1302);
#525=LINE('',#11742,#1303);
#526=LINE('',#11758,#1304);
#527=LINE('',#11765,#1305);
#528=LINE('',#11772,#1306);
#529=LINE('',#11781,#1307);
#530=LINE('',#11785,#1308);
#531=LINE('',#11789,#1309);
#532=LINE('',#11793,#1310);
#533=LINE('',#11797,#1311);
#534=LINE('',#11802,#1312);
#535=LINE('',#11806,#1313);
#536=LINE('',#11810,#1314);
#537=LINE('',#11819,#1315);
#538=LINE('',#11825,#1316);
#539=LINE('',#11833,#1317);
#540=LINE('',#11839,#1318);
#541=LINE('',#11929,#1319);
#542=LINE('',#11947,#1320);
#543=LINE('',#11949,#1321);
#544=LINE('',#11967,#1322);
#545=LINE('',#11969,#1323);
#546=LINE('',#11971,#1324);
#547=LINE('',#11989,#1325);
#548=LINE('',#11991,#1326);
#549=LINE('',#11993,#1327);
#550=LINE('',#12011,#1328);
#551=LINE('',#12013,#1329);
#552=LINE('',#12015,#1330);
#553=LINE('',#12017,#1331);
#554=LINE('',#12020,#1332);
#555=LINE('',#12022,#1333);
#556=LINE('',#12024,#1334);
#557=LINE('',#12026,#1335);
#558=LINE('',#12029,#1336);
#559=LINE('',#12031,#1337);
#560=LINE('',#12033,#1338);
#561=LINE('',#12035,#1339);
#562=LINE('',#12038,#1340);
#563=LINE('',#12040,#1341);
#564=LINE('',#12042,#1342);
#565=LINE('',#12044,#1343);
#566=LINE('',#12047,#1344);
#567=LINE('',#12049,#1345);
#568=LINE('',#12051,#1346);
#569=LINE('',#12055,#1347);
#570=LINE('',#12060,#1348);
#571=LINE('',#12064,#1349);
#572=LINE('',#12068,#1350);
#573=LINE('',#12074,#1351);
#574=LINE('',#12079,#1352);
#575=LINE('',#12083,#1353);
#576=LINE('',#12087,#1354);
#577=LINE('',#12093,#1355);
#578=LINE('',#12098,#1356);
#579=LINE('',#12102,#1357);
#580=LINE('',#12106,#1358);
#581=LINE('',#12154,#1359);
#582=LINE('',#12159,#1360);
#583=LINE('',#12161,#1361);
#584=LINE('',#12167,#1362);
#585=LINE('',#12181,#1363);
#586=LINE('',#12184,#1364);
#587=LINE('',#12186,#1365);
#588=LINE('',#12188,#1366);
#589=LINE('',#12194,#1367);
#590=LINE('',#12210,#1368);
#591=LINE('',#12214,#1369);
#592=LINE('',#12219,#1370);
#593=LINE('',#12221,#1371);
#594=LINE('',#12227,#1372);
#595=LINE('',#12241,#1373);
#596=LINE('',#12244,#1374);
#597=LINE('',#12246,#1375);
#598=LINE('',#12248,#1376);
#599=LINE('',#12254,#1377);
#600=LINE('',#12270,#1378);
#601=LINE('',#12274,#1379);
#602=LINE('',#12279,#1380);
#603=LINE('',#12281,#1381);
#604=LINE('',#12287,#1382);
#605=LINE('',#12301,#1383);
#606=LINE('',#12304,#1384);
#607=LINE('',#12306,#1385);
#608=LINE('',#12308,#1386);
#609=LINE('',#12314,#1387);
#610=LINE('',#12330,#1388);
#611=LINE('',#12334,#1389);
#612=LINE('',#12339,#1390);
#613=LINE('',#12341,#1391);
#614=LINE('',#12351,#1392);
#615=LINE('',#12357,#1393);
#616=LINE('',#12364,#1394);
#617=LINE('',#12366,#1395);
#618=LINE('',#12368,#1396);
#619=LINE('',#12379,#1397);
#620=LINE('',#12385,#1398);
#621=LINE('',#12403,#1399);
#622=LINE('',#12417,#1400);
#623=LINE('',#12418,#1401);
#624=LINE('',#12420,#1402);
#625=LINE('',#12422,#1403);
#626=LINE('',#12424,#1404);
#627=LINE('',#12426,#1405);
#628=LINE('',#12428,#1406);
#629=LINE('',#12430,#1407);
#630=LINE('',#12439,#1408);
#631=LINE('',#12442,#1409);
#632=LINE('',#12445,#1410);
#633=LINE('',#12449,#1411);
#634=LINE('',#12454,#1412);
#635=LINE('',#12457,#1413);
#636=LINE('',#12459,#1414);
#637=LINE('',#12461,#1415);
#638=LINE('',#12463,#1416);
#639=LINE('',#12468,#1417);
#640=LINE('',#12471,#1418);
#641=LINE('',#12474,#1419);
#642=LINE('',#12475,#1420);
#643=LINE('',#12477,#1421);
#644=LINE('',#12483,#1422);
#645=LINE('',#12486,#1423);
#646=LINE('',#12487,#1424);
#647=LINE('',#12492,#1425);
#648=LINE('',#12497,#1426);
#649=LINE('',#12501,#1427);
#650=LINE('',#12503,#1428);
#651=LINE('',#12505,#1429);
#652=LINE('',#12509,#1430);
#653=LINE('',#12513,#1431);
#654=LINE('',#12514,#1432);
#655=LINE('',#12516,#1433);
#656=LINE('',#12518,#1434);
#657=LINE('',#12520,#1435);
#658=LINE('',#12522,#1436);
#659=LINE('',#12526,#1437);
#660=LINE('',#12528,#1438);
#661=LINE('',#12577,#1439);
#662=LINE('',#12578,#1440);
#663=LINE('',#12580,#1441);
#664=LINE('',#12582,#1442);
#665=LINE('',#12584,#1443);
#666=LINE('',#12586,#1444);
#667=LINE('',#12588,#1445);
#668=LINE('',#12590,#1446);
#669=LINE('',#12727,#1447);
#670=LINE('',#12730,#1448);
#671=LINE('',#12732,#1449);
#672=LINE('',#12734,#1450);
#673=LINE('',#12736,#1451);
#674=LINE('',#12738,#1452);
#675=LINE('',#12740,#1453);
#676=LINE('',#12744,#1454);
#677=LINE('',#12748,#1455);
#678=LINE('',#12750,#1456);
#679=LINE('',#12752,#1457);
#680=LINE('',#12766,#1458);
#681=LINE('',#12773,#1459);
#682=LINE('',#12775,#1460);
#683=LINE('',#12777,#1461);
#684=LINE('',#12779,#1462);
#685=LINE('',#12781,#1463);
#686=LINE('',#12783,#1464);
#687=LINE('',#12785,#1465);
#688=LINE('',#12787,#1466);
#689=LINE('',#12789,#1467);
#690=LINE('',#12791,#1468);
#691=LINE('',#12793,#1469);
#692=LINE('',#12795,#1470);
#693=LINE('',#12797,#1471);
#694=LINE('',#12799,#1472);
#695=LINE('',#12801,#1473);
#696=LINE('',#12803,#1474);
#697=LINE('',#12805,#1475);
#698=LINE('',#12806,#1476);
#699=LINE('',#12809,#1477);
#700=LINE('',#12812,#1478);
#701=LINE('',#12814,#1479);
#702=LINE('',#12816,#1480);
#703=LINE('',#12818,#1481);
#704=LINE('',#12820,#1482);
#705=LINE('',#12822,#1483);
#706=LINE('',#12836,#1484);
#707=LINE('',#12855,#1485);
#708=LINE('',#12862,#1486);
#709=LINE('',#12864,#1487);
#710=LINE('',#12866,#1488);
#711=LINE('',#12868,#1489);
#712=LINE('',#12870,#1490);
#713=LINE('',#12879,#1491);
#714=LINE('',#12893,#1492);
#715=LINE('',#12900,#1493);
#716=LINE('',#12902,#1494);
#717=LINE('',#12904,#1495);
#718=LINE('',#12906,#1496);
#719=LINE('',#12908,#1497);
#720=LINE('',#12910,#1498);
#721=LINE('',#12912,#1499);
#722=LINE('',#12914,#1500);
#723=LINE('',#12916,#1501);
#724=LINE('',#12918,#1502);
#725=LINE('',#12920,#1503);
#726=LINE('',#12922,#1504);
#727=LINE('',#12923,#1505);
#728=LINE('',#12926,#1506);
#729=LINE('',#12929,#1507);
#730=LINE('',#12931,#1508);
#731=LINE('',#12933,#1509);
#732=LINE('',#12935,#1510);
#733=LINE('',#12937,#1511);
#734=LINE('',#12939,#1512);
#735=LINE('',#12943,#1513);
#736=LINE('',#12947,#1514);
#737=LINE('',#12949,#1515);
#738=LINE('',#12951,#1516);
#739=LINE('',#12965,#1517);
#740=LINE('',#12972,#1518);
#741=LINE('',#12974,#1519);
#742=LINE('',#12976,#1520);
#743=LINE('',#12978,#1521);
#744=LINE('',#12980,#1522);
#745=LINE('',#12982,#1523);
#746=LINE('',#12984,#1524);
#747=LINE('',#12986,#1525);
#748=LINE('',#12988,#1526);
#749=LINE('',#12990,#1527);
#750=LINE('',#12992,#1528);
#751=LINE('',#12994,#1529);
#752=LINE('',#12996,#1530);
#753=LINE('',#12998,#1531);
#754=LINE('',#13000,#1532);
#755=LINE('',#13002,#1533);
#756=LINE('',#13004,#1534);
#757=LINE('',#13005,#1535);
#758=LINE('',#13008,#1536);
#759=LINE('',#13010,#1537);
#760=LINE('',#13012,#1538);
#761=LINE('',#13014,#1539);
#762=LINE('',#13016,#1540);
#763=LINE('',#13025,#1541);
#764=LINE('',#13039,#1542);
#765=LINE('',#13046,#1543);
#766=LINE('',#13049,#1544);
#767=LINE('',#13051,#1545);
#768=LINE('',#13053,#1546);
#769=LINE('',#13055,#1547);
#770=LINE('',#13057,#1548);
#771=LINE('',#13059,#1549);
#772=LINE('',#13061,#1550);
#773=LINE('',#13063,#1551);
#774=LINE('',#13065,#1552);
#775=LINE('',#13079,#1553);
#776=LINE('',#13102,#1554);
#777=LINE('',#13106,#1555);
#778=LINE('',#13108,#1556);
#779=LINE('',#13110,#1557);
#780=LINE('',#13112,#1558);
#781=LINE('',#13114,#1559);
#782=LINE('',#13116,#1560);
#783=LINE('',#13118,#1561);
#784=LINE('',#13120,#1562);
#785=LINE('',#13122,#1563);
#786=LINE('',#13124,#1564);
#787=LINE('',#13126,#1565);
#788=LINE('',#13128,#1566);
#789=LINE('',#13130,#1567);
#790=LINE('',#13139,#1568);
#791=LINE('',#13146,#1569);
#792=LINE('',#13148,#1570);
#793=LINE('',#13150,#1571);
#794=LINE('',#13152,#1572);
#795=LINE('',#13154,#1573);
#796=LINE('',#13156,#1574);
#797=LINE('',#13158,#1575);
#798=LINE('',#13161,#1576);
#799=LINE('',#13163,#1577);
#800=LINE('',#13165,#1578);
#801=LINE('',#13167,#1579);
#802=LINE('',#13169,#1580);
#803=LINE('',#13171,#1581);
#804=LINE('',#13173,#1582);
#805=LINE('',#13175,#1583);
#806=LINE('',#13177,#1584);
#807=LINE('',#13186,#1585);
#808=LINE('',#13200,#1586);
#809=LINE('',#13214,#1587);
#810=LINE('',#13228,#1588);
#811=LINE('',#13235,#1589);
#812=LINE('',#13237,#1590);
#813=LINE('',#13246,#1591);
#814=LINE('',#13260,#1592);
#815=LINE('',#13280,#1593);
#816=LINE('',#13282,#1594);
#817=LINE('',#13284,#1595);
#818=LINE('',#13286,#1596);
#819=LINE('',#13288,#1597);
#820=LINE('',#13290,#1598);
#821=LINE('',#13292,#1599);
#822=LINE('',#13294,#1600);
#823=LINE('',#13296,#1601);
#824=LINE('',#13298,#1602);
#825=LINE('',#13300,#1603);
#826=LINE('',#13302,#1604);
#827=LINE('',#13304,#1605);
#828=LINE('',#13306,#1606);
#829=LINE('',#13308,#1607);
#830=LINE('',#13310,#1608);
#831=LINE('',#13312,#1609);
#832=LINE('',#13314,#1610);
#833=LINE('',#13316,#1611);
#834=LINE('',#13318,#1612);
#835=LINE('',#13320,#1613);
#836=LINE('',#13322,#1614);
#837=LINE('',#13324,#1615);
#838=LINE('',#13326,#1616);
#839=LINE('',#13336,#1617);
#840=LINE('',#13343,#1618);
#841=LINE('',#13352,#1619);
#842=LINE('',#13356,#1620);
#843=LINE('',#13358,#1621);
#844=LINE('',#13367,#1622);
#845=LINE('',#13381,#1623);
#846=LINE('',#13395,#1624);
#847=LINE('',#13409,#1625);
#848=LINE('',#13416,#1626);
#849=LINE('',#13418,#1627);
#850=LINE('',#13427,#1628);
#851=LINE('',#13447,#1629);
#852=LINE('',#13449,#1630);
#853=LINE('',#13451,#1631);
#854=LINE('',#13453,#1632);
#855=LINE('',#13455,#1633);
#856=LINE('',#13464,#1634);
#857=LINE('',#13478,#1635);
#858=LINE('',#13485,#1636);
#859=LINE('',#13488,#1637);
#860=LINE('',#13490,#1638);
#861=LINE('',#13492,#1639);
#862=LINE('',#13494,#1640);
#863=LINE('',#13496,#1641);
#864=LINE('',#13498,#1642);
#865=LINE('',#13500,#1643);
#866=LINE('',#13502,#1644);
#867=LINE('',#13504,#1645);
#868=LINE('',#13518,#1646);
#869=LINE('',#13541,#1647);
#870=LINE('',#13545,#1648);
#871=LINE('',#13547,#1649);
#872=LINE('',#13549,#1650);
#873=LINE('',#13551,#1651);
#874=LINE('',#13553,#1652);
#875=LINE('',#13555,#1653);
#876=LINE('',#13557,#1654);
#877=LINE('',#13559,#1655);
#878=LINE('',#13561,#1656);
#879=LINE('',#13563,#1657);
#880=LINE('',#13565,#1658);
#881=LINE('',#13567,#1659);
#882=LINE('',#13569,#1660);
#883=LINE('',#13578,#1661);
#884=LINE('',#13585,#1662);
#885=LINE('',#13587,#1663);
#886=LINE('',#13589,#1664);
#887=LINE('',#13591,#1665);
#888=LINE('',#13593,#1666);
#889=LINE('',#13595,#1667);
#890=LINE('',#13597,#1668);
#891=LINE('',#13616,#1669);
#892=LINE('',#13619,#1670);
#893=LINE('',#13621,#1671);
#894=LINE('',#13623,#1672);
#895=LINE('',#13625,#1673);
#896=LINE('',#13632,#1674);
#897=LINE('',#13634,#1675);
#898=LINE('',#13636,#1676);
#899=LINE('',#13638,#1677);
#900=LINE('',#13640,#1678);
#901=LINE('',#13642,#1679);
#902=LINE('',#13645,#1680);
#903=LINE('',#13647,#1681);
#904=LINE('',#13649,#1682);
#905=LINE('',#13651,#1683);
#906=LINE('',#13653,#1684);
#907=LINE('',#13660,#1685);
#908=LINE('',#13662,#1686);
#909=LINE('',#13664,#1687);
#910=LINE('',#13666,#1688);
#911=LINE('',#13668,#1689);
#912=LINE('',#13669,#1690);
#913=LINE('',#13671,#1691);
#914=LINE('',#13673,#1692);
#915=LINE('',#13675,#1693);
#916=LINE('',#13684,#1694);
#917=LINE('',#13686,#1695);
#918=LINE('',#13688,#1696);
#919=LINE('',#13690,#1697);
#920=LINE('',#13692,#1698);
#921=LINE('',#13694,#1699);
#922=LINE('',#13698,#1700);
#923=LINE('',#13701,#1701);
#924=LINE('',#13703,#1702);
#925=LINE('',#13705,#1703);
#926=LINE('',#13707,#1704);
#927=LINE('',#13714,#1705);
#928=LINE('',#13716,#1706);
#929=LINE('',#13718,#1707);
#930=LINE('',#13720,#1708);
#931=LINE('',#13722,#1709);
#932=LINE('',#13724,#1710);
#933=LINE('',#13727,#1711);
#934=LINE('',#13729,#1712);
#935=LINE('',#13731,#1713);
#936=LINE('',#13733,#1714);
#937=LINE('',#13735,#1715);
#938=LINE('',#13742,#1716);
#939=LINE('',#13744,#1717);
#940=LINE('',#13746,#1718);
#941=LINE('',#13748,#1719);
#942=LINE('',#13750,#1720);
#943=LINE('',#13751,#1721);
#944=LINE('',#13753,#1722);
#945=LINE('',#13755,#1723);
#946=LINE('',#13757,#1724);
#947=LINE('',#13766,#1725);
#948=LINE('',#13768,#1726);
#949=LINE('',#13770,#1727);
#950=LINE('',#13772,#1728);
#951=LINE('',#13774,#1729);
#952=LINE('',#13776,#1730);
#953=LINE('',#13780,#1731);
#954=LINE('',#13793,#1732);
#955=LINE('',#13795,#1733);
#956=LINE('',#13796,#1734);
#957=LINE('',#13799,#1735);
#958=LINE('',#13811,#1736);
#959=LINE('',#13813,#1737);
#960=LINE('',#13816,#1738);
#961=LINE('',#13818,#1739);
#962=LINE('',#13829,#1740);
#963=LINE('',#13832,#1741);
#964=LINE('',#13844,#1742);
#965=LINE('',#13846,#1743);
#966=LINE('',#13847,#1744);
#967=LINE('',#13856,#1745);
#968=LINE('',#13857,#1746);
#969=LINE('',#13866,#1747);
#970=LINE('',#13868,#1748);
#971=LINE('',#13870,#1749);
#972=LINE('',#13880,#1750);
#973=LINE('',#13889,#1751);
#974=LINE('',#13891,#1752);
#975=LINE('',#13895,#1753);
#976=LINE('',#13898,#1754);
#977=LINE('',#13900,#1755);
#978=LINE('',#13902,#1756);
#979=LINE('',#13904,#1757);
#980=LINE('',#13906,#1758);
#981=LINE('',#13908,#1759);
#982=LINE('',#13910,#1760);
#983=LINE('',#13911,#1761);
#984=LINE('',#13914,#1762);
#985=LINE('',#13921,#1763);
#986=LINE('',#13925,#1764);
#987=LINE('',#13927,#1765);
#988=LINE('',#13930,#1766);
#989=LINE('',#13932,#1767);
#990=LINE('',#13934,#1768);
#991=LINE('',#13936,#1769);
#992=LINE('',#13938,#1770);
#993=LINE('',#13940,#1771);
#994=LINE('',#13942,#1772);
#995=LINE('',#13943,#1773);
#996=LINE('',#13946,#1774);
#997=LINE('',#13950,#1775);
#998=LINE('',#13957,#1776);
#999=LINE('',#13959,#1777);
#1000=LINE('',#13960,#1778);
#1001=LINE('',#13962,#1779);
#1002=LINE('',#13963,#1780);
#1003=LINE('',#13965,#1781);
#1004=LINE('',#13967,#1782);
#1005=LINE('',#13969,#1783);
#1006=LINE('',#13971,#1784);
#1007=LINE('',#13973,#1785);
#1008=LINE('',#13975,#1786);
#1009=LINE('',#13985,#1787);
#1010=LINE('',#13987,#1788);
#1011=LINE('',#13989,#1789);
#1012=LINE('',#13991,#1790);
#1013=LINE('',#13995,#1791);
#1014=LINE('',#13998,#1792);
#1015=LINE('',#14000,#1793);
#1016=LINE('',#14002,#1794);
#1017=LINE('',#14004,#1795);
#1018=LINE('',#14006,#1796);
#1019=LINE('',#14008,#1797);
#1020=LINE('',#14020,#1798);
#1021=LINE('',#14021,#1799);
#1022=LINE('',#14024,#1800);
#1023=LINE('',#14036,#1801);
#1024=LINE('',#14038,#1802);
#1025=LINE('',#14041,#1803);
#1026=LINE('',#14053,#1804);
#1027=LINE('',#14055,#1805);
#1028=LINE('',#14057,#1806);
#1029=LINE('',#14059,#1807);
#1030=LINE('',#14061,#1808);
#1031=LINE('',#14063,#1809);
#1032=LINE('',#14064,#1810);
#1033=LINE('',#14067,#1811);
#1034=LINE('',#14079,#1812);
#1035=LINE('',#14081,#1813);
#1036=LINE('',#14082,#1814);
#1037=LINE('',#14084,#1815);
#1038=LINE('',#14085,#1816);
#1039=LINE('',#14087,#1817);
#1040=LINE('',#14089,#1818);
#1041=LINE('',#14091,#1819);
#1042=LINE('',#14093,#1820);
#1043=LINE('',#14095,#1821);
#1044=LINE('',#14104,#1822);
#1045=LINE('',#14113,#1823);
#1046=LINE('',#14115,#1824);
#1047=LINE('',#14125,#1825);
#1048=LINE('',#14134,#1826);
#1049=LINE('',#14136,#1827);
#1050=LINE('',#14156,#1828);
#1051=LINE('',#14178,#1829);
#1052=LINE('',#14190,#1830);
#1053=LINE('',#14212,#1831);
#1054=LINE('',#14231,#1832);
#1055=LINE('',#14232,#1833);
#1056=LINE('',#14241,#1834);
#1057=LINE('',#14243,#1835);
#1058=LINE('',#14252,#1836);
#1059=LINE('',#14261,#1837);
#1060=LINE('',#14270,#1838);
#1061=LINE('',#14279,#1839);
#1062=LINE('',#14281,#1840);
#1063=LINE('',#14290,#1841);
#1064=LINE('',#14301,#1842);
#1065=LINE('',#14304,#1843);
#1066=LINE('',#14306,#1844);
#1067=LINE('',#14308,#1845);
#1068=LINE('',#14310,#1846);
#1069=LINE('',#14312,#1847);
#1070=LINE('',#14314,#1848);
#1071=LINE('',#14316,#1849);
#1072=LINE('',#14317,#1850);
#1073=LINE('',#14320,#1851);
#1074=LINE('',#14327,#1852);
#1075=LINE('',#14331,#1853);
#1076=LINE('',#14333,#1854);
#1077=LINE('',#14336,#1855);
#1078=LINE('',#14338,#1856);
#1079=LINE('',#14340,#1857);
#1080=LINE('',#14342,#1858);
#1081=LINE('',#14344,#1859);
#1082=LINE('',#14346,#1860);
#1083=LINE('',#14348,#1861);
#1084=LINE('',#14349,#1862);
#1085=LINE('',#14352,#1863);
#1086=LINE('',#14356,#1864);
#1087=LINE('',#14363,#1865);
#1088=LINE('',#14365,#1866);
#1089=LINE('',#14366,#1867);
#1090=LINE('',#14368,#1868);
#1091=LINE('',#14369,#1869);
#1092=LINE('',#14371,#1870);
#1093=LINE('',#14373,#1871);
#1094=LINE('',#14375,#1872);
#1095=LINE('',#14377,#1873);
#1096=LINE('',#14379,#1874);
#1097=LINE('',#14381,#1875);
#1098=LINE('',#14391,#1876);
#1099=LINE('',#14393,#1877);
#1100=LINE('',#14395,#1878);
#1101=LINE('',#14397,#1879);
#1102=LINE('',#14401,#1880);
#1103=LINE('',#14414,#1881);
#1104=LINE('',#14416,#1882);
#1105=LINE('',#14417,#1883);
#1106=LINE('',#14420,#1884);
#1107=LINE('',#14432,#1885);
#1108=LINE('',#14434,#1886);
#1109=LINE('',#14437,#1887);
#1110=LINE('',#14439,#1888);
#1111=LINE('',#14450,#1889);
#1112=LINE('',#14453,#1890);
#1113=LINE('',#14465,#1891);
#1114=LINE('',#14467,#1892);
#1115=LINE('',#14468,#1893);
#1116=LINE('',#14477,#1894);
#1117=LINE('',#14478,#1895);
#1118=LINE('',#14487,#1896);
#1119=LINE('',#14489,#1897);
#1120=LINE('',#14491,#1898);
#1121=LINE('',#14501,#1899);
#1122=LINE('',#14510,#1900);
#1123=LINE('',#14512,#1901);
#1124=LINE('',#14516,#1902);
#1125=LINE('',#14519,#1903);
#1126=LINE('',#14521,#1904);
#1127=LINE('',#14523,#1905);
#1128=LINE('',#14525,#1906);
#1129=LINE('',#14527,#1907);
#1130=LINE('',#14529,#1908);
#1131=LINE('',#14531,#1909);
#1132=LINE('',#14533,#1910);
#1133=LINE('',#14535,#1911);
#1134=LINE('',#14537,#1912);
#1135=LINE('',#14539,#1913);
#1136=LINE('',#14541,#1914);
#1137=LINE('',#14544,#1915);
#1138=LINE('',#14546,#1916);
#1139=LINE('',#14548,#1917);
#1140=LINE('',#14550,#1918);
#1141=LINE('',#14552,#1919);
#1142=LINE('',#14554,#1920);
#1143=LINE('',#14556,#1921);
#1144=LINE('',#14558,#1922);
#1145=LINE('',#14560,#1923);
#1146=LINE('',#14562,#1924);
#1147=LINE('',#14564,#1925);
#1148=LINE('',#14566,#1926);
#1149=LINE('',#14567,#1927);
#1150=LINE('',#14569,#1928);
#1151=LINE('',#14571,#1929);
#1152=LINE('',#14573,#1930);
#1153=LINE('',#14575,#1931);
#1154=LINE('',#14577,#1932);
#1155=LINE('',#14579,#1933);
#1156=LINE('',#14581,#1934);
#1157=LINE('',#14583,#1935);
#1158=LINE('',#14585,#1936);
#1159=LINE('',#14587,#1937);
#1160=LINE('',#14591,#1938);
#1161=LINE('',#14609,#1939);
#1162=LINE('',#14631,#1940);
#1163=LINE('',#14633,#1941);
#1164=LINE('',#14635,#1942);
#1165=LINE('',#14637,#1943);
#1166=LINE('',#14640,#1944);
#1167=LINE('',#14642,#1945);
#1168=LINE('',#14644,#1946);
#1169=LINE('',#14666,#1947);
#1170=LINE('',#14690,#1948);
#1171=LINE('',#14691,#1949);
#1172=LINE('',#14700,#1950);
#1173=LINE('',#14709,#1951);
#1174=LINE('',#14711,#1952);
#1175=LINE('',#14720,#1953);
#1176=LINE('',#14729,#1954);
#1177=LINE('',#14738,#1955);
#1178=LINE('',#14747,#1956);
#1179=LINE('',#14749,#1957);
#1180=LINE('',#14751,#1958);
#1181=LINE('',#14753,#1959);
#1182=VECTOR('',#9083,1.);
#1183=VECTOR('',#9084,1.);
#1184=VECTOR('',#9085,1.);
#1185=VECTOR('',#9086,1.);
#1186=VECTOR('',#9087,1.);
#1187=VECTOR('',#9088,1.);
#1188=VECTOR('',#9089,1.);
#1189=VECTOR('',#9090,1.);
#1190=VECTOR('',#9091,1.);
#1191=VECTOR('',#9092,1.);
#1192=VECTOR('',#9093,1.);
#1193=VECTOR('',#9094,1.);
#1194=VECTOR('',#9095,1.);
#1195=VECTOR('',#9096,1.);
#1196=VECTOR('',#9097,1.);
#1197=VECTOR('',#9100,1.);
#1198=VECTOR('',#9101,1.);
#1199=VECTOR('',#9102,1.);
#1200=VECTOR('',#9103,1.);
#1201=VECTOR('',#9104,1.);
#1202=VECTOR('',#9105,1.);
#1203=VECTOR('',#9106,1.);
#1204=VECTOR('',#9107,1.);
#1205=VECTOR('',#9108,1.);
#1206=VECTOR('',#9109,1.);
#1207=VECTOR('',#9110,1.);
#1208=VECTOR('',#9111,1.);
#1209=VECTOR('',#9112,1.);
#1210=VECTOR('',#9113,1.);
#1211=VECTOR('',#9114,1.);
#1212=VECTOR('',#9115,1.);
#1213=VECTOR('',#9116,1.);
#1214=VECTOR('',#9117,1.);
#1215=VECTOR('',#9118,1.);
#1216=VECTOR('',#9119,1.);
#1217=VECTOR('',#9120,1.);
#1218=VECTOR('',#9121,1.);
#1219=VECTOR('',#9122,1.);
#1220=VECTOR('',#9123,1.);
#1221=VECTOR('',#9124,1.);
#1222=VECTOR('',#9125,1.);
#1223=VECTOR('',#9126,1.);
#1224=VECTOR('',#9127,1.);
#1225=VECTOR('',#9128,1.);
#1226=VECTOR('',#9129,1.);
#1227=VECTOR('',#9130,1.);
#1228=VECTOR('',#9131,1.);
#1229=VECTOR('',#9132,1.);
#1230=VECTOR('',#9133,1.);
#1231=VECTOR('',#9134,1.);
#1232=VECTOR('',#9135,1.);
#1233=VECTOR('',#9136,1.);
#1234=VECTOR('',#9137,1.);
#1235=VECTOR('',#9138,1.);
#1236=VECTOR('',#9139,1.);
#1237=VECTOR('',#9140,1.);
#1238=VECTOR('',#9141,1.);
#1239=VECTOR('',#9142,1.);
#1240=VECTOR('',#9143,1.);
#1241=VECTOR('',#9144,1.);
#1242=VECTOR('',#9145,1.);
#1243=VECTOR('',#9146,1.);
#1244=VECTOR('',#9147,1.);
#1245=VECTOR('',#9148,1.);
#1246=VECTOR('',#9149,1.);
#1247=VECTOR('',#9150,1.);
#1248=VECTOR('',#9151,1.);
#1249=VECTOR('',#9152,1.);
#1250=VECTOR('',#9153,1.);
#1251=VECTOR('',#9164,1.);
#1252=VECTOR('',#9167,1.);
#1253=VECTOR('',#9170,1.);
#1254=VECTOR('',#9173,1.);
#1255=VECTOR('',#9176,1.);
#1256=VECTOR('',#9179,1.);
#1257=VECTOR('',#9182,1.);
#1258=VECTOR('',#9185,1.);
#1259=VECTOR('',#9190,1.);
#1260=VECTOR('',#9193,1.);
#1261=VECTOR('',#9200,1.);
#1262=VECTOR('',#9205,1.);
#1263=VECTOR('',#9208,1.);
#1264=VECTOR('',#9215,1.);
#1265=VECTOR('',#9218,1.);
#1266=VECTOR('',#9221,1.);
#1267=VECTOR('',#9224,1.);
#1268=VECTOR('',#9233,1.);
#1269=VECTOR('',#9238,1.);
#1270=VECTOR('',#9245,1.);
#1271=VECTOR('',#9250,1.);
#1272=VECTOR('',#9265,1.);
#1273=VECTOR('',#9268,1.);
#1274=VECTOR('',#9313,1.);
#1275=VECTOR('',#9316,1.);
#1276=VECTOR('',#9319,1.);
#1277=VECTOR('',#9322,1.);
#1278=VECTOR('',#9325,1.);
#1279=VECTOR('',#9328,1.);
#1280=VECTOR('',#9331,1.);
#1281=VECTOR('',#9334,1.);
#1282=VECTOR('',#9337,1.);
#1283=VECTOR('',#9340,1.);
#1284=VECTOR('',#9343,1.);
#1285=VECTOR('',#9346,1.);
#1286=VECTOR('',#9349,1.);
#1287=VECTOR('',#9352,1.);
#1288=VECTOR('',#9355,1.);
#1289=VECTOR('',#9358,1.);
#1290=VECTOR('',#9361,1.);
#1291=VECTOR('',#9364,1.);
#1292=VECTOR('',#9367,1.);
#1293=VECTOR('',#9370,1.);
#1294=VECTOR('',#9373,1.);
#1295=VECTOR('',#9376,1.);
#1296=VECTOR('',#9379,1.);
#1297=VECTOR('',#9382,1.);
#1298=VECTOR('',#9385,1.);
#1299=VECTOR('',#9386,1.);
#1300=VECTOR('',#9387,1.);
#1301=VECTOR('',#9388,1.);
#1302=VECTOR('',#9397,1.);
#1303=VECTOR('',#9398,1.);
#1304=VECTOR('',#9409,1.);
#1305=VECTOR('',#9410,1.);
#1306=VECTOR('',#9411,1.);
#1307=VECTOR('',#9414,1.);
#1308=VECTOR('',#9417,1.);
#1309=VECTOR('',#9420,1.);
#1310=VECTOR('',#9423,1.);
#1311=VECTOR('',#9428,1.);
#1312=VECTOR('',#9431,1.);
#1313=VECTOR('',#9434,1.);
#1314=VECTOR('',#9437,1.);
#1315=VECTOR('',#9448,1.);
#1316=VECTOR('',#9455,1.);
#1317=VECTOR('',#9464,1.);
#1318=VECTOR('',#9471,1.);
#1319=VECTOR('',#9482,1.);
#1320=VECTOR('',#9483,1.);
#1321=VECTOR('',#9486,1.);
#1322=VECTOR('',#9487,1.);
#1323=VECTOR('',#9490,1.);
#1324=VECTOR('',#9493,1.);
#1325=VECTOR('',#9494,1.);
#1326=VECTOR('',#9497,1.);
#1327=VECTOR('',#9500,1.);
#1328=VECTOR('',#9501,1.);
#1329=VECTOR('',#9504,1.);
#1330=VECTOR('',#9507,1.);
#1331=VECTOR('',#9510,1.);
#1332=VECTOR('',#9511,1.);
#1333=VECTOR('',#9512,1.);
#1334=VECTOR('',#9513,1.);
#1335=VECTOR('',#9516,1.);
#1336=VECTOR('',#9517,1.);
#1337=VECTOR('',#9518,1.);
#1338=VECTOR('',#9519,1.);
#1339=VECTOR('',#9522,1.);
#1340=VECTOR('',#9523,1.);
#1341=VECTOR('',#9524,1.);
#1342=VECTOR('',#9525,1.);
#1343=VECTOR('',#9528,1.);
#1344=VECTOR('',#9529,1.);
#1345=VECTOR('',#9530,1.);
#1346=VECTOR('',#9531,1.);
#1347=VECTOR('',#9536,1.);
#1348=VECTOR('',#9539,1.);
#1349=VECTOR('',#9542,1.);
#1350=VECTOR('',#9545,1.);
#1351=VECTOR('',#9552,1.);
#1352=VECTOR('',#9555,1.);
#1353=VECTOR('',#9558,1.);
#1354=VECTOR('',#9561,1.);
#1355=VECTOR('',#9568,1.);
#1356=VECTOR('',#9571,1.);
#1357=VECTOR('',#9574,1.);
#1358=VECTOR('',#9577,1.);
#1359=VECTOR('',#9644,1.);
#1360=VECTOR('',#9647,1.);
#1361=VECTOR('',#9648,1.);
#1362=VECTOR('',#9651,1.);
#1363=VECTOR('',#9654,1.);
#1364=VECTOR('',#9659,1.);
#1365=VECTOR('',#9660,1.);
#1366=VECTOR('',#9661,1.);
#1367=VECTOR('',#9664,1.);
#1368=VECTOR('',#9667,1.);
#1369=VECTOR('',#9674,1.);
#1370=VECTOR('',#9677,1.);
#1371=VECTOR('',#9678,1.);
#1372=VECTOR('',#9681,1.);
#1373=VECTOR('',#9684,1.);
#1374=VECTOR('',#9689,1.);
#1375=VECTOR('',#9690,1.);
#1376=VECTOR('',#9691,1.);
#1377=VECTOR('',#9694,1.);
#1378=VECTOR('',#9697,1.);
#1379=VECTOR('',#9704,1.);
#1380=VECTOR('',#9707,1.);
#1381=VECTOR('',#9708,1.);
#1382=VECTOR('',#9711,1.);
#1383=VECTOR('',#9714,1.);
#1384=VECTOR('',#9719,1.);
#1385=VECTOR('',#9720,1.);
#1386=VECTOR('',#9721,1.);
#1387=VECTOR('',#9724,1.);
#1388=VECTOR('',#9727,1.);
#1389=VECTOR('',#9734,1.);
#1390=VECTOR('',#9737,1.);
#1391=VECTOR('',#9738,1.);
#1392=VECTOR('',#9741,1.);
#1393=VECTOR('',#9744,1.);
#1394=VECTOR('',#9749,1.);
#1395=VECTOR('',#9750,1.);
#1396=VECTOR('',#9751,1.);
#1397=VECTOR('',#9754,1.);
#1398=VECTOR('',#9757,1.);
#1399=VECTOR('',#9782,1.);
#1400=VECTOR('',#9809,1.);
#1401=VECTOR('',#9810,1.);
#1402=VECTOR('',#9813,1.);
#1403=VECTOR('',#9816,1.);
#1404=VECTOR('',#9819,1.);
#1405=VECTOR('',#9822,1.);
#1406=VECTOR('',#9825,1.);
#1407=VECTOR('',#9828,1.);
#1408=VECTOR('',#9843,1.);
#1409=VECTOR('',#9846,1.);
#1410=VECTOR('',#9849,1.);
#1411=VECTOR('',#9854,1.);
#1412=VECTOR('',#9857,1.);
#1413=VECTOR('',#9860,1.);
#1414=VECTOR('',#9861,1.);
#1415=VECTOR('',#9862,1.);
#1416=VECTOR('',#9865,1.);
#1417=VECTOR('',#9868,1.);
#1418=VECTOR('',#9871,1.);
#1419=VECTOR('',#9872,1.);
#1420=VECTOR('',#9873,1.);
#1421=VECTOR('',#9876,1.);
#1422=VECTOR('',#9883,1.);
#1423=VECTOR('',#9884,1.);
#1424=VECTOR('',#9885,1.);
#1425=VECTOR('',#9894,1.);
#1426=VECTOR('',#9897,1.);
#1427=VECTOR('',#9902,1.);
#1428=VECTOR('',#9903,1.);
#1429=VECTOR('',#9904,1.);
#1430=VECTOR('',#9909,1.);
#1431=VECTOR('',#9914,1.);
#1432=VECTOR('',#9915,1.);
#1433=VECTOR('',#9918,1.);
#1434=VECTOR('',#9919,1.);
#1435=VECTOR('',#9920,1.);
#1436=VECTOR('',#9923,1.);
#1437=VECTOR('',#9928,1.);
#1438=VECTOR('',#9929,1.);
#1439=VECTOR('',#10026,1.);
#1440=VECTOR('',#10027,1.);
#1441=VECTOR('',#10030,1.);
#1442=VECTOR('',#10033,1.);
#1443=VECTOR('',#10036,1.);
#1444=VECTOR('',#10039,1.);
#1445=VECTOR('',#10042,1.);
#1446=VECTOR('',#10045,1.);
#1447=VECTOR('',#10086,1.);
#1448=VECTOR('',#10087,1.);
#1449=VECTOR('',#10088,1.);
#1450=VECTOR('',#10089,1.);
#1451=VECTOR('',#10092,1.);
#1452=VECTOR('',#10093,1.);
#1453=VECTOR('',#10094,1.);
#1454=VECTOR('',#10099,1.);
#1455=VECTOR('',#10104,1.);
#1456=VECTOR('',#10105,1.);
#1457=VECTOR('',#10106,1.);
#1458=VECTOR('',#10107,1.);
#1459=VECTOR('',#10110,1.);
#1460=VECTOR('',#10111,1.);
#1461=VECTOR('',#10112,1.);
#1462=VECTOR('',#10115,1.);
#1463=VECTOR('',#10116,1.);
#1464=VECTOR('',#10119,1.);
#1465=VECTOR('',#10120,1.);
#1466=VECTOR('',#10123,1.);
#1467=VECTOR('',#10124,1.);
#1468=VECTOR('',#10127,1.);
#1469=VECTOR('',#10128,1.);
#1470=VECTOR('',#10131,1.);
#1471=VECTOR('',#10132,1.);
#1472=VECTOR('',#10135,1.);
#1473=VECTOR('',#10136,1.);
#1474=VECTOR('',#10139,1.);
#1475=VECTOR('',#10142,1.);
#1476=VECTOR('',#10143,1.);
#1477=VECTOR('',#10148,1.);
#1478=VECTOR('',#10149,1.);
#1479=VECTOR('',#10150,1.);
#1480=VECTOR('',#10151,1.);
#1481=VECTOR('',#10154,1.);
#1482=VECTOR('',#10155,1.);
#1483=VECTOR('',#10156,1.);
#1484=VECTOR('',#10157,1.);
#1485=VECTOR('',#10158,1.);
#1486=VECTOR('',#10161,1.);
#1487=VECTOR('',#10162,1.);
#1488=VECTOR('',#10163,1.);
#1489=VECTOR('',#10166,1.);
#1490=VECTOR('',#10167,1.);
#1491=VECTOR('',#10168,1.);
#1492=VECTOR('',#10169,1.);
#1493=VECTOR('',#10172,1.);
#1494=VECTOR('',#10173,1.);
#1495=VECTOR('',#10176,1.);
#1496=VECTOR('',#10177,1.);
#1497=VECTOR('',#10180,1.);
#1498=VECTOR('',#10181,1.);
#1499=VECTOR('',#10184,1.);
#1500=VECTOR('',#10185,1.);
#1501=VECTOR('',#10188,1.);
#1502=VECTOR('',#10189,1.);
#1503=VECTOR('',#10192,1.);
#1504=VECTOR('',#10195,1.);
#1505=VECTOR('',#10196,1.);
#1506=VECTOR('',#10201,1.);
#1507=VECTOR('',#10202,1.);
#1508=VECTOR('',#10203,1.);
#1509=VECTOR('',#10204,1.);
#1510=VECTOR('',#10207,1.);
#1511=VECTOR('',#10208,1.);
#1512=VECTOR('',#10209,1.);
#1513=VECTOR('',#10214,1.);
#1514=VECTOR('',#10219,1.);
#1515=VECTOR('',#10220,1.);
#1516=VECTOR('',#10221,1.);
#1517=VECTOR('',#10222,1.);
#1518=VECTOR('',#10225,1.);
#1519=VECTOR('',#10226,1.);
#1520=VECTOR('',#10227,1.);
#1521=VECTOR('',#10230,1.);
#1522=VECTOR('',#10231,1.);
#1523=VECTOR('',#10234,1.);
#1524=VECTOR('',#10235,1.);
#1525=VECTOR('',#10238,1.);
#1526=VECTOR('',#10239,1.);
#1527=VECTOR('',#10242,1.);
#1528=VECTOR('',#10243,1.);
#1529=VECTOR('',#10246,1.);
#1530=VECTOR('',#10247,1.);
#1531=VECTOR('',#10250,1.);
#1532=VECTOR('',#10251,1.);
#1533=VECTOR('',#10254,1.);
#1534=VECTOR('',#10257,1.);
#1535=VECTOR('',#10258,1.);
#1536=VECTOR('',#10263,1.);
#1537=VECTOR('',#10264,1.);
#1538=VECTOR('',#10265,1.);
#1539=VECTOR('',#10268,1.);
#1540=VECTOR('',#10269,1.);
#1541=VECTOR('',#10270,1.);
#1542=VECTOR('',#10271,1.);
#1543=VECTOR('',#10274,1.);
#1544=VECTOR('',#10275,1.);
#1545=VECTOR('',#10276,1.);
#1546=VECTOR('',#10277,1.);
#1547=VECTOR('',#10280,1.);
#1548=VECTOR('',#10281,1.);
#1549=VECTOR('',#10282,1.);
#1550=VECTOR('',#10285,1.);
#1551=VECTOR('',#10286,1.);
#1552=VECTOR('',#10287,1.);
#1553=VECTOR('',#10288,1.);
#1554=VECTOR('',#10291,1.);
#1555=VECTOR('',#10298,1.);
#1556=VECTOR('',#10299,1.);
#1557=VECTOR('',#10300,1.);
#1558=VECTOR('',#10303,1.);
#1559=VECTOR('',#10304,1.);
#1560=VECTOR('',#10307,1.);
#1561=VECTOR('',#10308,1.);
#1562=VECTOR('',#10311,1.);
#1563=VECTOR('',#10312,1.);
#1564=VECTOR('',#10315,1.);
#1565=VECTOR('',#10316,1.);
#1566=VECTOR('',#10319,1.);
#1567=VECTOR('',#10320,1.);
#1568=VECTOR('',#10321,1.);
#1569=VECTOR('',#10324,1.);
#1570=VECTOR('',#10325,1.);
#1571=VECTOR('',#10328,1.);
#1572=VECTOR('',#10329,1.);
#1573=VECTOR('',#10332,1.);
#1574=VECTOR('',#10333,1.);
#1575=VECTOR('',#10336,1.);
#1576=VECTOR('',#10341,1.);
#1577=VECTOR('',#10342,1.);
#1578=VECTOR('',#10343,1.);
#1579=VECTOR('',#10346,1.);
#1580=VECTOR('',#10347,1.);
#1581=VECTOR('',#10350,1.);
#1582=VECTOR('',#10351,1.);
#1583=VECTOR('',#10354,1.);
#1584=VECTOR('',#10355,1.);
#1585=VECTOR('',#10356,1.);
#1586=VECTOR('',#10357,1.);
#1587=VECTOR('',#10358,1.);
#1588=VECTOR('',#10359,1.);
#1589=VECTOR('',#10362,1.);
#1590=VECTOR('',#10363,1.);
#1591=VECTOR('',#10364,1.);
#1592=VECTOR('',#10365,1.);
#1593=VECTOR('',#10370,1.);
#1594=VECTOR('',#10371,1.);
#1595=VECTOR('',#10372,1.);
#1596=VECTOR('',#10375,1.);
#1597=VECTOR('',#10376,1.);
#1598=VECTOR('',#10379,1.);
#1599=VECTOR('',#10380,1.);
#1600=VECTOR('',#10383,1.);
#1601=VECTOR('',#10384,1.);
#1602=VECTOR('',#10387,1.);
#1603=VECTOR('',#10388,1.);
#1604=VECTOR('',#10391,1.);
#1605=VECTOR('',#10392,1.);
#1606=VECTOR('',#10395,1.);
#1607=VECTOR('',#10396,1.);
#1608=VECTOR('',#10399,1.);
#1609=VECTOR('',#10400,1.);
#1610=VECTOR('',#10403,1.);
#1611=VECTOR('',#10404,1.);
#1612=VECTOR('',#10407,1.);
#1613=VECTOR('',#10408,1.);
#1614=VECTOR('',#10411,1.);
#1615=VECTOR('',#10412,1.);
#1616=VECTOR('',#10415,1.);
#1617=VECTOR('',#10418,1.);
#1618=VECTOR('',#10419,1.);
#1619=VECTOR('',#10420,1.);
#1620=VECTOR('',#10425,1.);
#1621=VECTOR('',#10426,1.);
#1622=VECTOR('',#10427,1.);
#1623=VECTOR('',#10428,1.);
#1624=VECTOR('',#10429,1.);
#1625=VECTOR('',#10430,1.);
#1626=VECTOR('',#10433,1.);
#1627=VECTOR('',#10434,1.);
#1628=VECTOR('',#10435,1.);
#1629=VECTOR('',#10440,1.);
#1630=VECTOR('',#10441,1.);
#1631=VECTOR('',#10442,1.);
#1632=VECTOR('',#10445,1.);
#1633=VECTOR('',#10446,1.);
#1634=VECTOR('',#10447,1.);
#1635=VECTOR('',#10448,1.);
#1636=VECTOR('',#10451,1.);
#1637=VECTOR('',#10452,1.);
#1638=VECTOR('',#10453,1.);
#1639=VECTOR('',#10454,1.);
#1640=VECTOR('',#10457,1.);
#1641=VECTOR('',#10458,1.);
#1642=VECTOR('',#10459,1.);
#1643=VECTOR('',#10462,1.);
#1644=VECTOR('',#10463,1.);
#1645=VECTOR('',#10464,1.);
#1646=VECTOR('',#10465,1.);
#1647=VECTOR('',#10468,1.);
#1648=VECTOR('',#10475,1.);
#1649=VECTOR('',#10476,1.);
#1650=VECTOR('',#10477,1.);
#1651=VECTOR('',#10480,1.);
#1652=VECTOR('',#10481,1.);
#1653=VECTOR('',#10484,1.);
#1654=VECTOR('',#10485,1.);
#1655=VECTOR('',#10488,1.);
#1656=VECTOR('',#10489,1.);
#1657=VECTOR('',#10492,1.);
#1658=VECTOR('',#10493,1.);
#1659=VECTOR('',#10496,1.);
#1660=VECTOR('',#10497,1.);
#1661=VECTOR('',#10498,1.);
#1662=VECTOR('',#10501,1.);
#1663=VECTOR('',#10502,1.);
#1664=VECTOR('',#10505,1.);
#1665=VECTOR('',#10506,1.);
#1666=VECTOR('',#10509,1.);
#1667=VECTOR('',#10510,1.);
#1668=VECTOR('',#10513,1.);
#1669=VECTOR('',#10550,1.);
#1670=VECTOR('',#10551,1.);
#1671=VECTOR('',#10552,1.);
#1672=VECTOR('',#10553,1.);
#1673=VECTOR('',#10554,1.);
#1674=VECTOR('',#10555,1.);
#1675=VECTOR('',#10556,1.);
#1676=VECTOR('',#10557,1.);
#1677=VECTOR('',#10558,1.);
#1678=VECTOR('',#10559,1.);
#1679=VECTOR('',#10562,1.);
#1680=VECTOR('',#10563,1.);
#1681=VECTOR('',#10564,1.);
#1682=VECTOR('',#10565,1.);
#1683=VECTOR('',#10566,1.);
#1684=VECTOR('',#10567,1.);
#1685=VECTOR('',#10568,1.);
#1686=VECTOR('',#10569,1.);
#1687=VECTOR('',#10570,1.);
#1688=VECTOR('',#10571,1.);
#1689=VECTOR('',#10574,1.);
#1690=VECTOR('',#10575,1.);
#1691=VECTOR('',#10578,1.);
#1692=VECTOR('',#10581,1.);
#1693=VECTOR('',#10584,1.);
#1694=VECTOR('',#10585,1.);
#1695=VECTOR('',#10588,1.);
#1696=VECTOR('',#10591,1.);
#1697=VECTOR('',#10594,1.);
#1698=VECTOR('',#10597,1.);
#1699=VECTOR('',#10600,1.);
#1700=VECTOR('',#10607,1.);
#1701=VECTOR('',#10608,1.);
#1702=VECTOR('',#10609,1.);
#1703=VECTOR('',#10610,1.);
#1704=VECTOR('',#10611,1.);
#1705=VECTOR('',#10612,1.);
#1706=VECTOR('',#10613,1.);
#1707=VECTOR('',#10614,1.);
#1708=VECTOR('',#10615,1.);
#1709=VECTOR('',#10616,1.);
#1710=VECTOR('',#10619,1.);
#1711=VECTOR('',#10620,1.);
#1712=VECTOR('',#10621,1.);
#1713=VECTOR('',#10622,1.);
#1714=VECTOR('',#10623,1.);
#1715=VECTOR('',#10624,1.);
#1716=VECTOR('',#10625,1.);
#1717=VECTOR('',#10626,1.);
#1718=VECTOR('',#10627,1.);
#1719=VECTOR('',#10628,1.);
#1720=VECTOR('',#10631,1.);
#1721=VECTOR('',#10632,1.);
#1722=VECTOR('',#10635,1.);
#1723=VECTOR('',#10638,1.);
#1724=VECTOR('',#10641,1.);
#1725=VECTOR('',#10642,1.);
#1726=VECTOR('',#10645,1.);
#1727=VECTOR('',#10648,1.);
#1728=VECTOR('',#10651,1.);
#1729=VECTOR('',#10654,1.);
#1730=VECTOR('',#10657,1.);
#1731=VECTOR('',#10664,1.);
#1732=VECTOR('',#10665,1.);
#1733=VECTOR('',#10666,1.);
#1734=VECTOR('',#10667,1.);
#1735=VECTOR('',#10668,1.);
#1736=VECTOR('',#10669,1.);
#1737=VECTOR('',#10672,1.);
#1738=VECTOR('',#10673,1.);
#1739=VECTOR('',#10674,1.);
#1740=VECTOR('',#10675,1.);
#1741=VECTOR('',#10676,1.);
#1742=VECTOR('',#10677,1.);
#1743=VECTOR('',#10680,1.);
#1744=VECTOR('',#10681,1.);
#1745=VECTOR('',#10682,1.);
#1746=VECTOR('',#10683,1.);
#1747=VECTOR('',#10684,1.);
#1748=VECTOR('',#10687,1.);
#1749=VECTOR('',#10690,1.);
#1750=VECTOR('',#10693,1.);
#1751=VECTOR('',#10694,1.);
#1752=VECTOR('',#10697,1.);
#1753=VECTOR('',#10704,1.);
#1754=VECTOR('',#10705,1.);
#1755=VECTOR('',#10706,1.);
#1756=VECTOR('',#10707,1.);
#1757=VECTOR('',#10708,1.);
#1758=VECTOR('',#10709,1.);
#1759=VECTOR('',#10710,1.);
#1760=VECTOR('',#10711,1.);
#1761=VECTOR('',#10712,1.);
#1762=VECTOR('',#10713,1.);
#1763=VECTOR('',#10714,1.);
#1764=VECTOR('',#10717,1.);
#1765=VECTOR('',#10720,1.);
#1766=VECTOR('',#10721,1.);
#1767=VECTOR('',#10722,1.);
#1768=VECTOR('',#10723,1.);
#1769=VECTOR('',#10724,1.);
#1770=VECTOR('',#10725,1.);
#1771=VECTOR('',#10726,1.);
#1772=VECTOR('',#10727,1.);
#1773=VECTOR('',#10728,1.);
#1774=VECTOR('',#10729,1.);
#1775=VECTOR('',#10732,1.);
#1776=VECTOR('',#10733,1.);
#1777=VECTOR('',#10736,1.);
#1778=VECTOR('',#10737,1.);
#1779=VECTOR('',#10740,1.);
#1780=VECTOR('',#10741,1.);
#1781=VECTOR('',#10744,1.);
#1782=VECTOR('',#10747,1.);
#1783=VECTOR('',#10750,1.);
#1784=VECTOR('',#10753,1.);
#1785=VECTOR('',#10756,1.);
#1786=VECTOR('',#10759,1.);
#1787=VECTOR('',#10762,1.);
#1788=VECTOR('',#10765,1.);
#1789=VECTOR('',#10768,1.);
#1790=VECTOR('',#10771,1.);
#1791=VECTOR('',#10778,1.);
#1792=VECTOR('',#10779,1.);
#1793=VECTOR('',#10780,1.);
#1794=VECTOR('',#10781,1.);
#1795=VECTOR('',#10782,1.);
#1796=VECTOR('',#10783,1.);
#1797=VECTOR('',#10784,1.);
#1798=VECTOR('',#10785,1.);
#1799=VECTOR('',#10786,1.);
#1800=VECTOR('',#10787,1.);
#1801=VECTOR('',#10788,1.);
#1802=VECTOR('',#10791,1.);
#1803=VECTOR('',#10792,1.);
#1804=VECTOR('',#10793,1.);
#1805=VECTOR('',#10794,1.);
#1806=VECTOR('',#10795,1.);
#1807=VECTOR('',#10796,1.);
#1808=VECTOR('',#10797,1.);
#1809=VECTOR('',#10798,1.);
#1810=VECTOR('',#10799,1.);
#1811=VECTOR('',#10800,1.);
#1812=VECTOR('',#10801,1.);
#1813=VECTOR('',#10804,1.);
#1814=VECTOR('',#10805,1.);
#1815=VECTOR('',#10808,1.);
#1816=VECTOR('',#10809,1.);
#1817=VECTOR('',#10812,1.);
#1818=VECTOR('',#10815,1.);
#1819=VECTOR('',#10818,1.);
#1820=VECTOR('',#10821,1.);
#1821=VECTOR('',#10824,1.);
#1822=VECTOR('',#10825,1.);
#1823=VECTOR('',#10826,1.);
#1824=VECTOR('',#10829,1.);
#1825=VECTOR('',#10832,1.);
#1826=VECTOR('',#10833,1.);
#1827=VECTOR('',#10836,1.);
#1828=VECTOR('',#10843,1.);
#1829=VECTOR('',#10844,1.);
#1830=VECTOR('',#10851,1.);
#1831=VECTOR('',#10852,1.);
#1832=VECTOR('',#10853,1.);
#1833=VECTOR('',#10854,1.);
#1834=VECTOR('',#10855,1.);
#1835=VECTOR('',#10858,1.);
#1836=VECTOR('',#10859,1.);
#1837=VECTOR('',#10860,1.);
#1838=VECTOR('',#10861,1.);
#1839=VECTOR('',#10862,1.);
#1840=VECTOR('',#10865,1.);
#1841=VECTOR('',#10866,1.);
#1842=VECTOR('',#10871,1.);
#1843=VECTOR('',#10872,1.);
#1844=VECTOR('',#10873,1.);
#1845=VECTOR('',#10874,1.);
#1846=VECTOR('',#10875,1.);
#1847=VECTOR('',#10876,1.);
#1848=VECTOR('',#10877,1.);
#1849=VECTOR('',#10878,1.);
#1850=VECTOR('',#10879,1.);
#1851=VECTOR('',#10880,1.);
#1852=VECTOR('',#10881,1.);
#1853=VECTOR('',#10884,1.);
#1854=VECTOR('',#10887,1.);
#1855=VECTOR('',#10888,1.);
#1856=VECTOR('',#10889,1.);
#1857=VECTOR('',#10890,1.);
#1858=VECTOR('',#10891,1.);
#1859=VECTOR('',#10892,1.);
#1860=VECTOR('',#10893,1.);
#1861=VECTOR('',#10894,1.);
#1862=VECTOR('',#10895,1.);
#1863=VECTOR('',#10896,1.);
#1864=VECTOR('',#10899,1.);
#1865=VECTOR('',#10900,1.);
#1866=VECTOR('',#10903,1.);
#1867=VECTOR('',#10904,1.);
#1868=VECTOR('',#10907,1.);
#1869=VECTOR('',#10908,1.);
#1870=VECTOR('',#10911,1.);
#1871=VECTOR('',#10914,1.);
#1872=VECTOR('',#10917,1.);
#1873=VECTOR('',#10920,1.);
#1874=VECTOR('',#10923,1.);
#1875=VECTOR('',#10926,1.);
#1876=VECTOR('',#10929,1.);
#1877=VECTOR('',#10932,1.);
#1878=VECTOR('',#10935,1.);
#1879=VECTOR('',#10938,1.);
#1880=VECTOR('',#10945,1.);
#1881=VECTOR('',#10946,1.);
#1882=VECTOR('',#10947,1.);
#1883=VECTOR('',#10948,1.);
#1884=VECTOR('',#10949,1.);
#1885=VECTOR('',#10950,1.);
#1886=VECTOR('',#10953,1.);
#1887=VECTOR('',#10954,1.);
#1888=VECTOR('',#10955,1.);
#1889=VECTOR('',#10956,1.);
#1890=VECTOR('',#10957,1.);
#1891=VECTOR('',#10958,1.);
#1892=VECTOR('',#10961,1.);
#1893=VECTOR('',#10962,1.);
#1894=VECTOR('',#10963,1.);
#1895=VECTOR('',#10964,1.);
#1896=VECTOR('',#10965,1.);
#1897=VECTOR('',#10968,1.);
#1898=VECTOR('',#10971,1.);
#1899=VECTOR('',#10974,1.);
#1900=VECTOR('',#10975,1.);
#1901=VECTOR('',#10978,1.);
#1902=VECTOR('',#10985,1.);
#1903=VECTOR('',#10986,1.);
#1904=VECTOR('',#10987,1.);
#1905=VECTOR('',#10988,1.);
#1906=VECTOR('',#10989,1.);
#1907=VECTOR('',#10990,1.);
#1908=VECTOR('',#10991,1.);
#1909=VECTOR('',#10992,1.);
#1910=VECTOR('',#10993,1.);
#1911=VECTOR('',#10994,1.);
#1912=VECTOR('',#10995,1.);
#1913=VECTOR('',#10996,1.);
#1914=VECTOR('',#10999,1.);
#1915=VECTOR('',#11000,1.);
#1916=VECTOR('',#11001,1.);
#1917=VECTOR('',#11002,1.);
#1918=VECTOR('',#11003,1.);
#1919=VECTOR('',#11004,1.);
#1920=VECTOR('',#11005,1.);
#1921=VECTOR('',#11006,1.);
#1922=VECTOR('',#11007,1.);
#1923=VECTOR('',#11008,1.);
#1924=VECTOR('',#11009,1.);
#1925=VECTOR('',#11010,1.);
#1926=VECTOR('',#11013,1.);
#1927=VECTOR('',#11014,1.);
#1928=VECTOR('',#11017,1.);
#1929=VECTOR('',#11020,1.);
#1930=VECTOR('',#11023,1.);
#1931=VECTOR('',#11026,1.);
#1932=VECTOR('',#11029,1.);
#1933=VECTOR('',#11032,1.);
#1934=VECTOR('',#11035,1.);
#1935=VECTOR('',#11038,1.);
#1936=VECTOR('',#11041,1.);
#1937=VECTOR('',#11044,1.);
#1938=VECTOR('',#11051,1.);
#1939=VECTOR('',#11052,1.);
#1940=VECTOR('',#11053,1.);
#1941=VECTOR('',#11054,1.);
#1942=VECTOR('',#11055,1.);
#1943=VECTOR('',#11058,1.);
#1944=VECTOR('',#11059,1.);
#1945=VECTOR('',#11060,1.);
#1946=VECTOR('',#11061,1.);
#1947=VECTOR('',#11062,1.);
#1948=VECTOR('',#11063,1.);
#1949=VECTOR('',#11064,1.);
#1950=VECTOR('',#11065,1.);
#1951=VECTOR('',#11066,1.);
#1952=VECTOR('',#11069,1.);
#1953=VECTOR('',#11070,1.);
#1954=VECTOR('',#11071,1.);
#1955=VECTOR('',#11072,1.);
#1956=VECTOR('',#11073,1.);
#1957=VECTOR('',#11076,1.);
#1958=VECTOR('',#11079,1.);
#1959=VECTOR('',#11082,1.);
#1960=ORIENTED_EDGE('',*,*,#4272,.T.);
#1961=ORIENTED_EDGE('',*,*,#4273,.T.);
#1962=ORIENTED_EDGE('',*,*,#4274,.T.);
#1963=ORIENTED_EDGE('',*,*,#4275,.T.);
#1964=ORIENTED_EDGE('',*,*,#4276,.F.);
#1965=ORIENTED_EDGE('',*,*,#4277,.F.);
#1966=ORIENTED_EDGE('',*,*,#4278,.F.);
#1967=ORIENTED_EDGE('',*,*,#4279,.F.);
#1968=ORIENTED_EDGE('',*,*,#4280,.F.);
#1969=ORIENTED_EDGE('',*,*,#4281,.F.);
#1970=ORIENTED_EDGE('',*,*,#4282,.F.);
#1971=ORIENTED_EDGE('',*,*,#4283,.F.);
#1972=ORIENTED_EDGE('',*,*,#4284,.F.);
#1973=ORIENTED_EDGE('',*,*,#4285,.F.);
#1974=ORIENTED_EDGE('',*,*,#4286,.F.);
#1975=ORIENTED_EDGE('',*,*,#4287,.F.);
#1976=ORIENTED_EDGE('',*,*,#4288,.F.);
#1977=ORIENTED_EDGE('',*,*,#4289,.F.);
#1978=ORIENTED_EDGE('',*,*,#4290,.F.);
#1979=ORIENTED_EDGE('',*,*,#4291,.F.);
#1980=ORIENTED_EDGE('',*,*,#4292,.F.);
#1981=ORIENTED_EDGE('',*,*,#4293,.F.);
#1982=ORIENTED_EDGE('',*,*,#4294,.F.);
#1983=ORIENTED_EDGE('',*,*,#4295,.F.);
#1984=ORIENTED_EDGE('',*,*,#4296,.F.);
#1985=ORIENTED_EDGE('',*,*,#4297,.F.);
#1986=ORIENTED_EDGE('',*,*,#4298,.F.);
#1987=ORIENTED_EDGE('',*,*,#4299,.F.);
#1988=ORIENTED_EDGE('',*,*,#4300,.F.);
#1989=ORIENTED_EDGE('',*,*,#4301,.F.);
#1990=ORIENTED_EDGE('',*,*,#4302,.F.);
#1991=ORIENTED_EDGE('',*,*,#4303,.F.);
#1992=ORIENTED_EDGE('',*,*,#4304,.F.);
#1993=ORIENTED_EDGE('',*,*,#4305,.F.);
#1994=ORIENTED_EDGE('',*,*,#4306,.F.);
#1995=ORIENTED_EDGE('',*,*,#4307,.F.);
#1996=ORIENTED_EDGE('',*,*,#4308,.F.);
#1997=ORIENTED_EDGE('',*,*,#4309,.F.);
#1998=ORIENTED_EDGE('',*,*,#4310,.F.);
#1999=ORIENTED_EDGE('',*,*,#4311,.F.);
#2000=ORIENTED_EDGE('',*,*,#4312,.F.);
#2001=ORIENTED_EDGE('',*,*,#4313,.F.);
#2002=ORIENTED_EDGE('',*,*,#4314,.F.);
#2003=ORIENTED_EDGE('',*,*,#4315,.F.);
#2004=ORIENTED_EDGE('',*,*,#4316,.F.);
#2005=ORIENTED_EDGE('',*,*,#4317,.F.);
#2006=ORIENTED_EDGE('',*,*,#4318,.F.);
#2007=ORIENTED_EDGE('',*,*,#4319,.F.);
#2008=ORIENTED_EDGE('',*,*,#4320,.F.);
#2009=ORIENTED_EDGE('',*,*,#4321,.F.);
#2010=ORIENTED_EDGE('',*,*,#4322,.F.);
#2011=ORIENTED_EDGE('',*,*,#4323,.F.);
#2012=ORIENTED_EDGE('',*,*,#4324,.F.);
#2013=ORIENTED_EDGE('',*,*,#4325,.F.);
#2014=ORIENTED_EDGE('',*,*,#4326,.F.);
#2015=ORIENTED_EDGE('',*,*,#4327,.F.);
#2016=ORIENTED_EDGE('',*,*,#4328,.F.);
#2017=ORIENTED_EDGE('',*,*,#4329,.F.);
#2018=ORIENTED_EDGE('',*,*,#4330,.F.);
#2019=ORIENTED_EDGE('',*,*,#4331,.F.);
#2020=ORIENTED_EDGE('',*,*,#4332,.F.);
#2021=ORIENTED_EDGE('',*,*,#4333,.F.);
#2022=ORIENTED_EDGE('',*,*,#4334,.F.);
#2023=ORIENTED_EDGE('',*,*,#4335,.F.);
#2024=ORIENTED_EDGE('',*,*,#4336,.F.);
#2025=ORIENTED_EDGE('',*,*,#4337,.F.);
#2026=ORIENTED_EDGE('',*,*,#4338,.F.);
#2027=ORIENTED_EDGE('',*,*,#4339,.F.);
#2028=ORIENTED_EDGE('',*,*,#4340,.F.);
#2029=ORIENTED_EDGE('',*,*,#4341,.F.);
#2030=ORIENTED_EDGE('',*,*,#4342,.F.);
#2031=ORIENTED_EDGE('',*,*,#4343,.F.);
#2032=ORIENTED_EDGE('',*,*,#4344,.F.);
#2033=ORIENTED_EDGE('',*,*,#4345,.F.);
#2034=ORIENTED_EDGE('',*,*,#4346,.F.);
#2035=ORIENTED_EDGE('',*,*,#4347,.F.);
#2036=ORIENTED_EDGE('',*,*,#4348,.F.);
#2037=ORIENTED_EDGE('',*,*,#4349,.F.);
#2038=ORIENTED_EDGE('',*,*,#4350,.F.);
#2039=ORIENTED_EDGE('',*,*,#4351,.F.);
#2040=ORIENTED_EDGE('',*,*,#4352,.F.);
#2041=ORIENTED_EDGE('',*,*,#4353,.F.);
#2042=ORIENTED_EDGE('',*,*,#4354,.F.);
#2043=ORIENTED_EDGE('',*,*,#4355,.F.);
#2044=ORIENTED_EDGE('',*,*,#4356,.F.);
#2045=ORIENTED_EDGE('',*,*,#4357,.F.);
#2046=ORIENTED_EDGE('',*,*,#4358,.F.);
#2047=ORIENTED_EDGE('',*,*,#4359,.F.);
#2048=ORIENTED_EDGE('',*,*,#4360,.F.);
#2049=ORIENTED_EDGE('',*,*,#4361,.F.);
#2050=ORIENTED_EDGE('',*,*,#4362,.F.);
#2051=ORIENTED_EDGE('',*,*,#4363,.F.);
#2052=ORIENTED_EDGE('',*,*,#4364,.F.);
#2053=ORIENTED_EDGE('',*,*,#4365,.F.);
#2054=ORIENTED_EDGE('',*,*,#4366,.F.);
#2055=ORIENTED_EDGE('',*,*,#4367,.F.);
#2056=ORIENTED_EDGE('',*,*,#4368,.T.);
#2057=ORIENTED_EDGE('',*,*,#4369,.T.);
#2058=ORIENTED_EDGE('',*,*,#4370,.T.);
#2059=ORIENTED_EDGE('',*,*,#4371,.T.);
#2060=ORIENTED_EDGE('',*,*,#4372,.T.);
#2061=ORIENTED_EDGE('',*,*,#4373,.T.);
#2062=ORIENTED_EDGE('',*,*,#4374,.T.);
#2063=ORIENTED_EDGE('',*,*,#4375,.T.);
#2064=ORIENTED_EDGE('',*,*,#4376,.T.);
#2065=ORIENTED_EDGE('',*,*,#4377,.T.);
#2066=ORIENTED_EDGE('',*,*,#4378,.T.);
#2067=ORIENTED_EDGE('',*,*,#4379,.T.);
#2068=ORIENTED_EDGE('',*,*,#4380,.F.);
#2069=ORIENTED_EDGE('',*,*,#4381,.T.);
#2070=ORIENTED_EDGE('',*,*,#4382,.T.);
#2071=ORIENTED_EDGE('',*,*,#4383,.T.);
#2072=ORIENTED_EDGE('',*,*,#4384,.T.);
#2073=ORIENTED_EDGE('',*,*,#4385,.T.);
#2074=ORIENTED_EDGE('',*,*,#4386,.T.);
#2075=ORIENTED_EDGE('',*,*,#4387,.T.);
#2076=ORIENTED_EDGE('',*,*,#4388,.T.);
#2077=ORIENTED_EDGE('',*,*,#4389,.F.);
#2078=ORIENTED_EDGE('',*,*,#4390,.F.);
#2079=ORIENTED_EDGE('',*,*,#4391,.F.);
#2080=ORIENTED_EDGE('',*,*,#4392,.F.);
#2081=ORIENTED_EDGE('',*,*,#4393,.T.);
#2082=ORIENTED_EDGE('',*,*,#4394,.F.);
#2083=ORIENTED_EDGE('',*,*,#4391,.T.);
#2084=ORIENTED_EDGE('',*,*,#4395,.T.);
#2085=ORIENTED_EDGE('',*,*,#4396,.F.);
#2086=ORIENTED_EDGE('',*,*,#4397,.F.);
#2087=ORIENTED_EDGE('',*,*,#4398,.T.);
#2088=ORIENTED_EDGE('',*,*,#4399,.T.);
#2089=ORIENTED_EDGE('',*,*,#4400,.T.);
#2090=ORIENTED_EDGE('',*,*,#4401,.F.);
#2091=ORIENTED_EDGE('',*,*,#4402,.F.);
#2092=ORIENTED_EDGE('',*,*,#4403,.T.);
#2093=ORIENTED_EDGE('',*,*,#4404,.F.);
#2094=ORIENTED_EDGE('',*,*,#4405,.T.);
#2095=ORIENTED_EDGE('',*,*,#4406,.T.);
#2096=ORIENTED_EDGE('',*,*,#4407,.T.);
#2097=ORIENTED_EDGE('',*,*,#4408,.T.);
#2098=ORIENTED_EDGE('',*,*,#4409,.T.);
#2099=ORIENTED_EDGE('',*,*,#4410,.T.);
#2100=ORIENTED_EDGE('',*,*,#4411,.T.);
#2101=ORIENTED_EDGE('',*,*,#4412,.T.);
#2102=ORIENTED_EDGE('',*,*,#4413,.T.);
#2103=ORIENTED_EDGE('',*,*,#4414,.T.);
#2104=ORIENTED_EDGE('',*,*,#4415,.T.);
#2105=ORIENTED_EDGE('',*,*,#4416,.T.);
#2106=ORIENTED_EDGE('',*,*,#4417,.T.);
#2107=ORIENTED_EDGE('',*,*,#4418,.T.);
#2108=ORIENTED_EDGE('',*,*,#4419,.T.);
#2109=ORIENTED_EDGE('',*,*,#4420,.T.);
#2110=ORIENTED_EDGE('',*,*,#4421,.T.);
#2111=ORIENTED_EDGE('',*,*,#4422,.T.);
#2112=ORIENTED_EDGE('',*,*,#4423,.T.);
#2113=ORIENTED_EDGE('',*,*,#4424,.F.);
#2114=ORIENTED_EDGE('',*,*,#4425,.F.);
#2115=ORIENTED_EDGE('',*,*,#4426,.F.);
#2116=ORIENTED_EDGE('',*,*,#4427,.F.);
#2117=ORIENTED_EDGE('',*,*,#4428,.F.);
#2118=ORIENTED_EDGE('',*,*,#4394,.T.);
#2119=ORIENTED_EDGE('',*,*,#4429,.T.);
#2120=ORIENTED_EDGE('',*,*,#4430,.T.);
#2121=ORIENTED_EDGE('',*,*,#4431,.F.);
#2122=ORIENTED_EDGE('',*,*,#4432,.F.);
#2123=ORIENTED_EDGE('',*,*,#4433,.T.);
#2124=ORIENTED_EDGE('',*,*,#4434,.F.);
#2125=ORIENTED_EDGE('',*,*,#4435,.F.);
#2126=ORIENTED_EDGE('',*,*,#4436,.F.);
#2127=ORIENTED_EDGE('',*,*,#4437,.F.);
#2128=ORIENTED_EDGE('',*,*,#4438,.F.);
#2129=ORIENTED_EDGE('',*,*,#4439,.T.);
#2130=ORIENTED_EDGE('',*,*,#4440,.T.);
#2131=ORIENTED_EDGE('',*,*,#4441,.T.);
#2132=ORIENTED_EDGE('',*,*,#4433,.F.);
#2133=ORIENTED_EDGE('',*,*,#4442,.F.);
#2134=ORIENTED_EDGE('',*,*,#4431,.T.);
#2135=ORIENTED_EDGE('',*,*,#4443,.F.);
#2136=ORIENTED_EDGE('',*,*,#4444,.F.);
#2137=ORIENTED_EDGE('',*,*,#4445,.F.);
#2138=ORIENTED_EDGE('',*,*,#4446,.F.);
#2139=ORIENTED_EDGE('',*,*,#4447,.F.);
#2140=ORIENTED_EDGE('',*,*,#4448,.T.);
#2141=ORIENTED_EDGE('',*,*,#4449,.T.);
#2142=ORIENTED_EDGE('',*,*,#4450,.F.);
#2143=ORIENTED_EDGE('',*,*,#4451,.F.);
#2144=ORIENTED_EDGE('',*,*,#4452,.F.);
#2145=ORIENTED_EDGE('',*,*,#4453,.F.);
#2146=ORIENTED_EDGE('',*,*,#4454,.T.);
#2147=ORIENTED_EDGE('',*,*,#4455,.T.);
#2148=ORIENTED_EDGE('',*,*,#4456,.T.);
#2149=ORIENTED_EDGE('',*,*,#4425,.T.);
#2150=ORIENTED_EDGE('',*,*,#4457,.T.);
#2151=ORIENTED_EDGE('',*,*,#4458,.T.);
#2152=ORIENTED_EDGE('',*,*,#4459,.T.);
#2153=ORIENTED_EDGE('',*,*,#4428,.T.);
#2154=ORIENTED_EDGE('',*,*,#4460,.F.);
#2155=ORIENTED_EDGE('',*,*,#4427,.T.);
#2156=ORIENTED_EDGE('',*,*,#4461,.F.);
#2157=ORIENTED_EDGE('',*,*,#4462,.T.);
#2158=ORIENTED_EDGE('',*,*,#4463,.F.);
#2159=ORIENTED_EDGE('',*,*,#4426,.T.);
#2160=ORIENTED_EDGE('',*,*,#4464,.T.);
#2161=ORIENTED_EDGE('',*,*,#4450,.T.);
#2162=ORIENTED_EDGE('',*,*,#4465,.T.);
#2163=ORIENTED_EDGE('',*,*,#4466,.T.);
#2164=ORIENTED_EDGE('',*,*,#4467,.T.);
#2165=ORIENTED_EDGE('',*,*,#4453,.T.);
#2166=ORIENTED_EDGE('',*,*,#4468,.F.);
#2167=ORIENTED_EDGE('',*,*,#4452,.T.);
#2168=ORIENTED_EDGE('',*,*,#4469,.F.);
#2169=ORIENTED_EDGE('',*,*,#4470,.T.);
#2170=ORIENTED_EDGE('',*,*,#4471,.F.);
#2171=ORIENTED_EDGE('',*,*,#4451,.T.);
#2172=ORIENTED_EDGE('',*,*,#4472,.T.);
#2173=ORIENTED_EDGE('',*,*,#4435,.T.);
#2174=ORIENTED_EDGE('',*,*,#4473,.T.);
#2175=ORIENTED_EDGE('',*,*,#4474,.T.);
#2176=ORIENTED_EDGE('',*,*,#4475,.T.);
#2177=ORIENTED_EDGE('',*,*,#4438,.T.);
#2178=ORIENTED_EDGE('',*,*,#4476,.F.);
#2179=ORIENTED_EDGE('',*,*,#4437,.T.);
#2180=ORIENTED_EDGE('',*,*,#4477,.F.);
#2181=ORIENTED_EDGE('',*,*,#4478,.T.);
#2182=ORIENTED_EDGE('',*,*,#4479,.F.);
#2183=ORIENTED_EDGE('',*,*,#4436,.T.);
#2184=ORIENTED_EDGE('',*,*,#4480,.T.);
#2185=ORIENTED_EDGE('',*,*,#4444,.T.);
#2186=ORIENTED_EDGE('',*,*,#4481,.T.);
#2187=ORIENTED_EDGE('',*,*,#4482,.T.);
#2188=ORIENTED_EDGE('',*,*,#4483,.T.);
#2189=ORIENTED_EDGE('',*,*,#4447,.T.);
#2190=ORIENTED_EDGE('',*,*,#4484,.F.);
#2191=ORIENTED_EDGE('',*,*,#4446,.T.);
#2192=ORIENTED_EDGE('',*,*,#4485,.F.);
#2193=ORIENTED_EDGE('',*,*,#4486,.T.);
#2194=ORIENTED_EDGE('',*,*,#4487,.F.);
#2195=ORIENTED_EDGE('',*,*,#4445,.T.);
#2196=ORIENTED_EDGE('',*,*,#4488,.T.);
#2197=ORIENTED_EDGE('',*,*,#4489,.T.);
#2198=ORIENTED_EDGE('',*,*,#4490,.T.);
#2199=ORIENTED_EDGE('',*,*,#4491,.T.);
#2200=ORIENTED_EDGE('',*,*,#4492,.T.);
#2201=ORIENTED_EDGE('',*,*,#4493,.T.);
#2202=ORIENTED_EDGE('',*,*,#4494,.T.);
#2203=ORIENTED_EDGE('',*,*,#4495,.T.);
#2204=ORIENTED_EDGE('',*,*,#4496,.F.);
#2205=ORIENTED_EDGE('',*,*,#4497,.F.);
#2206=ORIENTED_EDGE('',*,*,#4498,.F.);
#2207=ORIENTED_EDGE('',*,*,#4499,.F.);
#2208=ORIENTED_EDGE('',*,*,#4399,.F.);
#2209=ORIENTED_EDGE('',*,*,#4500,.T.);
#2210=ORIENTED_EDGE('',*,*,#4393,.F.);
#2211=ORIENTED_EDGE('',*,*,#4501,.F.);
#2212=ORIENTED_EDGE('',*,*,#4502,.F.);
#2213=ORIENTED_EDGE('',*,*,#4503,.F.);
#2214=ORIENTED_EDGE('',*,*,#4504,.F.);
#2215=ORIENTED_EDGE('',*,*,#4505,.F.);
#2216=ORIENTED_EDGE('',*,*,#4506,.F.);
#2217=ORIENTED_EDGE('',*,*,#4430,.F.);
#2218=ORIENTED_EDGE('',*,*,#4441,.F.);
#2219=ORIENTED_EDGE('',*,*,#4407,.F.);
#2220=ORIENTED_EDGE('',*,*,#4507,.T.);
#2221=ORIENTED_EDGE('',*,*,#4508,.T.);
#2222=ORIENTED_EDGE('',*,*,#4509,.T.);
#2223=ORIENTED_EDGE('',*,*,#4510,.T.);
#2224=ORIENTED_EDGE('',*,*,#4511,.T.);
#2225=ORIENTED_EDGE('',*,*,#4512,.T.);
#2226=ORIENTED_EDGE('',*,*,#4513,.T.);
#2227=ORIENTED_EDGE('',*,*,#4514,.T.);
#2228=ORIENTED_EDGE('',*,*,#4515,.T.);
#2229=ORIENTED_EDGE('',*,*,#4516,.T.);
#2230=ORIENTED_EDGE('',*,*,#4517,.T.);
#2231=ORIENTED_EDGE('',*,*,#4518,.T.);
#2232=ORIENTED_EDGE('',*,*,#4519,.T.);
#2233=ORIENTED_EDGE('',*,*,#4520,.T.);
#2234=ORIENTED_EDGE('',*,*,#4521,.T.);
#2235=ORIENTED_EDGE('',*,*,#4522,.T.);
#2236=ORIENTED_EDGE('',*,*,#4523,.F.);
#2237=ORIENTED_EDGE('',*,*,#4524,.T.);
#2238=ORIENTED_EDGE('',*,*,#4525,.F.);
#2239=ORIENTED_EDGE('',*,*,#4526,.T.);
#2240=ORIENTED_EDGE('',*,*,#4527,.T.);
#2241=ORIENTED_EDGE('',*,*,#4528,.T.);
#2242=ORIENTED_EDGE('',*,*,#4529,.T.);
#2243=ORIENTED_EDGE('',*,*,#4530,.T.);
#2244=ORIENTED_EDGE('',*,*,#4380,.T.);
#2245=ORIENTED_EDGE('',*,*,#4531,.F.);
#2246=ORIENTED_EDGE('',*,*,#4532,.T.);
#2247=ORIENTED_EDGE('',*,*,#4533,.F.);
#2248=ORIENTED_EDGE('',*,*,#4534,.F.);
#2249=ORIENTED_EDGE('',*,*,#4381,.F.);
#2250=ORIENTED_EDGE('',*,*,#4535,.T.);
#2251=ORIENTED_EDGE('',*,*,#4536,.F.);
#2252=ORIENTED_EDGE('',*,*,#4537,.F.);
#2253=ORIENTED_EDGE('',*,*,#4387,.F.);
#2254=ORIENTED_EDGE('',*,*,#4538,.T.);
#2255=ORIENTED_EDGE('',*,*,#4383,.F.);
#2256=ORIENTED_EDGE('',*,*,#4539,.F.);
#2257=ORIENTED_EDGE('',*,*,#4540,.F.);
#2258=ORIENTED_EDGE('',*,*,#4541,.T.);
#2259=ORIENTED_EDGE('',*,*,#4385,.F.);
#2260=ORIENTED_EDGE('',*,*,#4542,.F.);
#2261=ORIENTED_EDGE('',*,*,#4543,.F.);
#2262=ORIENTED_EDGE('',*,*,#4542,.T.);
#2263=ORIENTED_EDGE('',*,*,#4384,.F.);
#2264=ORIENTED_EDGE('',*,*,#4538,.F.);
#2265=ORIENTED_EDGE('',*,*,#4544,.F.);
#2266=ORIENTED_EDGE('',*,*,#4534,.T.);
#2267=ORIENTED_EDGE('',*,*,#4545,.F.);
#2268=ORIENTED_EDGE('',*,*,#4539,.T.);
#2269=ORIENTED_EDGE('',*,*,#4382,.F.);
#2270=ORIENTED_EDGE('',*,*,#4541,.F.);
#2271=ORIENTED_EDGE('',*,*,#4546,.F.);
#2272=ORIENTED_EDGE('',*,*,#4535,.F.);
#2273=ORIENTED_EDGE('',*,*,#4386,.F.);
#2274=ORIENTED_EDGE('',*,*,#4537,.T.);
#2275=ORIENTED_EDGE('',*,*,#4547,.F.);
#2276=ORIENTED_EDGE('',*,*,#4532,.F.);
#2277=ORIENTED_EDGE('',*,*,#4388,.F.);
#2278=ORIENTED_EDGE('',*,*,#4548,.F.);
#2279=ORIENTED_EDGE('',*,*,#4549,.T.);
#2280=ORIENTED_EDGE('',*,*,#4550,.F.);
#2281=ORIENTED_EDGE('',*,*,#4544,.T.);
#2282=ORIENTED_EDGE('',*,*,#4551,.F.);
#2283=ORIENTED_EDGE('',*,*,#4552,.T.);
#2284=ORIENTED_EDGE('',*,*,#4553,.F.);
#2285=ORIENTED_EDGE('',*,*,#4546,.T.);
#2286=ORIENTED_EDGE('',*,*,#4550,.T.);
#2287=ORIENTED_EDGE('',*,*,#4554,.T.);
#2288=ORIENTED_EDGE('',*,*,#4551,.T.);
#2289=ORIENTED_EDGE('',*,*,#4543,.T.);
#2290=ORIENTED_EDGE('',*,*,#4555,.F.);
#2291=ORIENTED_EDGE('',*,*,#4556,.T.);
#2292=ORIENTED_EDGE('',*,*,#4557,.F.);
#2293=ORIENTED_EDGE('',*,*,#4545,.T.);
#2294=ORIENTED_EDGE('',*,*,#4557,.T.);
#2295=ORIENTED_EDGE('',*,*,#4558,.T.);
#2296=ORIENTED_EDGE('',*,*,#4548,.T.);
#2297=ORIENTED_EDGE('',*,*,#4540,.T.);
#2298=ORIENTED_EDGE('',*,*,#4559,.F.);
#2299=ORIENTED_EDGE('',*,*,#4560,.T.);
#2300=ORIENTED_EDGE('',*,*,#4561,.F.);
#2301=ORIENTED_EDGE('',*,*,#4547,.T.);
#2302=ORIENTED_EDGE('',*,*,#4553,.T.);
#2303=ORIENTED_EDGE('',*,*,#4562,.T.);
#2304=ORIENTED_EDGE('',*,*,#4559,.T.);
#2305=ORIENTED_EDGE('',*,*,#4536,.T.);
#2306=ORIENTED_EDGE('',*,*,#4561,.T.);
#2307=ORIENTED_EDGE('',*,*,#4563,.T.);
#2308=ORIENTED_EDGE('',*,*,#4555,.T.);
#2309=ORIENTED_EDGE('',*,*,#4533,.T.);
#2310=ORIENTED_EDGE('',*,*,#4564,.T.);
#2311=ORIENTED_EDGE('',*,*,#4565,.T.);
#2312=ORIENTED_EDGE('',*,*,#4566,.T.);
#2313=ORIENTED_EDGE('',*,*,#4567,.T.);
#2314=ORIENTED_EDGE('',*,*,#4568,.T.);
#2315=ORIENTED_EDGE('',*,*,#4569,.T.);
#2316=ORIENTED_EDGE('',*,*,#4570,.T.);
#2317=ORIENTED_EDGE('',*,*,#4571,.T.);
#2318=ORIENTED_EDGE('',*,*,#4572,.T.);
#2319=ORIENTED_EDGE('',*,*,#4573,.T.);
#2320=ORIENTED_EDGE('',*,*,#4574,.T.);
#2321=ORIENTED_EDGE('',*,*,#4575,.T.);
#2322=ORIENTED_EDGE('',*,*,#4576,.T.);
#2323=ORIENTED_EDGE('',*,*,#4577,.T.);
#2324=ORIENTED_EDGE('',*,*,#4578,.T.);
#2325=ORIENTED_EDGE('',*,*,#4579,.T.);
#2326=ORIENTED_EDGE('',*,*,#4580,.T.);
#2327=ORIENTED_EDGE('',*,*,#4581,.F.);
#2328=ORIENTED_EDGE('',*,*,#4582,.T.);
#2329=ORIENTED_EDGE('',*,*,#4583,.F.);
#2330=ORIENTED_EDGE('',*,*,#4584,.T.);
#2331=ORIENTED_EDGE('',*,*,#4585,.T.);
#2332=ORIENTED_EDGE('',*,*,#4586,.T.);
#2333=ORIENTED_EDGE('',*,*,#4587,.T.);
#2334=ORIENTED_EDGE('',*,*,#4588,.T.);
#2335=ORIENTED_EDGE('',*,*,#4589,.T.);
#2336=ORIENTED_EDGE('',*,*,#4590,.F.);
#2337=ORIENTED_EDGE('',*,*,#4591,.T.);
#2338=ORIENTED_EDGE('',*,*,#4592,.F.);
#2339=ORIENTED_EDGE('',*,*,#4593,.T.);
#2340=ORIENTED_EDGE('',*,*,#4594,.T.);
#2341=ORIENTED_EDGE('',*,*,#4595,.T.);
#2342=ORIENTED_EDGE('',*,*,#4596,.T.);
#2343=ORIENTED_EDGE('',*,*,#4597,.T.);
#2344=ORIENTED_EDGE('',*,*,#4598,.T.);
#2345=ORIENTED_EDGE('',*,*,#4599,.F.);
#2346=ORIENTED_EDGE('',*,*,#4600,.T.);
#2347=ORIENTED_EDGE('',*,*,#4601,.F.);
#2348=ORIENTED_EDGE('',*,*,#4602,.T.);
#2349=ORIENTED_EDGE('',*,*,#4603,.T.);
#2350=ORIENTED_EDGE('',*,*,#4604,.T.);
#2351=ORIENTED_EDGE('',*,*,#4605,.T.);
#2352=ORIENTED_EDGE('',*,*,#4606,.T.);
#2353=ORIENTED_EDGE('',*,*,#4607,.T.);
#2354=ORIENTED_EDGE('',*,*,#4531,.T.);
#2355=ORIENTED_EDGE('',*,*,#4607,.F.);
#2356=ORIENTED_EDGE('',*,*,#4502,.T.);
#2357=ORIENTED_EDGE('',*,*,#4608,.F.);
#2358=ORIENTED_EDGE('',*,*,#4503,.T.);
#2359=ORIENTED_EDGE('',*,*,#4609,.F.);
#2360=ORIENTED_EDGE('',*,*,#4608,.T.);
#2361=ORIENTED_EDGE('',*,*,#4610,.F.);
#2362=ORIENTED_EDGE('',*,*,#4504,.T.);
#2363=ORIENTED_EDGE('',*,*,#4611,.F.);
#2364=ORIENTED_EDGE('',*,*,#4610,.T.);
#2365=ORIENTED_EDGE('',*,*,#4612,.F.);
#2366=ORIENTED_EDGE('',*,*,#4505,.T.);
#2367=ORIENTED_EDGE('',*,*,#4613,.F.);
#2368=ORIENTED_EDGE('',*,*,#4612,.T.);
#2369=ORIENTED_EDGE('',*,*,#4614,.F.);
#2370=ORIENTED_EDGE('',*,*,#4506,.T.);
#2371=ORIENTED_EDGE('',*,*,#4615,.F.);
#2372=ORIENTED_EDGE('',*,*,#4614,.T.);
#2373=ORIENTED_EDGE('',*,*,#4616,.F.);
#2374=ORIENTED_EDGE('',*,*,#4615,.T.);
#2375=ORIENTED_EDGE('',*,*,#4616,.T.);
#2376=ORIENTED_EDGE('',*,*,#4617,.F.);
#2377=ORIENTED_EDGE('',*,*,#4613,.T.);
#2378=ORIENTED_EDGE('',*,*,#4617,.T.);
#2379=ORIENTED_EDGE('',*,*,#4618,.F.);
#2380=ORIENTED_EDGE('',*,*,#4611,.T.);
#2381=ORIENTED_EDGE('',*,*,#4618,.T.);
#2382=ORIENTED_EDGE('',*,*,#4619,.F.);
#2383=ORIENTED_EDGE('',*,*,#4609,.T.);
#2384=ORIENTED_EDGE('',*,*,#4619,.T.);
#2385=ORIENTED_EDGE('',*,*,#4620,.F.);
#2386=ORIENTED_EDGE('',*,*,#4621,.T.);
#2387=ORIENTED_EDGE('',*,*,#4622,.T.);
#2388=ORIENTED_EDGE('',*,*,#4623,.F.);
#2389=ORIENTED_EDGE('',*,*,#4601,.T.);
#2390=ORIENTED_EDGE('',*,*,#4624,.T.);
#2391=ORIENTED_EDGE('',*,*,#4469,.T.);
#2392=ORIENTED_EDGE('',*,*,#4625,.T.);
#2393=ORIENTED_EDGE('',*,*,#4622,.F.);
#2394=ORIENTED_EDGE('',*,*,#4626,.T.);
#2395=ORIENTED_EDGE('',*,*,#4467,.F.);
#2396=ORIENTED_EDGE('',*,*,#4627,.T.);
#2397=ORIENTED_EDGE('',*,*,#4603,.F.);
#2398=ORIENTED_EDGE('',*,*,#4628,.T.);
#2399=ORIENTED_EDGE('',*,*,#4620,.T.);
#2400=ORIENTED_EDGE('',*,*,#4629,.F.);
#2401=ORIENTED_EDGE('',*,*,#4629,.T.);
#2402=ORIENTED_EDGE('',*,*,#4623,.T.);
#2403=ORIENTED_EDGE('',*,*,#4625,.F.);
#2404=ORIENTED_EDGE('',*,*,#4464,.F.);
#2405=ORIENTED_EDGE('',*,*,#4468,.T.);
#2406=ORIENTED_EDGE('',*,*,#4630,.T.);
#2407=ORIENTED_EDGE('',*,*,#4631,.F.);
#2408=ORIENTED_EDGE('',*,*,#4632,.F.);
#2409=ORIENTED_EDGE('',*,*,#4605,.F.);
#2410=ORIENTED_EDGE('',*,*,#4633,.T.);
#2411=ORIENTED_EDGE('',*,*,#4465,.F.);
#2412=ORIENTED_EDGE('',*,*,#4632,.T.);
#2413=ORIENTED_EDGE('',*,*,#4634,.T.);
#2414=ORIENTED_EDGE('',*,*,#4635,.T.);
#2415=ORIENTED_EDGE('',*,*,#4471,.T.);
#2416=ORIENTED_EDGE('',*,*,#4636,.T.);
#2417=ORIENTED_EDGE('',*,*,#4599,.T.);
#2418=ORIENTED_EDGE('',*,*,#4637,.T.);
#2419=ORIENTED_EDGE('',*,*,#4638,.F.);
#2420=ORIENTED_EDGE('',*,*,#4630,.F.);
#2421=ORIENTED_EDGE('',*,*,#4638,.T.);
#2422=ORIENTED_EDGE('',*,*,#4639,.T.);
#2423=ORIENTED_EDGE('',*,*,#4634,.F.);
#2424=ORIENTED_EDGE('',*,*,#4631,.T.);
#2425=ORIENTED_EDGE('',*,*,#4640,.F.);
#2426=ORIENTED_EDGE('',*,*,#4641,.T.);
#2427=ORIENTED_EDGE('',*,*,#4642,.T.);
#2428=ORIENTED_EDGE('',*,*,#4643,.F.);
#2429=ORIENTED_EDGE('',*,*,#4592,.T.);
#2430=ORIENTED_EDGE('',*,*,#4644,.T.);
#2431=ORIENTED_EDGE('',*,*,#4461,.T.);
#2432=ORIENTED_EDGE('',*,*,#4645,.T.);
#2433=ORIENTED_EDGE('',*,*,#4642,.F.);
#2434=ORIENTED_EDGE('',*,*,#4646,.T.);
#2435=ORIENTED_EDGE('',*,*,#4459,.F.);
#2436=ORIENTED_EDGE('',*,*,#4647,.T.);
#2437=ORIENTED_EDGE('',*,*,#4594,.F.);
#2438=ORIENTED_EDGE('',*,*,#4648,.T.);
#2439=ORIENTED_EDGE('',*,*,#4640,.T.);
#2440=ORIENTED_EDGE('',*,*,#4649,.F.);
#2441=ORIENTED_EDGE('',*,*,#4649,.T.);
#2442=ORIENTED_EDGE('',*,*,#4643,.T.);
#2443=ORIENTED_EDGE('',*,*,#4645,.F.);
#2444=ORIENTED_EDGE('',*,*,#4456,.F.);
#2445=ORIENTED_EDGE('',*,*,#4460,.T.);
#2446=ORIENTED_EDGE('',*,*,#4650,.T.);
#2447=ORIENTED_EDGE('',*,*,#4651,.F.);
#2448=ORIENTED_EDGE('',*,*,#4652,.F.);
#2449=ORIENTED_EDGE('',*,*,#4596,.F.);
#2450=ORIENTED_EDGE('',*,*,#4653,.T.);
#2451=ORIENTED_EDGE('',*,*,#4457,.F.);
#2452=ORIENTED_EDGE('',*,*,#4652,.T.);
#2453=ORIENTED_EDGE('',*,*,#4654,.T.);
#2454=ORIENTED_EDGE('',*,*,#4655,.T.);
#2455=ORIENTED_EDGE('',*,*,#4463,.T.);
#2456=ORIENTED_EDGE('',*,*,#4656,.T.);
#2457=ORIENTED_EDGE('',*,*,#4590,.T.);
#2458=ORIENTED_EDGE('',*,*,#4657,.T.);
#2459=ORIENTED_EDGE('',*,*,#4658,.F.);
#2460=ORIENTED_EDGE('',*,*,#4650,.F.);
#2461=ORIENTED_EDGE('',*,*,#4658,.T.);
#2462=ORIENTED_EDGE('',*,*,#4659,.T.);
#2463=ORIENTED_EDGE('',*,*,#4654,.F.);
#2464=ORIENTED_EDGE('',*,*,#4651,.T.);
#2465=ORIENTED_EDGE('',*,*,#4660,.F.);
#2466=ORIENTED_EDGE('',*,*,#4661,.T.);
#2467=ORIENTED_EDGE('',*,*,#4662,.T.);
#2468=ORIENTED_EDGE('',*,*,#4663,.F.);
#2469=ORIENTED_EDGE('',*,*,#4583,.T.);
#2470=ORIENTED_EDGE('',*,*,#4664,.T.);
#2471=ORIENTED_EDGE('',*,*,#4477,.T.);
#2472=ORIENTED_EDGE('',*,*,#4665,.T.);
#2473=ORIENTED_EDGE('',*,*,#4662,.F.);
#2474=ORIENTED_EDGE('',*,*,#4666,.T.);
#2475=ORIENTED_EDGE('',*,*,#4475,.F.);
#2476=ORIENTED_EDGE('',*,*,#4667,.T.);
#2477=ORIENTED_EDGE('',*,*,#4585,.F.);
#2478=ORIENTED_EDGE('',*,*,#4668,.T.);
#2479=ORIENTED_EDGE('',*,*,#4660,.T.);
#2480=ORIENTED_EDGE('',*,*,#4669,.F.);
#2481=ORIENTED_EDGE('',*,*,#4669,.T.);
#2482=ORIENTED_EDGE('',*,*,#4663,.T.);
#2483=ORIENTED_EDGE('',*,*,#4665,.F.);
#2484=ORIENTED_EDGE('',*,*,#4472,.F.);
#2485=ORIENTED_EDGE('',*,*,#4476,.T.);
#2486=ORIENTED_EDGE('',*,*,#4670,.T.);
#2487=ORIENTED_EDGE('',*,*,#4671,.F.);
#2488=ORIENTED_EDGE('',*,*,#4672,.F.);
#2489=ORIENTED_EDGE('',*,*,#4587,.F.);
#2490=ORIENTED_EDGE('',*,*,#4673,.T.);
#2491=ORIENTED_EDGE('',*,*,#4473,.F.);
#2492=ORIENTED_EDGE('',*,*,#4672,.T.);
#2493=ORIENTED_EDGE('',*,*,#4674,.T.);
#2494=ORIENTED_EDGE('',*,*,#4675,.T.);
#2495=ORIENTED_EDGE('',*,*,#4479,.T.);
#2496=ORIENTED_EDGE('',*,*,#4676,.T.);
#2497=ORIENTED_EDGE('',*,*,#4581,.T.);
#2498=ORIENTED_EDGE('',*,*,#4677,.T.);
#2499=ORIENTED_EDGE('',*,*,#4678,.F.);
#2500=ORIENTED_EDGE('',*,*,#4670,.F.);
#2501=ORIENTED_EDGE('',*,*,#4678,.T.);
#2502=ORIENTED_EDGE('',*,*,#4679,.T.);
#2503=ORIENTED_EDGE('',*,*,#4674,.F.);
#2504=ORIENTED_EDGE('',*,*,#4671,.T.);
#2505=ORIENTED_EDGE('',*,*,#4680,.F.);
#2506=ORIENTED_EDGE('',*,*,#4681,.T.);
#2507=ORIENTED_EDGE('',*,*,#4682,.T.);
#2508=ORIENTED_EDGE('',*,*,#4683,.F.);
#2509=ORIENTED_EDGE('',*,*,#4483,.F.);
#2510=ORIENTED_EDGE('',*,*,#4684,.T.);
#2511=ORIENTED_EDGE('',*,*,#4527,.F.);
#2512=ORIENTED_EDGE('',*,*,#4685,.T.);
#2513=ORIENTED_EDGE('',*,*,#4680,.T.);
#2514=ORIENTED_EDGE('',*,*,#4686,.F.);
#2515=ORIENTED_EDGE('',*,*,#4525,.T.);
#2516=ORIENTED_EDGE('',*,*,#4687,.T.);
#2517=ORIENTED_EDGE('',*,*,#4485,.T.);
#2518=ORIENTED_EDGE('',*,*,#4688,.T.);
#2519=ORIENTED_EDGE('',*,*,#4682,.F.);
#2520=ORIENTED_EDGE('',*,*,#4689,.T.);
#2521=ORIENTED_EDGE('',*,*,#4686,.T.);
#2522=ORIENTED_EDGE('',*,*,#4683,.T.);
#2523=ORIENTED_EDGE('',*,*,#4688,.F.);
#2524=ORIENTED_EDGE('',*,*,#4480,.F.);
#2525=ORIENTED_EDGE('',*,*,#4484,.T.);
#2526=ORIENTED_EDGE('',*,*,#4690,.T.);
#2527=ORIENTED_EDGE('',*,*,#4691,.F.);
#2528=ORIENTED_EDGE('',*,*,#4692,.F.);
#2529=ORIENTED_EDGE('',*,*,#4487,.T.);
#2530=ORIENTED_EDGE('',*,*,#4693,.T.);
#2531=ORIENTED_EDGE('',*,*,#4523,.T.);
#2532=ORIENTED_EDGE('',*,*,#4694,.T.);
#2533=ORIENTED_EDGE('',*,*,#4695,.F.);
#2534=ORIENTED_EDGE('',*,*,#4690,.F.);
#2535=ORIENTED_EDGE('',*,*,#4529,.F.);
#2536=ORIENTED_EDGE('',*,*,#4696,.T.);
#2537=ORIENTED_EDGE('',*,*,#4481,.F.);
#2538=ORIENTED_EDGE('',*,*,#4692,.T.);
#2539=ORIENTED_EDGE('',*,*,#4697,.T.);
#2540=ORIENTED_EDGE('',*,*,#4698,.T.);
#2541=ORIENTED_EDGE('',*,*,#4695,.T.);
#2542=ORIENTED_EDGE('',*,*,#4699,.T.);
#2543=ORIENTED_EDGE('',*,*,#4697,.F.);
#2544=ORIENTED_EDGE('',*,*,#4691,.T.);
#2545=ORIENTED_EDGE('',*,*,#4689,.F.);
#2546=ORIENTED_EDGE('',*,*,#4681,.F.);
#2547=ORIENTED_EDGE('',*,*,#4685,.F.);
#2548=ORIENTED_EDGE('',*,*,#4526,.F.);
#2549=ORIENTED_EDGE('',*,*,#4698,.F.);
#2550=ORIENTED_EDGE('',*,*,#4699,.F.);
#2551=ORIENTED_EDGE('',*,*,#4694,.F.);
#2552=ORIENTED_EDGE('',*,*,#4530,.F.);
#2553=ORIENTED_EDGE('',*,*,#4666,.F.);
#2554=ORIENTED_EDGE('',*,*,#4661,.F.);
#2555=ORIENTED_EDGE('',*,*,#4668,.F.);
#2556=ORIENTED_EDGE('',*,*,#4584,.F.);
#2557=ORIENTED_EDGE('',*,*,#4675,.F.);
#2558=ORIENTED_EDGE('',*,*,#4679,.F.);
#2559=ORIENTED_EDGE('',*,*,#4677,.F.);
#2560=ORIENTED_EDGE('',*,*,#4588,.F.);
#2561=ORIENTED_EDGE('',*,*,#4646,.F.);
#2562=ORIENTED_EDGE('',*,*,#4641,.F.);
#2563=ORIENTED_EDGE('',*,*,#4648,.F.);
#2564=ORIENTED_EDGE('',*,*,#4593,.F.);
#2565=ORIENTED_EDGE('',*,*,#4655,.F.);
#2566=ORIENTED_EDGE('',*,*,#4659,.F.);
#2567=ORIENTED_EDGE('',*,*,#4657,.F.);
#2568=ORIENTED_EDGE('',*,*,#4597,.F.);
#2569=ORIENTED_EDGE('',*,*,#4626,.F.);
#2570=ORIENTED_EDGE('',*,*,#4621,.F.);
#2571=ORIENTED_EDGE('',*,*,#4628,.F.);
#2572=ORIENTED_EDGE('',*,*,#4602,.F.);
#2573=ORIENTED_EDGE('',*,*,#4635,.F.);
#2574=ORIENTED_EDGE('',*,*,#4639,.F.);
#2575=ORIENTED_EDGE('',*,*,#4637,.F.);
#2576=ORIENTED_EDGE('',*,*,#4606,.F.);
#2577=ORIENTED_EDGE('',*,*,#4432,.T.);
#2578=ORIENTED_EDGE('',*,*,#4442,.T.);
#2579=ORIENTED_EDGE('',*,*,#4439,.F.);
#2580=ORIENTED_EDGE('',*,*,#4448,.F.);
#2581=ORIENTED_EDGE('',*,*,#4700,.F.);
#2582=ORIENTED_EDGE('',*,*,#4397,.T.);
#2583=ORIENTED_EDGE('',*,*,#4454,.F.);
#2584=ORIENTED_EDGE('',*,*,#4566,.F.);
#2585=ORIENTED_EDGE('',*,*,#4701,.T.);
#2586=ORIENTED_EDGE('',*,*,#4576,.F.);
#2587=ORIENTED_EDGE('',*,*,#4702,.T.);
#2588=ORIENTED_EDGE('',*,*,#4570,.F.);
#2589=ORIENTED_EDGE('',*,*,#4703,.T.);
#2590=ORIENTED_EDGE('',*,*,#4564,.F.);
#2591=ORIENTED_EDGE('',*,*,#4704,.T.);
#2592=ORIENTED_EDGE('',*,*,#4574,.F.);
#2593=ORIENTED_EDGE('',*,*,#4705,.T.);
#2594=ORIENTED_EDGE('',*,*,#4568,.F.);
#2595=ORIENTED_EDGE('',*,*,#4706,.T.);
#2596=ORIENTED_EDGE('',*,*,#4578,.F.);
#2597=ORIENTED_EDGE('',*,*,#4707,.T.);
#2598=ORIENTED_EDGE('',*,*,#4572,.F.);
#2599=ORIENTED_EDGE('',*,*,#4708,.T.);
#2600=ORIENTED_EDGE('',*,*,#4709,.F.);
#2601=ORIENTED_EDGE('',*,*,#4571,.F.);
#2602=ORIENTED_EDGE('',*,*,#4710,.F.);
#2603=ORIENTED_EDGE('',*,*,#4377,.F.);
#2604=ORIENTED_EDGE('',*,*,#4710,.T.);
#2605=ORIENTED_EDGE('',*,*,#4704,.F.);
#2606=ORIENTED_EDGE('',*,*,#4711,.F.);
#2607=ORIENTED_EDGE('',*,*,#4378,.F.);
#2608=ORIENTED_EDGE('',*,*,#4709,.T.);
#2609=ORIENTED_EDGE('',*,*,#4376,.F.);
#2610=ORIENTED_EDGE('',*,*,#4712,.F.);
#2611=ORIENTED_EDGE('',*,*,#4706,.F.);
#2612=ORIENTED_EDGE('',*,*,#4711,.T.);
#2613=ORIENTED_EDGE('',*,*,#4567,.F.);
#2614=ORIENTED_EDGE('',*,*,#4713,.F.);
#2615=ORIENTED_EDGE('',*,*,#4379,.F.);
#2616=ORIENTED_EDGE('',*,*,#4712,.T.);
#2617=ORIENTED_EDGE('',*,*,#4375,.F.);
#2618=ORIENTED_EDGE('',*,*,#4714,.F.);
#2619=ORIENTED_EDGE('',*,*,#4575,.F.);
#2620=ORIENTED_EDGE('',*,*,#4713,.T.);
#2621=ORIENTED_EDGE('',*,*,#4702,.F.);
#2622=ORIENTED_EDGE('',*,*,#4715,.F.);
#2623=ORIENTED_EDGE('',*,*,#4372,.F.);
#2624=ORIENTED_EDGE('',*,*,#4714,.T.);
#2625=ORIENTED_EDGE('',*,*,#4374,.F.);
#2626=ORIENTED_EDGE('',*,*,#4716,.F.);
#2627=ORIENTED_EDGE('',*,*,#4708,.F.);
#2628=ORIENTED_EDGE('',*,*,#4715,.T.);
#2629=ORIENTED_EDGE('',*,*,#4579,.F.);
#2630=ORIENTED_EDGE('',*,*,#4716,.T.);
#2631=ORIENTED_EDGE('',*,*,#4373,.F.);
#2632=ORIENTED_EDGE('',*,*,#4455,.F.);
#2633=ORIENTED_EDGE('',*,*,#4396,.T.);
#2634=ORIENTED_EDGE('',*,*,#4449,.F.);
#2635=ORIENTED_EDGE('',*,*,#4443,.T.);
#2636=ORIENTED_EDGE('',*,*,#4440,.F.);
#2637=ORIENTED_EDGE('',*,*,#4434,.T.);
#2638=ORIENTED_EDGE('',*,*,#4429,.F.);
#2639=ORIENTED_EDGE('',*,*,#4389,.T.);
#2640=ORIENTED_EDGE('',*,*,#4510,.F.);
#2641=ORIENTED_EDGE('',*,*,#4717,.T.);
#2642=ORIENTED_EDGE('',*,*,#4718,.T.);
#2643=ORIENTED_EDGE('',*,*,#4719,.T.);
#2644=ORIENTED_EDGE('',*,*,#4720,.T.);
#2645=ORIENTED_EDGE('',*,*,#4721,.T.);
#2646=ORIENTED_EDGE('',*,*,#4722,.T.);
#2647=ORIENTED_EDGE('',*,*,#4723,.T.);
#2648=ORIENTED_EDGE('',*,*,#4724,.T.);
#2649=ORIENTED_EDGE('',*,*,#4725,.T.);
#2650=ORIENTED_EDGE('',*,*,#4726,.T.);
#2651=ORIENTED_EDGE('',*,*,#4727,.T.);
#2652=ORIENTED_EDGE('',*,*,#4415,.F.);
#2653=ORIENTED_EDGE('',*,*,#4728,.T.);
#2654=ORIENTED_EDGE('',*,*,#4729,.T.);
#2655=ORIENTED_EDGE('',*,*,#4730,.T.);
#2656=ORIENTED_EDGE('',*,*,#4731,.T.);
#2657=ORIENTED_EDGE('',*,*,#4732,.T.);
#2658=ORIENTED_EDGE('',*,*,#4733,.T.);
#2659=ORIENTED_EDGE('',*,*,#4734,.T.);
#2660=ORIENTED_EDGE('',*,*,#4735,.T.);
#2661=ORIENTED_EDGE('',*,*,#4736,.T.);
#2662=ORIENTED_EDGE('',*,*,#4424,.T.);
#2663=ORIENTED_EDGE('',*,*,#4737,.T.);
#2664=ORIENTED_EDGE('',*,*,#4738,.F.);
#2665=ORIENTED_EDGE('',*,*,#4739,.T.);
#2666=ORIENTED_EDGE('',*,*,#4418,.F.);
#2667=ORIENTED_EDGE('',*,*,#4740,.T.);
#2668=ORIENTED_EDGE('',*,*,#4741,.F.);
#2669=ORIENTED_EDGE('',*,*,#4742,.T.);
#2670=ORIENTED_EDGE('',*,*,#4738,.T.);
#2671=ORIENTED_EDGE('',*,*,#4743,.T.);
#2672=ORIENTED_EDGE('',*,*,#4421,.F.);
#2673=ORIENTED_EDGE('',*,*,#4744,.T.);
#2674=ORIENTED_EDGE('',*,*,#4741,.T.);
#2675=ORIENTED_EDGE('',*,*,#4745,.T.);
#2676=ORIENTED_EDGE('',*,*,#4746,.F.);
#2677=ORIENTED_EDGE('',*,*,#4747,.T.);
#2678=ORIENTED_EDGE('',*,*,#4748,.T.);
#2679=ORIENTED_EDGE('',*,*,#4749,.T.);
#2680=ORIENTED_EDGE('',*,*,#4748,.F.);
#2681=ORIENTED_EDGE('',*,*,#4750,.T.);
#2682=ORIENTED_EDGE('',*,*,#4751,.T.);
#2683=ORIENTED_EDGE('',*,*,#4752,.T.);
#2684=ORIENTED_EDGE('',*,*,#4751,.F.);
#2685=ORIENTED_EDGE('',*,*,#4753,.T.);
#2686=ORIENTED_EDGE('',*,*,#4754,.T.);
#2687=ORIENTED_EDGE('',*,*,#4755,.T.);
#2688=ORIENTED_EDGE('',*,*,#4754,.F.);
#2689=ORIENTED_EDGE('',*,*,#4756,.T.);
#2690=ORIENTED_EDGE('',*,*,#4746,.T.);
#2691=ORIENTED_EDGE('',*,*,#4757,.T.);
#2692=ORIENTED_EDGE('',*,*,#4401,.T.);
#2693=ORIENTED_EDGE('',*,*,#4758,.F.);
#2694=ORIENTED_EDGE('',*,*,#4759,.T.);
#2695=ORIENTED_EDGE('',*,*,#4760,.T.);
#2696=ORIENTED_EDGE('',*,*,#4404,.T.);
#2697=ORIENTED_EDGE('',*,*,#4761,.F.);
#2698=ORIENTED_EDGE('',*,*,#4762,.T.);
#2699=ORIENTED_EDGE('',*,*,#4758,.T.);
#2700=ORIENTED_EDGE('',*,*,#4763,.F.);
#2701=ORIENTED_EDGE('',*,*,#4764,.F.);
#2702=ORIENTED_EDGE('',*,*,#4761,.T.);
#2703=ORIENTED_EDGE('',*,*,#4403,.F.);
#2704=ORIENTED_EDGE('',*,*,#4402,.T.);
#2705=ORIENTED_EDGE('',*,*,#4760,.F.);
#2706=ORIENTED_EDGE('',*,*,#4765,.T.);
#2707=ORIENTED_EDGE('',*,*,#4763,.T.);
#2708=ORIENTED_EDGE('',*,*,#4759,.F.);
#2709=ORIENTED_EDGE('',*,*,#4762,.F.);
#2710=ORIENTED_EDGE('',*,*,#4764,.T.);
#2711=ORIENTED_EDGE('',*,*,#4765,.F.);
#2712=ORIENTED_EDGE('',*,*,#4729,.F.);
#2713=ORIENTED_EDGE('',*,*,#4766,.T.);
#2714=ORIENTED_EDGE('',*,*,#4508,.F.);
#2715=ORIENTED_EDGE('',*,*,#4767,.T.);
#2716=ORIENTED_EDGE('',*,*,#4512,.F.);
#2717=ORIENTED_EDGE('',*,*,#4768,.T.);
#2718=ORIENTED_EDGE('',*,*,#4735,.F.);
#2719=ORIENTED_EDGE('',*,*,#4769,.T.);
#2720=ORIENTED_EDGE('',*,*,#4770,.F.);
#2721=ORIENTED_EDGE('',*,*,#4727,.F.);
#2722=ORIENTED_EDGE('',*,*,#4771,.F.);
#2723=ORIENTED_EDGE('',*,*,#4747,.F.);
#2724=ORIENTED_EDGE('',*,*,#4771,.T.);
#2725=ORIENTED_EDGE('',*,*,#4726,.F.);
#2726=ORIENTED_EDGE('',*,*,#4772,.F.);
#2727=ORIENTED_EDGE('',*,*,#4750,.F.);
#2728=ORIENTED_EDGE('',*,*,#4770,.T.);
#2729=ORIENTED_EDGE('',*,*,#4756,.F.);
#2730=ORIENTED_EDGE('',*,*,#4773,.F.);
#2731=ORIENTED_EDGE('',*,*,#4724,.F.);
#2732=ORIENTED_EDGE('',*,*,#4772,.T.);
#2733=ORIENTED_EDGE('',*,*,#4725,.F.);
#2734=ORIENTED_EDGE('',*,*,#4773,.T.);
#2735=ORIENTED_EDGE('',*,*,#4753,.F.);
#2736=ORIENTED_EDGE('',*,*,#4774,.F.);
#2737=ORIENTED_EDGE('',*,*,#4749,.F.);
#2738=ORIENTED_EDGE('',*,*,#4775,.F.);
#2739=ORIENTED_EDGE('',*,*,#4734,.F.);
#2740=ORIENTED_EDGE('',*,*,#4775,.T.);
#2741=ORIENTED_EDGE('',*,*,#4752,.F.);
#2742=ORIENTED_EDGE('',*,*,#4776,.F.);
#2743=ORIENTED_EDGE('',*,*,#4731,.F.);
#2744=ORIENTED_EDGE('',*,*,#4774,.T.);
#2745=ORIENTED_EDGE('',*,*,#4733,.F.);
#2746=ORIENTED_EDGE('',*,*,#4777,.F.);
#2747=ORIENTED_EDGE('',*,*,#4757,.F.);
#2748=ORIENTED_EDGE('',*,*,#4776,.T.);
#2749=ORIENTED_EDGE('',*,*,#4755,.F.);
#2750=ORIENTED_EDGE('',*,*,#4777,.T.);
#2751=ORIENTED_EDGE('',*,*,#4732,.F.);
#2752=ORIENTED_EDGE('',*,*,#4509,.F.);
#2753=ORIENTED_EDGE('',*,*,#4766,.F.);
#2754=ORIENTED_EDGE('',*,*,#4778,.F.);
#2755=ORIENTED_EDGE('',*,*,#4717,.F.);
#2756=ORIENTED_EDGE('',*,*,#4414,.F.);
#2757=ORIENTED_EDGE('',*,*,#4718,.F.);
#2758=ORIENTED_EDGE('',*,*,#4778,.T.);
#2759=ORIENTED_EDGE('',*,*,#4728,.F.);
#2760=ORIENTED_EDGE('',*,*,#4413,.F.);
#2761=ORIENTED_EDGE('',*,*,#4739,.F.);
#2762=ORIENTED_EDGE('',*,*,#4779,.F.);
#2763=ORIENTED_EDGE('',*,*,#4719,.F.);
#2764=ORIENTED_EDGE('',*,*,#4779,.T.);
#2765=ORIENTED_EDGE('',*,*,#4742,.F.);
#2766=ORIENTED_EDGE('',*,*,#4780,.F.);
#2767=ORIENTED_EDGE('',*,*,#4720,.F.);
#2768=ORIENTED_EDGE('',*,*,#4780,.T.);
#2769=ORIENTED_EDGE('',*,*,#4744,.F.);
#2770=ORIENTED_EDGE('',*,*,#4420,.F.);
#2771=ORIENTED_EDGE('',*,*,#4721,.F.);
#2772=ORIENTED_EDGE('',*,*,#4422,.F.);
#2773=ORIENTED_EDGE('',*,*,#4745,.F.);
#2774=ORIENTED_EDGE('',*,*,#4781,.F.);
#2775=ORIENTED_EDGE('',*,*,#4410,.F.);
#2776=ORIENTED_EDGE('',*,*,#4781,.T.);
#2777=ORIENTED_EDGE('',*,*,#4743,.F.);
#2778=ORIENTED_EDGE('',*,*,#4782,.F.);
#2779=ORIENTED_EDGE('',*,*,#4411,.F.);
#2780=ORIENTED_EDGE('',*,*,#4782,.T.);
#2781=ORIENTED_EDGE('',*,*,#4740,.F.);
#2782=ORIENTED_EDGE('',*,*,#4417,.F.);
#2783=ORIENTED_EDGE('',*,*,#4412,.F.);
#2784=ORIENTED_EDGE('',*,*,#4416,.F.);
#2785=ORIENTED_EDGE('',*,*,#4730,.F.);
#2786=ORIENTED_EDGE('',*,*,#4783,.F.);
#2787=ORIENTED_EDGE('',*,*,#4405,.F.);
#2788=ORIENTED_EDGE('',*,*,#4783,.T.);
#2789=ORIENTED_EDGE('',*,*,#4767,.F.);
#2790=ORIENTED_EDGE('',*,*,#4507,.F.);
#2791=ORIENTED_EDGE('',*,*,#4406,.F.);
#2792=ORIENTED_EDGE('',*,*,#4419,.F.);
#2793=ORIENTED_EDGE('',*,*,#4736,.F.);
#2794=ORIENTED_EDGE('',*,*,#4784,.F.);
#2795=ORIENTED_EDGE('',*,*,#4722,.F.);
#2796=ORIENTED_EDGE('',*,*,#4784,.T.);
#2797=ORIENTED_EDGE('',*,*,#4768,.F.);
#2798=ORIENTED_EDGE('',*,*,#4511,.F.);
#2799=ORIENTED_EDGE('',*,*,#4723,.F.);
#2800=ORIENTED_EDGE('',*,*,#4423,.F.);
#2801=ORIENTED_EDGE('',*,*,#4409,.F.);
#2802=ORIENTED_EDGE('',*,*,#4785,.F.);
#2803=ORIENTED_EDGE('',*,*,#4737,.F.);
#2804=ORIENTED_EDGE('',*,*,#4513,.F.);
#2805=ORIENTED_EDGE('',*,*,#4769,.F.);
#2806=ORIENTED_EDGE('',*,*,#4785,.T.);
#2807=ORIENTED_EDGE('',*,*,#4408,.F.);
#2808=ORIENTED_EDGE('',*,*,#4786,.F.);
#2809=ORIENTED_EDGE('',*,*,#4519,.F.);
#2810=ORIENTED_EDGE('',*,*,#4787,.F.);
#2811=ORIENTED_EDGE('',*,*,#4569,.F.);
#2812=ORIENTED_EDGE('',*,*,#4787,.T.);
#2813=ORIENTED_EDGE('',*,*,#4518,.F.);
#2814=ORIENTED_EDGE('',*,*,#4788,.F.);
#2815=ORIENTED_EDGE('',*,*,#4703,.F.);
#2816=ORIENTED_EDGE('',*,*,#4786,.T.);
#2817=ORIENTED_EDGE('',*,*,#4705,.F.);
#2818=ORIENTED_EDGE('',*,*,#4789,.F.);
#2819=ORIENTED_EDGE('',*,*,#4520,.F.);
#2820=ORIENTED_EDGE('',*,*,#4788,.T.);
#2821=ORIENTED_EDGE('',*,*,#4517,.F.);
#2822=ORIENTED_EDGE('',*,*,#4790,.F.);
#2823=ORIENTED_EDGE('',*,*,#4565,.F.);
#2824=ORIENTED_EDGE('',*,*,#4789,.T.);
#2825=ORIENTED_EDGE('',*,*,#4573,.F.);
#2826=ORIENTED_EDGE('',*,*,#4791,.F.);
#2827=ORIENTED_EDGE('',*,*,#4521,.F.);
#2828=ORIENTED_EDGE('',*,*,#4790,.T.);
#2829=ORIENTED_EDGE('',*,*,#4516,.F.);
#2830=ORIENTED_EDGE('',*,*,#4792,.F.);
#2831=ORIENTED_EDGE('',*,*,#4701,.F.);
#2832=ORIENTED_EDGE('',*,*,#4791,.T.);
#2833=ORIENTED_EDGE('',*,*,#4707,.F.);
#2834=ORIENTED_EDGE('',*,*,#4793,.F.);
#2835=ORIENTED_EDGE('',*,*,#4514,.F.);
#2836=ORIENTED_EDGE('',*,*,#4792,.T.);
#2837=ORIENTED_EDGE('',*,*,#4515,.F.);
#2838=ORIENTED_EDGE('',*,*,#4793,.T.);
#2839=ORIENTED_EDGE('',*,*,#4577,.F.);
#2840=ORIENTED_EDGE('',*,*,#4390,.T.);
#2841=ORIENTED_EDGE('',*,*,#4501,.T.);
#2842=ORIENTED_EDGE('',*,*,#4392,.T.);
#2843=ORIENTED_EDGE('',*,*,#4395,.F.);
#2844=ORIENTED_EDGE('',*,*,#4700,.T.);
#2845=ORIENTED_EDGE('',*,*,#4400,.F.);
#2846=ORIENTED_EDGE('',*,*,#4500,.F.);
#2847=ORIENTED_EDGE('',*,*,#4398,.F.);
#2848=ORIENTED_EDGE('',*,*,#4794,.F.);
#2849=ORIENTED_EDGE('',*,*,#4499,.T.);
#2850=ORIENTED_EDGE('',*,*,#4794,.T.);
#2851=ORIENTED_EDGE('',*,*,#4371,.F.);
#2852=ORIENTED_EDGE('',*,*,#4795,.F.);
#2853=ORIENTED_EDGE('',*,*,#4498,.T.);
#2854=ORIENTED_EDGE('',*,*,#4795,.T.);
#2855=ORIENTED_EDGE('',*,*,#4370,.F.);
#2856=ORIENTED_EDGE('',*,*,#4796,.F.);
#2857=ORIENTED_EDGE('',*,*,#4497,.T.);
#2858=ORIENTED_EDGE('',*,*,#4796,.T.);
#2859=ORIENTED_EDGE('',*,*,#4369,.F.);
#2860=ORIENTED_EDGE('',*,*,#4797,.F.);
#2861=ORIENTED_EDGE('',*,*,#4496,.T.);
#2862=ORIENTED_EDGE('',*,*,#4797,.T.);
#2863=ORIENTED_EDGE('',*,*,#4368,.F.);
#2864=ORIENTED_EDGE('',*,*,#4798,.F.);
#2865=ORIENTED_EDGE('',*,*,#4493,.F.);
#2866=ORIENTED_EDGE('',*,*,#4799,.F.);
#2867=ORIENTED_EDGE('',*,*,#4562,.F.);
#2868=ORIENTED_EDGE('',*,*,#4799,.T.);
#2869=ORIENTED_EDGE('',*,*,#4492,.F.);
#2870=ORIENTED_EDGE('',*,*,#4800,.F.);
#2871=ORIENTED_EDGE('',*,*,#4560,.F.);
#2872=ORIENTED_EDGE('',*,*,#4798,.T.);
#2873=ORIENTED_EDGE('',*,*,#4552,.F.);
#2874=ORIENTED_EDGE('',*,*,#4801,.F.);
#2875=ORIENTED_EDGE('',*,*,#4494,.F.);
#2876=ORIENTED_EDGE('',*,*,#4800,.T.);
#2877=ORIENTED_EDGE('',*,*,#4491,.F.);
#2878=ORIENTED_EDGE('',*,*,#4802,.F.);
#2879=ORIENTED_EDGE('',*,*,#4563,.F.);
#2880=ORIENTED_EDGE('',*,*,#4801,.T.);
#2881=ORIENTED_EDGE('',*,*,#4554,.F.);
#2882=ORIENTED_EDGE('',*,*,#4803,.F.);
#2883=ORIENTED_EDGE('',*,*,#4495,.F.);
#2884=ORIENTED_EDGE('',*,*,#4802,.T.);
#2885=ORIENTED_EDGE('',*,*,#4490,.F.);
#2886=ORIENTED_EDGE('',*,*,#4804,.F.);
#2887=ORIENTED_EDGE('',*,*,#4556,.F.);
#2888=ORIENTED_EDGE('',*,*,#4803,.T.);
#2889=ORIENTED_EDGE('',*,*,#4549,.F.);
#2890=ORIENTED_EDGE('',*,*,#4805,.F.);
#2891=ORIENTED_EDGE('',*,*,#4488,.F.);
#2892=ORIENTED_EDGE('',*,*,#4804,.T.);
#2893=ORIENTED_EDGE('',*,*,#4489,.F.);
#2894=ORIENTED_EDGE('',*,*,#4805,.T.);
#2895=ORIENTED_EDGE('',*,*,#4558,.F.);
#2896=ORIENTED_EDGE('',*,*,#4806,.T.);
#2897=ORIENTED_EDGE('',*,*,#4807,.F.);
#2898=ORIENTED_EDGE('',*,*,#4808,.F.);
#2899=ORIENTED_EDGE('',*,*,#4809,.T.);
#2900=ORIENTED_EDGE('',*,*,#4810,.T.);
#2901=ORIENTED_EDGE('',*,*,#4811,.F.);
#2902=ORIENTED_EDGE('',*,*,#4812,.F.);
#2903=ORIENTED_EDGE('',*,*,#4807,.T.);
#2904=ORIENTED_EDGE('',*,*,#4813,.T.);
#2905=ORIENTED_EDGE('',*,*,#4814,.F.);
#2906=ORIENTED_EDGE('',*,*,#4815,.F.);
#2907=ORIENTED_EDGE('',*,*,#4811,.T.);
#2908=ORIENTED_EDGE('',*,*,#4816,.T.);
#2909=ORIENTED_EDGE('',*,*,#4817,.F.);
#2910=ORIENTED_EDGE('',*,*,#4818,.F.);
#2911=ORIENTED_EDGE('',*,*,#4814,.T.);
#2912=ORIENTED_EDGE('',*,*,#4819,.T.);
#2913=ORIENTED_EDGE('',*,*,#4820,.F.);
#2914=ORIENTED_EDGE('',*,*,#4821,.F.);
#2915=ORIENTED_EDGE('',*,*,#4817,.T.);
#2916=ORIENTED_EDGE('',*,*,#4360,.T.);
#2917=ORIENTED_EDGE('',*,*,#4822,.F.);
#2918=ORIENTED_EDGE('',*,*,#4823,.F.);
#2919=ORIENTED_EDGE('',*,*,#4824,.T.);
#2920=ORIENTED_EDGE('',*,*,#4367,.T.);
#2921=ORIENTED_EDGE('',*,*,#4825,.F.);
#2922=ORIENTED_EDGE('',*,*,#4826,.F.);
#2923=ORIENTED_EDGE('',*,*,#4822,.T.);
#2924=ORIENTED_EDGE('',*,*,#4366,.T.);
#2925=ORIENTED_EDGE('',*,*,#4827,.F.);
#2926=ORIENTED_EDGE('',*,*,#4828,.F.);
#2927=ORIENTED_EDGE('',*,*,#4825,.T.);
#2928=ORIENTED_EDGE('',*,*,#4365,.T.);
#2929=ORIENTED_EDGE('',*,*,#4829,.F.);
#2930=ORIENTED_EDGE('',*,*,#4830,.F.);
#2931=ORIENTED_EDGE('',*,*,#4827,.T.);
#2932=ORIENTED_EDGE('',*,*,#4364,.T.);
#2933=ORIENTED_EDGE('',*,*,#4831,.F.);
#2934=ORIENTED_EDGE('',*,*,#4832,.F.);
#2935=ORIENTED_EDGE('',*,*,#4829,.T.);
#2936=ORIENTED_EDGE('',*,*,#4363,.T.);
#2937=ORIENTED_EDGE('',*,*,#4833,.F.);
#2938=ORIENTED_EDGE('',*,*,#4834,.F.);
#2939=ORIENTED_EDGE('',*,*,#4831,.T.);
#2940=ORIENTED_EDGE('',*,*,#4362,.T.);
#2941=ORIENTED_EDGE('',*,*,#4835,.F.);
#2942=ORIENTED_EDGE('',*,*,#4836,.F.);
#2943=ORIENTED_EDGE('',*,*,#4833,.T.);
#2944=ORIENTED_EDGE('',*,*,#4361,.T.);
#2945=ORIENTED_EDGE('',*,*,#4824,.F.);
#2946=ORIENTED_EDGE('',*,*,#4837,.F.);
#2947=ORIENTED_EDGE('',*,*,#4835,.T.);
#2948=ORIENTED_EDGE('',*,*,#4838,.T.);
#2949=ORIENTED_EDGE('',*,*,#4809,.F.);
#2950=ORIENTED_EDGE('',*,*,#4839,.F.);
#2951=ORIENTED_EDGE('',*,*,#4820,.T.);
#2952=ORIENTED_EDGE('',*,*,#4823,.T.);
#2953=ORIENTED_EDGE('',*,*,#4826,.T.);
#2954=ORIENTED_EDGE('',*,*,#4828,.T.);
#2955=ORIENTED_EDGE('',*,*,#4830,.T.);
#2956=ORIENTED_EDGE('',*,*,#4832,.T.);
#2957=ORIENTED_EDGE('',*,*,#4834,.T.);
#2958=ORIENTED_EDGE('',*,*,#4836,.T.);
#2959=ORIENTED_EDGE('',*,*,#4837,.T.);
#2960=ORIENTED_EDGE('',*,*,#4808,.T.);
#2961=ORIENTED_EDGE('',*,*,#4812,.T.);
#2962=ORIENTED_EDGE('',*,*,#4815,.T.);
#2963=ORIENTED_EDGE('',*,*,#4818,.T.);
#2964=ORIENTED_EDGE('',*,*,#4821,.T.);
#2965=ORIENTED_EDGE('',*,*,#4839,.T.);
#2966=ORIENTED_EDGE('',*,*,#4840,.T.);
#2967=ORIENTED_EDGE('',*,*,#4841,.F.);
#2968=ORIENTED_EDGE('',*,*,#4842,.F.);
#2969=ORIENTED_EDGE('',*,*,#4843,.T.);
#2970=ORIENTED_EDGE('',*,*,#4844,.T.);
#2971=ORIENTED_EDGE('',*,*,#4845,.F.);
#2972=ORIENTED_EDGE('',*,*,#4846,.F.);
#2973=ORIENTED_EDGE('',*,*,#4841,.T.);
#2974=ORIENTED_EDGE('',*,*,#4847,.T.);
#2975=ORIENTED_EDGE('',*,*,#4848,.F.);
#2976=ORIENTED_EDGE('',*,*,#4849,.F.);
#2977=ORIENTED_EDGE('',*,*,#4845,.T.);
#2978=ORIENTED_EDGE('',*,*,#4850,.T.);
#2979=ORIENTED_EDGE('',*,*,#4851,.F.);
#2980=ORIENTED_EDGE('',*,*,#4852,.F.);
#2981=ORIENTED_EDGE('',*,*,#4848,.T.);
#2982=ORIENTED_EDGE('',*,*,#4350,.T.);
#2983=ORIENTED_EDGE('',*,*,#4853,.F.);
#2984=ORIENTED_EDGE('',*,*,#4854,.F.);
#2985=ORIENTED_EDGE('',*,*,#4855,.T.);
#2986=ORIENTED_EDGE('',*,*,#4359,.T.);
#2987=ORIENTED_EDGE('',*,*,#4856,.F.);
#2988=ORIENTED_EDGE('',*,*,#4857,.F.);
#2989=ORIENTED_EDGE('',*,*,#4853,.T.);
#2990=ORIENTED_EDGE('',*,*,#4358,.T.);
#2991=ORIENTED_EDGE('',*,*,#4858,.F.);
#2992=ORIENTED_EDGE('',*,*,#4859,.F.);
#2993=ORIENTED_EDGE('',*,*,#4856,.T.);
#2994=ORIENTED_EDGE('',*,*,#4357,.T.);
#2995=ORIENTED_EDGE('',*,*,#4860,.F.);
#2996=ORIENTED_EDGE('',*,*,#4861,.F.);
#2997=ORIENTED_EDGE('',*,*,#4858,.T.);
#2998=ORIENTED_EDGE('',*,*,#4356,.T.);
#2999=ORIENTED_EDGE('',*,*,#4862,.F.);
#3000=ORIENTED_EDGE('',*,*,#4863,.F.);
#3001=ORIENTED_EDGE('',*,*,#4860,.T.);
#3002=ORIENTED_EDGE('',*,*,#4355,.T.);
#3003=ORIENTED_EDGE('',*,*,#4864,.F.);
#3004=ORIENTED_EDGE('',*,*,#4865,.F.);
#3005=ORIENTED_EDGE('',*,*,#4862,.T.);
#3006=ORIENTED_EDGE('',*,*,#4354,.T.);
#3007=ORIENTED_EDGE('',*,*,#4866,.F.);
#3008=ORIENTED_EDGE('',*,*,#4867,.F.);
#3009=ORIENTED_EDGE('',*,*,#4864,.T.);
#3010=ORIENTED_EDGE('',*,*,#4353,.T.);
#3011=ORIENTED_EDGE('',*,*,#4868,.F.);
#3012=ORIENTED_EDGE('',*,*,#4869,.F.);
#3013=ORIENTED_EDGE('',*,*,#4866,.T.);
#3014=ORIENTED_EDGE('',*,*,#4352,.T.);
#3015=ORIENTED_EDGE('',*,*,#4870,.F.);
#3016=ORIENTED_EDGE('',*,*,#4871,.F.);
#3017=ORIENTED_EDGE('',*,*,#4868,.T.);
#3018=ORIENTED_EDGE('',*,*,#4351,.T.);
#3019=ORIENTED_EDGE('',*,*,#4855,.F.);
#3020=ORIENTED_EDGE('',*,*,#4872,.F.);
#3021=ORIENTED_EDGE('',*,*,#4870,.T.);
#3022=ORIENTED_EDGE('',*,*,#4873,.T.);
#3023=ORIENTED_EDGE('',*,*,#4843,.F.);
#3024=ORIENTED_EDGE('',*,*,#4874,.F.);
#3025=ORIENTED_EDGE('',*,*,#4851,.T.);
#3026=ORIENTED_EDGE('',*,*,#4854,.T.);
#3027=ORIENTED_EDGE('',*,*,#4857,.T.);
#3028=ORIENTED_EDGE('',*,*,#4859,.T.);
#3029=ORIENTED_EDGE('',*,*,#4861,.T.);
#3030=ORIENTED_EDGE('',*,*,#4863,.T.);
#3031=ORIENTED_EDGE('',*,*,#4865,.T.);
#3032=ORIENTED_EDGE('',*,*,#4867,.T.);
#3033=ORIENTED_EDGE('',*,*,#4869,.T.);
#3034=ORIENTED_EDGE('',*,*,#4871,.T.);
#3035=ORIENTED_EDGE('',*,*,#4872,.T.);
#3036=ORIENTED_EDGE('',*,*,#4842,.T.);
#3037=ORIENTED_EDGE('',*,*,#4846,.T.);
#3038=ORIENTED_EDGE('',*,*,#4849,.T.);
#3039=ORIENTED_EDGE('',*,*,#4852,.T.);
#3040=ORIENTED_EDGE('',*,*,#4874,.T.);
#3041=ORIENTED_EDGE('',*,*,#4875,.T.);
#3042=ORIENTED_EDGE('',*,*,#4876,.F.);
#3043=ORIENTED_EDGE('',*,*,#4877,.F.);
#3044=ORIENTED_EDGE('',*,*,#4878,.T.);
#3045=ORIENTED_EDGE('',*,*,#4879,.T.);
#3046=ORIENTED_EDGE('',*,*,#4880,.F.);
#3047=ORIENTED_EDGE('',*,*,#4881,.F.);
#3048=ORIENTED_EDGE('',*,*,#4876,.T.);
#3049=ORIENTED_EDGE('',*,*,#4882,.T.);
#3050=ORIENTED_EDGE('',*,*,#4883,.F.);
#3051=ORIENTED_EDGE('',*,*,#4884,.F.);
#3052=ORIENTED_EDGE('',*,*,#4880,.T.);
#3053=ORIENTED_EDGE('',*,*,#4885,.T.);
#3054=ORIENTED_EDGE('',*,*,#4886,.F.);
#3055=ORIENTED_EDGE('',*,*,#4887,.F.);
#3056=ORIENTED_EDGE('',*,*,#4883,.T.);
#3057=ORIENTED_EDGE('',*,*,#4888,.T.);
#3058=ORIENTED_EDGE('',*,*,#4889,.F.);
#3059=ORIENTED_EDGE('',*,*,#4890,.F.);
#3060=ORIENTED_EDGE('',*,*,#4886,.T.);
#3061=ORIENTED_EDGE('',*,*,#4342,.T.);
#3062=ORIENTED_EDGE('',*,*,#4891,.F.);
#3063=ORIENTED_EDGE('',*,*,#4892,.F.);
#3064=ORIENTED_EDGE('',*,*,#4893,.T.);
#3065=ORIENTED_EDGE('',*,*,#4349,.T.);
#3066=ORIENTED_EDGE('',*,*,#4894,.F.);
#3067=ORIENTED_EDGE('',*,*,#4895,.F.);
#3068=ORIENTED_EDGE('',*,*,#4891,.T.);
#3069=ORIENTED_EDGE('',*,*,#4348,.T.);
#3070=ORIENTED_EDGE('',*,*,#4896,.F.);
#3071=ORIENTED_EDGE('',*,*,#4897,.F.);
#3072=ORIENTED_EDGE('',*,*,#4894,.T.);
#3073=ORIENTED_EDGE('',*,*,#4347,.T.);
#3074=ORIENTED_EDGE('',*,*,#4898,.F.);
#3075=ORIENTED_EDGE('',*,*,#4899,.F.);
#3076=ORIENTED_EDGE('',*,*,#4896,.T.);
#3077=ORIENTED_EDGE('',*,*,#4346,.T.);
#3078=ORIENTED_EDGE('',*,*,#4900,.F.);
#3079=ORIENTED_EDGE('',*,*,#4901,.F.);
#3080=ORIENTED_EDGE('',*,*,#4898,.T.);
#3081=ORIENTED_EDGE('',*,*,#4345,.T.);
#3082=ORIENTED_EDGE('',*,*,#4902,.F.);
#3083=ORIENTED_EDGE('',*,*,#4903,.F.);
#3084=ORIENTED_EDGE('',*,*,#4900,.T.);
#3085=ORIENTED_EDGE('',*,*,#4344,.T.);
#3086=ORIENTED_EDGE('',*,*,#4904,.F.);
#3087=ORIENTED_EDGE('',*,*,#4905,.F.);
#3088=ORIENTED_EDGE('',*,*,#4902,.T.);
#3089=ORIENTED_EDGE('',*,*,#4343,.T.);
#3090=ORIENTED_EDGE('',*,*,#4893,.F.);
#3091=ORIENTED_EDGE('',*,*,#4906,.F.);
#3092=ORIENTED_EDGE('',*,*,#4904,.T.);
#3093=ORIENTED_EDGE('',*,*,#4907,.T.);
#3094=ORIENTED_EDGE('',*,*,#4878,.F.);
#3095=ORIENTED_EDGE('',*,*,#4908,.F.);
#3096=ORIENTED_EDGE('',*,*,#4889,.T.);
#3097=ORIENTED_EDGE('',*,*,#4892,.T.);
#3098=ORIENTED_EDGE('',*,*,#4895,.T.);
#3099=ORIENTED_EDGE('',*,*,#4897,.T.);
#3100=ORIENTED_EDGE('',*,*,#4899,.T.);
#3101=ORIENTED_EDGE('',*,*,#4901,.T.);
#3102=ORIENTED_EDGE('',*,*,#4903,.T.);
#3103=ORIENTED_EDGE('',*,*,#4905,.T.);
#3104=ORIENTED_EDGE('',*,*,#4906,.T.);
#3105=ORIENTED_EDGE('',*,*,#4877,.T.);
#3106=ORIENTED_EDGE('',*,*,#4881,.T.);
#3107=ORIENTED_EDGE('',*,*,#4884,.T.);
#3108=ORIENTED_EDGE('',*,*,#4887,.T.);
#3109=ORIENTED_EDGE('',*,*,#4890,.T.);
#3110=ORIENTED_EDGE('',*,*,#4908,.T.);
#3111=ORIENTED_EDGE('',*,*,#4337,.T.);
#3112=ORIENTED_EDGE('',*,*,#4909,.F.);
#3113=ORIENTED_EDGE('',*,*,#4910,.F.);
#3114=ORIENTED_EDGE('',*,*,#4911,.T.);
#3115=ORIENTED_EDGE('',*,*,#4341,.T.);
#3116=ORIENTED_EDGE('',*,*,#4912,.F.);
#3117=ORIENTED_EDGE('',*,*,#4913,.F.);
#3118=ORIENTED_EDGE('',*,*,#4909,.T.);
#3119=ORIENTED_EDGE('',*,*,#4340,.T.);
#3120=ORIENTED_EDGE('',*,*,#4914,.F.);
#3121=ORIENTED_EDGE('',*,*,#4915,.F.);
#3122=ORIENTED_EDGE('',*,*,#4912,.T.);
#3123=ORIENTED_EDGE('',*,*,#4339,.T.);
#3124=ORIENTED_EDGE('',*,*,#4916,.F.);
#3125=ORIENTED_EDGE('',*,*,#4917,.F.);
#3126=ORIENTED_EDGE('',*,*,#4914,.T.);
#3127=ORIENTED_EDGE('',*,*,#4918,.T.);
#3128=ORIENTED_EDGE('',*,*,#4919,.F.);
#3129=ORIENTED_EDGE('',*,*,#4920,.F.);
#3130=ORIENTED_EDGE('',*,*,#4921,.T.);
#3131=ORIENTED_EDGE('',*,*,#4922,.T.);
#3132=ORIENTED_EDGE('',*,*,#4923,.F.);
#3133=ORIENTED_EDGE('',*,*,#4924,.F.);
#3134=ORIENTED_EDGE('',*,*,#4919,.T.);
#3135=ORIENTED_EDGE('',*,*,#4925,.T.);
#3136=ORIENTED_EDGE('',*,*,#4926,.F.);
#3137=ORIENTED_EDGE('',*,*,#4927,.F.);
#3138=ORIENTED_EDGE('',*,*,#4923,.T.);
#3139=ORIENTED_EDGE('',*,*,#4928,.T.);
#3140=ORIENTED_EDGE('',*,*,#4929,.F.);
#3141=ORIENTED_EDGE('',*,*,#4930,.F.);
#3142=ORIENTED_EDGE('',*,*,#4926,.T.);
#3143=ORIENTED_EDGE('',*,*,#4931,.T.);
#3144=ORIENTED_EDGE('',*,*,#4921,.F.);
#3145=ORIENTED_EDGE('',*,*,#4932,.F.);
#3146=ORIENTED_EDGE('',*,*,#4929,.T.);
#3147=ORIENTED_EDGE('',*,*,#4338,.T.);
#3148=ORIENTED_EDGE('',*,*,#4911,.F.);
#3149=ORIENTED_EDGE('',*,*,#4933,.F.);
#3150=ORIENTED_EDGE('',*,*,#4916,.T.);
#3151=ORIENTED_EDGE('',*,*,#4920,.T.);
#3152=ORIENTED_EDGE('',*,*,#4924,.T.);
#3153=ORIENTED_EDGE('',*,*,#4927,.T.);
#3154=ORIENTED_EDGE('',*,*,#4930,.T.);
#3155=ORIENTED_EDGE('',*,*,#4932,.T.);
#3156=ORIENTED_EDGE('',*,*,#4910,.T.);
#3157=ORIENTED_EDGE('',*,*,#4913,.T.);
#3158=ORIENTED_EDGE('',*,*,#4915,.T.);
#3159=ORIENTED_EDGE('',*,*,#4917,.T.);
#3160=ORIENTED_EDGE('',*,*,#4933,.T.);
#3161=ORIENTED_EDGE('',*,*,#4918,.F.);
#3162=ORIENTED_EDGE('',*,*,#4931,.F.);
#3163=ORIENTED_EDGE('',*,*,#4928,.F.);
#3164=ORIENTED_EDGE('',*,*,#4925,.F.);
#3165=ORIENTED_EDGE('',*,*,#4922,.F.);
#3166=ORIENTED_EDGE('',*,*,#4326,.T.);
#3167=ORIENTED_EDGE('',*,*,#4934,.F.);
#3168=ORIENTED_EDGE('',*,*,#4935,.F.);
#3169=ORIENTED_EDGE('',*,*,#4936,.T.);
#3170=ORIENTED_EDGE('',*,*,#4336,.T.);
#3171=ORIENTED_EDGE('',*,*,#4937,.F.);
#3172=ORIENTED_EDGE('',*,*,#4938,.F.);
#3173=ORIENTED_EDGE('',*,*,#4934,.T.);
#3174=ORIENTED_EDGE('',*,*,#4335,.T.);
#3175=ORIENTED_EDGE('',*,*,#4939,.F.);
#3176=ORIENTED_EDGE('',*,*,#4940,.F.);
#3177=ORIENTED_EDGE('',*,*,#4937,.T.);
#3178=ORIENTED_EDGE('',*,*,#4334,.T.);
#3179=ORIENTED_EDGE('',*,*,#4941,.F.);
#3180=ORIENTED_EDGE('',*,*,#4942,.F.);
#3181=ORIENTED_EDGE('',*,*,#4939,.T.);
#3182=ORIENTED_EDGE('',*,*,#4333,.T.);
#3183=ORIENTED_EDGE('',*,*,#4943,.F.);
#3184=ORIENTED_EDGE('',*,*,#4944,.F.);
#3185=ORIENTED_EDGE('',*,*,#4941,.T.);
#3186=ORIENTED_EDGE('',*,*,#4332,.T.);
#3187=ORIENTED_EDGE('',*,*,#4945,.F.);
#3188=ORIENTED_EDGE('',*,*,#4946,.F.);
#3189=ORIENTED_EDGE('',*,*,#4943,.T.);
#3190=ORIENTED_EDGE('',*,*,#4331,.T.);
#3191=ORIENTED_EDGE('',*,*,#4947,.F.);
#3192=ORIENTED_EDGE('',*,*,#4948,.F.);
#3193=ORIENTED_EDGE('',*,*,#4945,.T.);
#3194=ORIENTED_EDGE('',*,*,#4330,.T.);
#3195=ORIENTED_EDGE('',*,*,#4949,.F.);
#3196=ORIENTED_EDGE('',*,*,#4950,.F.);
#3197=ORIENTED_EDGE('',*,*,#4947,.T.);
#3198=ORIENTED_EDGE('',*,*,#4329,.T.);
#3199=ORIENTED_EDGE('',*,*,#4951,.F.);
#3200=ORIENTED_EDGE('',*,*,#4952,.F.);
#3201=ORIENTED_EDGE('',*,*,#4949,.T.);
#3202=ORIENTED_EDGE('',*,*,#4328,.T.);
#3203=ORIENTED_EDGE('',*,*,#4953,.F.);
#3204=ORIENTED_EDGE('',*,*,#4954,.F.);
#3205=ORIENTED_EDGE('',*,*,#4951,.T.);
#3206=ORIENTED_EDGE('',*,*,#4327,.T.);
#3207=ORIENTED_EDGE('',*,*,#4936,.F.);
#3208=ORIENTED_EDGE('',*,*,#4955,.F.);
#3209=ORIENTED_EDGE('',*,*,#4953,.T.);
#3210=ORIENTED_EDGE('',*,*,#4935,.T.);
#3211=ORIENTED_EDGE('',*,*,#4938,.T.);
#3212=ORIENTED_EDGE('',*,*,#4940,.T.);
#3213=ORIENTED_EDGE('',*,*,#4942,.T.);
#3214=ORIENTED_EDGE('',*,*,#4944,.T.);
#3215=ORIENTED_EDGE('',*,*,#4946,.T.);
#3216=ORIENTED_EDGE('',*,*,#4948,.T.);
#3217=ORIENTED_EDGE('',*,*,#4950,.T.);
#3218=ORIENTED_EDGE('',*,*,#4952,.T.);
#3219=ORIENTED_EDGE('',*,*,#4954,.T.);
#3220=ORIENTED_EDGE('',*,*,#4955,.T.);
#3221=ORIENTED_EDGE('',*,*,#4314,.T.);
#3222=ORIENTED_EDGE('',*,*,#4956,.F.);
#3223=ORIENTED_EDGE('',*,*,#4957,.F.);
#3224=ORIENTED_EDGE('',*,*,#4958,.T.);
#3225=ORIENTED_EDGE('',*,*,#4325,.T.);
#3226=ORIENTED_EDGE('',*,*,#4959,.F.);
#3227=ORIENTED_EDGE('',*,*,#4960,.F.);
#3228=ORIENTED_EDGE('',*,*,#4956,.T.);
#3229=ORIENTED_EDGE('',*,*,#4324,.T.);
#3230=ORIENTED_EDGE('',*,*,#4961,.F.);
#3231=ORIENTED_EDGE('',*,*,#4962,.F.);
#3232=ORIENTED_EDGE('',*,*,#4959,.T.);
#3233=ORIENTED_EDGE('',*,*,#4323,.T.);
#3234=ORIENTED_EDGE('',*,*,#4963,.F.);
#3235=ORIENTED_EDGE('',*,*,#4964,.F.);
#3236=ORIENTED_EDGE('',*,*,#4961,.T.);
#3237=ORIENTED_EDGE('',*,*,#4322,.T.);
#3238=ORIENTED_EDGE('',*,*,#4965,.F.);
#3239=ORIENTED_EDGE('',*,*,#4966,.F.);
#3240=ORIENTED_EDGE('',*,*,#4963,.T.);
#3241=ORIENTED_EDGE('',*,*,#4321,.T.);
#3242=ORIENTED_EDGE('',*,*,#4967,.F.);
#3243=ORIENTED_EDGE('',*,*,#4968,.F.);
#3244=ORIENTED_EDGE('',*,*,#4965,.T.);
#3245=ORIENTED_EDGE('',*,*,#4320,.T.);
#3246=ORIENTED_EDGE('',*,*,#4969,.F.);
#3247=ORIENTED_EDGE('',*,*,#4970,.F.);
#3248=ORIENTED_EDGE('',*,*,#4967,.T.);
#3249=ORIENTED_EDGE('',*,*,#4319,.T.);
#3250=ORIENTED_EDGE('',*,*,#4971,.F.);
#3251=ORIENTED_EDGE('',*,*,#4972,.F.);
#3252=ORIENTED_EDGE('',*,*,#4969,.T.);
#3253=ORIENTED_EDGE('',*,*,#4318,.T.);
#3254=ORIENTED_EDGE('',*,*,#4973,.F.);
#3255=ORIENTED_EDGE('',*,*,#4974,.F.);
#3256=ORIENTED_EDGE('',*,*,#4971,.T.);
#3257=ORIENTED_EDGE('',*,*,#4317,.T.);
#3258=ORIENTED_EDGE('',*,*,#4975,.F.);
#3259=ORIENTED_EDGE('',*,*,#4976,.F.);
#3260=ORIENTED_EDGE('',*,*,#4973,.T.);
#3261=ORIENTED_EDGE('',*,*,#4316,.T.);
#3262=ORIENTED_EDGE('',*,*,#4977,.F.);
#3263=ORIENTED_EDGE('',*,*,#4978,.F.);
#3264=ORIENTED_EDGE('',*,*,#4975,.T.);
#3265=ORIENTED_EDGE('',*,*,#4315,.T.);
#3266=ORIENTED_EDGE('',*,*,#4958,.F.);
#3267=ORIENTED_EDGE('',*,*,#4979,.F.);
#3268=ORIENTED_EDGE('',*,*,#4977,.T.);
#3269=ORIENTED_EDGE('',*,*,#4957,.T.);
#3270=ORIENTED_EDGE('',*,*,#4960,.T.);
#3271=ORIENTED_EDGE('',*,*,#4962,.T.);
#3272=ORIENTED_EDGE('',*,*,#4964,.T.);
#3273=ORIENTED_EDGE('',*,*,#4966,.T.);
#3274=ORIENTED_EDGE('',*,*,#4968,.T.);
#3275=ORIENTED_EDGE('',*,*,#4970,.T.);
#3276=ORIENTED_EDGE('',*,*,#4972,.T.);
#3277=ORIENTED_EDGE('',*,*,#4974,.T.);
#3278=ORIENTED_EDGE('',*,*,#4976,.T.);
#3279=ORIENTED_EDGE('',*,*,#4978,.T.);
#3280=ORIENTED_EDGE('',*,*,#4979,.T.);
#3281=ORIENTED_EDGE('',*,*,#4302,.T.);
#3282=ORIENTED_EDGE('',*,*,#4980,.F.);
#3283=ORIENTED_EDGE('',*,*,#4981,.F.);
#3284=ORIENTED_EDGE('',*,*,#4982,.T.);
#3285=ORIENTED_EDGE('',*,*,#4313,.T.);
#3286=ORIENTED_EDGE('',*,*,#4983,.F.);
#3287=ORIENTED_EDGE('',*,*,#4984,.F.);
#3288=ORIENTED_EDGE('',*,*,#4980,.T.);
#3289=ORIENTED_EDGE('',*,*,#4312,.T.);
#3290=ORIENTED_EDGE('',*,*,#4985,.F.);
#3291=ORIENTED_EDGE('',*,*,#4986,.F.);
#3292=ORIENTED_EDGE('',*,*,#4983,.T.);
#3293=ORIENTED_EDGE('',*,*,#4311,.T.);
#3294=ORIENTED_EDGE('',*,*,#4987,.F.);
#3295=ORIENTED_EDGE('',*,*,#4988,.F.);
#3296=ORIENTED_EDGE('',*,*,#4985,.T.);
#3297=ORIENTED_EDGE('',*,*,#4310,.T.);
#3298=ORIENTED_EDGE('',*,*,#4989,.F.);
#3299=ORIENTED_EDGE('',*,*,#4990,.F.);
#3300=ORIENTED_EDGE('',*,*,#4987,.T.);
#3301=ORIENTED_EDGE('',*,*,#4309,.T.);
#3302=ORIENTED_EDGE('',*,*,#4991,.F.);
#3303=ORIENTED_EDGE('',*,*,#4992,.F.);
#3304=ORIENTED_EDGE('',*,*,#4989,.T.);
#3305=ORIENTED_EDGE('',*,*,#4308,.T.);
#3306=ORIENTED_EDGE('',*,*,#4993,.F.);
#3307=ORIENTED_EDGE('',*,*,#4994,.F.);
#3308=ORIENTED_EDGE('',*,*,#4991,.T.);
#3309=ORIENTED_EDGE('',*,*,#4307,.T.);
#3310=ORIENTED_EDGE('',*,*,#4995,.F.);
#3311=ORIENTED_EDGE('',*,*,#4996,.F.);
#3312=ORIENTED_EDGE('',*,*,#4993,.T.);
#3313=ORIENTED_EDGE('',*,*,#4306,.T.);
#3314=ORIENTED_EDGE('',*,*,#4997,.F.);
#3315=ORIENTED_EDGE('',*,*,#4998,.F.);
#3316=ORIENTED_EDGE('',*,*,#4995,.T.);
#3317=ORIENTED_EDGE('',*,*,#4305,.T.);
#3318=ORIENTED_EDGE('',*,*,#4999,.F.);
#3319=ORIENTED_EDGE('',*,*,#5000,.F.);
#3320=ORIENTED_EDGE('',*,*,#4997,.T.);
#3321=ORIENTED_EDGE('',*,*,#4304,.T.);
#3322=ORIENTED_EDGE('',*,*,#5001,.F.);
#3323=ORIENTED_EDGE('',*,*,#5002,.F.);
#3324=ORIENTED_EDGE('',*,*,#4999,.T.);
#3325=ORIENTED_EDGE('',*,*,#4303,.T.);
#3326=ORIENTED_EDGE('',*,*,#4982,.F.);
#3327=ORIENTED_EDGE('',*,*,#5003,.F.);
#3328=ORIENTED_EDGE('',*,*,#5001,.T.);
#3329=ORIENTED_EDGE('',*,*,#4981,.T.);
#3330=ORIENTED_EDGE('',*,*,#4984,.T.);
#3331=ORIENTED_EDGE('',*,*,#4986,.T.);
#3332=ORIENTED_EDGE('',*,*,#4988,.T.);
#3333=ORIENTED_EDGE('',*,*,#4990,.T.);
#3334=ORIENTED_EDGE('',*,*,#4992,.T.);
#3335=ORIENTED_EDGE('',*,*,#4994,.T.);
#3336=ORIENTED_EDGE('',*,*,#4996,.T.);
#3337=ORIENTED_EDGE('',*,*,#4998,.T.);
#3338=ORIENTED_EDGE('',*,*,#5000,.T.);
#3339=ORIENTED_EDGE('',*,*,#5002,.T.);
#3340=ORIENTED_EDGE('',*,*,#5003,.T.);
#3341=ORIENTED_EDGE('',*,*,#4292,.T.);
#3342=ORIENTED_EDGE('',*,*,#5004,.F.);
#3343=ORIENTED_EDGE('',*,*,#5005,.F.);
#3344=ORIENTED_EDGE('',*,*,#5006,.T.);
#3345=ORIENTED_EDGE('',*,*,#4301,.T.);
#3346=ORIENTED_EDGE('',*,*,#5007,.F.);
#3347=ORIENTED_EDGE('',*,*,#5008,.F.);
#3348=ORIENTED_EDGE('',*,*,#5004,.T.);
#3349=ORIENTED_EDGE('',*,*,#4300,.T.);
#3350=ORIENTED_EDGE('',*,*,#5009,.F.);
#3351=ORIENTED_EDGE('',*,*,#5010,.F.);
#3352=ORIENTED_EDGE('',*,*,#5007,.T.);
#3353=ORIENTED_EDGE('',*,*,#4299,.T.);
#3354=ORIENTED_EDGE('',*,*,#5011,.F.);
#3355=ORIENTED_EDGE('',*,*,#5012,.F.);
#3356=ORIENTED_EDGE('',*,*,#5009,.T.);
#3357=ORIENTED_EDGE('',*,*,#4298,.T.);
#3358=ORIENTED_EDGE('',*,*,#5013,.F.);
#3359=ORIENTED_EDGE('',*,*,#5014,.F.);
#3360=ORIENTED_EDGE('',*,*,#5011,.T.);
#3361=ORIENTED_EDGE('',*,*,#4297,.T.);
#3362=ORIENTED_EDGE('',*,*,#5015,.F.);
#3363=ORIENTED_EDGE('',*,*,#5016,.F.);
#3364=ORIENTED_EDGE('',*,*,#5013,.T.);
#3365=ORIENTED_EDGE('',*,*,#4296,.T.);
#3366=ORIENTED_EDGE('',*,*,#5017,.F.);
#3367=ORIENTED_EDGE('',*,*,#5018,.F.);
#3368=ORIENTED_EDGE('',*,*,#5015,.T.);
#3369=ORIENTED_EDGE('',*,*,#4295,.T.);
#3370=ORIENTED_EDGE('',*,*,#5019,.F.);
#3371=ORIENTED_EDGE('',*,*,#5020,.F.);
#3372=ORIENTED_EDGE('',*,*,#5017,.T.);
#3373=ORIENTED_EDGE('',*,*,#4294,.T.);
#3374=ORIENTED_EDGE('',*,*,#5021,.F.);
#3375=ORIENTED_EDGE('',*,*,#5022,.F.);
#3376=ORIENTED_EDGE('',*,*,#5019,.T.);
#3377=ORIENTED_EDGE('',*,*,#4293,.T.);
#3378=ORIENTED_EDGE('',*,*,#5006,.F.);
#3379=ORIENTED_EDGE('',*,*,#5023,.F.);
#3380=ORIENTED_EDGE('',*,*,#5021,.T.);
#3381=ORIENTED_EDGE('',*,*,#5005,.T.);
#3382=ORIENTED_EDGE('',*,*,#5008,.T.);
#3383=ORIENTED_EDGE('',*,*,#5010,.T.);
#3384=ORIENTED_EDGE('',*,*,#5012,.T.);
#3385=ORIENTED_EDGE('',*,*,#5014,.T.);
#3386=ORIENTED_EDGE('',*,*,#5016,.T.);
#3387=ORIENTED_EDGE('',*,*,#5018,.T.);
#3388=ORIENTED_EDGE('',*,*,#5020,.T.);
#3389=ORIENTED_EDGE('',*,*,#5022,.T.);
#3390=ORIENTED_EDGE('',*,*,#5023,.T.);
#3391=ORIENTED_EDGE('',*,*,#4287,.T.);
#3392=ORIENTED_EDGE('',*,*,#5024,.F.);
#3393=ORIENTED_EDGE('',*,*,#5025,.F.);
#3394=ORIENTED_EDGE('',*,*,#5026,.T.);
#3395=ORIENTED_EDGE('',*,*,#4291,.T.);
#3396=ORIENTED_EDGE('',*,*,#5027,.F.);
#3397=ORIENTED_EDGE('',*,*,#5028,.F.);
#3398=ORIENTED_EDGE('',*,*,#5024,.T.);
#3399=ORIENTED_EDGE('',*,*,#4290,.T.);
#3400=ORIENTED_EDGE('',*,*,#5029,.F.);
#3401=ORIENTED_EDGE('',*,*,#5030,.F.);
#3402=ORIENTED_EDGE('',*,*,#5027,.T.);
#3403=ORIENTED_EDGE('',*,*,#4289,.T.);
#3404=ORIENTED_EDGE('',*,*,#5031,.F.);
#3405=ORIENTED_EDGE('',*,*,#5032,.F.);
#3406=ORIENTED_EDGE('',*,*,#5029,.T.);
#3407=ORIENTED_EDGE('',*,*,#5033,.T.);
#3408=ORIENTED_EDGE('',*,*,#5034,.F.);
#3409=ORIENTED_EDGE('',*,*,#5035,.F.);
#3410=ORIENTED_EDGE('',*,*,#5036,.T.);
#3411=ORIENTED_EDGE('',*,*,#5037,.T.);
#3412=ORIENTED_EDGE('',*,*,#5038,.F.);
#3413=ORIENTED_EDGE('',*,*,#5039,.F.);
#3414=ORIENTED_EDGE('',*,*,#5034,.T.);
#3415=ORIENTED_EDGE('',*,*,#5040,.T.);
#3416=ORIENTED_EDGE('',*,*,#5041,.F.);
#3417=ORIENTED_EDGE('',*,*,#5042,.F.);
#3418=ORIENTED_EDGE('',*,*,#5038,.T.);
#3419=ORIENTED_EDGE('',*,*,#5043,.T.);
#3420=ORIENTED_EDGE('',*,*,#5044,.F.);
#3421=ORIENTED_EDGE('',*,*,#5045,.F.);
#3422=ORIENTED_EDGE('',*,*,#5041,.T.);
#3423=ORIENTED_EDGE('',*,*,#5046,.T.);
#3424=ORIENTED_EDGE('',*,*,#5036,.F.);
#3425=ORIENTED_EDGE('',*,*,#5047,.F.);
#3426=ORIENTED_EDGE('',*,*,#5044,.T.);
#3427=ORIENTED_EDGE('',*,*,#4288,.T.);
#3428=ORIENTED_EDGE('',*,*,#5026,.F.);
#3429=ORIENTED_EDGE('',*,*,#5048,.F.);
#3430=ORIENTED_EDGE('',*,*,#5031,.T.);
#3431=ORIENTED_EDGE('',*,*,#5035,.T.);
#3432=ORIENTED_EDGE('',*,*,#5039,.T.);
#3433=ORIENTED_EDGE('',*,*,#5042,.T.);
#3434=ORIENTED_EDGE('',*,*,#5045,.T.);
#3435=ORIENTED_EDGE('',*,*,#5047,.T.);
#3436=ORIENTED_EDGE('',*,*,#5025,.T.);
#3437=ORIENTED_EDGE('',*,*,#5028,.T.);
#3438=ORIENTED_EDGE('',*,*,#5030,.T.);
#3439=ORIENTED_EDGE('',*,*,#5032,.T.);
#3440=ORIENTED_EDGE('',*,*,#5048,.T.);
#3441=ORIENTED_EDGE('',*,*,#5033,.F.);
#3442=ORIENTED_EDGE('',*,*,#5046,.F.);
#3443=ORIENTED_EDGE('',*,*,#5043,.F.);
#3444=ORIENTED_EDGE('',*,*,#5040,.F.);
#3445=ORIENTED_EDGE('',*,*,#5037,.F.);
#3446=ORIENTED_EDGE('',*,*,#4276,.T.);
#3447=ORIENTED_EDGE('',*,*,#5049,.F.);
#3448=ORIENTED_EDGE('',*,*,#5050,.F.);
#3449=ORIENTED_EDGE('',*,*,#5051,.T.);
#3450=ORIENTED_EDGE('',*,*,#4286,.T.);
#3451=ORIENTED_EDGE('',*,*,#5052,.F.);
#3452=ORIENTED_EDGE('',*,*,#5053,.F.);
#3453=ORIENTED_EDGE('',*,*,#5049,.T.);
#3454=ORIENTED_EDGE('',*,*,#4285,.T.);
#3455=ORIENTED_EDGE('',*,*,#5054,.F.);
#3456=ORIENTED_EDGE('',*,*,#5055,.F.);
#3457=ORIENTED_EDGE('',*,*,#5052,.T.);
#3458=ORIENTED_EDGE('',*,*,#4284,.T.);
#3459=ORIENTED_EDGE('',*,*,#5056,.F.);
#3460=ORIENTED_EDGE('',*,*,#5057,.F.);
#3461=ORIENTED_EDGE('',*,*,#5054,.T.);
#3462=ORIENTED_EDGE('',*,*,#4283,.T.);
#3463=ORIENTED_EDGE('',*,*,#5058,.F.);
#3464=ORIENTED_EDGE('',*,*,#5059,.F.);
#3465=ORIENTED_EDGE('',*,*,#5056,.T.);
#3466=ORIENTED_EDGE('',*,*,#4282,.T.);
#3467=ORIENTED_EDGE('',*,*,#5060,.F.);
#3468=ORIENTED_EDGE('',*,*,#5061,.F.);
#3469=ORIENTED_EDGE('',*,*,#5058,.T.);
#3470=ORIENTED_EDGE('',*,*,#4281,.T.);
#3471=ORIENTED_EDGE('',*,*,#5062,.F.);
#3472=ORIENTED_EDGE('',*,*,#5063,.F.);
#3473=ORIENTED_EDGE('',*,*,#5060,.T.);
#3474=ORIENTED_EDGE('',*,*,#4280,.T.);
#3475=ORIENTED_EDGE('',*,*,#5064,.F.);
#3476=ORIENTED_EDGE('',*,*,#5065,.F.);
#3477=ORIENTED_EDGE('',*,*,#5062,.T.);
#3478=ORIENTED_EDGE('',*,*,#4279,.T.);
#3479=ORIENTED_EDGE('',*,*,#5066,.F.);
#3480=ORIENTED_EDGE('',*,*,#5067,.F.);
#3481=ORIENTED_EDGE('',*,*,#5064,.T.);
#3482=ORIENTED_EDGE('',*,*,#4278,.T.);
#3483=ORIENTED_EDGE('',*,*,#5068,.F.);
#3484=ORIENTED_EDGE('',*,*,#5069,.F.);
#3485=ORIENTED_EDGE('',*,*,#5066,.T.);
#3486=ORIENTED_EDGE('',*,*,#4277,.T.);
#3487=ORIENTED_EDGE('',*,*,#5051,.F.);
#3488=ORIENTED_EDGE('',*,*,#5070,.F.);
#3489=ORIENTED_EDGE('',*,*,#5068,.T.);
#3490=ORIENTED_EDGE('',*,*,#5050,.T.);
#3491=ORIENTED_EDGE('',*,*,#5053,.T.);
#3492=ORIENTED_EDGE('',*,*,#5055,.T.);
#3493=ORIENTED_EDGE('',*,*,#5057,.T.);
#3494=ORIENTED_EDGE('',*,*,#5059,.T.);
#3495=ORIENTED_EDGE('',*,*,#5061,.T.);
#3496=ORIENTED_EDGE('',*,*,#5063,.T.);
#3497=ORIENTED_EDGE('',*,*,#5065,.T.);
#3498=ORIENTED_EDGE('',*,*,#5067,.T.);
#3499=ORIENTED_EDGE('',*,*,#5069,.T.);
#3500=ORIENTED_EDGE('',*,*,#5070,.T.);
#3501=ORIENTED_EDGE('',*,*,#4806,.F.);
#3502=ORIENTED_EDGE('',*,*,#4838,.F.);
#3503=ORIENTED_EDGE('',*,*,#4819,.F.);
#3504=ORIENTED_EDGE('',*,*,#4816,.F.);
#3505=ORIENTED_EDGE('',*,*,#4813,.F.);
#3506=ORIENTED_EDGE('',*,*,#4810,.F.);
#3507=ORIENTED_EDGE('',*,*,#4840,.F.);
#3508=ORIENTED_EDGE('',*,*,#4873,.F.);
#3509=ORIENTED_EDGE('',*,*,#4850,.F.);
#3510=ORIENTED_EDGE('',*,*,#4847,.F.);
#3511=ORIENTED_EDGE('',*,*,#4844,.F.);
#3512=ORIENTED_EDGE('',*,*,#4875,.F.);
#3513=ORIENTED_EDGE('',*,*,#4907,.F.);
#3514=ORIENTED_EDGE('',*,*,#4888,.F.);
#3515=ORIENTED_EDGE('',*,*,#4885,.F.);
#3516=ORIENTED_EDGE('',*,*,#4882,.F.);
#3517=ORIENTED_EDGE('',*,*,#4879,.F.);
#3518=ORIENTED_EDGE('',*,*,#4687,.F.);
#3519=ORIENTED_EDGE('',*,*,#4524,.F.);
#3520=ORIENTED_EDGE('',*,*,#4693,.F.);
#3521=ORIENTED_EDGE('',*,*,#4486,.F.);
#3522=ORIENTED_EDGE('',*,*,#4696,.F.);
#3523=ORIENTED_EDGE('',*,*,#4528,.F.);
#3524=ORIENTED_EDGE('',*,*,#4684,.F.);
#3525=ORIENTED_EDGE('',*,*,#4482,.F.);
#3526=ORIENTED_EDGE('',*,*,#4664,.F.);
#3527=ORIENTED_EDGE('',*,*,#4582,.F.);
#3528=ORIENTED_EDGE('',*,*,#4676,.F.);
#3529=ORIENTED_EDGE('',*,*,#4478,.F.);
#3530=ORIENTED_EDGE('',*,*,#4673,.F.);
#3531=ORIENTED_EDGE('',*,*,#4586,.F.);
#3532=ORIENTED_EDGE('',*,*,#4667,.F.);
#3533=ORIENTED_EDGE('',*,*,#4474,.F.);
#3534=ORIENTED_EDGE('',*,*,#4644,.F.);
#3535=ORIENTED_EDGE('',*,*,#4591,.F.);
#3536=ORIENTED_EDGE('',*,*,#4656,.F.);
#3537=ORIENTED_EDGE('',*,*,#4462,.F.);
#3538=ORIENTED_EDGE('',*,*,#4653,.F.);
#3539=ORIENTED_EDGE('',*,*,#4595,.F.);
#3540=ORIENTED_EDGE('',*,*,#4647,.F.);
#3541=ORIENTED_EDGE('',*,*,#4458,.F.);
#3542=ORIENTED_EDGE('',*,*,#4624,.F.);
#3543=ORIENTED_EDGE('',*,*,#4600,.F.);
#3544=ORIENTED_EDGE('',*,*,#4636,.F.);
#3545=ORIENTED_EDGE('',*,*,#4470,.F.);
#3546=ORIENTED_EDGE('',*,*,#4633,.F.);
#3547=ORIENTED_EDGE('',*,*,#4604,.F.);
#3548=ORIENTED_EDGE('',*,*,#4627,.F.);
#3549=ORIENTED_EDGE('',*,*,#4466,.F.);
#3550=ORIENTED_EDGE('',*,*,#4272,.F.);
#3551=ORIENTED_EDGE('',*,*,#4522,.F.);
#3552=ORIENTED_EDGE('',*,*,#4273,.F.);
#3553=ORIENTED_EDGE('',*,*,#4580,.F.);
#3554=ORIENTED_EDGE('',*,*,#4274,.F.);
#3555=ORIENTED_EDGE('',*,*,#4589,.F.);
#3556=ORIENTED_EDGE('',*,*,#4275,.F.);
#3557=ORIENTED_EDGE('',*,*,#4598,.F.);
#3558=ORIENTED_EDGE('',*,*,#5071,.T.);
#3559=ORIENTED_EDGE('',*,*,#5072,.T.);
#3560=ORIENTED_EDGE('',*,*,#5073,.T.);
#3561=ORIENTED_EDGE('',*,*,#5074,.T.);
#3562=ORIENTED_EDGE('',*,*,#5075,.T.);
#3563=ORIENTED_EDGE('',*,*,#5076,.T.);
#3564=ORIENTED_EDGE('',*,*,#5077,.T.);
#3565=ORIENTED_EDGE('',*,*,#5078,.T.);
#3566=ORIENTED_EDGE('',*,*,#5079,.T.);
#3567=ORIENTED_EDGE('',*,*,#5080,.T.);
#3568=ORIENTED_EDGE('',*,*,#5081,.T.);
#3569=ORIENTED_EDGE('',*,*,#5082,.T.);
#3570=ORIENTED_EDGE('',*,*,#5083,.T.);
#3571=ORIENTED_EDGE('',*,*,#5084,.T.);
#3572=ORIENTED_EDGE('',*,*,#5085,.T.);
#3573=ORIENTED_EDGE('',*,*,#5086,.T.);
#3574=ORIENTED_EDGE('',*,*,#5087,.T.);
#3575=ORIENTED_EDGE('',*,*,#5088,.T.);
#3576=ORIENTED_EDGE('',*,*,#5089,.T.);
#3577=ORIENTED_EDGE('',*,*,#5090,.T.);
#3578=ORIENTED_EDGE('',*,*,#5091,.T.);
#3579=ORIENTED_EDGE('',*,*,#5092,.T.);
#3580=ORIENTED_EDGE('',*,*,#5072,.F.);
#3581=ORIENTED_EDGE('',*,*,#5093,.T.);
#3582=ORIENTED_EDGE('',*,*,#5092,.F.);
#3583=ORIENTED_EDGE('',*,*,#5094,.F.);
#3584=ORIENTED_EDGE('',*,*,#5073,.F.);
#3585=ORIENTED_EDGE('',*,*,#5094,.T.);
#3586=ORIENTED_EDGE('',*,*,#5091,.F.);
#3587=ORIENTED_EDGE('',*,*,#5095,.F.);
#3588=ORIENTED_EDGE('',*,*,#5074,.F.);
#3589=ORIENTED_EDGE('',*,*,#5095,.T.);
#3590=ORIENTED_EDGE('',*,*,#5090,.F.);
#3591=ORIENTED_EDGE('',*,*,#5096,.F.);
#3592=ORIENTED_EDGE('',*,*,#5075,.F.);
#3593=ORIENTED_EDGE('',*,*,#5096,.T.);
#3594=ORIENTED_EDGE('',*,*,#5089,.F.);
#3595=ORIENTED_EDGE('',*,*,#5097,.F.);
#3596=ORIENTED_EDGE('',*,*,#5076,.F.);
#3597=ORIENTED_EDGE('',*,*,#5097,.T.);
#3598=ORIENTED_EDGE('',*,*,#5088,.F.);
#3599=ORIENTED_EDGE('',*,*,#5098,.F.);
#3600=ORIENTED_EDGE('',*,*,#5077,.F.);
#3601=ORIENTED_EDGE('',*,*,#5098,.T.);
#3602=ORIENTED_EDGE('',*,*,#5087,.F.);
#3603=ORIENTED_EDGE('',*,*,#5099,.F.);
#3604=ORIENTED_EDGE('',*,*,#5078,.F.);
#3605=ORIENTED_EDGE('',*,*,#5099,.T.);
#3606=ORIENTED_EDGE('',*,*,#5086,.F.);
#3607=ORIENTED_EDGE('',*,*,#5100,.F.);
#3608=ORIENTED_EDGE('',*,*,#5079,.F.);
#3609=ORIENTED_EDGE('',*,*,#5100,.T.);
#3610=ORIENTED_EDGE('',*,*,#5085,.F.);
#3611=ORIENTED_EDGE('',*,*,#5101,.F.);
#3612=ORIENTED_EDGE('',*,*,#5080,.F.);
#3613=ORIENTED_EDGE('',*,*,#5101,.T.);
#3614=ORIENTED_EDGE('',*,*,#5084,.F.);
#3615=ORIENTED_EDGE('',*,*,#5102,.F.);
#3616=ORIENTED_EDGE('',*,*,#5081,.F.);
#3617=ORIENTED_EDGE('',*,*,#5102,.T.);
#3618=ORIENTED_EDGE('',*,*,#5083,.F.);
#3619=ORIENTED_EDGE('',*,*,#5103,.F.);
#3620=ORIENTED_EDGE('',*,*,#5071,.F.);
#3621=ORIENTED_EDGE('',*,*,#5103,.T.);
#3622=ORIENTED_EDGE('',*,*,#5082,.F.);
#3623=ORIENTED_EDGE('',*,*,#5093,.F.);
#3624=ORIENTED_EDGE('',*,*,#5104,.T.);
#3625=ORIENTED_EDGE('',*,*,#5105,.T.);
#3626=ORIENTED_EDGE('',*,*,#5106,.T.);
#3627=ORIENTED_EDGE('',*,*,#5107,.T.);
#3628=ORIENTED_EDGE('',*,*,#5108,.T.);
#3629=ORIENTED_EDGE('',*,*,#5109,.T.);
#3630=ORIENTED_EDGE('',*,*,#5110,.T.);
#3631=ORIENTED_EDGE('',*,*,#5111,.T.);
#3632=ORIENTED_EDGE('',*,*,#5112,.T.);
#3633=ORIENTED_EDGE('',*,*,#5113,.T.);
#3634=ORIENTED_EDGE('',*,*,#5114,.T.);
#3635=ORIENTED_EDGE('',*,*,#5115,.T.);
#3636=ORIENTED_EDGE('',*,*,#5116,.T.);
#3637=ORIENTED_EDGE('',*,*,#5117,.T.);
#3638=ORIENTED_EDGE('',*,*,#5118,.T.);
#3639=ORIENTED_EDGE('',*,*,#5119,.T.);
#3640=ORIENTED_EDGE('',*,*,#5120,.T.);
#3641=ORIENTED_EDGE('',*,*,#5121,.T.);
#3642=ORIENTED_EDGE('',*,*,#5122,.T.);
#3643=ORIENTED_EDGE('',*,*,#5123,.T.);
#3644=ORIENTED_EDGE('',*,*,#5124,.T.);
#3645=ORIENTED_EDGE('',*,*,#5125,.T.);
#3646=ORIENTED_EDGE('',*,*,#5105,.F.);
#3647=ORIENTED_EDGE('',*,*,#5126,.T.);
#3648=ORIENTED_EDGE('',*,*,#5125,.F.);
#3649=ORIENTED_EDGE('',*,*,#5127,.F.);
#3650=ORIENTED_EDGE('',*,*,#5106,.F.);
#3651=ORIENTED_EDGE('',*,*,#5127,.T.);
#3652=ORIENTED_EDGE('',*,*,#5124,.F.);
#3653=ORIENTED_EDGE('',*,*,#5128,.F.);
#3654=ORIENTED_EDGE('',*,*,#5107,.F.);
#3655=ORIENTED_EDGE('',*,*,#5128,.T.);
#3656=ORIENTED_EDGE('',*,*,#5123,.F.);
#3657=ORIENTED_EDGE('',*,*,#5129,.F.);
#3658=ORIENTED_EDGE('',*,*,#5108,.F.);
#3659=ORIENTED_EDGE('',*,*,#5129,.T.);
#3660=ORIENTED_EDGE('',*,*,#5122,.F.);
#3661=ORIENTED_EDGE('',*,*,#5130,.F.);
#3662=ORIENTED_EDGE('',*,*,#5109,.F.);
#3663=ORIENTED_EDGE('',*,*,#5130,.T.);
#3664=ORIENTED_EDGE('',*,*,#5121,.F.);
#3665=ORIENTED_EDGE('',*,*,#5131,.F.);
#3666=ORIENTED_EDGE('',*,*,#5110,.F.);
#3667=ORIENTED_EDGE('',*,*,#5131,.T.);
#3668=ORIENTED_EDGE('',*,*,#5120,.F.);
#3669=ORIENTED_EDGE('',*,*,#5132,.F.);
#3670=ORIENTED_EDGE('',*,*,#5111,.F.);
#3671=ORIENTED_EDGE('',*,*,#5132,.T.);
#3672=ORIENTED_EDGE('',*,*,#5119,.F.);
#3673=ORIENTED_EDGE('',*,*,#5133,.F.);
#3674=ORIENTED_EDGE('',*,*,#5112,.F.);
#3675=ORIENTED_EDGE('',*,*,#5133,.T.);
#3676=ORIENTED_EDGE('',*,*,#5118,.F.);
#3677=ORIENTED_EDGE('',*,*,#5134,.F.);
#3678=ORIENTED_EDGE('',*,*,#5113,.F.);
#3679=ORIENTED_EDGE('',*,*,#5134,.T.);
#3680=ORIENTED_EDGE('',*,*,#5117,.F.);
#3681=ORIENTED_EDGE('',*,*,#5135,.F.);
#3682=ORIENTED_EDGE('',*,*,#5114,.F.);
#3683=ORIENTED_EDGE('',*,*,#5135,.T.);
#3684=ORIENTED_EDGE('',*,*,#5116,.F.);
#3685=ORIENTED_EDGE('',*,*,#5136,.F.);
#3686=ORIENTED_EDGE('',*,*,#5104,.F.);
#3687=ORIENTED_EDGE('',*,*,#5136,.T.);
#3688=ORIENTED_EDGE('',*,*,#5115,.F.);
#3689=ORIENTED_EDGE('',*,*,#5126,.F.);
#3690=ORIENTED_EDGE('',*,*,#5137,.T.);
#3691=ORIENTED_EDGE('',*,*,#5138,.T.);
#3692=ORIENTED_EDGE('',*,*,#5139,.T.);
#3693=ORIENTED_EDGE('',*,*,#5140,.T.);
#3694=ORIENTED_EDGE('',*,*,#5141,.T.);
#3695=ORIENTED_EDGE('',*,*,#5142,.T.);
#3696=ORIENTED_EDGE('',*,*,#5143,.T.);
#3697=ORIENTED_EDGE('',*,*,#5144,.T.);
#3698=ORIENTED_EDGE('',*,*,#5145,.T.);
#3699=ORIENTED_EDGE('',*,*,#5146,.T.);
#3700=ORIENTED_EDGE('',*,*,#5147,.T.);
#3701=ORIENTED_EDGE('',*,*,#5148,.T.);
#3702=ORIENTED_EDGE('',*,*,#5149,.T.);
#3703=ORIENTED_EDGE('',*,*,#5150,.T.);
#3704=ORIENTED_EDGE('',*,*,#5151,.T.);
#3705=ORIENTED_EDGE('',*,*,#5152,.T.);
#3706=ORIENTED_EDGE('',*,*,#5153,.T.);
#3707=ORIENTED_EDGE('',*,*,#5154,.T.);
#3708=ORIENTED_EDGE('',*,*,#5155,.T.);
#3709=ORIENTED_EDGE('',*,*,#5156,.T.);
#3710=ORIENTED_EDGE('',*,*,#5143,.F.);
#3711=ORIENTED_EDGE('',*,*,#5157,.T.);
#3712=ORIENTED_EDGE('',*,*,#5156,.F.);
#3713=ORIENTED_EDGE('',*,*,#5158,.F.);
#3714=ORIENTED_EDGE('',*,*,#5138,.F.);
#3715=ORIENTED_EDGE('',*,*,#5159,.T.);
#3716=ORIENTED_EDGE('',*,*,#5151,.F.);
#3717=ORIENTED_EDGE('',*,*,#5160,.F.);
#3718=ORIENTED_EDGE('',*,*,#5139,.F.);
#3719=ORIENTED_EDGE('',*,*,#5160,.T.);
#3720=ORIENTED_EDGE('',*,*,#5150,.F.);
#3721=ORIENTED_EDGE('',*,*,#5161,.F.);
#3722=ORIENTED_EDGE('',*,*,#5140,.F.);
#3723=ORIENTED_EDGE('',*,*,#5161,.T.);
#3724=ORIENTED_EDGE('',*,*,#5149,.F.);
#3725=ORIENTED_EDGE('',*,*,#5162,.F.);
#3726=ORIENTED_EDGE('',*,*,#5141,.F.);
#3727=ORIENTED_EDGE('',*,*,#5162,.T.);
#3728=ORIENTED_EDGE('',*,*,#5148,.F.);
#3729=ORIENTED_EDGE('',*,*,#5163,.F.);
#3730=ORIENTED_EDGE('',*,*,#5137,.F.);
#3731=ORIENTED_EDGE('',*,*,#5163,.T.);
#3732=ORIENTED_EDGE('',*,*,#5147,.F.);
#3733=ORIENTED_EDGE('',*,*,#5159,.F.);
#3734=ORIENTED_EDGE('',*,*,#5144,.F.);
#3735=ORIENTED_EDGE('',*,*,#5158,.T.);
#3736=ORIENTED_EDGE('',*,*,#5155,.F.);
#3737=ORIENTED_EDGE('',*,*,#5164,.F.);
#3738=ORIENTED_EDGE('',*,*,#5145,.F.);
#3739=ORIENTED_EDGE('',*,*,#5164,.T.);
#3740=ORIENTED_EDGE('',*,*,#5154,.F.);
#3741=ORIENTED_EDGE('',*,*,#5165,.F.);
#3742=ORIENTED_EDGE('',*,*,#5146,.F.);
#3743=ORIENTED_EDGE('',*,*,#5165,.T.);
#3744=ORIENTED_EDGE('',*,*,#5153,.F.);
#3745=ORIENTED_EDGE('',*,*,#5166,.F.);
#3746=ORIENTED_EDGE('',*,*,#5142,.F.);
#3747=ORIENTED_EDGE('',*,*,#5166,.T.);
#3748=ORIENTED_EDGE('',*,*,#5152,.F.);
#3749=ORIENTED_EDGE('',*,*,#5157,.F.);
#3750=ORIENTED_EDGE('',*,*,#5167,.T.);
#3751=ORIENTED_EDGE('',*,*,#5168,.T.);
#3752=ORIENTED_EDGE('',*,*,#5169,.T.);
#3753=ORIENTED_EDGE('',*,*,#5170,.T.);
#3754=ORIENTED_EDGE('',*,*,#5171,.T.);
#3755=ORIENTED_EDGE('',*,*,#5172,.T.);
#3756=ORIENTED_EDGE('',*,*,#5173,.T.);
#3757=ORIENTED_EDGE('',*,*,#5174,.T.);
#3758=ORIENTED_EDGE('',*,*,#5175,.T.);
#3759=ORIENTED_EDGE('',*,*,#5176,.T.);
#3760=ORIENTED_EDGE('',*,*,#5177,.T.);
#3761=ORIENTED_EDGE('',*,*,#5178,.T.);
#3762=ORIENTED_EDGE('',*,*,#5179,.T.);
#3763=ORIENTED_EDGE('',*,*,#5180,.T.);
#3764=ORIENTED_EDGE('',*,*,#5181,.T.);
#3765=ORIENTED_EDGE('',*,*,#5182,.T.);
#3766=ORIENTED_EDGE('',*,*,#5183,.T.);
#3767=ORIENTED_EDGE('',*,*,#5184,.T.);
#3768=ORIENTED_EDGE('',*,*,#5185,.T.);
#3769=ORIENTED_EDGE('',*,*,#5186,.T.);
#3770=ORIENTED_EDGE('',*,*,#5187,.T.);
#3771=ORIENTED_EDGE('',*,*,#5188,.T.);
#3772=ORIENTED_EDGE('',*,*,#5189,.T.);
#3773=ORIENTED_EDGE('',*,*,#5190,.T.);
#3774=ORIENTED_EDGE('',*,*,#5191,.T.);
#3775=ORIENTED_EDGE('',*,*,#5192,.T.);
#3776=ORIENTED_EDGE('',*,*,#5193,.T.);
#3777=ORIENTED_EDGE('',*,*,#5194,.T.);
#3778=ORIENTED_EDGE('',*,*,#5176,.F.);
#3779=ORIENTED_EDGE('',*,*,#5195,.T.);
#3780=ORIENTED_EDGE('',*,*,#5194,.F.);
#3781=ORIENTED_EDGE('',*,*,#5196,.F.);
#3782=ORIENTED_EDGE('',*,*,#5168,.F.);
#3783=ORIENTED_EDGE('',*,*,#5197,.T.);
#3784=ORIENTED_EDGE('',*,*,#5188,.F.);
#3785=ORIENTED_EDGE('',*,*,#5198,.F.);
#3786=ORIENTED_EDGE('',*,*,#5169,.F.);
#3787=ORIENTED_EDGE('',*,*,#5198,.T.);
#3788=ORIENTED_EDGE('',*,*,#5187,.F.);
#3789=ORIENTED_EDGE('',*,*,#5199,.F.);
#3790=ORIENTED_EDGE('',*,*,#5170,.F.);
#3791=ORIENTED_EDGE('',*,*,#5199,.T.);
#3792=ORIENTED_EDGE('',*,*,#5186,.F.);
#3793=ORIENTED_EDGE('',*,*,#5200,.F.);
#3794=ORIENTED_EDGE('',*,*,#5171,.F.);
#3795=ORIENTED_EDGE('',*,*,#5200,.T.);
#3796=ORIENTED_EDGE('',*,*,#5185,.F.);
#3797=ORIENTED_EDGE('',*,*,#5201,.F.);
#3798=ORIENTED_EDGE('',*,*,#5172,.F.);
#3799=ORIENTED_EDGE('',*,*,#5201,.T.);
#3800=ORIENTED_EDGE('',*,*,#5184,.F.);
#3801=ORIENTED_EDGE('',*,*,#5202,.F.);
#3802=ORIENTED_EDGE('',*,*,#5173,.F.);
#3803=ORIENTED_EDGE('',*,*,#5202,.T.);
#3804=ORIENTED_EDGE('',*,*,#5183,.F.);
#3805=ORIENTED_EDGE('',*,*,#5203,.F.);
#3806=ORIENTED_EDGE('',*,*,#5174,.F.);
#3807=ORIENTED_EDGE('',*,*,#5203,.T.);
#3808=ORIENTED_EDGE('',*,*,#5182,.F.);
#3809=ORIENTED_EDGE('',*,*,#5204,.F.);
#3810=ORIENTED_EDGE('',*,*,#5167,.F.);
#3811=ORIENTED_EDGE('',*,*,#5204,.T.);
#3812=ORIENTED_EDGE('',*,*,#5181,.F.);
#3813=ORIENTED_EDGE('',*,*,#5197,.F.);
#3814=ORIENTED_EDGE('',*,*,#5177,.F.);
#3815=ORIENTED_EDGE('',*,*,#5196,.T.);
#3816=ORIENTED_EDGE('',*,*,#5193,.F.);
#3817=ORIENTED_EDGE('',*,*,#5205,.F.);
#3818=ORIENTED_EDGE('',*,*,#5178,.F.);
#3819=ORIENTED_EDGE('',*,*,#5205,.T.);
#3820=ORIENTED_EDGE('',*,*,#5192,.F.);
#3821=ORIENTED_EDGE('',*,*,#5206,.F.);
#3822=ORIENTED_EDGE('',*,*,#5179,.F.);
#3823=ORIENTED_EDGE('',*,*,#5206,.T.);
#3824=ORIENTED_EDGE('',*,*,#5191,.F.);
#3825=ORIENTED_EDGE('',*,*,#5207,.F.);
#3826=ORIENTED_EDGE('',*,*,#5180,.F.);
#3827=ORIENTED_EDGE('',*,*,#5207,.T.);
#3828=ORIENTED_EDGE('',*,*,#5190,.F.);
#3829=ORIENTED_EDGE('',*,*,#5208,.F.);
#3830=ORIENTED_EDGE('',*,*,#5175,.F.);
#3831=ORIENTED_EDGE('',*,*,#5208,.T.);
#3832=ORIENTED_EDGE('',*,*,#5189,.F.);
#3833=ORIENTED_EDGE('',*,*,#5195,.F.);
#3834=ORIENTED_EDGE('',*,*,#5209,.T.);
#3835=ORIENTED_EDGE('',*,*,#5210,.T.);
#3836=ORIENTED_EDGE('',*,*,#5211,.T.);
#3837=ORIENTED_EDGE('',*,*,#5212,.T.);
#3838=ORIENTED_EDGE('',*,*,#5213,.T.);
#3839=ORIENTED_EDGE('',*,*,#5214,.T.);
#3840=ORIENTED_EDGE('',*,*,#5215,.T.);
#3841=ORIENTED_EDGE('',*,*,#5216,.T.);
#3842=ORIENTED_EDGE('',*,*,#5217,.T.);
#3843=ORIENTED_EDGE('',*,*,#5218,.T.);
#3844=ORIENTED_EDGE('',*,*,#5219,.T.);
#3845=ORIENTED_EDGE('',*,*,#5220,.T.);
#3846=ORIENTED_EDGE('',*,*,#5221,.T.);
#3847=ORIENTED_EDGE('',*,*,#5222,.T.);
#3848=ORIENTED_EDGE('',*,*,#5223,.T.);
#3849=ORIENTED_EDGE('',*,*,#5224,.T.);
#3850=ORIENTED_EDGE('',*,*,#5225,.T.);
#3851=ORIENTED_EDGE('',*,*,#5226,.T.);
#3852=ORIENTED_EDGE('',*,*,#5227,.T.);
#3853=ORIENTED_EDGE('',*,*,#5228,.T.);
#3854=ORIENTED_EDGE('',*,*,#5229,.T.);
#3855=ORIENTED_EDGE('',*,*,#5230,.T.);
#3856=ORIENTED_EDGE('',*,*,#5231,.T.);
#3857=ORIENTED_EDGE('',*,*,#5232,.T.);
#3858=ORIENTED_EDGE('',*,*,#5233,.T.);
#3859=ORIENTED_EDGE('',*,*,#5234,.T.);
#3860=ORIENTED_EDGE('',*,*,#5235,.T.);
#3861=ORIENTED_EDGE('',*,*,#5236,.T.);
#3862=ORIENTED_EDGE('',*,*,#5237,.T.);
#3863=ORIENTED_EDGE('',*,*,#5238,.T.);
#3864=ORIENTED_EDGE('',*,*,#5220,.F.);
#3865=ORIENTED_EDGE('',*,*,#5239,.T.);
#3866=ORIENTED_EDGE('',*,*,#5238,.F.);
#3867=ORIENTED_EDGE('',*,*,#5240,.F.);
#3868=ORIENTED_EDGE('',*,*,#5210,.F.);
#3869=ORIENTED_EDGE('',*,*,#5241,.T.);
#3870=ORIENTED_EDGE('',*,*,#5233,.F.);
#3871=ORIENTED_EDGE('',*,*,#5242,.F.);
#3872=ORIENTED_EDGE('',*,*,#5211,.F.);
#3873=ORIENTED_EDGE('',*,*,#5242,.T.);
#3874=ORIENTED_EDGE('',*,*,#5232,.F.);
#3875=ORIENTED_EDGE('',*,*,#5243,.F.);
#3876=ORIENTED_EDGE('',*,*,#5212,.F.);
#3877=ORIENTED_EDGE('',*,*,#5243,.T.);
#3878=ORIENTED_EDGE('',*,*,#5231,.F.);
#3879=ORIENTED_EDGE('',*,*,#5244,.F.);
#3880=ORIENTED_EDGE('',*,*,#5213,.F.);
#3881=ORIENTED_EDGE('',*,*,#5244,.T.);
#3882=ORIENTED_EDGE('',*,*,#5230,.F.);
#3883=ORIENTED_EDGE('',*,*,#5245,.F.);
#3884=ORIENTED_EDGE('',*,*,#5214,.F.);
#3885=ORIENTED_EDGE('',*,*,#5245,.T.);
#3886=ORIENTED_EDGE('',*,*,#5229,.F.);
#3887=ORIENTED_EDGE('',*,*,#5246,.F.);
#3888=ORIENTED_EDGE('',*,*,#5215,.F.);
#3889=ORIENTED_EDGE('',*,*,#5246,.T.);
#3890=ORIENTED_EDGE('',*,*,#5228,.F.);
#3891=ORIENTED_EDGE('',*,*,#5247,.F.);
#3892=ORIENTED_EDGE('',*,*,#5216,.F.);
#3893=ORIENTED_EDGE('',*,*,#5247,.T.);
#3894=ORIENTED_EDGE('',*,*,#5227,.F.);
#3895=ORIENTED_EDGE('',*,*,#5248,.F.);
#3896=ORIENTED_EDGE('',*,*,#5217,.F.);
#3897=ORIENTED_EDGE('',*,*,#5248,.T.);
#3898=ORIENTED_EDGE('',*,*,#5226,.F.);
#3899=ORIENTED_EDGE('',*,*,#5249,.F.);
#3900=ORIENTED_EDGE('',*,*,#5218,.F.);
#3901=ORIENTED_EDGE('',*,*,#5249,.T.);
#3902=ORIENTED_EDGE('',*,*,#5225,.F.);
#3903=ORIENTED_EDGE('',*,*,#5250,.F.);
#3904=ORIENTED_EDGE('',*,*,#5209,.F.);
#3905=ORIENTED_EDGE('',*,*,#5250,.T.);
#3906=ORIENTED_EDGE('',*,*,#5224,.F.);
#3907=ORIENTED_EDGE('',*,*,#5241,.F.);
#3908=ORIENTED_EDGE('',*,*,#5221,.F.);
#3909=ORIENTED_EDGE('',*,*,#5240,.T.);
#3910=ORIENTED_EDGE('',*,*,#5237,.F.);
#3911=ORIENTED_EDGE('',*,*,#5251,.F.);
#3912=ORIENTED_EDGE('',*,*,#5222,.F.);
#3913=ORIENTED_EDGE('',*,*,#5251,.T.);
#3914=ORIENTED_EDGE('',*,*,#5236,.F.);
#3915=ORIENTED_EDGE('',*,*,#5252,.F.);
#3916=ORIENTED_EDGE('',*,*,#5223,.F.);
#3917=ORIENTED_EDGE('',*,*,#5252,.T.);
#3918=ORIENTED_EDGE('',*,*,#5235,.F.);
#3919=ORIENTED_EDGE('',*,*,#5253,.F.);
#3920=ORIENTED_EDGE('',*,*,#5219,.F.);
#3921=ORIENTED_EDGE('',*,*,#5253,.T.);
#3922=ORIENTED_EDGE('',*,*,#5234,.F.);
#3923=ORIENTED_EDGE('',*,*,#5239,.F.);
#3924=ORIENTED_EDGE('',*,*,#5254,.T.);
#3925=ORIENTED_EDGE('',*,*,#5255,.T.);
#3926=ORIENTED_EDGE('',*,*,#5256,.T.);
#3927=ORIENTED_EDGE('',*,*,#5257,.T.);
#3928=ORIENTED_EDGE('',*,*,#5258,.T.);
#3929=ORIENTED_EDGE('',*,*,#5259,.T.);
#3930=ORIENTED_EDGE('',*,*,#5260,.T.);
#3931=ORIENTED_EDGE('',*,*,#5261,.T.);
#3932=ORIENTED_EDGE('',*,*,#5262,.T.);
#3933=ORIENTED_EDGE('',*,*,#5263,.T.);
#3934=ORIENTED_EDGE('',*,*,#5264,.T.);
#3935=ORIENTED_EDGE('',*,*,#5265,.T.);
#3936=ORIENTED_EDGE('',*,*,#5266,.T.);
#3937=ORIENTED_EDGE('',*,*,#5267,.T.);
#3938=ORIENTED_EDGE('',*,*,#5268,.T.);
#3939=ORIENTED_EDGE('',*,*,#5269,.T.);
#3940=ORIENTED_EDGE('',*,*,#5270,.T.);
#3941=ORIENTED_EDGE('',*,*,#5271,.T.);
#3942=ORIENTED_EDGE('',*,*,#5272,.T.);
#3943=ORIENTED_EDGE('',*,*,#5273,.T.);
#3944=ORIENTED_EDGE('',*,*,#5255,.F.);
#3945=ORIENTED_EDGE('',*,*,#5274,.T.);
#3946=ORIENTED_EDGE('',*,*,#5273,.F.);
#3947=ORIENTED_EDGE('',*,*,#5275,.F.);
#3948=ORIENTED_EDGE('',*,*,#5256,.F.);
#3949=ORIENTED_EDGE('',*,*,#5275,.T.);
#3950=ORIENTED_EDGE('',*,*,#5272,.F.);
#3951=ORIENTED_EDGE('',*,*,#5276,.F.);
#3952=ORIENTED_EDGE('',*,*,#5257,.F.);
#3953=ORIENTED_EDGE('',*,*,#5276,.T.);
#3954=ORIENTED_EDGE('',*,*,#5271,.F.);
#3955=ORIENTED_EDGE('',*,*,#5277,.F.);
#3956=ORIENTED_EDGE('',*,*,#5258,.F.);
#3957=ORIENTED_EDGE('',*,*,#5277,.T.);
#3958=ORIENTED_EDGE('',*,*,#5270,.F.);
#3959=ORIENTED_EDGE('',*,*,#5278,.F.);
#3960=ORIENTED_EDGE('',*,*,#5259,.F.);
#3961=ORIENTED_EDGE('',*,*,#5278,.T.);
#3962=ORIENTED_EDGE('',*,*,#5269,.F.);
#3963=ORIENTED_EDGE('',*,*,#5279,.F.);
#3964=ORIENTED_EDGE('',*,*,#5260,.F.);
#3965=ORIENTED_EDGE('',*,*,#5279,.T.);
#3966=ORIENTED_EDGE('',*,*,#5268,.F.);
#3967=ORIENTED_EDGE('',*,*,#5280,.F.);
#3968=ORIENTED_EDGE('',*,*,#5261,.F.);
#3969=ORIENTED_EDGE('',*,*,#5280,.T.);
#3970=ORIENTED_EDGE('',*,*,#5267,.F.);
#3971=ORIENTED_EDGE('',*,*,#5281,.F.);
#3972=ORIENTED_EDGE('',*,*,#5262,.F.);
#3973=ORIENTED_EDGE('',*,*,#5281,.T.);
#3974=ORIENTED_EDGE('',*,*,#5266,.F.);
#3975=ORIENTED_EDGE('',*,*,#5282,.F.);
#3976=ORIENTED_EDGE('',*,*,#5263,.F.);
#3977=ORIENTED_EDGE('',*,*,#5282,.T.);
#3978=ORIENTED_EDGE('',*,*,#5265,.F.);
#3979=ORIENTED_EDGE('',*,*,#5283,.F.);
#3980=ORIENTED_EDGE('',*,*,#5254,.F.);
#3981=ORIENTED_EDGE('',*,*,#5283,.T.);
#3982=ORIENTED_EDGE('',*,*,#5264,.F.);
#3983=ORIENTED_EDGE('',*,*,#5274,.F.);
#3984=ORIENTED_EDGE('',*,*,#5284,.T.);
#3985=ORIENTED_EDGE('',*,*,#5285,.T.);
#3986=ORIENTED_EDGE('',*,*,#5286,.T.);
#3987=ORIENTED_EDGE('',*,*,#5287,.T.);
#3988=ORIENTED_EDGE('',*,*,#5288,.T.);
#3989=ORIENTED_EDGE('',*,*,#5289,.T.);
#3990=ORIENTED_EDGE('',*,*,#5290,.T.);
#3991=ORIENTED_EDGE('',*,*,#5291,.T.);
#3992=ORIENTED_EDGE('',*,*,#5292,.T.);
#3993=ORIENTED_EDGE('',*,*,#5293,.T.);
#3994=ORIENTED_EDGE('',*,*,#5294,.T.);
#3995=ORIENTED_EDGE('',*,*,#5295,.T.);
#3996=ORIENTED_EDGE('',*,*,#5296,.T.);
#3997=ORIENTED_EDGE('',*,*,#5297,.T.);
#3998=ORIENTED_EDGE('',*,*,#5298,.T.);
#3999=ORIENTED_EDGE('',*,*,#5299,.T.);
#4000=ORIENTED_EDGE('',*,*,#5300,.T.);
#4001=ORIENTED_EDGE('',*,*,#5301,.T.);
#4002=ORIENTED_EDGE('',*,*,#5302,.T.);
#4003=ORIENTED_EDGE('',*,*,#5303,.T.);
#4004=ORIENTED_EDGE('',*,*,#5304,.T.);
#4005=ORIENTED_EDGE('',*,*,#5305,.T.);
#4006=ORIENTED_EDGE('',*,*,#5306,.T.);
#4007=ORIENTED_EDGE('',*,*,#5307,.T.);
#4008=ORIENTED_EDGE('',*,*,#5308,.T.);
#4009=ORIENTED_EDGE('',*,*,#5309,.T.);
#4010=ORIENTED_EDGE('',*,*,#5310,.T.);
#4011=ORIENTED_EDGE('',*,*,#5311,.T.);
#4012=ORIENTED_EDGE('',*,*,#5293,.F.);
#4013=ORIENTED_EDGE('',*,*,#5312,.T.);
#4014=ORIENTED_EDGE('',*,*,#5311,.F.);
#4015=ORIENTED_EDGE('',*,*,#5313,.F.);
#4016=ORIENTED_EDGE('',*,*,#5285,.F.);
#4017=ORIENTED_EDGE('',*,*,#5314,.T.);
#4018=ORIENTED_EDGE('',*,*,#5305,.F.);
#4019=ORIENTED_EDGE('',*,*,#5315,.F.);
#4020=ORIENTED_EDGE('',*,*,#5286,.F.);
#4021=ORIENTED_EDGE('',*,*,#5315,.T.);
#4022=ORIENTED_EDGE('',*,*,#5304,.F.);
#4023=ORIENTED_EDGE('',*,*,#5316,.F.);
#4024=ORIENTED_EDGE('',*,*,#5287,.F.);
#4025=ORIENTED_EDGE('',*,*,#5316,.T.);
#4026=ORIENTED_EDGE('',*,*,#5303,.F.);
#4027=ORIENTED_EDGE('',*,*,#5317,.F.);
#4028=ORIENTED_EDGE('',*,*,#5288,.F.);
#4029=ORIENTED_EDGE('',*,*,#5317,.T.);
#4030=ORIENTED_EDGE('',*,*,#5302,.F.);
#4031=ORIENTED_EDGE('',*,*,#5318,.F.);
#4032=ORIENTED_EDGE('',*,*,#5289,.F.);
#4033=ORIENTED_EDGE('',*,*,#5318,.T.);
#4034=ORIENTED_EDGE('',*,*,#5301,.F.);
#4035=ORIENTED_EDGE('',*,*,#5319,.F.);
#4036=ORIENTED_EDGE('',*,*,#5290,.F.);
#4037=ORIENTED_EDGE('',*,*,#5319,.T.);
#4038=ORIENTED_EDGE('',*,*,#5300,.F.);
#4039=ORIENTED_EDGE('',*,*,#5320,.F.);
#4040=ORIENTED_EDGE('',*,*,#5291,.F.);
#4041=ORIENTED_EDGE('',*,*,#5320,.T.);
#4042=ORIENTED_EDGE('',*,*,#5299,.F.);
#4043=ORIENTED_EDGE('',*,*,#5321,.F.);
#4044=ORIENTED_EDGE('',*,*,#5284,.F.);
#4045=ORIENTED_EDGE('',*,*,#5321,.T.);
#4046=ORIENTED_EDGE('',*,*,#5298,.F.);
#4047=ORIENTED_EDGE('',*,*,#5314,.F.);
#4048=ORIENTED_EDGE('',*,*,#5294,.F.);
#4049=ORIENTED_EDGE('',*,*,#5313,.T.);
#4050=ORIENTED_EDGE('',*,*,#5310,.F.);
#4051=ORIENTED_EDGE('',*,*,#5322,.F.);
#4052=ORIENTED_EDGE('',*,*,#5295,.F.);
#4053=ORIENTED_EDGE('',*,*,#5322,.T.);
#4054=ORIENTED_EDGE('',*,*,#5309,.F.);
#4055=ORIENTED_EDGE('',*,*,#5323,.F.);
#4056=ORIENTED_EDGE('',*,*,#5296,.F.);
#4057=ORIENTED_EDGE('',*,*,#5323,.T.);
#4058=ORIENTED_EDGE('',*,*,#5308,.F.);
#4059=ORIENTED_EDGE('',*,*,#5324,.F.);
#4060=ORIENTED_EDGE('',*,*,#5297,.F.);
#4061=ORIENTED_EDGE('',*,*,#5324,.T.);
#4062=ORIENTED_EDGE('',*,*,#5307,.F.);
#4063=ORIENTED_EDGE('',*,*,#5325,.F.);
#4064=ORIENTED_EDGE('',*,*,#5292,.F.);
#4065=ORIENTED_EDGE('',*,*,#5325,.T.);
#4066=ORIENTED_EDGE('',*,*,#5306,.F.);
#4067=ORIENTED_EDGE('',*,*,#5312,.F.);
#4068=ORIENTED_EDGE('',*,*,#5326,.T.);
#4069=ORIENTED_EDGE('',*,*,#5327,.T.);
#4070=ORIENTED_EDGE('',*,*,#5328,.T.);
#4071=ORIENTED_EDGE('',*,*,#5329,.T.);
#4072=ORIENTED_EDGE('',*,*,#5330,.T.);
#4073=ORIENTED_EDGE('',*,*,#5331,.T.);
#4074=ORIENTED_EDGE('',*,*,#5332,.T.);
#4075=ORIENTED_EDGE('',*,*,#5333,.T.);
#4076=ORIENTED_EDGE('',*,*,#5334,.T.);
#4077=ORIENTED_EDGE('',*,*,#5335,.T.);
#4078=ORIENTED_EDGE('',*,*,#5336,.T.);
#4079=ORIENTED_EDGE('',*,*,#5337,.T.);
#4080=ORIENTED_EDGE('',*,*,#5338,.T.);
#4081=ORIENTED_EDGE('',*,*,#5339,.T.);
#4082=ORIENTED_EDGE('',*,*,#5340,.T.);
#4083=ORIENTED_EDGE('',*,*,#5341,.T.);
#4084=ORIENTED_EDGE('',*,*,#5342,.T.);
#4085=ORIENTED_EDGE('',*,*,#5343,.T.);
#4086=ORIENTED_EDGE('',*,*,#5344,.T.);
#4087=ORIENTED_EDGE('',*,*,#5345,.T.);
#4088=ORIENTED_EDGE('',*,*,#5332,.F.);
#4089=ORIENTED_EDGE('',*,*,#5346,.T.);
#4090=ORIENTED_EDGE('',*,*,#5345,.F.);
#4091=ORIENTED_EDGE('',*,*,#5347,.F.);
#4092=ORIENTED_EDGE('',*,*,#5327,.F.);
#4093=ORIENTED_EDGE('',*,*,#5348,.T.);
#4094=ORIENTED_EDGE('',*,*,#5340,.F.);
#4095=ORIENTED_EDGE('',*,*,#5349,.F.);
#4096=ORIENTED_EDGE('',*,*,#5328,.F.);
#4097=ORIENTED_EDGE('',*,*,#5349,.T.);
#4098=ORIENTED_EDGE('',*,*,#5339,.F.);
#4099=ORIENTED_EDGE('',*,*,#5350,.F.);
#4100=ORIENTED_EDGE('',*,*,#5329,.F.);
#4101=ORIENTED_EDGE('',*,*,#5350,.T.);
#4102=ORIENTED_EDGE('',*,*,#5338,.F.);
#4103=ORIENTED_EDGE('',*,*,#5351,.F.);
#4104=ORIENTED_EDGE('',*,*,#5330,.F.);
#4105=ORIENTED_EDGE('',*,*,#5351,.T.);
#4106=ORIENTED_EDGE('',*,*,#5337,.F.);
#4107=ORIENTED_EDGE('',*,*,#5352,.F.);
#4108=ORIENTED_EDGE('',*,*,#5326,.F.);
#4109=ORIENTED_EDGE('',*,*,#5352,.T.);
#4110=ORIENTED_EDGE('',*,*,#5336,.F.);
#4111=ORIENTED_EDGE('',*,*,#5348,.F.);
#4112=ORIENTED_EDGE('',*,*,#5333,.F.);
#4113=ORIENTED_EDGE('',*,*,#5347,.T.);
#4114=ORIENTED_EDGE('',*,*,#5344,.F.);
#4115=ORIENTED_EDGE('',*,*,#5353,.F.);
#4116=ORIENTED_EDGE('',*,*,#5334,.F.);
#4117=ORIENTED_EDGE('',*,*,#5353,.T.);
#4118=ORIENTED_EDGE('',*,*,#5343,.F.);
#4119=ORIENTED_EDGE('',*,*,#5354,.F.);
#4120=ORIENTED_EDGE('',*,*,#5335,.F.);
#4121=ORIENTED_EDGE('',*,*,#5354,.T.);
#4122=ORIENTED_EDGE('',*,*,#5342,.F.);
#4123=ORIENTED_EDGE('',*,*,#5355,.F.);
#4124=ORIENTED_EDGE('',*,*,#5331,.F.);
#4125=ORIENTED_EDGE('',*,*,#5355,.T.);
#4126=ORIENTED_EDGE('',*,*,#5341,.F.);
#4127=ORIENTED_EDGE('',*,*,#5346,.F.);
#4128=ORIENTED_EDGE('',*,*,#5356,.T.);
#4129=ORIENTED_EDGE('',*,*,#5357,.T.);
#4130=ORIENTED_EDGE('',*,*,#5358,.T.);
#4131=ORIENTED_EDGE('',*,*,#5359,.T.);
#4132=ORIENTED_EDGE('',*,*,#5360,.T.);
#4133=ORIENTED_EDGE('',*,*,#5361,.T.);
#4134=ORIENTED_EDGE('',*,*,#5362,.T.);
#4135=ORIENTED_EDGE('',*,*,#5363,.T.);
#4136=ORIENTED_EDGE('',*,*,#5364,.T.);
#4137=ORIENTED_EDGE('',*,*,#5365,.T.);
#4138=ORIENTED_EDGE('',*,*,#5366,.T.);
#4139=ORIENTED_EDGE('',*,*,#5367,.T.);
#4140=ORIENTED_EDGE('',*,*,#5368,.T.);
#4141=ORIENTED_EDGE('',*,*,#5369,.T.);
#4142=ORIENTED_EDGE('',*,*,#5370,.T.);
#4143=ORIENTED_EDGE('',*,*,#5371,.T.);
#4144=ORIENTED_EDGE('',*,*,#5372,.T.);
#4145=ORIENTED_EDGE('',*,*,#5373,.T.);
#4146=ORIENTED_EDGE('',*,*,#5374,.T.);
#4147=ORIENTED_EDGE('',*,*,#5375,.T.);
#4148=ORIENTED_EDGE('',*,*,#5376,.T.);
#4149=ORIENTED_EDGE('',*,*,#5377,.T.);
#4150=ORIENTED_EDGE('',*,*,#5378,.T.);
#4151=ORIENTED_EDGE('',*,*,#5379,.T.);
#4152=ORIENTED_EDGE('',*,*,#5357,.F.);
#4153=ORIENTED_EDGE('',*,*,#5380,.T.);
#4154=ORIENTED_EDGE('',*,*,#5379,.F.);
#4155=ORIENTED_EDGE('',*,*,#5381,.F.);
#4156=ORIENTED_EDGE('',*,*,#5358,.F.);
#4157=ORIENTED_EDGE('',*,*,#5381,.T.);
#4158=ORIENTED_EDGE('',*,*,#5378,.F.);
#4159=ORIENTED_EDGE('',*,*,#5382,.F.);
#4160=ORIENTED_EDGE('',*,*,#5359,.F.);
#4161=ORIENTED_EDGE('',*,*,#5382,.T.);
#4162=ORIENTED_EDGE('',*,*,#5377,.F.);
#4163=ORIENTED_EDGE('',*,*,#5383,.F.);
#4164=ORIENTED_EDGE('',*,*,#5360,.F.);
#4165=ORIENTED_EDGE('',*,*,#5383,.T.);
#4166=ORIENTED_EDGE('',*,*,#5376,.F.);
#4167=ORIENTED_EDGE('',*,*,#5384,.F.);
#4168=ORIENTED_EDGE('',*,*,#5361,.F.);
#4169=ORIENTED_EDGE('',*,*,#5384,.T.);
#4170=ORIENTED_EDGE('',*,*,#5375,.F.);
#4171=ORIENTED_EDGE('',*,*,#5385,.F.);
#4172=ORIENTED_EDGE('',*,*,#5362,.F.);
#4173=ORIENTED_EDGE('',*,*,#5385,.T.);
#4174=ORIENTED_EDGE('',*,*,#5374,.F.);
#4175=ORIENTED_EDGE('',*,*,#5386,.F.);
#4176=ORIENTED_EDGE('',*,*,#5363,.F.);
#4177=ORIENTED_EDGE('',*,*,#5386,.T.);
#4178=ORIENTED_EDGE('',*,*,#5373,.F.);
#4179=ORIENTED_EDGE('',*,*,#5387,.F.);
#4180=ORIENTED_EDGE('',*,*,#5364,.F.);
#4181=ORIENTED_EDGE('',*,*,#5387,.T.);
#4182=ORIENTED_EDGE('',*,*,#5372,.F.);
#4183=ORIENTED_EDGE('',*,*,#5388,.F.);
#4184=ORIENTED_EDGE('',*,*,#5365,.F.);
#4185=ORIENTED_EDGE('',*,*,#5388,.T.);
#4186=ORIENTED_EDGE('',*,*,#5371,.F.);
#4187=ORIENTED_EDGE('',*,*,#5389,.F.);
#4188=ORIENTED_EDGE('',*,*,#5366,.F.);
#4189=ORIENTED_EDGE('',*,*,#5389,.T.);
#4190=ORIENTED_EDGE('',*,*,#5370,.F.);
#4191=ORIENTED_EDGE('',*,*,#5390,.F.);
#4192=ORIENTED_EDGE('',*,*,#5367,.F.);
#4193=ORIENTED_EDGE('',*,*,#5390,.T.);
#4194=ORIENTED_EDGE('',*,*,#5369,.F.);
#4195=ORIENTED_EDGE('',*,*,#5391,.F.);
#4196=ORIENTED_EDGE('',*,*,#5356,.F.);
#4197=ORIENTED_EDGE('',*,*,#5391,.T.);
#4198=ORIENTED_EDGE('',*,*,#5368,.F.);
#4199=ORIENTED_EDGE('',*,*,#5380,.F.);
#4200=ORIENTED_EDGE('',*,*,#5392,.T.);
#4201=ORIENTED_EDGE('',*,*,#5393,.T.);
#4202=ORIENTED_EDGE('',*,*,#5394,.T.);
#4203=ORIENTED_EDGE('',*,*,#5395,.T.);
#4204=ORIENTED_EDGE('',*,*,#5396,.T.);
#4205=ORIENTED_EDGE('',*,*,#5397,.T.);
#4206=ORIENTED_EDGE('',*,*,#5398,.T.);
#4207=ORIENTED_EDGE('',*,*,#5399,.T.);
#4208=ORIENTED_EDGE('',*,*,#5400,.T.);
#4209=ORIENTED_EDGE('',*,*,#5401,.T.);
#4210=ORIENTED_EDGE('',*,*,#5402,.T.);
#4211=ORIENTED_EDGE('',*,*,#5403,.T.);
#4212=ORIENTED_EDGE('',*,*,#5404,.T.);
#4213=ORIENTED_EDGE('',*,*,#5405,.T.);
#4214=ORIENTED_EDGE('',*,*,#5406,.T.);
#4215=ORIENTED_EDGE('',*,*,#5407,.T.);
#4216=ORIENTED_EDGE('',*,*,#5408,.T.);
#4217=ORIENTED_EDGE('',*,*,#5409,.T.);
#4218=ORIENTED_EDGE('',*,*,#5410,.T.);
#4219=ORIENTED_EDGE('',*,*,#5411,.T.);
#4220=ORIENTED_EDGE('',*,*,#5412,.T.);
#4221=ORIENTED_EDGE('',*,*,#5413,.T.);
#4222=ORIENTED_EDGE('',*,*,#5414,.T.);
#4223=ORIENTED_EDGE('',*,*,#5415,.T.);
#4224=ORIENTED_EDGE('',*,*,#5393,.F.);
#4225=ORIENTED_EDGE('',*,*,#5416,.T.);
#4226=ORIENTED_EDGE('',*,*,#5415,.F.);
#4227=ORIENTED_EDGE('',*,*,#5417,.F.);
#4228=ORIENTED_EDGE('',*,*,#5394,.F.);
#4229=ORIENTED_EDGE('',*,*,#5417,.T.);
#4230=ORIENTED_EDGE('',*,*,#5414,.F.);
#4231=ORIENTED_EDGE('',*,*,#5418,.F.);
#4232=ORIENTED_EDGE('',*,*,#5395,.F.);
#4233=ORIENTED_EDGE('',*,*,#5418,.T.);
#4234=ORIENTED_EDGE('',*,*,#5413,.F.);
#4235=ORIENTED_EDGE('',*,*,#5419,.F.);
#4236=ORIENTED_EDGE('',*,*,#5396,.F.);
#4237=ORIENTED_EDGE('',*,*,#5419,.T.);
#4238=ORIENTED_EDGE('',*,*,#5412,.F.);
#4239=ORIENTED_EDGE('',*,*,#5420,.F.);
#4240=ORIENTED_EDGE('',*,*,#5397,.F.);
#4241=ORIENTED_EDGE('',*,*,#5420,.T.);
#4242=ORIENTED_EDGE('',*,*,#5411,.F.);
#4243=ORIENTED_EDGE('',*,*,#5421,.F.);
#4244=ORIENTED_EDGE('',*,*,#5398,.F.);
#4245=ORIENTED_EDGE('',*,*,#5421,.T.);
#4246=ORIENTED_EDGE('',*,*,#5410,.F.);
#4247=ORIENTED_EDGE('',*,*,#5422,.F.);
#4248=ORIENTED_EDGE('',*,*,#5399,.F.);
#4249=ORIENTED_EDGE('',*,*,#5422,.T.);
#4250=ORIENTED_EDGE('',*,*,#5409,.F.);
#4251=ORIENTED_EDGE('',*,*,#5423,.F.);
#4252=ORIENTED_EDGE('',*,*,#5400,.F.);
#4253=ORIENTED_EDGE('',*,*,#5423,.T.);
#4254=ORIENTED_EDGE('',*,*,#5408,.F.);
#4255=ORIENTED_EDGE('',*,*,#5424,.F.);
#4256=ORIENTED_EDGE('',*,*,#5401,.F.);
#4257=ORIENTED_EDGE('',*,*,#5424,.T.);
#4258=ORIENTED_EDGE('',*,*,#5407,.F.);
#4259=ORIENTED_EDGE('',*,*,#5425,.F.);
#4260=ORIENTED_EDGE('',*,*,#5402,.F.);
#4261=ORIENTED_EDGE('',*,*,#5425,.T.);
#4262=ORIENTED_EDGE('',*,*,#5406,.F.);
#4263=ORIENTED_EDGE('',*,*,#5426,.F.);
#4264=ORIENTED_EDGE('',*,*,#5403,.F.);
#4265=ORIENTED_EDGE('',*,*,#5426,.T.);
#4266=ORIENTED_EDGE('',*,*,#5405,.F.);
#4267=ORIENTED_EDGE('',*,*,#5427,.F.);
#4268=ORIENTED_EDGE('',*,*,#5392,.F.);
#4269=ORIENTED_EDGE('',*,*,#5427,.T.);
#4270=ORIENTED_EDGE('',*,*,#5404,.F.);
#4271=ORIENTED_EDGE('',*,*,#5416,.F.);
#4272=EDGE_CURVE('',#5428,#5428,#6188,.F.);
#4273=EDGE_CURVE('',#5429,#5429,#6189,.F.);
#4274=EDGE_CURVE('',#5430,#5430,#6190,.F.);
#4275=EDGE_CURVE('',#5431,#5431,#6191,.F.);
#4276=EDGE_CURVE('',#5432,#5433,#404,.T.);
#4277=EDGE_CURVE('',#5434,#5432,#405,.T.);
#4278=EDGE_CURVE('',#5435,#5434,#406,.T.);
#4279=EDGE_CURVE('',#5436,#5435,#407,.T.);
#4280=EDGE_CURVE('',#5437,#5436,#408,.T.);
#4281=EDGE_CURVE('',#5438,#5437,#222,.T.);
#4282=EDGE_CURVE('',#5439,#5438,#409,.T.);
#4283=EDGE_CURVE('',#5440,#5439,#410,.T.);
#4284=EDGE_CURVE('',#5441,#5440,#411,.T.);
#4285=EDGE_CURVE('',#5442,#5441,#412,.T.);
#4286=EDGE_CURVE('',#5433,#5442,#413,.T.);
#4287=EDGE_CURVE('',#5443,#5444,#414,.T.);
#4288=EDGE_CURVE('',#5445,#5443,#415,.T.);
#4289=EDGE_CURVE('',#5446,#5445,#223,.T.);
#4290=EDGE_CURVE('',#5447,#5446,#224,.T.);
#4291=EDGE_CURVE('',#5444,#5447,#416,.T.);
#4292=EDGE_CURVE('',#5448,#5449,#225,.T.);
#4293=EDGE_CURVE('',#5450,#5448,#226,.T.);
#4294=EDGE_CURVE('',#5451,#5450,#227,.T.);
#4295=EDGE_CURVE('',#5452,#5451,#417,.T.);
#4296=EDGE_CURVE('',#5453,#5452,#228,.T.);
#4297=EDGE_CURVE('',#5454,#5453,#229,.T.);
#4298=EDGE_CURVE('',#5455,#5454,#230,.T.);
#4299=EDGE_CURVE('',#5456,#5455,#231,.T.);
#4300=EDGE_CURVE('',#5457,#5456,#418,.T.);
#4301=EDGE_CURVE('',#5449,#5457,#210,.T.);
#4302=EDGE_CURVE('',#5458,#5459,#419,.T.);
#4303=EDGE_CURVE('',#5460,#5458,#420,.T.);
#4304=EDGE_CURVE('',#5461,#5460,#421,.T.);
#4305=EDGE_CURVE('',#5462,#5461,#422,.T.);
#4306=EDGE_CURVE('',#5463,#5462,#423,.T.);
#4307=EDGE_CURVE('',#5464,#5463,#424,.T.);
#4308=EDGE_CURVE('',#5465,#5464,#425,.T.);
#4309=EDGE_CURVE('',#5466,#5465,#426,.T.);
#4310=EDGE_CURVE('',#5467,#5466,#427,.T.);
#4311=EDGE_CURVE('',#5468,#5467,#428,.T.);
#4312=EDGE_CURVE('',#5469,#5468,#429,.T.);
#4313=EDGE_CURVE('',#5459,#5469,#430,.T.);
#4314=EDGE_CURVE('',#5470,#5471,#431,.T.);
#4315=EDGE_CURVE('',#5472,#5470,#232,.T.);
#4316=EDGE_CURVE('',#5473,#5472,#233,.T.);
#4317=EDGE_CURVE('',#5474,#5473,#234,.T.);
#4318=EDGE_CURVE('',#5475,#5474,#432,.T.);
#4319=EDGE_CURVE('',#5476,#5475,#235,.T.);
#4320=EDGE_CURVE('',#5477,#5476,#236,.T.);
#4321=EDGE_CURVE('',#5478,#5477,#237,.T.);
#4322=EDGE_CURVE('',#5479,#5478,#238,.T.);
#4323=EDGE_CURVE('',#5480,#5479,#433,.T.);
#4324=EDGE_CURVE('',#5481,#5480,#434,.T.);
#4325=EDGE_CURVE('',#5471,#5481,#435,.T.);
#4326=EDGE_CURVE('',#5482,#5483,#436,.T.);
#4327=EDGE_CURVE('',#5484,#5482,#437,.T.);
#4328=EDGE_CURVE('',#5485,#5484,#438,.T.);
#4329=EDGE_CURVE('',#5486,#5485,#439,.T.);
#4330=EDGE_CURVE('',#5487,#5486,#440,.T.);
#4331=EDGE_CURVE('',#5488,#5487,#239,.T.);
#4332=EDGE_CURVE('',#5489,#5488,#441,.T.);
#4333=EDGE_CURVE('',#5490,#5489,#442,.T.);
#4334=EDGE_CURVE('',#5491,#5490,#443,.T.);
#4335=EDGE_CURVE('',#5492,#5491,#444,.T.);
#4336=EDGE_CURVE('',#5483,#5492,#445,.T.);
#4337=EDGE_CURVE('',#5493,#5494,#446,.T.);
#4338=EDGE_CURVE('',#5495,#5493,#447,.T.);
#4339=EDGE_CURVE('',#5496,#5495,#240,.T.);
#4340=EDGE_CURVE('',#5497,#5496,#241,.T.);
#4341=EDGE_CURVE('',#5494,#5497,#448,.T.);
#4342=EDGE_CURVE('',#5498,#5499,#449,.T.);
#4343=EDGE_CURVE('',#5500,#5498,#450,.T.);
#4344=EDGE_CURVE('',#5501,#5500,#451,.T.);
#4345=EDGE_CURVE('',#5502,#5501,#452,.T.);
#4346=EDGE_CURVE('',#5503,#5502,#453,.T.);
#4347=EDGE_CURVE('',#5504,#5503,#454,.T.);
#4348=EDGE_CURVE('',#5505,#5504,#455,.T.);
#4349=EDGE_CURVE('',#5499,#5505,#456,.T.);
#4350=EDGE_CURVE('',#5506,#5507,#457,.T.);
#4351=EDGE_CURVE('',#5508,#5506,#458,.T.);
#4352=EDGE_CURVE('',#5509,#5508,#459,.T.);
#4353=EDGE_CURVE('',#5510,#5509,#460,.T.);
#4354=EDGE_CURVE('',#5511,#5510,#461,.T.);
#4355=EDGE_CURVE('',#5512,#5511,#462,.T.);
#4356=EDGE_CURVE('',#5513,#5512,#463,.T.);
#4357=EDGE_CURVE('',#5514,#5513,#242,.T.);
#4358=EDGE_CURVE('',#5515,#5514,#243,.T.);
#4359=EDGE_CURVE('',#5507,#5515,#464,.T.);
#4360=EDGE_CURVE('',#5516,#5517,#465,.T.);
#4361=EDGE_CURVE('',#5518,#5516,#466,.T.);
#4362=EDGE_CURVE('',#5519,#5518,#467,.T.);
#4363=EDGE_CURVE('',#5520,#5519,#468,.T.);
#4364=EDGE_CURVE('',#5521,#5520,#469,.T.);
#4365=EDGE_CURVE('',#5522,#5521,#470,.T.);
#4366=EDGE_CURVE('',#5523,#5522,#471,.T.);
#4367=EDGE_CURVE('',#5517,#5523,#472,.T.);
#4368=EDGE_CURVE('',#5524,#5524,#6192,.T.);
#4369=EDGE_CURVE('',#5525,#5525,#6193,.T.);
#4370=EDGE_CURVE('',#5526,#5526,#6194,.T.);
#4371=EDGE_CURVE('',#5527,#5527,#6195,.T.);
#4372=EDGE_CURVE('',#5528,#5529,#6196,.F.);
#4373=EDGE_CURVE('',#5529,#5530,#473,.T.);
#4374=EDGE_CURVE('',#5530,#5531,#6197,.F.);
#4375=EDGE_CURVE('',#5531,#5532,#474,.T.);
#4376=EDGE_CURVE('',#5532,#5533,#6198,.F.);
#4377=EDGE_CURVE('',#5533,#5534,#475,.T.);
#4378=EDGE_CURVE('',#5534,#5535,#6199,.F.);
#4379=EDGE_CURVE('',#5535,#5528,#476,.T.);
#4380=EDGE_CURVE('',#5536,#5536,#6200,.T.);
#4381=EDGE_CURVE('',#5537,#5538,#477,.F.);
#4382=EDGE_CURVE('',#5538,#5539,#211,.T.);
#4383=EDGE_CURVE('',#5539,#5540,#478,.F.);
#4384=EDGE_CURVE('',#5540,#5541,#212,.T.);
#4385=EDGE_CURVE('',#5541,#5542,#479,.F.);
#4386=EDGE_CURVE('',#5542,#5543,#213,.T.);
#4387=EDGE_CURVE('',#5543,#5544,#480,.F.);
#4388=EDGE_CURVE('',#5544,#5537,#214,.T.);
#4389=EDGE_CURVE('',#5545,#5545,#244,.T.);
#4390=EDGE_CURVE('',#5546,#5547,#481,.T.);
#4391=EDGE_CURVE('',#5548,#5546,#6201,.T.);
#4392=EDGE_CURVE('',#5549,#5548,#482,.F.);
#4393=EDGE_CURVE('',#5549,#5547,#6202,.F.);
#4394=EDGE_CURVE('',#5550,#5550,#6203,.T.);
#4395=EDGE_CURVE('',#5546,#5548,#483,.T.);
#4396=EDGE_CURVE('',#5551,#5551,#245,.T.);
#4397=EDGE_CURVE('',#5552,#5553,#6204,.T.);
#4398=EDGE_CURVE('',#5552,#5554,#484,.T.);
#4399=EDGE_CURVE('',#5554,#5555,#6205,.F.);
#4400=EDGE_CURVE('',#5555,#5553,#485,.F.);
#4401=EDGE_CURVE('',#5556,#5557,#6206,.T.);
#4402=EDGE_CURVE('',#5558,#5556,#246,.T.);
#4403=EDGE_CURVE('',#5558,#5559,#6207,.T.);
#4404=EDGE_CURVE('',#5557,#5559,#247,.T.);
#4405=EDGE_CURVE('',#5560,#5561,#486,.T.);
#4406=EDGE_CURVE('',#5561,#5562,#6208,.T.);
#4407=EDGE_CURVE('',#5562,#5563,#487,.T.);
#4408=EDGE_CURVE('',#5563,#5564,#6209,.T.);
#4409=EDGE_CURVE('',#5564,#5565,#488,.F.);
#4410=EDGE_CURVE('',#5565,#5566,#6210,.T.);
#4411=EDGE_CURVE('',#5566,#5567,#489,.F.);
#4412=EDGE_CURVE('',#5567,#5560,#6211,.T.);
#4413=EDGE_CURVE('',#5568,#5569,#6212,.T.);
#4414=EDGE_CURVE('',#5569,#5570,#6213,.T.);
#4415=EDGE_CURVE('',#5570,#5571,#490,.T.);
#4416=EDGE_CURVE('',#5571,#5560,#6214,.T.);
#4417=EDGE_CURVE('',#5560,#5572,#6215,.T.);
#4418=EDGE_CURVE('',#5572,#5568,#491,.F.);
#4419=EDGE_CURVE('',#5573,#5574,#6216,.T.);
#4420=EDGE_CURVE('',#5574,#5575,#6217,.T.);
#4421=EDGE_CURVE('',#5575,#5576,#492,.T.);
#4422=EDGE_CURVE('',#5576,#5565,#6218,.T.);
#4423=EDGE_CURVE('',#5565,#5577,#6219,.T.);
#4424=EDGE_CURVE('',#5573,#5577,#493,.T.);
#4425=EDGE_CURVE('',#5578,#5579,#6220,.T.);
#4426=EDGE_CURVE('',#5580,#5578,#6221,.T.);
#4427=EDGE_CURVE('',#5581,#5580,#6222,.T.);
#4428=EDGE_CURVE('',#5579,#5581,#6223,.T.);
#4429=EDGE_CURVE('',#5582,#5582,#248,.T.);
#4430=EDGE_CURVE('',#5583,#5584,#6224,.T.);
#4431=EDGE_CURVE('',#5585,#5584,#494,.T.);
#4432=EDGE_CURVE('',#5586,#5585,#6225,.T.);
#4433=EDGE_CURVE('',#5586,#5583,#495,.T.);
#4434=EDGE_CURVE('',#5587,#5587,#249,.T.);
#4435=EDGE_CURVE('',#5588,#5589,#6226,.T.);
#4436=EDGE_CURVE('',#5590,#5588,#6227,.T.);
#4437=EDGE_CURVE('',#5591,#5590,#6228,.T.);
#4438=EDGE_CURVE('',#5589,#5591,#6229,.T.);
#4439=EDGE_CURVE('',#5592,#5592,#6230,.T.);
#4440=EDGE_CURVE('',#5593,#5593,#250,.T.);
#4441=EDGE_CURVE('',#5584,#5583,#6231,.T.);
#4442=EDGE_CURVE('',#5585,#5586,#6232,.T.);
#4443=EDGE_CURVE('',#5594,#5594,#251,.T.);
#4444=EDGE_CURVE('',#5595,#5596,#6233,.T.);
#4445=EDGE_CURVE('',#5597,#5595,#6234,.T.);
#4446=EDGE_CURVE('',#5598,#5597,#6235,.T.);
#4447=EDGE_CURVE('',#5596,#5598,#6236,.T.);
#4448=EDGE_CURVE('',#5599,#5599,#6237,.T.);
#4449=EDGE_CURVE('',#5600,#5600,#252,.T.);
#4450=EDGE_CURVE('',#5601,#5602,#6238,.T.);
#4451=EDGE_CURVE('',#5603,#5601,#6239,.T.);
#4452=EDGE_CURVE('',#5604,#5603,#6240,.T.);
#4453=EDGE_CURVE('',#5602,#5604,#6241,.T.);
#4454=EDGE_CURVE('',#5605,#5605,#6242,.T.);
#4455=EDGE_CURVE('',#5606,#5606,#253,.T.);
#4456=EDGE_CURVE('',#5579,#5578,#496,.T.);
#4457=EDGE_CURVE('',#5581,#5607,#497,.T.);
#4458=EDGE_CURVE('',#5607,#5608,#6243,.T.);
#4459=EDGE_CURVE('',#5608,#5579,#498,.T.);
#4460=EDGE_CURVE('',#5581,#5580,#499,.T.);
#4461=EDGE_CURVE('',#5609,#5578,#500,.T.);
#4462=EDGE_CURVE('',#5609,#5610,#6244,.T.);
#4463=EDGE_CURVE('',#5580,#5610,#501,.T.);
#4464=EDGE_CURVE('',#5602,#5601,#502,.T.);
#4465=EDGE_CURVE('',#5604,#5611,#503,.T.);
#4466=EDGE_CURVE('',#5611,#5612,#6245,.T.);
#4467=EDGE_CURVE('',#5612,#5602,#504,.T.);
#4468=EDGE_CURVE('',#5604,#5603,#505,.T.);
#4469=EDGE_CURVE('',#5613,#5601,#506,.T.);
#4470=EDGE_CURVE('',#5613,#5614,#6246,.T.);
#4471=EDGE_CURVE('',#5603,#5614,#507,.T.);
#4472=EDGE_CURVE('',#5589,#5588,#508,.T.);
#4473=EDGE_CURVE('',#5591,#5615,#509,.T.);
#4474=EDGE_CURVE('',#5615,#5616,#6247,.T.);
#4475=EDGE_CURVE('',#5616,#5589,#510,.T.);
#4476=EDGE_CURVE('',#5591,#5590,#511,.T.);
#4477=EDGE_CURVE('',#5617,#5588,#512,.T.);
#4478=EDGE_CURVE('',#5617,#5618,#6248,.T.);
#4479=EDGE_CURVE('',#5590,#5618,#513,.T.);
#4480=EDGE_CURVE('',#5596,#5595,#514,.T.);
#4481=EDGE_CURVE('',#5598,#5619,#515,.T.);
#4482=EDGE_CURVE('',#5619,#5620,#6249,.T.);
#4483=EDGE_CURVE('',#5620,#5596,#516,.T.);
#4484=EDGE_CURVE('',#5598,#5597,#517,.T.);
#4485=EDGE_CURVE('',#5621,#5595,#518,.T.);
#4486=EDGE_CURVE('',#5621,#5622,#6250,.T.);
#4487=EDGE_CURVE('',#5597,#5622,#519,.T.);
#4488=EDGE_CURVE('',#5623,#5624,#254,.T.);
#4489=EDGE_CURVE('',#5624,#5625,#520,.T.);
#4490=EDGE_CURVE('',#5625,#5626,#255,.T.);
#4491=EDGE_CURVE('',#5626,#5627,#521,.T.);
#4492=EDGE_CURVE('',#5627,#5628,#256,.T.);
#4493=EDGE_CURVE('',#5628,#5629,#522,.T.);
#4494=EDGE_CURVE('',#5629,#5630,#257,.T.);
#4495=EDGE_CURVE('',#5630,#5623,#523,.T.);
#4496=EDGE_CURVE('',#5631,#5631,#6251,.F.);
#4497=EDGE_CURVE('',#5632,#5632,#6252,.F.);
#4498=EDGE_CURVE('',#5633,#5633,#6253,.F.);
#4499=EDGE_CURVE('',#5634,#5634,#6254,.F.);
#4500=EDGE_CURVE('',#5554,#5555,#524,.T.);
#4501=EDGE_CURVE('',#5547,#5549,#525,.T.);
#4502=EDGE_CURVE('',#5635,#5635,#6255,.T.);
#4503=EDGE_CURVE('',#5636,#5636,#6256,.T.);
#4504=EDGE_CURVE('',#5637,#5637,#6257,.T.);
#4505=EDGE_CURVE('',#5638,#5638,#6258,.T.);
#4506=EDGE_CURVE('',#5639,#5639,#6259,.T.);
#4507=EDGE_CURVE('',#5562,#5640,#258,.T.);
#4508=EDGE_CURVE('',#5640,#5641,#526,.F.);
#4509=EDGE_CURVE('',#5641,#5642,#259,.F.);
#4510=EDGE_CURVE('',#5642,#5643,#527,.T.);
#4511=EDGE_CURVE('',#5643,#5644,#260,.T.);
#4512=EDGE_CURVE('',#5644,#5645,#528,.T.);
#4513=EDGE_CURVE('',#5645,#5563,#261,.F.);
#4514=EDGE_CURVE('',#5646,#5647,#6260,.T.);
#4515=EDGE_CURVE('',#5647,#5648,#529,.T.);
#4516=EDGE_CURVE('',#5648,#5649,#6261,.T.);
#4517=EDGE_CURVE('',#5649,#5650,#530,.T.);
#4518=EDGE_CURVE('',#5650,#5651,#6262,.T.);
#4519=EDGE_CURVE('',#5651,#5652,#531,.T.);
#4520=EDGE_CURVE('',#5652,#5653,#6263,.T.);
#4521=EDGE_CURVE('',#5653,#5646,#532,.T.);
#4522=EDGE_CURVE('',#5654,#5654,#6264,.T.);
#4523=EDGE_CURVE('',#5655,#5656,#533,.T.);
#4524=EDGE_CURVE('',#5655,#5657,#6265,.F.);
#4525=EDGE_CURVE('',#5658,#5657,#534,.F.);
#4526=EDGE_CURVE('',#5658,#5659,#6266,.F.);
#4527=EDGE_CURVE('',#5659,#5660,#535,.F.);
#4528=EDGE_CURVE('',#5660,#5661,#6267,.F.);
#4529=EDGE_CURVE('',#5661,#5662,#536,.T.);
#4530=EDGE_CURVE('',#5662,#5656,#6268,.F.);
#4531=EDGE_CURVE('',#5663,#5663,#6269,.F.);
#4532=EDGE_CURVE('',#5537,#5664,#6270,.T.);
#4533=EDGE_CURVE('',#5665,#5664,#537,.F.);
#4534=EDGE_CURVE('',#5538,#5665,#6271,.T.);
#4535=EDGE_CURVE('',#5543,#5666,#6272,.T.);
#4536=EDGE_CURVE('',#5667,#5666,#538,.T.);
#4537=EDGE_CURVE('',#5544,#5667,#6273,.T.);
#4538=EDGE_CURVE('',#5668,#5540,#6274,.T.);
#4539=EDGE_CURVE('',#5669,#5539,#6275,.T.);
#4540=EDGE_CURVE('',#5668,#5669,#539,.F.);
#4541=EDGE_CURVE('',#5670,#5542,#6276,.T.);
#4542=EDGE_CURVE('',#5671,#5541,#6277,.T.);
#4543=EDGE_CURVE('',#5670,#5671,#540,.T.);
#4544=EDGE_CURVE('',#5671,#5668,#215,.T.);
#4545=EDGE_CURVE('',#5669,#5665,#216,.T.);
#4546=EDGE_CURVE('',#5666,#5670,#217,.T.);
#4547=EDGE_CURVE('',#5664,#5667,#218,.T.);
#4548=EDGE_CURVE('',#5672,#5668,#541,.F.);
#4549=EDGE_CURVE('',#5672,#5673,#262,.T.);
#4550=EDGE_CURVE('',#5671,#5673,#542,.F.);
#4551=EDGE_CURVE('',#5674,#5670,#543,.F.);
#4552=EDGE_CURVE('',#5674,#5675,#263,.T.);
#4553=EDGE_CURVE('',#5666,#5675,#544,.T.);
#4554=EDGE_CURVE('',#5673,#5674,#545,.T.);
#4555=EDGE_CURVE('',#5676,#5665,#546,.T.);
#4556=EDGE_CURVE('',#5676,#5677,#264,.T.);
#4557=EDGE_CURVE('',#5669,#5677,#547,.F.);
#4558=EDGE_CURVE('',#5677,#5672,#548,.F.);
#4559=EDGE_CURVE('',#5678,#5667,#549,.T.);
#4560=EDGE_CURVE('',#5678,#5679,#265,.T.);
#4561=EDGE_CURVE('',#5664,#5679,#550,.T.);
#4562=EDGE_CURVE('',#5675,#5678,#551,.T.);
#4563=EDGE_CURVE('',#5679,#5676,#552,.F.);
#4564=EDGE_CURVE('',#5680,#5681,#553,.F.);
#4565=EDGE_CURVE('',#5681,#5682,#554,.T.);
#4566=EDGE_CURVE('',#5682,#5683,#555,.T.);
#4567=EDGE_CURVE('',#5683,#5680,#556,.T.);
#4568=EDGE_CURVE('',#5684,#5685,#557,.F.);
#4569=EDGE_CURVE('',#5685,#5686,#558,.T.);
#4570=EDGE_CURVE('',#5686,#5687,#559,.T.);
#4571=EDGE_CURVE('',#5687,#5684,#560,.T.);
#4572=EDGE_CURVE('',#5688,#5689,#561,.F.);
#4573=EDGE_CURVE('',#5689,#5690,#562,.T.);
#4574=EDGE_CURVE('',#5690,#5691,#563,.T.);
#4575=EDGE_CURVE('',#5691,#5688,#564,.T.);
#4576=EDGE_CURVE('',#5692,#5693,#565,.F.);
#4577=EDGE_CURVE('',#5693,#5694,#566,.T.);
#4578=EDGE_CURVE('',#5694,#5695,#567,.T.);
#4579=EDGE_CURVE('',#5695,#5692,#568,.T.);
#4580=EDGE_CURVE('',#5696,#5696,#6278,.T.);
#4581=EDGE_CURVE('',#5697,#5698,#569,.T.);
#4582=EDGE_CURVE('',#5697,#5699,#6279,.F.);
#4583=EDGE_CURVE('',#5700,#5699,#570,.F.);
#4584=EDGE_CURVE('',#5700,#5701,#6280,.F.);
#4585=EDGE_CURVE('',#5701,#5702,#571,.F.);
#4586=EDGE_CURVE('',#5702,#5703,#6281,.F.);
#4587=EDGE_CURVE('',#5703,#5704,#572,.T.);
#4588=EDGE_CURVE('',#5704,#5698,#6282,.F.);
#4589=EDGE_CURVE('',#5705,#5705,#6283,.T.);
#4590=EDGE_CURVE('',#5706,#5707,#573,.T.);
#4591=EDGE_CURVE('',#5706,#5708,#6284,.F.);
#4592=EDGE_CURVE('',#5709,#5708,#574,.F.);
#4593=EDGE_CURVE('',#5709,#5710,#6285,.F.);
#4594=EDGE_CURVE('',#5710,#5711,#575,.F.);
#4595=EDGE_CURVE('',#5711,#5712,#6286,.F.);
#4596=EDGE_CURVE('',#5712,#5713,#576,.T.);
#4597=EDGE_CURVE('',#5713,#5707,#6287,.F.);
#4598=EDGE_CURVE('',#5714,#5714,#6288,.T.);
#4599=EDGE_CURVE('',#5715,#5716,#577,.T.);
#4600=EDGE_CURVE('',#5715,#5717,#6289,.F.);
#4601=EDGE_CURVE('',#5718,#5717,#578,.F.);
#4602=EDGE_CURVE('',#5718,#5719,#6290,.F.);
#4603=EDGE_CURVE('',#5719,#5720,#579,.F.);
#4604=EDGE_CURVE('',#5720,#5721,#6291,.F.);
#4605=EDGE_CURVE('',#5721,#5722,#580,.T.);
#4606=EDGE_CURVE('',#5722,#5716,#6292,.F.);
#4607=EDGE_CURVE('',#5723,#5723,#6293,.T.);
#4608=EDGE_CURVE('',#5724,#5724,#6294,.T.);
#4609=EDGE_CURVE('',#5725,#5725,#6295,.T.);
#4610=EDGE_CURVE('',#5726,#5726,#6296,.T.);
#4611=EDGE_CURVE('',#5727,#5727,#6297,.T.);
#4612=EDGE_CURVE('',#5728,#5728,#6298,.T.);
#4613=EDGE_CURVE('',#5729,#5729,#6299,.T.);
#4614=EDGE_CURVE('',#5730,#5730,#6300,.T.);
#4615=EDGE_CURVE('',#5731,#5731,#6301,.T.);
#4616=EDGE_CURVE('',#5732,#5732,#6302,.T.);
#4617=EDGE_CURVE('',#5733,#5733,#6303,.T.);
#4618=EDGE_CURVE('',#5734,#5734,#6304,.T.);
#4619=EDGE_CURVE('',#5735,#5735,#6305,.T.);
#4620=EDGE_CURVE('',#5736,#5737,#581,.T.);
#4621=EDGE_CURVE('',#5736,#5738,#6306,.T.);
#4622=EDGE_CURVE('',#5738,#5739,#582,.T.);
#4623=EDGE_CURVE('',#5737,#5739,#583,.T.);
#4624=EDGE_CURVE('',#5717,#5613,#266,.T.);
#4625=EDGE_CURVE('',#5601,#5739,#584,.T.);
#4626=EDGE_CURVE('',#5738,#5718,#267,.T.);
#4627=EDGE_CURVE('',#5612,#5720,#268,.T.);
#4628=EDGE_CURVE('',#5719,#5736,#269,.T.);
#4629=EDGE_CURVE('',#5602,#5737,#585,.T.);
#4630=EDGE_CURVE('',#5603,#5740,#586,.T.);
#4631=EDGE_CURVE('',#5741,#5740,#587,.T.);
#4632=EDGE_CURVE('',#5604,#5741,#588,.T.);
#4633=EDGE_CURVE('',#5721,#5611,#270,.T.);
#4634=EDGE_CURVE('',#5741,#5742,#589,.T.);
#4635=EDGE_CURVE('',#5742,#5722,#271,.T.);
#4636=EDGE_CURVE('',#5614,#5715,#272,.T.);
#4637=EDGE_CURVE('',#5716,#5743,#273,.T.);
#4638=EDGE_CURVE('',#5740,#5743,#590,.T.);
#4639=EDGE_CURVE('',#5743,#5742,#6307,.T.);
#4640=EDGE_CURVE('',#5744,#5745,#591,.T.);
#4641=EDGE_CURVE('',#5744,#5746,#6308,.T.);
#4642=EDGE_CURVE('',#5746,#5747,#592,.T.);
#4643=EDGE_CURVE('',#5745,#5747,#593,.T.);
#4644=EDGE_CURVE('',#5708,#5609,#274,.T.);
#4645=EDGE_CURVE('',#5578,#5747,#594,.T.);
#4646=EDGE_CURVE('',#5746,#5709,#275,.T.);
#4647=EDGE_CURVE('',#5608,#5711,#276,.T.);
#4648=EDGE_CURVE('',#5710,#5744,#277,.T.);
#4649=EDGE_CURVE('',#5579,#5745,#595,.T.);
#4650=EDGE_CURVE('',#5580,#5748,#596,.T.);
#4651=EDGE_CURVE('',#5749,#5748,#597,.T.);
#4652=EDGE_CURVE('',#5581,#5749,#598,.T.);
#4653=EDGE_CURVE('',#5712,#5607,#278,.T.);
#4654=EDGE_CURVE('',#5749,#5750,#599,.T.);
#4655=EDGE_CURVE('',#5750,#5713,#279,.T.);
#4656=EDGE_CURVE('',#5610,#5706,#280,.T.);
#4657=EDGE_CURVE('',#5707,#5751,#281,.T.);
#4658=EDGE_CURVE('',#5748,#5751,#600,.T.);
#4659=EDGE_CURVE('',#5751,#5750,#6309,.T.);
#4660=EDGE_CURVE('',#5752,#5753,#601,.T.);
#4661=EDGE_CURVE('',#5752,#5754,#6310,.T.);
#4662=EDGE_CURVE('',#5754,#5755,#602,.T.);
#4663=EDGE_CURVE('',#5753,#5755,#603,.T.);
#4664=EDGE_CURVE('',#5699,#5617,#282,.T.);
#4665=EDGE_CURVE('',#5588,#5755,#604,.T.);
#4666=EDGE_CURVE('',#5754,#5700,#283,.T.);
#4667=EDGE_CURVE('',#5616,#5702,#284,.T.);
#4668=EDGE_CURVE('',#5701,#5752,#285,.T.);
#4669=EDGE_CURVE('',#5589,#5753,#605,.T.);
#4670=EDGE_CURVE('',#5590,#5756,#606,.T.);
#4671=EDGE_CURVE('',#5757,#5756,#607,.T.);
#4672=EDGE_CURVE('',#5591,#5757,#608,.T.);
#4673=EDGE_CURVE('',#5703,#5615,#286,.T.);
#4674=EDGE_CURVE('',#5757,#5758,#609,.T.);
#4675=EDGE_CURVE('',#5758,#5704,#287,.T.);
#4676=EDGE_CURVE('',#5618,#5697,#288,.T.);
#4677=EDGE_CURVE('',#5698,#5759,#289,.T.);
#4678=EDGE_CURVE('',#5756,#5759,#610,.T.);
#4679=EDGE_CURVE('',#5759,#5758,#6311,.T.);
#4680=EDGE_CURVE('',#5760,#5761,#611,.T.);
#4681=EDGE_CURVE('',#5760,#5762,#6312,.T.);
#4682=EDGE_CURVE('',#5762,#5763,#612,.T.);
#4683=EDGE_CURVE('',#5761,#5763,#613,.T.);
#4684=EDGE_CURVE('',#5620,#5660,#290,.T.);
#4685=EDGE_CURVE('',#5659,#5760,#291,.T.);
#4686=EDGE_CURVE('',#5596,#5761,#614,.T.);
#4687=EDGE_CURVE('',#5657,#5621,#292,.T.);
#4688=EDGE_CURVE('',#5595,#5763,#615,.T.);
#4689=EDGE_CURVE('',#5762,#5658,#293,.T.);
#4690=EDGE_CURVE('',#5597,#5764,#616,.T.);
#4691=EDGE_CURVE('',#5765,#5764,#617,.T.);
#4692=EDGE_CURVE('',#5598,#5765,#618,.T.);
#4693=EDGE_CURVE('',#5622,#5655,#294,.T.);
#4694=EDGE_CURVE('',#5656,#5766,#295,.T.);
#4695=EDGE_CURVE('',#5764,#5766,#619,.T.);
#4696=EDGE_CURVE('',#5661,#5619,#296,.T.);
#4697=EDGE_CURVE('',#5765,#5767,#620,.T.);
#4698=EDGE_CURVE('',#5767,#5662,#297,.T.);
#4699=EDGE_CURVE('',#5766,#5767,#6313,.T.);
#4700=EDGE_CURVE('',#5552,#5553,#621,.T.);
#4701=EDGE_CURVE('',#5682,#5693,#6314,.F.);
#4702=EDGE_CURVE('',#5692,#5683,#6315,.T.);
#4703=EDGE_CURVE('',#5686,#5681,#6316,.F.);
#4704=EDGE_CURVE('',#5680,#5687,#6317,.T.);
#4705=EDGE_CURVE('',#5690,#5685,#6318,.F.);
#4706=EDGE_CURVE('',#5684,#5691,#6319,.T.);
#4707=EDGE_CURVE('',#5694,#5689,#6320,.F.);
#4708=EDGE_CURVE('',#5688,#5695,#6321,.T.);
#4709=EDGE_CURVE('',#5684,#5533,#622,.T.);
#4710=EDGE_CURVE('',#5534,#5687,#623,.T.);
#4711=EDGE_CURVE('',#5535,#5680,#624,.T.);
#4712=EDGE_CURVE('',#5691,#5532,#625,.T.);
#4713=EDGE_CURVE('',#5528,#5683,#626,.T.);
#4714=EDGE_CURVE('',#5688,#5531,#627,.T.);
#4715=EDGE_CURVE('',#5529,#5692,#628,.T.);
#4716=EDGE_CURVE('',#5695,#5530,#629,.T.);
#4717=EDGE_CURVE('',#5642,#5768,#6322,.F.);
#4718=EDGE_CURVE('',#5768,#5569,#630,.F.);
#4719=EDGE_CURVE('',#5569,#5769,#6323,.F.);
#4720=EDGE_CURVE('',#5769,#5770,#631,.F.);
#4721=EDGE_CURVE('',#5770,#5574,#6324,.F.);
#4722=EDGE_CURVE('',#5574,#5771,#632,.T.);
#4723=EDGE_CURVE('',#5771,#5643,#6325,.F.);
#4724=EDGE_CURVE('',#5772,#5773,#633,.F.);
#4725=EDGE_CURVE('',#5773,#5774,#6326,.T.);
#4726=EDGE_CURVE('',#5774,#5775,#634,.T.);
#4727=EDGE_CURVE('',#5775,#5772,#6327,.T.);
#4728=EDGE_CURVE('',#5570,#5776,#635,.T.);
#4729=EDGE_CURVE('',#5776,#5777,#636,.T.);
#4730=EDGE_CURVE('',#5777,#5571,#637,.F.);
#4731=EDGE_CURVE('',#5778,#5779,#638,.F.);
#4732=EDGE_CURVE('',#5779,#5780,#6328,.F.);
#4733=EDGE_CURVE('',#5780,#5781,#639,.T.);
#4734=EDGE_CURVE('',#5781,#5778,#6329,.F.);
#4735=EDGE_CURVE('',#5782,#5783,#640,.F.);
#4736=EDGE_CURVE('',#5783,#5573,#641,.F.);
#4737=EDGE_CURVE('',#5577,#5782,#642,.T.);
#4738=EDGE_CURVE('',#5784,#5785,#643,.T.);
#4739=EDGE_CURVE('',#5784,#5568,#6330,.T.);
#4740=EDGE_CURVE('',#5572,#5785,#6331,.F.);
#4741=EDGE_CURVE('',#5786,#5787,#644,.T.);
#4742=EDGE_CURVE('',#5786,#5784,#645,.T.);
#4743=EDGE_CURVE('',#5785,#5787,#646,.T.);
#4744=EDGE_CURVE('',#5575,#5786,#6332,.T.);
#4745=EDGE_CURVE('',#5787,#5576,#6333,.F.);
#4746=EDGE_CURVE('',#5788,#5789,#647,.T.);
#4747=EDGE_CURVE('',#5788,#5790,#6334,.F.);
#4748=EDGE_CURVE('',#5790,#5791,#648,.T.);
#4749=EDGE_CURVE('',#5791,#5789,#6335,.T.);
#4750=EDGE_CURVE('',#5790,#5792,#649,.F.);
#4751=EDGE_CURVE('',#5792,#5793,#650,.T.);
#4752=EDGE_CURVE('',#5793,#5791,#651,.T.);
#4753=EDGE_CURVE('',#5792,#5794,#6336,.F.);
#4754=EDGE_CURVE('',#5794,#5795,#652,.T.);
#4755=EDGE_CURVE('',#5795,#5793,#6337,.T.);
#4756=EDGE_CURVE('',#5794,#5788,#653,.T.);
#4757=EDGE_CURVE('',#5789,#5795,#654,.F.);
#4758=EDGE_CURVE('',#5796,#5557,#655,.T.);
#4759=EDGE_CURVE('',#5796,#5797,#656,.T.);
#4760=EDGE_CURVE('',#5797,#5556,#657,.T.);
#4761=EDGE_CURVE('',#5798,#5559,#658,.T.);
#4762=EDGE_CURVE('',#5798,#5796,#6338,.T.);
#4763=EDGE_CURVE('',#5799,#5558,#659,.T.);
#4764=EDGE_CURVE('',#5798,#5799,#660,.T.);
#4765=EDGE_CURVE('',#5797,#5799,#6339,.T.);
#4766=EDGE_CURVE('',#5776,#5641,#6340,.T.);
#4767=EDGE_CURVE('',#5640,#5777,#6341,.F.);
#4768=EDGE_CURVE('',#5644,#5783,#6342,.T.);
#4769=EDGE_CURVE('',#5782,#5645,#6343,.F.);
#4770=EDGE_CURVE('',#5772,#5788,#6344,.T.);
#4771=EDGE_CURVE('',#5790,#5775,#6345,.T.);
#4772=EDGE_CURVE('',#5792,#5774,#6346,.T.);
#4773=EDGE_CURVE('',#5773,#5794,#6347,.T.);
#4774=EDGE_CURVE('',#5789,#5781,#6348,.T.);
#4775=EDGE_CURVE('',#5778,#5791,#6349,.T.);
#4776=EDGE_CURVE('',#5779,#5793,#6350,.T.);
#4777=EDGE_CURVE('',#5795,#5780,#6351,.T.);
#4778=EDGE_CURVE('',#5768,#5776,#6352,.T.);
#4779=EDGE_CURVE('',#5769,#5784,#6353,.T.);
#4780=EDGE_CURVE('',#5770,#5786,#6354,.T.);
#4781=EDGE_CURVE('',#5566,#5787,#6355,.T.);
#4782=EDGE_CURVE('',#5567,#5785,#6356,.T.);
#4783=EDGE_CURVE('',#5561,#5777,#6357,.T.);
#4784=EDGE_CURVE('',#5771,#5783,#6358,.T.);
#4785=EDGE_CURVE('',#5782,#5564,#6359,.T.);
#4786=EDGE_CURVE('',#5652,#5685,#661,.T.);
#4787=EDGE_CURVE('',#5686,#5651,#662,.T.);
#4788=EDGE_CURVE('',#5681,#5650,#663,.T.);
#4789=EDGE_CURVE('',#5653,#5690,#664,.T.);
#4790=EDGE_CURVE('',#5682,#5649,#665,.T.);
#4791=EDGE_CURVE('',#5646,#5689,#666,.T.);
#4792=EDGE_CURVE('',#5693,#5648,#667,.T.);
#4793=EDGE_CURVE('',#5647,#5694,#668,.T.);
#4794=EDGE_CURVE('',#5800,#5800,#6360,.T.);
#4795=EDGE_CURVE('',#5801,#5801,#6361,.T.);
#4796=EDGE_CURVE('',#5802,#5802,#6362,.T.);
#4797=EDGE_CURVE('',#5803,#5803,#6363,.T.);
#4798=EDGE_CURVE('',#5629,#5675,#298,.F.);
#4799=EDGE_CURVE('',#5678,#5628,#299,.F.);
#4800=EDGE_CURVE('',#5679,#5627,#300,.T.);
#4801=EDGE_CURVE('',#5630,#5674,#301,.T.);
#4802=EDGE_CURVE('',#5676,#5626,#302,.F.);
#4803=EDGE_CURVE('',#5623,#5673,#303,.F.);
#4804=EDGE_CURVE('',#5677,#5625,#304,.T.);
#4805=EDGE_CURVE('',#5624,#5672,#305,.T.);
#4806=EDGE_CURVE('',#5804,#5805,#669,.T.);
#4807=EDGE_CURVE('',#5806,#5805,#670,.T.);
#4808=EDGE_CURVE('',#5807,#5806,#671,.T.);
#4809=EDGE_CURVE('',#5807,#5804,#672,.T.);
#4810=EDGE_CURVE('',#5805,#5808,#673,.T.);
#4811=EDGE_CURVE('',#5809,#5808,#674,.T.);
#4812=EDGE_CURVE('',#5806,#5809,#675,.T.);
#4813=EDGE_CURVE('',#5808,#5810,#6364,.T.);
#4814=EDGE_CURVE('',#5811,#5810,#676,.T.);
#4815=EDGE_CURVE('',#5809,#5811,#6365,.T.);
#4816=EDGE_CURVE('',#5810,#5812,#677,.T.);
#4817=EDGE_CURVE('',#5813,#5812,#678,.T.);
#4818=EDGE_CURVE('',#5811,#5813,#679,.T.);
#4819=EDGE_CURVE('',#5812,#5814,#306,.T.);
#4820=EDGE_CURVE('',#5815,#5814,#680,.T.);
#4821=EDGE_CURVE('',#5813,#5815,#307,.T.);
#4822=EDGE_CURVE('',#5816,#5517,#681,.T.);
#4823=EDGE_CURVE('',#5817,#5816,#682,.T.);
#4824=EDGE_CURVE('',#5817,#5516,#683,.T.);
#4825=EDGE_CURVE('',#5818,#5523,#684,.T.);
#4826=EDGE_CURVE('',#5816,#5818,#685,.T.);
#4827=EDGE_CURVE('',#5819,#5522,#686,.T.);
#4828=EDGE_CURVE('',#5818,#5819,#687,.T.);
#4829=EDGE_CURVE('',#5820,#5521,#688,.T.);
#4830=EDGE_CURVE('',#5819,#5820,#689,.T.);
#4831=EDGE_CURVE('',#5821,#5520,#690,.T.);
#4832=EDGE_CURVE('',#5820,#5821,#691,.T.);
#4833=EDGE_CURVE('',#5822,#5519,#692,.T.);
#4834=EDGE_CURVE('',#5821,#5822,#693,.T.);
#4835=EDGE_CURVE('',#5823,#5518,#694,.T.);
#4836=EDGE_CURVE('',#5822,#5823,#695,.T.);
#4837=EDGE_CURVE('',#5823,#5817,#696,.T.);
#4838=EDGE_CURVE('',#5814,#5804,#697,.T.);
#4839=EDGE_CURVE('',#5815,#5807,#698,.T.);
#4840=EDGE_CURVE('',#5824,#5825,#699,.T.);
#4841=EDGE_CURVE('',#5826,#5825,#700,.T.);
#4842=EDGE_CURVE('',#5827,#5826,#701,.T.);
#4843=EDGE_CURVE('',#5827,#5824,#702,.T.);
#4844=EDGE_CURVE('',#5825,#5828,#703,.T.);
#4845=EDGE_CURVE('',#5829,#5828,#704,.T.);
#4846=EDGE_CURVE('',#5826,#5829,#705,.T.);
#4847=EDGE_CURVE('',#5828,#5830,#308,.T.);
#4848=EDGE_CURVE('',#5831,#5830,#706,.T.);
#4849=EDGE_CURVE('',#5829,#5831,#309,.T.);
#4850=EDGE_CURVE('',#5830,#5832,#310,.T.);
#4851=EDGE_CURVE('',#5833,#5832,#707,.T.);
#4852=EDGE_CURVE('',#5831,#5833,#311,.T.);
#4853=EDGE_CURVE('',#5834,#5507,#708,.T.);
#4854=EDGE_CURVE('',#5835,#5834,#709,.T.);
#4855=EDGE_CURVE('',#5835,#5506,#710,.T.);
#4856=EDGE_CURVE('',#5836,#5515,#711,.T.);
#4857=EDGE_CURVE('',#5834,#5836,#712,.T.);
#4858=EDGE_CURVE('',#5837,#5514,#713,.T.);
#4859=EDGE_CURVE('',#5836,#5837,#312,.T.);
#4860=EDGE_CURVE('',#5838,#5513,#714,.T.);
#4861=EDGE_CURVE('',#5837,#5838,#313,.T.);
#4862=EDGE_CURVE('',#5839,#5512,#715,.T.);
#4863=EDGE_CURVE('',#5838,#5839,#716,.T.);
#4864=EDGE_CURVE('',#5840,#5511,#717,.T.);
#4865=EDGE_CURVE('',#5839,#5840,#718,.T.);
#4866=EDGE_CURVE('',#5841,#5510,#719,.T.);
#4867=EDGE_CURVE('',#5840,#5841,#720,.T.);
#4868=EDGE_CURVE('',#5842,#5509,#721,.T.);
#4869=EDGE_CURVE('',#5841,#5842,#722,.T.);
#4870=EDGE_CURVE('',#5843,#5508,#723,.T.);
#4871=EDGE_CURVE('',#5842,#5843,#724,.T.);
#4872=EDGE_CURVE('',#5843,#5835,#725,.T.);
#4873=EDGE_CURVE('',#5832,#5824,#726,.T.);
#4874=EDGE_CURVE('',#5833,#5827,#727,.T.);
#4875=EDGE_CURVE('',#5844,#5845,#728,.T.);
#4876=EDGE_CURVE('',#5846,#5845,#729,.T.);
#4877=EDGE_CURVE('',#5847,#5846,#730,.T.);
#4878=EDGE_CURVE('',#5847,#5844,#731,.T.);
#4879=EDGE_CURVE('',#5845,#5848,#732,.T.);
#4880=EDGE_CURVE('',#5849,#5848,#733,.T.);
#4881=EDGE_CURVE('',#5846,#5849,#734,.T.);
#4882=EDGE_CURVE('',#5848,#5850,#6366,.T.);
#4883=EDGE_CURVE('',#5851,#5850,#735,.T.);
#4884=EDGE_CURVE('',#5849,#5851,#6367,.T.);
#4885=EDGE_CURVE('',#5850,#5852,#736,.T.);
#4886=EDGE_CURVE('',#5853,#5852,#737,.T.);
#4887=EDGE_CURVE('',#5851,#5853,#738,.T.);
#4888=EDGE_CURVE('',#5852,#5854,#314,.T.);
#4889=EDGE_CURVE('',#5855,#5854,#739,.T.);
#4890=EDGE_CURVE('',#5853,#5855,#315,.T.);
#4891=EDGE_CURVE('',#5856,#5499,#740,.T.);
#4892=EDGE_CURVE('',#5857,#5856,#741,.T.);
#4893=EDGE_CURVE('',#5857,#5498,#742,.T.);
#4894=EDGE_CURVE('',#5858,#5505,#743,.T.);
#4895=EDGE_CURVE('',#5856,#5858,#744,.T.);
#4896=EDGE_CURVE('',#5859,#5504,#745,.T.);
#4897=EDGE_CURVE('',#5858,#5859,#746,.T.);
#4898=EDGE_CURVE('',#5860,#5503,#747,.T.);
#4899=EDGE_CURVE('',#5859,#5860,#748,.T.);
#4900=EDGE_CURVE('',#5861,#5502,#749,.T.);
#4901=EDGE_CURVE('',#5860,#5861,#750,.T.);
#4902=EDGE_CURVE('',#5862,#5501,#751,.T.);
#4903=EDGE_CURVE('',#5861,#5862,#752,.T.);
#4904=EDGE_CURVE('',#5863,#5500,#753,.T.);
#4905=EDGE_CURVE('',#5862,#5863,#754,.T.);
#4906=EDGE_CURVE('',#5863,#5857,#755,.T.);
#4907=EDGE_CURVE('',#5854,#5844,#756,.T.);
#4908=EDGE_CURVE('',#5855,#5847,#757,.T.);
#4909=EDGE_CURVE('',#5864,#5494,#758,.T.);
#4910=EDGE_CURVE('',#5865,#5864,#759,.T.);
#4911=EDGE_CURVE('',#5865,#5493,#760,.T.);
#4912=EDGE_CURVE('',#5866,#5497,#761,.T.);
#4913=EDGE_CURVE('',#5864,#5866,#762,.T.);
#4914=EDGE_CURVE('',#5867,#5496,#763,.T.);
#4915=EDGE_CURVE('',#5866,#5867,#316,.T.);
#4916=EDGE_CURVE('',#5868,#5495,#764,.T.);
#4917=EDGE_CURVE('',#5867,#5868,#317,.T.);
#4918=EDGE_CURVE('',#5869,#5870,#765,.T.);
#4919=EDGE_CURVE('',#5871,#5870,#766,.T.);
#4920=EDGE_CURVE('',#5872,#5871,#767,.T.);
#4921=EDGE_CURVE('',#5872,#5869,#768,.T.);
#4922=EDGE_CURVE('',#5870,#5873,#769,.T.);
#4923=EDGE_CURVE('',#5874,#5873,#770,.T.);
#4924=EDGE_CURVE('',#5871,#5874,#771,.T.);
#4925=EDGE_CURVE('',#5873,#5875,#772,.T.);
#4926=EDGE_CURVE('',#5876,#5875,#773,.T.);
#4927=EDGE_CURVE('',#5874,#5876,#774,.T.);
#4928=EDGE_CURVE('',#5875,#5877,#318,.T.);
#4929=EDGE_CURVE('',#5878,#5877,#775,.T.);
#4930=EDGE_CURVE('',#5876,#5878,#319,.T.);
#4931=EDGE_CURVE('',#5877,#5869,#320,.T.);
#4932=EDGE_CURVE('',#5878,#5872,#321,.T.);
#4933=EDGE_CURVE('',#5868,#5865,#776,.T.);
#4934=EDGE_CURVE('',#5879,#5483,#777,.T.);
#4935=EDGE_CURVE('',#5880,#5879,#778,.T.);
#4936=EDGE_CURVE('',#5880,#5482,#779,.T.);
#4937=EDGE_CURVE('',#5881,#5492,#780,.T.);
#4938=EDGE_CURVE('',#5879,#5881,#781,.T.);
#4939=EDGE_CURVE('',#5882,#5491,#782,.T.);
#4940=EDGE_CURVE('',#5881,#5882,#783,.T.);
#4941=EDGE_CURVE('',#5883,#5490,#784,.T.);
#4942=EDGE_CURVE('',#5882,#5883,#785,.T.);
#4943=EDGE_CURVE('',#5884,#5489,#786,.T.);
#4944=EDGE_CURVE('',#5883,#5884,#787,.T.);
#4945=EDGE_CURVE('',#5885,#5488,#788,.T.);
#4946=EDGE_CURVE('',#5884,#5885,#789,.T.);
#4947=EDGE_CURVE('',#5886,#5487,#790,.T.);
#4948=EDGE_CURVE('',#5885,#5886,#322,.T.);
#4949=EDGE_CURVE('',#5887,#5486,#791,.T.);
#4950=EDGE_CURVE('',#5886,#5887,#792,.T.);
#4951=EDGE_CURVE('',#5888,#5485,#793,.T.);
#4952=EDGE_CURVE('',#5887,#5888,#794,.T.);
#4953=EDGE_CURVE('',#5889,#5484,#795,.T.);
#4954=EDGE_CURVE('',#5888,#5889,#796,.T.);
#4955=EDGE_CURVE('',#5889,#5880,#797,.T.);
#4956=EDGE_CURVE('',#5890,#5471,#798,.T.);
#4957=EDGE_CURVE('',#5891,#5890,#799,.T.);
#4958=EDGE_CURVE('',#5891,#5470,#800,.T.);
#4959=EDGE_CURVE('',#5892,#5481,#801,.T.);
#4960=EDGE_CURVE('',#5890,#5892,#802,.T.);
#4961=EDGE_CURVE('',#5893,#5480,#803,.T.);
#4962=EDGE_CURVE('',#5892,#5893,#804,.T.);
#4963=EDGE_CURVE('',#5894,#5479,#805,.T.);
#4964=EDGE_CURVE('',#5893,#5894,#806,.T.);
#4965=EDGE_CURVE('',#5895,#5478,#807,.T.);
#4966=EDGE_CURVE('',#5894,#5895,#323,.T.);
#4967=EDGE_CURVE('',#5896,#5477,#808,.T.);
#4968=EDGE_CURVE('',#5895,#5896,#324,.T.);
#4969=EDGE_CURVE('',#5897,#5476,#809,.T.);
#4970=EDGE_CURVE('',#5896,#5897,#325,.T.);
#4971=EDGE_CURVE('',#5898,#5475,#810,.T.);
#4972=EDGE_CURVE('',#5897,#5898,#326,.T.);
#4973=EDGE_CURVE('',#5899,#5474,#811,.T.);
#4974=EDGE_CURVE('',#5898,#5899,#812,.T.);
#4975=EDGE_CURVE('',#5900,#5473,#813,.T.);
#4976=EDGE_CURVE('',#5899,#5900,#327,.T.);
#4977=EDGE_CURVE('',#5901,#5472,#814,.T.);
#4978=EDGE_CURVE('',#5900,#5901,#328,.T.);
#4979=EDGE_CURVE('',#5901,#5891,#329,.T.);
#4980=EDGE_CURVE('',#5902,#5459,#815,.T.);
#4981=EDGE_CURVE('',#5903,#5902,#816,.T.);
#4982=EDGE_CURVE('',#5903,#5458,#817,.T.);
#4983=EDGE_CURVE('',#5904,#5469,#818,.T.);
#4984=EDGE_CURVE('',#5902,#5904,#819,.T.);
#4985=EDGE_CURVE('',#5905,#5468,#820,.T.);
#4986=EDGE_CURVE('',#5904,#5905,#821,.T.);
#4987=EDGE_CURVE('',#5906,#5467,#822,.T.);
#4988=EDGE_CURVE('',#5905,#5906,#823,.T.);
#4989=EDGE_CURVE('',#5907,#5466,#824,.T.);
#4990=EDGE_CURVE('',#5906,#5907,#825,.T.);
#4991=EDGE_CURVE('',#5908,#5465,#826,.T.);
#4992=EDGE_CURVE('',#5907,#5908,#827,.T.);
#4993=EDGE_CURVE('',#5909,#5464,#828,.T.);
#4994=EDGE_CURVE('',#5908,#5909,#829,.T.);
#4995=EDGE_CURVE('',#5910,#5463,#830,.T.);
#4996=EDGE_CURVE('',#5909,#5910,#831,.T.);
#4997=EDGE_CURVE('',#5911,#5462,#832,.T.);
#4998=EDGE_CURVE('',#5910,#5911,#833,.T.);
#4999=EDGE_CURVE('',#5912,#5461,#834,.T.);
#5000=EDGE_CURVE('',#5911,#5912,#835,.T.);
#5001=EDGE_CURVE('',#5913,#5460,#836,.T.);
#5002=EDGE_CURVE('',#5912,#5913,#837,.T.);
#5003=EDGE_CURVE('',#5913,#5903,#838,.T.);
#5004=EDGE_CURVE('',#5914,#5449,#839,.T.);
#5005=EDGE_CURVE('',#5915,#5914,#330,.T.);
#5006=EDGE_CURVE('',#5915,#5448,#840,.T.);
#5007=EDGE_CURVE('',#5916,#5457,#841,.T.);
#5008=EDGE_CURVE('',#5914,#5916,#219,.T.);
#5009=EDGE_CURVE('',#5917,#5456,#842,.T.);
#5010=EDGE_CURVE('',#5916,#5917,#843,.T.);
#5011=EDGE_CURVE('',#5918,#5455,#844,.T.);
#5012=EDGE_CURVE('',#5917,#5918,#331,.T.);
#5013=EDGE_CURVE('',#5919,#5454,#845,.T.);
#5014=EDGE_CURVE('',#5918,#5919,#332,.T.);
#5015=EDGE_CURVE('',#5920,#5453,#846,.T.);
#5016=EDGE_CURVE('',#5919,#5920,#333,.T.);
#5017=EDGE_CURVE('',#5921,#5452,#847,.T.);
#5018=EDGE_CURVE('',#5920,#5921,#334,.T.);
#5019=EDGE_CURVE('',#5922,#5451,#848,.T.);
#5020=EDGE_CURVE('',#5921,#5922,#849,.T.);
#5021=EDGE_CURVE('',#5923,#5450,#850,.T.);
#5022=EDGE_CURVE('',#5922,#5923,#335,.T.);
#5023=EDGE_CURVE('',#5923,#5915,#336,.T.);
#5024=EDGE_CURVE('',#5924,#5444,#851,.T.);
#5025=EDGE_CURVE('',#5925,#5924,#852,.T.);
#5026=EDGE_CURVE('',#5925,#5443,#853,.T.);
#5027=EDGE_CURVE('',#5926,#5447,#854,.T.);
#5028=EDGE_CURVE('',#5924,#5926,#855,.T.);
#5029=EDGE_CURVE('',#5927,#5446,#856,.T.);
#5030=EDGE_CURVE('',#5926,#5927,#337,.T.);
#5031=EDGE_CURVE('',#5928,#5445,#857,.T.);
#5032=EDGE_CURVE('',#5927,#5928,#338,.T.);
#5033=EDGE_CURVE('',#5929,#5930,#858,.T.);
#5034=EDGE_CURVE('',#5931,#5930,#859,.T.);
#5035=EDGE_CURVE('',#5932,#5931,#860,.T.);
#5036=EDGE_CURVE('',#5932,#5929,#861,.T.);
#5037=EDGE_CURVE('',#5930,#5933,#862,.T.);
#5038=EDGE_CURVE('',#5934,#5933,#863,.T.);
#5039=EDGE_CURVE('',#5931,#5934,#864,.T.);
#5040=EDGE_CURVE('',#5933,#5935,#865,.T.);
#5041=EDGE_CURVE('',#5936,#5935,#866,.T.);
#5042=EDGE_CURVE('',#5934,#5936,#867,.T.);
#5043=EDGE_CURVE('',#5935,#5937,#339,.T.);
#5044=EDGE_CURVE('',#5938,#5937,#868,.T.);
#5045=EDGE_CURVE('',#5936,#5938,#340,.T.);
#5046=EDGE_CURVE('',#5937,#5929,#341,.T.);
#5047=EDGE_CURVE('',#5938,#5932,#342,.T.);
#5048=EDGE_CURVE('',#5928,#5925,#869,.T.);
#5049=EDGE_CURVE('',#5939,#5433,#870,.T.);
#5050=EDGE_CURVE('',#5940,#5939,#871,.T.);
#5051=EDGE_CURVE('',#5940,#5432,#872,.T.);
#5052=EDGE_CURVE('',#5941,#5442,#873,.T.);
#5053=EDGE_CURVE('',#5939,#5941,#874,.T.);
#5054=EDGE_CURVE('',#5942,#5441,#875,.T.);
#5055=EDGE_CURVE('',#5941,#5942,#876,.T.);
#5056=EDGE_CURVE('',#5943,#5440,#877,.T.);
#5057=EDGE_CURVE('',#5942,#5943,#878,.T.);
#5058=EDGE_CURVE('',#5944,#5439,#879,.T.);
#5059=EDGE_CURVE('',#5943,#5944,#880,.T.);
#5060=EDGE_CURVE('',#5945,#5438,#881,.T.);
#5061=EDGE_CURVE('',#5944,#5945,#882,.T.);
#5062=EDGE_CURVE('',#5946,#5437,#883,.T.);
#5063=EDGE_CURVE('',#5945,#5946,#343,.T.);
#5064=EDGE_CURVE('',#5947,#5436,#884,.T.);
#5065=EDGE_CURVE('',#5946,#5947,#885,.T.);
#5066=EDGE_CURVE('',#5948,#5435,#886,.T.);
#5067=EDGE_CURVE('',#5947,#5948,#887,.T.);
#5068=EDGE_CURVE('',#5949,#5434,#888,.T.);
#5069=EDGE_CURVE('',#5948,#5949,#889,.T.);
#5070=EDGE_CURVE('',#5949,#5940,#890,.T.);
#5071=EDGE_CURVE('',#5950,#5951,#891,.T.);
#5072=EDGE_CURVE('',#5951,#5952,#892,.T.);
#5073=EDGE_CURVE('',#5952,#5953,#893,.T.);
#5074=EDGE_CURVE('',#5953,#5954,#894,.T.);
#5075=EDGE_CURVE('',#5954,#5955,#895,.T.);
#5076=EDGE_CURVE('',#5955,#5956,#344,.F.);
#5077=EDGE_CURVE('',#5956,#5957,#896,.T.);
#5078=EDGE_CURVE('',#5957,#5958,#897,.T.);
#5079=EDGE_CURVE('',#5958,#5959,#898,.T.);
#5080=EDGE_CURVE('',#5959,#5960,#899,.T.);
#5081=EDGE_CURVE('',#5960,#5950,#900,.T.);
#5082=EDGE_CURVE('',#5961,#5962,#901,.T.);
#5083=EDGE_CURVE('',#5962,#5963,#902,.T.);
#5084=EDGE_CURVE('',#5963,#5964,#903,.T.);
#5085=EDGE_CURVE('',#5964,#5965,#904,.T.);
#5086=EDGE_CURVE('',#5965,#5966,#905,.T.);
#5087=EDGE_CURVE('',#5966,#5967,#906,.T.);
#5088=EDGE_CURVE('',#5967,#5968,#345,.T.);
#5089=EDGE_CURVE('',#5968,#5969,#907,.T.);
#5090=EDGE_CURVE('',#5969,#5970,#908,.T.);
#5091=EDGE_CURVE('',#5970,#5971,#909,.T.);
#5092=EDGE_CURVE('',#5971,#5961,#910,.T.);
#5093=EDGE_CURVE('',#5951,#5961,#911,.T.);
#5094=EDGE_CURVE('',#5952,#5971,#912,.T.);
#5095=EDGE_CURVE('',#5953,#5970,#913,.T.);
#5096=EDGE_CURVE('',#5954,#5969,#914,.T.);
#5097=EDGE_CURVE('',#5955,#5968,#915,.T.);
#5098=EDGE_CURVE('',#5956,#5967,#916,.T.);
#5099=EDGE_CURVE('',#5957,#5966,#917,.T.);
#5100=EDGE_CURVE('',#5958,#5965,#918,.T.);
#5101=EDGE_CURVE('',#5959,#5964,#919,.T.);
#5102=EDGE_CURVE('',#5960,#5963,#920,.T.);
#5103=EDGE_CURVE('',#5950,#5962,#921,.T.);
#5104=EDGE_CURVE('',#5972,#5973,#922,.T.);
#5105=EDGE_CURVE('',#5973,#5974,#923,.T.);
#5106=EDGE_CURVE('',#5974,#5975,#924,.T.);
#5107=EDGE_CURVE('',#5975,#5976,#925,.T.);
#5108=EDGE_CURVE('',#5976,#5977,#926,.T.);
#5109=EDGE_CURVE('',#5977,#5978,#346,.F.);
#5110=EDGE_CURVE('',#5978,#5979,#927,.T.);
#5111=EDGE_CURVE('',#5979,#5980,#928,.T.);
#5112=EDGE_CURVE('',#5980,#5981,#929,.T.);
#5113=EDGE_CURVE('',#5981,#5982,#930,.T.);
#5114=EDGE_CURVE('',#5982,#5972,#931,.T.);
#5115=EDGE_CURVE('',#5983,#5984,#932,.T.);
#5116=EDGE_CURVE('',#5984,#5985,#933,.T.);
#5117=EDGE_CURVE('',#5985,#5986,#934,.T.);
#5118=EDGE_CURVE('',#5986,#5987,#935,.T.);
#5119=EDGE_CURVE('',#5987,#5988,#936,.T.);
#5120=EDGE_CURVE('',#5988,#5989,#937,.T.);
#5121=EDGE_CURVE('',#5989,#5990,#347,.T.);
#5122=EDGE_CURVE('',#5990,#5991,#938,.T.);
#5123=EDGE_CURVE('',#5991,#5992,#939,.T.);
#5124=EDGE_CURVE('',#5992,#5993,#940,.T.);
#5125=EDGE_CURVE('',#5993,#5983,#941,.T.);
#5126=EDGE_CURVE('',#5973,#5983,#942,.T.);
#5127=EDGE_CURVE('',#5974,#5993,#943,.T.);
#5128=EDGE_CURVE('',#5975,#5992,#944,.T.);
#5129=EDGE_CURVE('',#5976,#5991,#945,.T.);
#5130=EDGE_CURVE('',#5977,#5990,#946,.T.);
#5131=EDGE_CURVE('',#5978,#5989,#947,.T.);
#5132=EDGE_CURVE('',#5979,#5988,#948,.T.);
#5133=EDGE_CURVE('',#5980,#5987,#949,.T.);
#5134=EDGE_CURVE('',#5981,#5986,#950,.T.);
#5135=EDGE_CURVE('',#5982,#5985,#951,.T.);
#5136=EDGE_CURVE('',#5972,#5984,#952,.T.);
#5137=EDGE_CURVE('',#5994,#5995,#953,.T.);
#5138=EDGE_CURVE('',#5995,#5996,#348,.F.);
#5139=EDGE_CURVE('',#5996,#5997,#349,.F.);
#5140=EDGE_CURVE('',#5997,#5998,#954,.T.);
#5141=EDGE_CURVE('',#5998,#5994,#955,.T.);
#5142=EDGE_CURVE('',#5999,#6000,#956,.T.);
#5143=EDGE_CURVE('',#6000,#6001,#957,.T.);
#5144=EDGE_CURVE('',#6001,#6002,#350,.F.);
#5145=EDGE_CURVE('',#6002,#6003,#351,.F.);
#5146=EDGE_CURVE('',#6003,#5999,#958,.T.);
#5147=EDGE_CURVE('',#6004,#6005,#959,.T.);
#5148=EDGE_CURVE('',#6005,#6006,#960,.T.);
#5149=EDGE_CURVE('',#6006,#6007,#961,.T.);
#5150=EDGE_CURVE('',#6007,#6008,#352,.T.);
#5151=EDGE_CURVE('',#6008,#6004,#353,.T.);
#5152=EDGE_CURVE('',#6009,#6010,#962,.T.);
#5153=EDGE_CURVE('',#6010,#6011,#963,.T.);
#5154=EDGE_CURVE('',#6011,#6012,#354,.T.);
#5155=EDGE_CURVE('',#6012,#6013,#355,.T.);
#5156=EDGE_CURVE('',#6013,#6009,#964,.T.);
#5157=EDGE_CURVE('',#6000,#6009,#965,.T.);
#5158=EDGE_CURVE('',#6001,#6013,#966,.T.);
#5159=EDGE_CURVE('',#5995,#6004,#967,.T.);
#5160=EDGE_CURVE('',#5996,#6008,#968,.T.);
#5161=EDGE_CURVE('',#5997,#6007,#969,.T.);
#5162=EDGE_CURVE('',#5998,#6006,#970,.T.);
#5163=EDGE_CURVE('',#5994,#6005,#971,.T.);
#5164=EDGE_CURVE('',#6002,#6012,#972,.T.);
#5165=EDGE_CURVE('',#6003,#6011,#973,.T.);
#5166=EDGE_CURVE('',#5999,#6010,#974,.T.);
#5167=EDGE_CURVE('',#6014,#6015,#975,.T.);
#5168=EDGE_CURVE('',#6015,#6016,#976,.T.);
#5169=EDGE_CURVE('',#6016,#6017,#977,.T.);
#5170=EDGE_CURVE('',#6017,#6018,#978,.T.);
#5171=EDGE_CURVE('',#6018,#6019,#979,.T.);
#5172=EDGE_CURVE('',#6019,#6020,#980,.T.);
#5173=EDGE_CURVE('',#6020,#6021,#981,.T.);
#5174=EDGE_CURVE('',#6021,#6014,#982,.T.);
#5175=EDGE_CURVE('',#6022,#6023,#983,.T.);
#5176=EDGE_CURVE('',#6023,#6024,#984,.T.);
#5177=EDGE_CURVE('',#6024,#6025,#356,.F.);
#5178=EDGE_CURVE('',#6025,#6026,#985,.T.);
#5179=EDGE_CURVE('',#6026,#6027,#6368,.F.);
#5180=EDGE_CURVE('',#6027,#6022,#986,.T.);
#5181=EDGE_CURVE('',#6028,#6029,#987,.T.);
#5182=EDGE_CURVE('',#6029,#6030,#988,.T.);
#5183=EDGE_CURVE('',#6030,#6031,#989,.T.);
#5184=EDGE_CURVE('',#6031,#6032,#990,.T.);
#5185=EDGE_CURVE('',#6032,#6033,#991,.T.);
#5186=EDGE_CURVE('',#6033,#6034,#992,.T.);
#5187=EDGE_CURVE('',#6034,#6035,#993,.T.);
#5188=EDGE_CURVE('',#6035,#6028,#994,.T.);
#5189=EDGE_CURVE('',#6036,#6037,#995,.T.);
#5190=EDGE_CURVE('',#6037,#6038,#996,.T.);
#5191=EDGE_CURVE('',#6038,#6039,#6369,.T.);
#5192=EDGE_CURVE('',#6039,#6040,#997,.T.);
#5193=EDGE_CURVE('',#6040,#6041,#357,.T.);
#5194=EDGE_CURVE('',#6041,#6036,#998,.T.);
#5195=EDGE_CURVE('',#6023,#6036,#999,.T.);
#5196=EDGE_CURVE('',#6024,#6041,#1000,.T.);
#5197=EDGE_CURVE('',#6015,#6028,#1001,.T.);
#5198=EDGE_CURVE('',#6016,#6035,#1002,.T.);
#5199=EDGE_CURVE('',#6017,#6034,#1003,.T.);
#5200=EDGE_CURVE('',#6018,#6033,#1004,.T.);
#5201=EDGE_CURVE('',#6019,#6032,#1005,.T.);
#5202=EDGE_CURVE('',#6020,#6031,#1006,.T.);
#5203=EDGE_CURVE('',#6021,#6030,#1007,.T.);
#5204=EDGE_CURVE('',#6014,#6029,#1008,.T.);
#5205=EDGE_CURVE('',#6025,#6040,#1009,.T.);
#5206=EDGE_CURVE('',#6026,#6039,#1010,.T.);
#5207=EDGE_CURVE('',#6027,#6038,#1011,.T.);
#5208=EDGE_CURVE('',#6022,#6037,#1012,.T.);
#5209=EDGE_CURVE('',#6042,#6043,#1013,.T.);
#5210=EDGE_CURVE('',#6043,#6044,#1014,.T.);
#5211=EDGE_CURVE('',#6044,#6045,#1015,.T.);
#5212=EDGE_CURVE('',#6045,#6046,#1016,.T.);
#5213=EDGE_CURVE('',#6046,#6047,#1017,.T.);
#5214=EDGE_CURVE('',#6047,#6048,#1018,.T.);
#5215=EDGE_CURVE('',#6048,#6049,#1019,.T.);
#5216=EDGE_CURVE('',#6049,#6050,#358,.F.);
#5217=EDGE_CURVE('',#6050,#6051,#359,.F.);
#5218=EDGE_CURVE('',#6051,#6042,#1020,.T.);
#5219=EDGE_CURVE('',#6052,#6053,#1021,.T.);
#5220=EDGE_CURVE('',#6053,#6054,#1022,.T.);
#5221=EDGE_CURVE('',#6054,#6055,#360,.F.);
#5222=EDGE_CURVE('',#6055,#6056,#361,.F.);
#5223=EDGE_CURVE('',#6056,#6052,#1023,.T.);
#5224=EDGE_CURVE('',#6057,#6058,#1024,.T.);
#5225=EDGE_CURVE('',#6058,#6059,#1025,.T.);
#5226=EDGE_CURVE('',#6059,#6060,#362,.T.);
#5227=EDGE_CURVE('',#6060,#6061,#363,.T.);
#5228=EDGE_CURVE('',#6061,#6062,#1026,.T.);
#5229=EDGE_CURVE('',#6062,#6063,#1027,.T.);
#5230=EDGE_CURVE('',#6063,#6064,#1028,.T.);
#5231=EDGE_CURVE('',#6064,#6065,#1029,.T.);
#5232=EDGE_CURVE('',#6065,#6066,#1030,.T.);
#5233=EDGE_CURVE('',#6066,#6057,#1031,.T.);
#5234=EDGE_CURVE('',#6067,#6068,#1032,.T.);
#5235=EDGE_CURVE('',#6068,#6069,#1033,.T.);
#5236=EDGE_CURVE('',#6069,#6070,#364,.T.);
#5237=EDGE_CURVE('',#6070,#6071,#365,.T.);
#5238=EDGE_CURVE('',#6071,#6067,#1034,.T.);
#5239=EDGE_CURVE('',#6053,#6067,#1035,.T.);
#5240=EDGE_CURVE('',#6054,#6071,#1036,.T.);
#5241=EDGE_CURVE('',#6043,#6057,#1037,.T.);
#5242=EDGE_CURVE('',#6044,#6066,#1038,.T.);
#5243=EDGE_CURVE('',#6045,#6065,#1039,.T.);
#5244=EDGE_CURVE('',#6046,#6064,#1040,.T.);
#5245=EDGE_CURVE('',#6047,#6063,#1041,.T.);
#5246=EDGE_CURVE('',#6048,#6062,#1042,.T.);
#5247=EDGE_CURVE('',#6049,#6061,#1043,.T.);
#5248=EDGE_CURVE('',#6050,#6060,#1044,.T.);
#5249=EDGE_CURVE('',#6051,#6059,#1045,.T.);
#5250=EDGE_CURVE('',#6042,#6058,#1046,.T.);
#5251=EDGE_CURVE('',#6055,#6070,#1047,.T.);
#5252=EDGE_CURVE('',#6056,#6069,#1048,.T.);
#5253=EDGE_CURVE('',#6052,#6068,#1049,.T.);
#5254=EDGE_CURVE('',#6072,#6073,#366,.F.);
#5255=EDGE_CURVE('',#6073,#6074,#367,.F.);
#5256=EDGE_CURVE('',#6074,#6075,#368,.F.);
#5257=EDGE_CURVE('',#6075,#6076,#1050,.T.);
#5258=EDGE_CURVE('',#6076,#6077,#369,.F.);
#5259=EDGE_CURVE('',#6077,#6078,#370,.F.);
#5260=EDGE_CURVE('',#6078,#6079,#371,.F.);
#5261=EDGE_CURVE('',#6079,#6080,#372,.F.);
#5262=EDGE_CURVE('',#6080,#6081,#1051,.T.);
#5263=EDGE_CURVE('',#6081,#6072,#220,.T.);
#5264=EDGE_CURVE('',#6082,#6083,#373,.T.);
#5265=EDGE_CURVE('',#6083,#6084,#221,.T.);
#5266=EDGE_CURVE('',#6084,#6085,#1052,.T.);
#5267=EDGE_CURVE('',#6085,#6086,#374,.T.);
#5268=EDGE_CURVE('',#6086,#6087,#375,.T.);
#5269=EDGE_CURVE('',#6087,#6088,#376,.T.);
#5270=EDGE_CURVE('',#6088,#6089,#377,.T.);
#5271=EDGE_CURVE('',#6089,#6090,#1053,.T.);
#5272=EDGE_CURVE('',#6090,#6091,#378,.T.);
#5273=EDGE_CURVE('',#6091,#6082,#379,.T.);
#5274=EDGE_CURVE('',#6073,#6082,#1054,.T.);
#5275=EDGE_CURVE('',#6074,#6091,#1055,.T.);
#5276=EDGE_CURVE('',#6075,#6090,#1056,.T.);
#5277=EDGE_CURVE('',#6076,#6089,#1057,.T.);
#5278=EDGE_CURVE('',#6077,#6088,#1058,.T.);
#5279=EDGE_CURVE('',#6078,#6087,#1059,.T.);
#5280=EDGE_CURVE('',#6079,#6086,#1060,.T.);
#5281=EDGE_CURVE('',#6080,#6085,#1061,.T.);
#5282=EDGE_CURVE('',#6081,#6084,#1062,.T.);
#5283=EDGE_CURVE('',#6072,#6083,#1063,.T.);
#5284=EDGE_CURVE('',#6092,#6093,#1064,.T.);
#5285=EDGE_CURVE('',#6093,#6094,#1065,.T.);
#5286=EDGE_CURVE('',#6094,#6095,#1066,.T.);
#5287=EDGE_CURVE('',#6095,#6096,#1067,.T.);
#5288=EDGE_CURVE('',#6096,#6097,#1068,.T.);
#5289=EDGE_CURVE('',#6097,#6098,#1069,.T.);
#5290=EDGE_CURVE('',#6098,#6099,#1070,.T.);
#5291=EDGE_CURVE('',#6099,#6092,#1071,.T.);
#5292=EDGE_CURVE('',#6100,#6101,#1072,.T.);
#5293=EDGE_CURVE('',#6101,#6102,#1073,.T.);
#5294=EDGE_CURVE('',#6102,#6103,#380,.F.);
#5295=EDGE_CURVE('',#6103,#6104,#1074,.T.);
#5296=EDGE_CURVE('',#6104,#6105,#6370,.F.);
#5297=EDGE_CURVE('',#6105,#6100,#1075,.T.);
#5298=EDGE_CURVE('',#6106,#6107,#1076,.T.);
#5299=EDGE_CURVE('',#6107,#6108,#1077,.T.);
#5300=EDGE_CURVE('',#6108,#6109,#1078,.T.);
#5301=EDGE_CURVE('',#6109,#6110,#1079,.T.);
#5302=EDGE_CURVE('',#6110,#6111,#1080,.T.);
#5303=EDGE_CURVE('',#6111,#6112,#1081,.T.);
#5304=EDGE_CURVE('',#6112,#6113,#1082,.T.);
#5305=EDGE_CURVE('',#6113,#6106,#1083,.T.);
#5306=EDGE_CURVE('',#6114,#6115,#1084,.T.);
#5307=EDGE_CURVE('',#6115,#6116,#1085,.T.);
#5308=EDGE_CURVE('',#6116,#6117,#6371,.T.);
#5309=EDGE_CURVE('',#6117,#6118,#1086,.T.);
#5310=EDGE_CURVE('',#6118,#6119,#381,.T.);
#5311=EDGE_CURVE('',#6119,#6114,#1087,.T.);
#5312=EDGE_CURVE('',#6101,#6114,#1088,.T.);
#5313=EDGE_CURVE('',#6102,#6119,#1089,.T.);
#5314=EDGE_CURVE('',#6093,#6106,#1090,.T.);
#5315=EDGE_CURVE('',#6094,#6113,#1091,.T.);
#5316=EDGE_CURVE('',#6095,#6112,#1092,.T.);
#5317=EDGE_CURVE('',#6096,#6111,#1093,.T.);
#5318=EDGE_CURVE('',#6097,#6110,#1094,.T.);
#5319=EDGE_CURVE('',#6098,#6109,#1095,.T.);
#5320=EDGE_CURVE('',#6099,#6108,#1096,.T.);
#5321=EDGE_CURVE('',#6092,#6107,#1097,.T.);
#5322=EDGE_CURVE('',#6103,#6118,#1098,.T.);
#5323=EDGE_CURVE('',#6104,#6117,#1099,.T.);
#5324=EDGE_CURVE('',#6105,#6116,#1100,.T.);
#5325=EDGE_CURVE('',#6100,#6115,#1101,.T.);
#5326=EDGE_CURVE('',#6120,#6121,#1102,.T.);
#5327=EDGE_CURVE('',#6121,#6122,#382,.F.);
#5328=EDGE_CURVE('',#6122,#6123,#383,.F.);
#5329=EDGE_CURVE('',#6123,#6124,#1103,.T.);
#5330=EDGE_CURVE('',#6124,#6120,#1104,.T.);
#5331=EDGE_CURVE('',#6125,#6126,#1105,.T.);
#5332=EDGE_CURVE('',#6126,#6127,#1106,.T.);
#5333=EDGE_CURVE('',#6127,#6128,#384,.F.);
#5334=EDGE_CURVE('',#6128,#6129,#385,.F.);
#5335=EDGE_CURVE('',#6129,#6125,#1107,.T.);
#5336=EDGE_CURVE('',#6130,#6131,#1108,.T.);
#5337=EDGE_CURVE('',#6131,#6132,#1109,.T.);
#5338=EDGE_CURVE('',#6132,#6133,#1110,.T.);
#5339=EDGE_CURVE('',#6133,#6134,#386,.T.);
#5340=EDGE_CURVE('',#6134,#6130,#387,.T.);
#5341=EDGE_CURVE('',#6135,#6136,#1111,.T.);
#5342=EDGE_CURVE('',#6136,#6137,#1112,.T.);
#5343=EDGE_CURVE('',#6137,#6138,#388,.T.);
#5344=EDGE_CURVE('',#6138,#6139,#389,.T.);
#5345=EDGE_CURVE('',#6139,#6135,#1113,.T.);
#5346=EDGE_CURVE('',#6126,#6135,#1114,.T.);
#5347=EDGE_CURVE('',#6127,#6139,#1115,.T.);
#5348=EDGE_CURVE('',#6121,#6130,#1116,.T.);
#5349=EDGE_CURVE('',#6122,#6134,#1117,.T.);
#5350=EDGE_CURVE('',#6123,#6133,#1118,.T.);
#5351=EDGE_CURVE('',#6124,#6132,#1119,.T.);
#5352=EDGE_CURVE('',#6120,#6131,#1120,.T.);
#5353=EDGE_CURVE('',#6128,#6138,#1121,.T.);
#5354=EDGE_CURVE('',#6129,#6137,#1122,.T.);
#5355=EDGE_CURVE('',#6125,#6136,#1123,.T.);
#5356=EDGE_CURVE('',#6140,#6141,#1124,.T.);
#5357=EDGE_CURVE('',#6141,#6142,#1125,.T.);
#5358=EDGE_CURVE('',#6142,#6143,#1126,.T.);
#5359=EDGE_CURVE('',#6143,#6144,#1127,.T.);
#5360=EDGE_CURVE('',#6144,#6145,#1128,.T.);
#5361=EDGE_CURVE('',#6145,#6146,#1129,.T.);
#5362=EDGE_CURVE('',#6146,#6147,#1130,.T.);
#5363=EDGE_CURVE('',#6147,#6148,#1131,.T.);
#5364=EDGE_CURVE('',#6148,#6149,#1132,.T.);
#5365=EDGE_CURVE('',#6149,#6150,#1133,.T.);
#5366=EDGE_CURVE('',#6150,#6151,#1134,.T.);
#5367=EDGE_CURVE('',#6151,#6140,#1135,.T.);
#5368=EDGE_CURVE('',#6152,#6153,#1136,.T.);
#5369=EDGE_CURVE('',#6153,#6154,#1137,.T.);
#5370=EDGE_CURVE('',#6154,#6155,#1138,.T.);
#5371=EDGE_CURVE('',#6155,#6156,#1139,.T.);
#5372=EDGE_CURVE('',#6156,#6157,#1140,.T.);
#5373=EDGE_CURVE('',#6157,#6158,#1141,.T.);
#5374=EDGE_CURVE('',#6158,#6159,#1142,.T.);
#5375=EDGE_CURVE('',#6159,#6160,#1143,.T.);
#5376=EDGE_CURVE('',#6160,#6161,#1144,.T.);
#5377=EDGE_CURVE('',#6161,#6162,#1145,.T.);
#5378=EDGE_CURVE('',#6162,#6163,#1146,.T.);
#5379=EDGE_CURVE('',#6163,#6152,#1147,.T.);
#5380=EDGE_CURVE('',#6141,#6152,#1148,.T.);
#5381=EDGE_CURVE('',#6142,#6163,#1149,.T.);
#5382=EDGE_CURVE('',#6143,#6162,#1150,.T.);
#5383=EDGE_CURVE('',#6144,#6161,#1151,.T.);
#5384=EDGE_CURVE('',#6145,#6160,#1152,.T.);
#5385=EDGE_CURVE('',#6146,#6159,#1153,.T.);
#5386=EDGE_CURVE('',#6147,#6158,#1154,.T.);
#5387=EDGE_CURVE('',#6148,#6157,#1155,.T.);
#5388=EDGE_CURVE('',#6149,#6156,#1156,.T.);
#5389=EDGE_CURVE('',#6150,#6155,#1157,.T.);
#5390=EDGE_CURVE('',#6151,#6154,#1158,.T.);
#5391=EDGE_CURVE('',#6140,#6153,#1159,.T.);
#5392=EDGE_CURVE('',#6164,#6165,#1160,.T.);
#5393=EDGE_CURVE('',#6165,#6166,#390,.F.);
#5394=EDGE_CURVE('',#6166,#6167,#391,.F.);
#5395=EDGE_CURVE('',#6167,#6168,#392,.F.);
#5396=EDGE_CURVE('',#6168,#6169,#1161,.T.);
#5397=EDGE_CURVE('',#6169,#6170,#393,.F.);
#5398=EDGE_CURVE('',#6170,#6171,#394,.F.);
#5399=EDGE_CURVE('',#6171,#6172,#395,.F.);
#5400=EDGE_CURVE('',#6172,#6173,#396,.F.);
#5401=EDGE_CURVE('',#6173,#6174,#1162,.T.);
#5402=EDGE_CURVE('',#6174,#6175,#1163,.T.);
#5403=EDGE_CURVE('',#6175,#6164,#1164,.T.);
#5404=EDGE_CURVE('',#6176,#6177,#1165,.T.);
#5405=EDGE_CURVE('',#6177,#6178,#1166,.T.);
#5406=EDGE_CURVE('',#6178,#6179,#1167,.T.);
#5407=EDGE_CURVE('',#6179,#6180,#1168,.T.);
#5408=EDGE_CURVE('',#6180,#6181,#397,.T.);
#5409=EDGE_CURVE('',#6181,#6182,#398,.T.);
#5410=EDGE_CURVE('',#6182,#6183,#399,.T.);
#5411=EDGE_CURVE('',#6183,#6184,#400,.T.);
#5412=EDGE_CURVE('',#6184,#6185,#1169,.T.);
#5413=EDGE_CURVE('',#6185,#6186,#401,.T.);
#5414=EDGE_CURVE('',#6186,#6187,#402,.T.);
#5415=EDGE_CURVE('',#6187,#6176,#403,.T.);
#5416=EDGE_CURVE('',#6165,#6176,#1170,.T.);
#5417=EDGE_CURVE('',#6166,#6187,#1171,.T.);
#5418=EDGE_CURVE('',#6167,#6186,#1172,.T.);
#5419=EDGE_CURVE('',#6168,#6185,#1173,.T.);
#5420=EDGE_CURVE('',#6169,#6184,#1174,.T.);
#5421=EDGE_CURVE('',#6170,#6183,#1175,.T.);
#5422=EDGE_CURVE('',#6171,#6182,#1176,.T.);
#5423=EDGE_CURVE('',#6172,#6181,#1177,.T.);
#5424=EDGE_CURVE('',#6173,#6180,#1178,.T.);
#5425=EDGE_CURVE('',#6174,#6179,#1179,.T.);
#5426=EDGE_CURVE('',#6175,#6178,#1180,.T.);
#5427=EDGE_CURVE('',#6164,#6177,#1181,.T.);
#5428=VERTEX_POINT('',#11088);
#5429=VERTEX_POINT('',#11090);
#5430=VERTEX_POINT('',#11092);
#5431=VERTEX_POINT('',#11094);
#5432=VERTEX_POINT('',#11096);
#5433=VERTEX_POINT('',#11097);
#5434=VERTEX_POINT('',#11099);
#5435=VERTEX_POINT('',#11101);
#5436=VERTEX_POINT('',#11103);
#5437=VERTEX_POINT('',#11105);
#5438=VERTEX_POINT('',#11110);
#5439=VERTEX_POINT('',#11112);
#5440=VERTEX_POINT('',#11114);
#5441=VERTEX_POINT('',#11116);
#5442=VERTEX_POINT('',#11118);
#5443=VERTEX_POINT('',#11121);
#5444=VERTEX_POINT('',#11122);
#5445=VERTEX_POINT('',#11124);
#5446=VERTEX_POINT('',#11129);
#5447=VERTEX_POINT('',#11134);
#5448=VERTEX_POINT('',#11140);
#5449=VERTEX_POINT('',#11141);
#5450=VERTEX_POINT('',#11146);
#5451=VERTEX_POINT('',#11151);
#5452=VERTEX_POINT('',#11153);
#5453=VERTEX_POINT('',#11158);
#5454=VERTEX_POINT('',#11163);
#5455=VERTEX_POINT('',#11168);
#5456=VERTEX_POINT('',#11173);
#5457=VERTEX_POINT('',#11175);
#5458=VERTEX_POINT('',#11178);
#5459=VERTEX_POINT('',#11179);
#5460=VERTEX_POINT('',#11181);
#5461=VERTEX_POINT('',#11183);
#5462=VERTEX_POINT('',#11185);
#5463=VERTEX_POINT('',#11187);
#5464=VERTEX_POINT('',#11189);
#5465=VERTEX_POINT('',#11191);
#5466=VERTEX_POINT('',#11193);
#5467=VERTEX_POINT('',#11195);
#5468=VERTEX_POINT('',#11197);
#5469=VERTEX_POINT('',#11199);
#5470=VERTEX_POINT('',#11202);
#5471=VERTEX_POINT('',#11203);
#5472=VERTEX_POINT('',#11208);
#5473=VERTEX_POINT('',#11213);
#5474=VERTEX_POINT('',#11218);
#5475=VERTEX_POINT('',#11220);
#5476=VERTEX_POINT('',#11225);
#5477=VERTEX_POINT('',#11230);
#5478=VERTEX_POINT('',#11235);
#5479=VERTEX_POINT('',#11240);
#5480=VERTEX_POINT('',#11242);
#5481=VERTEX_POINT('',#11244);
#5482=VERTEX_POINT('',#11247);
#5483=VERTEX_POINT('',#11248);
#5484=VERTEX_POINT('',#11250);
#5485=VERTEX_POINT('',#11252);
#5486=VERTEX_POINT('',#11254);
#5487=VERTEX_POINT('',#11256);
#5488=VERTEX_POINT('',#11261);
#5489=VERTEX_POINT('',#11263);
#5490=VERTEX_POINT('',#11265);
#5491=VERTEX_POINT('',#11267);
#5492=VERTEX_POINT('',#11269);
#5493=VERTEX_POINT('',#11272);
#5494=VERTEX_POINT('',#11273);
#5495=VERTEX_POINT('',#11275);
#5496=VERTEX_POINT('',#11280);
#5497=VERTEX_POINT('',#11285);
#5498=VERTEX_POINT('',#11288);
#5499=VERTEX_POINT('',#11289);
#5500=VERTEX_POINT('',#11291);
#5501=VERTEX_POINT('',#11293);
#5502=VERTEX_POINT('',#11295);
#5503=VERTEX_POINT('',#11297);
#5504=VERTEX_POINT('',#11299);
#5505=VERTEX_POINT('',#11301);
#5506=VERTEX_POINT('',#11304);
#5507=VERTEX_POINT('',#11305);
#5508=VERTEX_POINT('',#11307);
#5509=VERTEX_POINT('',#11309);
#5510=VERTEX_POINT('',#11311);
#5511=VERTEX_POINT('',#11313);
#5512=VERTEX_POINT('',#11315);
#5513=VERTEX_POINT('',#11317);
#5514=VERTEX_POINT('',#11322);
#5515=VERTEX_POINT('',#11327);
#5516=VERTEX_POINT('',#11330);
#5517=VERTEX_POINT('',#11331);
#5518=VERTEX_POINT('',#11333);
#5519=VERTEX_POINT('',#11335);
#5520=VERTEX_POINT('',#11337);
#5521=VERTEX_POINT('',#11339);
#5522=VERTEX_POINT('',#11341);
#5523=VERTEX_POINT('',#11343);
#5524=VERTEX_POINT('',#11346);
#5525=VERTEX_POINT('',#11348);
#5526=VERTEX_POINT('',#11350);
#5527=VERTEX_POINT('',#11352);
#5528=VERTEX_POINT('',#11354);
#5529=VERTEX_POINT('',#11355);
#5530=VERTEX_POINT('',#11357);
#5531=VERTEX_POINT('',#11359);
#5532=VERTEX_POINT('',#11361);
#5533=VERTEX_POINT('',#11363);
#5534=VERTEX_POINT('',#11365);
#5535=VERTEX_POINT('',#11367);
#5536=VERTEX_POINT('',#11370);
#5537=VERTEX_POINT('',#11372);
#5538=VERTEX_POINT('',#11373);
#5539=VERTEX_POINT('',#11375);
#5540=VERTEX_POINT('',#11377);
#5541=VERTEX_POINT('',#11379);
#5542=VERTEX_POINT('',#11381);
#5543=VERTEX_POINT('',#11383);
#5544=VERTEX_POINT('',#11385);
#5545=VERTEX_POINT('',#11399);
#5546=VERTEX_POINT('',#11401);
#5547=VERTEX_POINT('',#11402);
#5548=VERTEX_POINT('',#11404);
#5549=VERTEX_POINT('',#11406);
#5550=VERTEX_POINT('',#11410);
#5551=VERTEX_POINT('',#11424);
#5552=VERTEX_POINT('',#11426);
#5553=VERTEX_POINT('',#11427);
#5554=VERTEX_POINT('',#11429);
#5555=VERTEX_POINT('',#11431);
#5556=VERTEX_POINT('',#11434);
#5557=VERTEX_POINT('',#11435);
#5558=VERTEX_POINT('',#11443);
#5559=VERTEX_POINT('',#11445);
#5560=VERTEX_POINT('',#11455);
#5561=VERTEX_POINT('',#11456);
#5562=VERTEX_POINT('',#11458);
#5563=VERTEX_POINT('',#11460);
#5564=VERTEX_POINT('',#11462);
#5565=VERTEX_POINT('',#11464);
#5566=VERTEX_POINT('',#11466);
#5567=VERTEX_POINT('',#11468);
#5568=VERTEX_POINT('',#11472);
#5569=VERTEX_POINT('',#11473);
#5570=VERTEX_POINT('',#11475);
#5571=VERTEX_POINT('',#11477);
#5572=VERTEX_POINT('',#11480);
#5573=VERTEX_POINT('',#11484);
#5574=VERTEX_POINT('',#11485);
#5575=VERTEX_POINT('',#11487);
#5576=VERTEX_POINT('',#11489);
#5577=VERTEX_POINT('',#11492);
#5578=VERTEX_POINT('',#11496);
#5579=VERTEX_POINT('',#11497);
#5580=VERTEX_POINT('',#11499);
#5581=VERTEX_POINT('',#11501);
#5582=VERTEX_POINT('',#11514);
#5583=VERTEX_POINT('',#11517);
#5584=VERTEX_POINT('',#11518);
#5585=VERTEX_POINT('',#11520);
#5586=VERTEX_POINT('',#11522);
#5587=VERTEX_POINT('',#11535);
#5588=VERTEX_POINT('',#11538);
#5589=VERTEX_POINT('',#11539);
#5590=VERTEX_POINT('',#11541);
#5591=VERTEX_POINT('',#11543);
#5592=VERTEX_POINT('',#11546);
#5593=VERTEX_POINT('',#11558);
#5594=VERTEX_POINT('',#11573);
#5595=VERTEX_POINT('',#11576);
#5596=VERTEX_POINT('',#11577);
#5597=VERTEX_POINT('',#11579);
#5598=VERTEX_POINT('',#11581);
#5599=VERTEX_POINT('',#11584);
#5600=VERTEX_POINT('',#11596);
#5601=VERTEX_POINT('',#11599);
#5602=VERTEX_POINT('',#11600);
#5603=VERTEX_POINT('',#11602);
#5604=VERTEX_POINT('',#11604);
#5605=VERTEX_POINT('',#11607);
#5606=VERTEX_POINT('',#11619);
#5607=VERTEX_POINT('',#11624);
#5608=VERTEX_POINT('',#11626);
#5609=VERTEX_POINT('',#11632);
#5610=VERTEX_POINT('',#11634);
#5611=VERTEX_POINT('',#11640);
#5612=VERTEX_POINT('',#11642);
#5613=VERTEX_POINT('',#11648);
#5614=VERTEX_POINT('',#11650);
#5615=VERTEX_POINT('',#11656);
#5616=VERTEX_POINT('',#11658);
#5617=VERTEX_POINT('',#11664);
#5618=VERTEX_POINT('',#11666);
#5619=VERTEX_POINT('',#11672);
#5620=VERTEX_POINT('',#11674);
#5621=VERTEX_POINT('',#11680);
#5622=VERTEX_POINT('',#11682);
#5623=VERTEX_POINT('',#11694);
#5624=VERTEX_POINT('',#11695);
#5625=VERTEX_POINT('',#11697);
#5626=VERTEX_POINT('',#11707);
#5627=VERTEX_POINT('',#11709);
#5628=VERTEX_POINT('',#11719);
#5629=VERTEX_POINT('',#11721);
#5630=VERTEX_POINT('',#11731);
#5631=VERTEX_POINT('',#11734);
#5632=VERTEX_POINT('',#11736);
#5633=VERTEX_POINT('',#11738);
#5634=VERTEX_POINT('',#11740);
#5635=VERTEX_POINT('',#11744);
#5636=VERTEX_POINT('',#11746);
#5637=VERTEX_POINT('',#11748);
#5638=VERTEX_POINT('',#11750);
#5639=VERTEX_POINT('',#11752);
#5640=VERTEX_POINT('',#11757);
#5641=VERTEX_POINT('',#11759);
#5642=VERTEX_POINT('',#11764);
#5643=VERTEX_POINT('',#11766);
#5644=VERTEX_POINT('',#11771);
#5645=VERTEX_POINT('',#11773);
#5646=VERTEX_POINT('',#11779);
#5647=VERTEX_POINT('',#11780);
#5648=VERTEX_POINT('',#11782);
#5649=VERTEX_POINT('',#11784);
#5650=VERTEX_POINT('',#11786);
#5651=VERTEX_POINT('',#11788);
#5652=VERTEX_POINT('',#11790);
#5653=VERTEX_POINT('',#11792);
#5654=VERTEX_POINT('',#11796);
#5655=VERTEX_POINT('',#11798);
#5656=VERTEX_POINT('',#11799);
#5657=VERTEX_POINT('',#11801);
#5658=VERTEX_POINT('',#11803);
#5659=VERTEX_POINT('',#11805);
#5660=VERTEX_POINT('',#11807);
#5661=VERTEX_POINT('',#11809);
#5662=VERTEX_POINT('',#11811);
#5663=VERTEX_POINT('',#11815);
#5664=VERTEX_POINT('',#11818);
#5665=VERTEX_POINT('',#11820);
#5666=VERTEX_POINT('',#11824);
#5667=VERTEX_POINT('',#11826);
#5668=VERTEX_POINT('',#11830);
#5669=VERTEX_POINT('',#11832);
#5670=VERTEX_POINT('',#11836);
#5671=VERTEX_POINT('',#11838);
#5672=VERTEX_POINT('',#11930);
#5673=VERTEX_POINT('',#11946);
#5674=VERTEX_POINT('',#11950);
#5675=VERTEX_POINT('',#11966);
#5676=VERTEX_POINT('',#11972);
#5677=VERTEX_POINT('',#11988);
#5678=VERTEX_POINT('',#11994);
#5679=VERTEX_POINT('',#12010);
#5680=VERTEX_POINT('',#12018);
#5681=VERTEX_POINT('',#12019);
#5682=VERTEX_POINT('',#12021);
#5683=VERTEX_POINT('',#12023);
#5684=VERTEX_POINT('',#12027);
#5685=VERTEX_POINT('',#12028);
#5686=VERTEX_POINT('',#12030);
#5687=VERTEX_POINT('',#12032);
#5688=VERTEX_POINT('',#12036);
#5689=VERTEX_POINT('',#12037);
#5690=VERTEX_POINT('',#12039);
#5691=VERTEX_POINT('',#12041);
#5692=VERTEX_POINT('',#12045);
#5693=VERTEX_POINT('',#12046);
#5694=VERTEX_POINT('',#12048);
#5695=VERTEX_POINT('',#12050);
#5696=VERTEX_POINT('',#12054);
#5697=VERTEX_POINT('',#12056);
#5698=VERTEX_POINT('',#12057);
#5699=VERTEX_POINT('',#12059);
#5700=VERTEX_POINT('',#12061);
#5701=VERTEX_POINT('',#12063);
#5702=VERTEX_POINT('',#12065);
#5703=VERTEX_POINT('',#12067);
#5704=VERTEX_POINT('',#12069);
#5705=VERTEX_POINT('',#12073);
#5706=VERTEX_POINT('',#12075);
#5707=VERTEX_POINT('',#12076);
#5708=VERTEX_POINT('',#12078);
#5709=VERTEX_POINT('',#12080);
#5710=VERTEX_POINT('',#12082);
#5711=VERTEX_POINT('',#12084);
#5712=VERTEX_POINT('',#12086);
#5713=VERTEX_POINT('',#12088);
#5714=VERTEX_POINT('',#12092);
#5715=VERTEX_POINT('',#12094);
#5716=VERTEX_POINT('',#12095);
#5717=VERTEX_POINT('',#12097);
#5718=VERTEX_POINT('',#12099);
#5719=VERTEX_POINT('',#12101);
#5720=VERTEX_POINT('',#12103);
#5721=VERTEX_POINT('',#12105);
#5722=VERTEX_POINT('',#12107);
#5723=VERTEX_POINT('',#12111);
#5724=VERTEX_POINT('',#12115);
#5725=VERTEX_POINT('',#12118);
#5726=VERTEX_POINT('',#12121);
#5727=VERTEX_POINT('',#12124);
#5728=VERTEX_POINT('',#12127);
#5729=VERTEX_POINT('',#12130);
#5730=VERTEX_POINT('',#12133);
#5731=VERTEX_POINT('',#12136);
#5732=VERTEX_POINT('',#12139);
#5733=VERTEX_POINT('',#12143);
#5734=VERTEX_POINT('',#12147);
#5735=VERTEX_POINT('',#12151);
#5736=VERTEX_POINT('',#12155);
#5737=VERTEX_POINT('',#12156);
#5738=VERTEX_POINT('',#12158);
#5739=VERTEX_POINT('',#12160);
#5740=VERTEX_POINT('',#12185);
#5741=VERTEX_POINT('',#12187);
#5742=VERTEX_POINT('',#12195);
#5743=VERTEX_POINT('',#12209);
#5744=VERTEX_POINT('',#12215);
#5745=VERTEX_POINT('',#12216);
#5746=VERTEX_POINT('',#12218);
#5747=VERTEX_POINT('',#12220);
#5748=VERTEX_POINT('',#12245);
#5749=VERTEX_POINT('',#12247);
#5750=VERTEX_POINT('',#12255);
#5751=VERTEX_POINT('',#12269);
#5752=VERTEX_POINT('',#12275);
#5753=VERTEX_POINT('',#12276);
#5754=VERTEX_POINT('',#12278);
#5755=VERTEX_POINT('',#12280);
#5756=VERTEX_POINT('',#12305);
#5757=VERTEX_POINT('',#12307);
#5758=VERTEX_POINT('',#12315);
#5759=VERTEX_POINT('',#12329);
#5760=VERTEX_POINT('',#12335);
#5761=VERTEX_POINT('',#12336);
#5762=VERTEX_POINT('',#12338);
#5763=VERTEX_POINT('',#12340);
#5764=VERTEX_POINT('',#12365);
#5765=VERTEX_POINT('',#12367);
#5766=VERTEX_POINT('',#12378);
#5767=VERTEX_POINT('',#12386);
#5768=VERTEX_POINT('',#12438);
#5769=VERTEX_POINT('',#12441);
#5770=VERTEX_POINT('',#12443);
#5771=VERTEX_POINT('',#12446);
#5772=VERTEX_POINT('',#12450);
#5773=VERTEX_POINT('',#12451);
#5774=VERTEX_POINT('',#12453);
#5775=VERTEX_POINT('',#12455);
#5776=VERTEX_POINT('',#12458);
#5777=VERTEX_POINT('',#12460);
#5778=VERTEX_POINT('',#12464);
#5779=VERTEX_POINT('',#12465);
#5780=VERTEX_POINT('',#12467);
#5781=VERTEX_POINT('',#12469);
#5782=VERTEX_POINT('',#12472);
#5783=VERTEX_POINT('',#12473);
#5784=VERTEX_POINT('',#12478);
#5785=VERTEX_POINT('',#12479);
#5786=VERTEX_POINT('',#12484);
#5787=VERTEX_POINT('',#12485);
#5788=VERTEX_POINT('',#12493);
#5789=VERTEX_POINT('',#12494);
#5790=VERTEX_POINT('',#12496);
#5791=VERTEX_POINT('',#12498);
#5792=VERTEX_POINT('',#12502);
#5793=VERTEX_POINT('',#12504);
#5794=VERTEX_POINT('',#12508);
#5795=VERTEX_POINT('',#12510);
#5796=VERTEX_POINT('',#12517);
#5797=VERTEX_POINT('',#12519);
#5798=VERTEX_POINT('',#12523);
#5799=VERTEX_POINT('',#12527);
#5800=VERTEX_POINT('',#12596);
#5801=VERTEX_POINT('',#12600);
#5802=VERTEX_POINT('',#12604);
#5803=VERTEX_POINT('',#12608);
#5804=VERTEX_POINT('',#12728);
#5805=VERTEX_POINT('',#12729);
#5806=VERTEX_POINT('',#12731);
#5807=VERTEX_POINT('',#12733);
#5808=VERTEX_POINT('',#12737);
#5809=VERTEX_POINT('',#12739);
#5810=VERTEX_POINT('',#12743);
#5811=VERTEX_POINT('',#12745);
#5812=VERTEX_POINT('',#12749);
#5813=VERTEX_POINT('',#12751);
#5814=VERTEX_POINT('',#12765);
#5815=VERTEX_POINT('',#12767);
#5816=VERTEX_POINT('',#12774);
#5817=VERTEX_POINT('',#12776);
#5818=VERTEX_POINT('',#12780);
#5819=VERTEX_POINT('',#12784);
#5820=VERTEX_POINT('',#12788);
#5821=VERTEX_POINT('',#12792);
#5822=VERTEX_POINT('',#12796);
#5823=VERTEX_POINT('',#12800);
#5824=VERTEX_POINT('',#12810);
#5825=VERTEX_POINT('',#12811);
#5826=VERTEX_POINT('',#12813);
#5827=VERTEX_POINT('',#12815);
#5828=VERTEX_POINT('',#12819);
#5829=VERTEX_POINT('',#12821);
#5830=VERTEX_POINT('',#12835);
#5831=VERTEX_POINT('',#12837);
#5832=VERTEX_POINT('',#12854);
#5833=VERTEX_POINT('',#12856);
#5834=VERTEX_POINT('',#12863);
#5835=VERTEX_POINT('',#12865);
#5836=VERTEX_POINT('',#12869);
#5837=VERTEX_POINT('',#12880);
#5838=VERTEX_POINT('',#12894);
#5839=VERTEX_POINT('',#12901);
#5840=VERTEX_POINT('',#12905);
#5841=VERTEX_POINT('',#12909);
#5842=VERTEX_POINT('',#12913);
#5843=VERTEX_POINT('',#12917);
#5844=VERTEX_POINT('',#12927);
#5845=VERTEX_POINT('',#12928);
#5846=VERTEX_POINT('',#12930);
#5847=VERTEX_POINT('',#12932);
#5848=VERTEX_POINT('',#12936);
#5849=VERTEX_POINT('',#12938);
#5850=VERTEX_POINT('',#12942);
#5851=VERTEX_POINT('',#12944);
#5852=VERTEX_POINT('',#12948);
#5853=VERTEX_POINT('',#12950);
#5854=VERTEX_POINT('',#12964);
#5855=VERTEX_POINT('',#12966);
#5856=VERTEX_POINT('',#12973);
#5857=VERTEX_POINT('',#12975);
#5858=VERTEX_POINT('',#12979);
#5859=VERTEX_POINT('',#12983);
#5860=VERTEX_POINT('',#12987);
#5861=VERTEX_POINT('',#12991);
#5862=VERTEX_POINT('',#12995);
#5863=VERTEX_POINT('',#12999);
#5864=VERTEX_POINT('',#13009);
#5865=VERTEX_POINT('',#13011);
#5866=VERTEX_POINT('',#13015);
#5867=VERTEX_POINT('',#13026);
#5868=VERTEX_POINT('',#13040);
#5869=VERTEX_POINT('',#13047);
#5870=VERTEX_POINT('',#13048);
#5871=VERTEX_POINT('',#13050);
#5872=VERTEX_POINT('',#13052);
#5873=VERTEX_POINT('',#13056);
#5874=VERTEX_POINT('',#13058);
#5875=VERTEX_POINT('',#13062);
#5876=VERTEX_POINT('',#13064);
#5877=VERTEX_POINT('',#13078);
#5878=VERTEX_POINT('',#13080);
#5879=VERTEX_POINT('',#13107);
#5880=VERTEX_POINT('',#13109);
#5881=VERTEX_POINT('',#13113);
#5882=VERTEX_POINT('',#13117);
#5883=VERTEX_POINT('',#13121);
#5884=VERTEX_POINT('',#13125);
#5885=VERTEX_POINT('',#13129);
#5886=VERTEX_POINT('',#13140);
#5887=VERTEX_POINT('',#13147);
#5888=VERTEX_POINT('',#13151);
#5889=VERTEX_POINT('',#13155);
#5890=VERTEX_POINT('',#13162);
#5891=VERTEX_POINT('',#13164);
#5892=VERTEX_POINT('',#13168);
#5893=VERTEX_POINT('',#13172);
#5894=VERTEX_POINT('',#13176);
#5895=VERTEX_POINT('',#13187);
#5896=VERTEX_POINT('',#13201);
#5897=VERTEX_POINT('',#13215);
#5898=VERTEX_POINT('',#13229);
#5899=VERTEX_POINT('',#13236);
#5900=VERTEX_POINT('',#13247);
#5901=VERTEX_POINT('',#13261);
#5902=VERTEX_POINT('',#13281);
#5903=VERTEX_POINT('',#13283);
#5904=VERTEX_POINT('',#13287);
#5905=VERTEX_POINT('',#13291);
#5906=VERTEX_POINT('',#13295);
#5907=VERTEX_POINT('',#13299);
#5908=VERTEX_POINT('',#13303);
#5909=VERTEX_POINT('',#13307);
#5910=VERTEX_POINT('',#13311);
#5911=VERTEX_POINT('',#13315);
#5912=VERTEX_POINT('',#13319);
#5913=VERTEX_POINT('',#13323);
#5914=VERTEX_POINT('',#13337);
#5915=VERTEX_POINT('',#13342);
#5916=VERTEX_POINT('',#13353);
#5917=VERTEX_POINT('',#13357);
#5918=VERTEX_POINT('',#13368);
#5919=VERTEX_POINT('',#13382);
#5920=VERTEX_POINT('',#13396);
#5921=VERTEX_POINT('',#13410);
#5922=VERTEX_POINT('',#13417);
#5923=VERTEX_POINT('',#13428);
#5924=VERTEX_POINT('',#13448);
#5925=VERTEX_POINT('',#13450);
#5926=VERTEX_POINT('',#13454);
#5927=VERTEX_POINT('',#13465);
#5928=VERTEX_POINT('',#13479);
#5929=VERTEX_POINT('',#13486);
#5930=VERTEX_POINT('',#13487);
#5931=VERTEX_POINT('',#13489);
#5932=VERTEX_POINT('',#13491);
#5933=VERTEX_POINT('',#13495);
#5934=VERTEX_POINT('',#13497);
#5935=VERTEX_POINT('',#13501);
#5936=VERTEX_POINT('',#13503);
#5937=VERTEX_POINT('',#13517);
#5938=VERTEX_POINT('',#13519);
#5939=VERTEX_POINT('',#13546);
#5940=VERTEX_POINT('',#13548);
#5941=VERTEX_POINT('',#13552);
#5942=VERTEX_POINT('',#13556);
#5943=VERTEX_POINT('',#13560);
#5944=VERTEX_POINT('',#13564);
#5945=VERTEX_POINT('',#13568);
#5946=VERTEX_POINT('',#13579);
#5947=VERTEX_POINT('',#13586);
#5948=VERTEX_POINT('',#13590);
#5949=VERTEX_POINT('',#13594);
#5950=VERTEX_POINT('',#13617);
#5951=VERTEX_POINT('',#13618);
#5952=VERTEX_POINT('',#13620);
#5953=VERTEX_POINT('',#13622);
#5954=VERTEX_POINT('',#13624);
#5955=VERTEX_POINT('',#13626);
#5956=VERTEX_POINT('',#13631);
#5957=VERTEX_POINT('',#13633);
#5958=VERTEX_POINT('',#13635);
#5959=VERTEX_POINT('',#13637);
#5960=VERTEX_POINT('',#13639);
#5961=VERTEX_POINT('',#13643);
#5962=VERTEX_POINT('',#13644);
#5963=VERTEX_POINT('',#13646);
#5964=VERTEX_POINT('',#13648);
#5965=VERTEX_POINT('',#13650);
#5966=VERTEX_POINT('',#13652);
#5967=VERTEX_POINT('',#13654);
#5968=VERTEX_POINT('',#13659);
#5969=VERTEX_POINT('',#13661);
#5970=VERTEX_POINT('',#13663);
#5971=VERTEX_POINT('',#13665);
#5972=VERTEX_POINT('',#13699);
#5973=VERTEX_POINT('',#13700);
#5974=VERTEX_POINT('',#13702);
#5975=VERTEX_POINT('',#13704);
#5976=VERTEX_POINT('',#13706);
#5977=VERTEX_POINT('',#13708);
#5978=VERTEX_POINT('',#13713);
#5979=VERTEX_POINT('',#13715);
#5980=VERTEX_POINT('',#13717);
#5981=VERTEX_POINT('',#13719);
#5982=VERTEX_POINT('',#13721);
#5983=VERTEX_POINT('',#13725);
#5984=VERTEX_POINT('',#13726);
#5985=VERTEX_POINT('',#13728);
#5986=VERTEX_POINT('',#13730);
#5987=VERTEX_POINT('',#13732);
#5988=VERTEX_POINT('',#13734);
#5989=VERTEX_POINT('',#13736);
#5990=VERTEX_POINT('',#13741);
#5991=VERTEX_POINT('',#13743);
#5992=VERTEX_POINT('',#13745);
#5993=VERTEX_POINT('',#13747);
#5994=VERTEX_POINT('',#13781);
#5995=VERTEX_POINT('',#13782);
#5996=VERTEX_POINT('',#13787);
#5997=VERTEX_POINT('',#13792);
#5998=VERTEX_POINT('',#13794);
#5999=VERTEX_POINT('',#13797);
#6000=VERTEX_POINT('',#13798);
#6001=VERTEX_POINT('',#13800);
#6002=VERTEX_POINT('',#13805);
#6003=VERTEX_POINT('',#13810);
#6004=VERTEX_POINT('',#13814);
#6005=VERTEX_POINT('',#13815);
#6006=VERTEX_POINT('',#13817);
#6007=VERTEX_POINT('',#13819);
#6008=VERTEX_POINT('',#13824);
#6009=VERTEX_POINT('',#13830);
#6010=VERTEX_POINT('',#13831);
#6011=VERTEX_POINT('',#13833);
#6012=VERTEX_POINT('',#13838);
#6013=VERTEX_POINT('',#13843);
#6014=VERTEX_POINT('',#13896);
#6015=VERTEX_POINT('',#13897);
#6016=VERTEX_POINT('',#13899);
#6017=VERTEX_POINT('',#13901);
#6018=VERTEX_POINT('',#13903);
#6019=VERTEX_POINT('',#13905);
#6020=VERTEX_POINT('',#13907);
#6021=VERTEX_POINT('',#13909);
#6022=VERTEX_POINT('',#13912);
#6023=VERTEX_POINT('',#13913);
#6024=VERTEX_POINT('',#13915);
#6025=VERTEX_POINT('',#13920);
#6026=VERTEX_POINT('',#13922);
#6027=VERTEX_POINT('',#13924);
#6028=VERTEX_POINT('',#13928);
#6029=VERTEX_POINT('',#13929);
#6030=VERTEX_POINT('',#13931);
#6031=VERTEX_POINT('',#13933);
#6032=VERTEX_POINT('',#13935);
#6033=VERTEX_POINT('',#13937);
#6034=VERTEX_POINT('',#13939);
#6035=VERTEX_POINT('',#13941);
#6036=VERTEX_POINT('',#13944);
#6037=VERTEX_POINT('',#13945);
#6038=VERTEX_POINT('',#13947);
#6039=VERTEX_POINT('',#13949);
#6040=VERTEX_POINT('',#13951);
#6041=VERTEX_POINT('',#13956);
#6042=VERTEX_POINT('',#13996);
#6043=VERTEX_POINT('',#13997);
#6044=VERTEX_POINT('',#13999);
#6045=VERTEX_POINT('',#14001);
#6046=VERTEX_POINT('',#14003);
#6047=VERTEX_POINT('',#14005);
#6048=VERTEX_POINT('',#14007);
#6049=VERTEX_POINT('',#14009);
#6050=VERTEX_POINT('',#14014);
#6051=VERTEX_POINT('',#14019);
#6052=VERTEX_POINT('',#14022);
#6053=VERTEX_POINT('',#14023);
#6054=VERTEX_POINT('',#14025);
#6055=VERTEX_POINT('',#14030);
#6056=VERTEX_POINT('',#14035);
#6057=VERTEX_POINT('',#14039);
#6058=VERTEX_POINT('',#14040);
#6059=VERTEX_POINT('',#14042);
#6060=VERTEX_POINT('',#14047);
#6061=VERTEX_POINT('',#14052);
#6062=VERTEX_POINT('',#14054);
#6063=VERTEX_POINT('',#14056);
#6064=VERTEX_POINT('',#14058);
#6065=VERTEX_POINT('',#14060);
#6066=VERTEX_POINT('',#14062);
#6067=VERTEX_POINT('',#14065);
#6068=VERTEX_POINT('',#14066);
#6069=VERTEX_POINT('',#14068);
#6070=VERTEX_POINT('',#14073);
#6071=VERTEX_POINT('',#14078);
#6072=VERTEX_POINT('',#14144);
#6073=VERTEX_POINT('',#14145);
#6074=VERTEX_POINT('',#14150);
#6075=VERTEX_POINT('',#14155);
#6076=VERTEX_POINT('',#14157);
#6077=VERTEX_POINT('',#14162);
#6078=VERTEX_POINT('',#14167);
#6079=VERTEX_POINT('',#14172);
#6080=VERTEX_POINT('',#14177);
#6081=VERTEX_POINT('',#14179);
#6082=VERTEX_POINT('',#14186);
#6083=VERTEX_POINT('',#14187);
#6084=VERTEX_POINT('',#14189);
#6085=VERTEX_POINT('',#14191);
#6086=VERTEX_POINT('',#14196);
#6087=VERTEX_POINT('',#14201);
#6088=VERTEX_POINT('',#14206);
#6089=VERTEX_POINT('',#14211);
#6090=VERTEX_POINT('',#14213);
#6091=VERTEX_POINT('',#14218);
#6092=VERTEX_POINT('',#14302);
#6093=VERTEX_POINT('',#14303);
#6094=VERTEX_POINT('',#14305);
#6095=VERTEX_POINT('',#14307);
#6096=VERTEX_POINT('',#14309);
#6097=VERTEX_POINT('',#14311);
#6098=VERTEX_POINT('',#14313);
#6099=VERTEX_POINT('',#14315);
#6100=VERTEX_POINT('',#14318);
#6101=VERTEX_POINT('',#14319);
#6102=VERTEX_POINT('',#14321);
#6103=VERTEX_POINT('',#14326);
#6104=VERTEX_POINT('',#14328);
#6105=VERTEX_POINT('',#14330);
#6106=VERTEX_POINT('',#14334);
#6107=VERTEX_POINT('',#14335);
#6108=VERTEX_POINT('',#14337);
#6109=VERTEX_POINT('',#14339);
#6110=VERTEX_POINT('',#14341);
#6111=VERTEX_POINT('',#14343);
#6112=VERTEX_POINT('',#14345);
#6113=VERTEX_POINT('',#14347);
#6114=VERTEX_POINT('',#14350);
#6115=VERTEX_POINT('',#14351);
#6116=VERTEX_POINT('',#14353);
#6117=VERTEX_POINT('',#14355);
#6118=VERTEX_POINT('',#14357);
#6119=VERTEX_POINT('',#14362);
#6120=VERTEX_POINT('',#14402);
#6121=VERTEX_POINT('',#14403);
#6122=VERTEX_POINT('',#14408);
#6123=VERTEX_POINT('',#14413);
#6124=VERTEX_POINT('',#14415);
#6125=VERTEX_POINT('',#14418);
#6126=VERTEX_POINT('',#14419);
#6127=VERTEX_POINT('',#14421);
#6128=VERTEX_POINT('',#14426);
#6129=VERTEX_POINT('',#14431);
#6130=VERTEX_POINT('',#14435);
#6131=VERTEX_POINT('',#14436);
#6132=VERTEX_POINT('',#14438);
#6133=VERTEX_POINT('',#14440);
#6134=VERTEX_POINT('',#14445);
#6135=VERTEX_POINT('',#14451);
#6136=VERTEX_POINT('',#14452);
#6137=VERTEX_POINT('',#14454);
#6138=VERTEX_POINT('',#14459);
#6139=VERTEX_POINT('',#14464);
#6140=VERTEX_POINT('',#14517);
#6141=VERTEX_POINT('',#14518);
#6142=VERTEX_POINT('',#14520);
#6143=VERTEX_POINT('',#14522);
#6144=VERTEX_POINT('',#14524);
#6145=VERTEX_POINT('',#14526);
#6146=VERTEX_POINT('',#14528);
#6147=VERTEX_POINT('',#14530);
#6148=VERTEX_POINT('',#14532);
#6149=VERTEX_POINT('',#14534);
#6150=VERTEX_POINT('',#14536);
#6151=VERTEX_POINT('',#14538);
#6152=VERTEX_POINT('',#14542);
#6153=VERTEX_POINT('',#14543);
#6154=VERTEX_POINT('',#14545);
#6155=VERTEX_POINT('',#14547);
#6156=VERTEX_POINT('',#14549);
#6157=VERTEX_POINT('',#14551);
#6158=VERTEX_POINT('',#14553);
#6159=VERTEX_POINT('',#14555);
#6160=VERTEX_POINT('',#14557);
#6161=VERTEX_POINT('',#14559);
#6162=VERTEX_POINT('',#14561);
#6163=VERTEX_POINT('',#14563);
#6164=VERTEX_POINT('',#14592);
#6165=VERTEX_POINT('',#14593);
#6166=VERTEX_POINT('',#14598);
#6167=VERTEX_POINT('',#14603);
#6168=VERTEX_POINT('',#14608);
#6169=VERTEX_POINT('',#14610);
#6170=VERTEX_POINT('',#14615);
#6171=VERTEX_POINT('',#14620);
#6172=VERTEX_POINT('',#14625);
#6173=VERTEX_POINT('',#14630);
#6174=VERTEX_POINT('',#14632);
#6175=VERTEX_POINT('',#14634);
#6176=VERTEX_POINT('',#14638);
#6177=VERTEX_POINT('',#14639);
#6178=VERTEX_POINT('',#14641);
#6179=VERTEX_POINT('',#14643);
#6180=VERTEX_POINT('',#14645);
#6181=VERTEX_POINT('',#14650);
#6182=VERTEX_POINT('',#14655);
#6183=VERTEX_POINT('',#14660);
#6184=VERTEX_POINT('',#14665);
#6185=VERTEX_POINT('',#14667);
#6186=VERTEX_POINT('',#14672);
#6187=VERTEX_POINT('',#14677);
#6188=CIRCLE('',#8455,0.0154);
#6189=CIRCLE('',#8456,0.0154);
#6190=CIRCLE('',#8457,0.0154);
#6191=CIRCLE('',#8458,0.0154);
#6192=CIRCLE('',#8460,0.00336);
#6193=CIRCLE('',#8461,0.00336);
#6194=CIRCLE('',#8462,0.00336);
#6195=CIRCLE('',#8463,0.00336);
#6196=CIRCLE('',#8464,0.006);
#6197=CIRCLE('',#8465,0.006);
#6198=CIRCLE('',#8466,0.006);
#6199=CIRCLE('',#8467,0.006);
#6200=CIRCLE('',#8468,0.003);
#6201=CIRCLE('',#8474,0.0213564702489341);
#6202=CIRCLE('',#8475,0.0213564702489341);
#6203=CIRCLE('',#8477,0.0183564702489341);
#6204=CIRCLE('',#8479,0.0213564702489341);
#6205=CIRCLE('',#8480,0.0213564702489341);
#6206=CIRCLE('',#8481,0.0213564702489341);
#6207=CIRCLE('',#8482,0.0213564702489341);
#6208=CIRCLE('',#8484,0.0065);
#6209=CIRCLE('',#8485,0.0065);
#6210=CIRCLE('',#8486,0.0015);
#6211=CIRCLE('',#8487,0.0015);
#6212=CIRCLE('',#8489,0.0005);
#6213=CIRCLE('',#8490,0.0005);
#6214=CIRCLE('',#8491,0.0005);
#6215=CIRCLE('',#8492,0.0005);
#6216=CIRCLE('',#8494,0.0005);
#6217=CIRCLE('',#8495,0.0005);
#6218=CIRCLE('',#8496,0.0005);
#6219=CIRCLE('',#8497,0.0005);
#6220=CIRCLE('',#8499,0.0183564702489341);
#6221=CIRCLE('',#8500,0.0183564702489341);
#6222=CIRCLE('',#8501,0.0183564702489341);
#6223=CIRCLE('',#8502,0.0183564702489341);
#6224=CIRCLE('',#8504,0.0213564702489341);
#6225=CIRCLE('',#8505,0.0213564702489341);
#6226=CIRCLE('',#8507,0.0183564702489341);
#6227=CIRCLE('',#8508,0.0183564702489341);
#6228=CIRCLE('',#8509,0.0183564702489341);
#6229=CIRCLE('',#8510,0.0183564702489341);
#6230=CIRCLE('',#8511,0.0183564702489341);
#6231=CIRCLE('',#8513,0.0213564702489341);
#6232=CIRCLE('',#8514,0.0213564702489341);
#6233=CIRCLE('',#8516,0.0183564702489341);
#6234=CIRCLE('',#8517,0.0183564702489341);
#6235=CIRCLE('',#8518,0.0183564702489341);
#6236=CIRCLE('',#8519,0.0183564702489341);
#6237=CIRCLE('',#8520,0.0183564702489341);
#6238=CIRCLE('',#8522,0.0183564702489341);
#6239=CIRCLE('',#8523,0.0183564702489341);
#6240=CIRCLE('',#8524,0.0183564702489341);
#6241=CIRCLE('',#8525,0.0183564702489341);
#6242=CIRCLE('',#8526,0.0183564702489341);
#6243=CIRCLE('',#8529,0.0154);
#6244=CIRCLE('',#8532,0.0154);
#6245=CIRCLE('',#8535,0.0154);
#6246=CIRCLE('',#8538,0.0154);
#6247=CIRCLE('',#8541,0.0154);
#6248=CIRCLE('',#8544,0.0154);
#6249=CIRCLE('',#8547,0.0154);
#6250=CIRCLE('',#8550,0.0154);
#6251=CIRCLE('',#8552,0.00175);
#6252=CIRCLE('',#8553,0.00175);
#6253=CIRCLE('',#8554,0.00175);
#6254=CIRCLE('',#8555,0.00175);
#6255=CIRCLE('',#8556,0.009);
#6256=CIRCLE('',#8557,0.0025);
#6257=CIRCLE('',#8558,0.0025);
#6258=CIRCLE('',#8559,0.0025);
#6259=CIRCLE('',#8560,0.0025);
#6260=CIRCLE('',#8561,0.0034);
#6261=CIRCLE('',#8562,0.0034);
#6262=CIRCLE('',#8563,0.0034);
#6263=CIRCLE('',#8564,0.0034);
#6264=CIRCLE('',#8566,0.015);
#6265=CIRCLE('',#8567,0.015);
#6266=CIRCLE('',#8568,0.015);
#6267=CIRCLE('',#8569,0.015);
#6268=CIRCLE('',#8570,0.015);
#6269=CIRCLE('',#8572,0.003);
#6270=CIRCLE('',#8574,0.002);
#6271=CIRCLE('',#8575,0.002);
#6272=CIRCLE('',#8577,0.002);
#6273=CIRCLE('',#8578,0.002);
#6274=CIRCLE('',#8580,0.002);
#6275=CIRCLE('',#8581,0.002);
#6276=CIRCLE('',#8583,0.002);
#6277=CIRCLE('',#8584,0.002);
#6278=CIRCLE('',#8602,0.015);
#6279=CIRCLE('',#8603,0.015);
#6280=CIRCLE('',#8604,0.015);
#6281=CIRCLE('',#8605,0.015);
#6282=CIRCLE('',#8606,0.015);
#6283=CIRCLE('',#8608,0.015);
#6284=CIRCLE('',#8609,0.015);
#6285=CIRCLE('',#8610,0.015);
#6286=CIRCLE('',#8611,0.015);
#6287=CIRCLE('',#8612,0.015);
#6288=CIRCLE('',#8614,0.015);
#6289=CIRCLE('',#8615,0.015);
#6290=CIRCLE('',#8616,0.015);
#6291=CIRCLE('',#8617,0.015);
#6292=CIRCLE('',#8618,0.015);
#6293=CIRCLE('',#8620,0.009);
#6294=CIRCLE('',#8623,0.0025);
#6295=CIRCLE('',#8625,0.0015);
#6296=CIRCLE('',#8627,0.0025);
#6297=CIRCLE('',#8629,0.0015);
#6298=CIRCLE('',#8631,0.0025);
#6299=CIRCLE('',#8633,0.0015);
#6300=CIRCLE('',#8635,0.0025);
#6301=CIRCLE('',#8637,0.0015);
#6302=CIRCLE('',#8639,0.0015);
#6303=CIRCLE('',#8642,0.0015);
#6304=CIRCLE('',#8645,0.0015);
#6305=CIRCLE('',#8648,0.0015);
#6306=CIRCLE('',#8651,0.017);
#6307=CIRCLE('',#8659,0.017);
#6308=CIRCLE('',#8661,0.017);
#6309=CIRCLE('',#8669,0.017);
#6310=CIRCLE('',#8671,0.017);
#6311=CIRCLE('',#8679,0.017);
#6312=CIRCLE('',#8681,0.017);
#6313=CIRCLE('',#8689,0.017);
#6314=CIRCLE('',#8701,0.003);
#6315=CIRCLE('',#8702,0.003);
#6316=CIRCLE('',#8704,0.003);
#6317=CIRCLE('',#8705,0.003);
#6318=CIRCLE('',#8707,0.003);
#6319=CIRCLE('',#8708,0.003);
#6320=CIRCLE('',#8710,0.003);
#6321=CIRCLE('',#8711,0.003);
#6322=CIRCLE('',#8725,0.0065);
#6323=CIRCLE('',#8726,0.0015);
#6324=CIRCLE('',#8727,0.0015);
#6325=CIRCLE('',#8728,0.0065);
#6326=CIRCLE('',#8730,0.00175);
#6327=CIRCLE('',#8731,0.00175);
#6328=CIRCLE('',#8733,0.00175);
#6329=CIRCLE('',#8734,0.00175);
#6330=CIRCLE('',#8736,0.001);
#6331=CIRCLE('',#8737,0.001);
#6332=CIRCLE('',#8740,0.001);
#6333=CIRCLE('',#8741,0.001);
#6334=CIRCLE('',#8743,0.00125);
#6335=CIRCLE('',#8744,0.00125);
#6336=CIRCLE('',#8747,0.00125);
#6337=CIRCLE('',#8748,0.00125);
#6338=CIRCLE('',#8752,0.00125);
#6339=CIRCLE('',#8755,0.00125);
#6340=CIRCLE('',#8758,0.006);
#6341=CIRCLE('',#8759,0.006);
#6342=CIRCLE('',#8761,0.006);
#6343=CIRCLE('',#8762,0.006);
#6344=CIRCLE('',#8764,0.0005);
#6345=CIRCLE('',#8765,0.0005);
#6346=CIRCLE('',#8767,0.0005);
#6347=CIRCLE('',#8769,0.0005);
#6348=CIRCLE('',#8772,0.0005);
#6349=CIRCLE('',#8773,0.0005);
#6350=CIRCLE('',#8775,0.0005);
#6351=CIRCLE('',#8777,0.0005);
#6352=CIRCLE('',#8780,0.0005);
#6353=CIRCLE('',#8783,0.0005);
#6354=CIRCLE('',#8785,0.0005);
#6355=CIRCLE('',#8788,0.0005);
#6356=CIRCLE('',#8790,0.0005);
#6357=CIRCLE('',#8793,0.0005);
#6358=CIRCLE('',#8796,0.0005);
#6359=CIRCLE('',#8799,0.0005);
#6360=CIRCLE('',#8812,0.00175);
#6361=CIRCLE('',#8815,0.00175);
#6362=CIRCLE('',#8818,0.00175);
#6363=CIRCLE('',#8821,0.00175);
#6364=CIRCLE('',#8830,0.0494152262485109);
#6365=CIRCLE('',#8831,0.0494152262485109);
#6366=CIRCLE('',#8858,0.0494152262485788);
#6367=CIRCLE('',#8859,0.0494152262485788);
#6368=CIRCLE('',#8984,0.0494152262485788);
#6369=CIRCLE('',#8986,0.0494152262485788);
#6370=CIRCLE('',#9023,0.0494152262485109);
#6371=CIRCLE('',#9025,0.0494152262485109);
#6372=EDGE_LOOP('',(#1960));
#6373=EDGE_LOOP('',(#1961));
#6374=EDGE_LOOP('',(#1962));
#6375=EDGE_LOOP('',(#1963));
#6376=EDGE_LOOP('',(#1964,#1965,#1966,#1967,#1968,#1969,#1970,#1971,#1972,
#1973,#1974));
#6377=EDGE_LOOP('',(#1975,#1976,#1977,#1978,#1979));
#6378=EDGE_LOOP('',(#1980,#1981,#1982,#1983,#1984,#1985,#1986,#1987,#1988,
#1989));
#6379=EDGE_LOOP('',(#1990,#1991,#1992,#1993,#1994,#1995,#1996,#1997,#1998,
#1999,#2000,#2001));
#6380=EDGE_LOOP('',(#2002,#2003,#2004,#2005,#2006,#2007,#2008,#2009,#2010,
#2011,#2012,#2013));
#6381=EDGE_LOOP('',(#2014,#2015,#2016,#2017,#2018,#2019,#2020,#2021,#2022,
#2023,#2024));
#6382=EDGE_LOOP('',(#2025,#2026,#2027,#2028,#2029));
#6383=EDGE_LOOP('',(#2030,#2031,#2032,#2033,#2034,#2035,#2036,#2037));
#6384=EDGE_LOOP('',(#2038,#2039,#2040,#2041,#2042,#2043,#2044,#2045,#2046,
#2047));
#6385=EDGE_LOOP('',(#2048,#2049,#2050,#2051,#2052,#2053,#2054,#2055));
#6386=EDGE_LOOP('',(#2056));
#6387=EDGE_LOOP('',(#2057));
#6388=EDGE_LOOP('',(#2058));
#6389=EDGE_LOOP('',(#2059));
#6390=EDGE_LOOP('',(#2060,#2061,#2062,#2063,#2064,#2065,#2066,#2067));
#6391=EDGE_LOOP('',(#2068));
#6392=EDGE_LOOP('',(#2069,#2070,#2071,#2072,#2073,#2074,#2075,#2076));
#6393=EDGE_LOOP('',(#2077));
#6394=EDGE_LOOP('',(#2078,#2079,#2080,#2081));
#6395=EDGE_LOOP('',(#2082));
#6396=EDGE_LOOP('',(#2083,#2084));
#6397=EDGE_LOOP('',(#2085));
#6398=EDGE_LOOP('',(#2086,#2087,#2088,#2089));
#6399=EDGE_LOOP('',(#2090,#2091,#2092,#2093));
#6400=EDGE_LOOP('',(#2094,#2095,#2096,#2097,#2098,#2099,#2100,#2101));
#6401=EDGE_LOOP('',(#2102,#2103,#2104,#2105,#2106,#2107));
#6402=EDGE_LOOP('',(#2108,#2109,#2110,#2111,#2112,#2113));
#6403=EDGE_LOOP('',(#2114,#2115,#2116,#2117));
#6404=EDGE_LOOP('',(#2118));
#6405=EDGE_LOOP('',(#2119));
#6406=EDGE_LOOP('',(#2120,#2121,#2122,#2123));
#6407=EDGE_LOOP('',(#2124));
#6408=EDGE_LOOP('',(#2125,#2126,#2127,#2128));
#6409=EDGE_LOOP('',(#2129));
#6410=EDGE_LOOP('',(#2130));
#6411=EDGE_LOOP('',(#2131,#2132,#2133,#2134));
#6412=EDGE_LOOP('',(#2135));
#6413=EDGE_LOOP('',(#2136,#2137,#2138,#2139));
#6414=EDGE_LOOP('',(#2140));
#6415=EDGE_LOOP('',(#2141));
#6416=EDGE_LOOP('',(#2142,#2143,#2144,#2145));
#6417=EDGE_LOOP('',(#2146));
#6418=EDGE_LOOP('',(#2147));
#6419=EDGE_LOOP('',(#2148,#2149));
#6420=EDGE_LOOP('',(#2150,#2151,#2152,#2153));
#6421=EDGE_LOOP('',(#2154,#2155));
#6422=EDGE_LOOP('',(#2156,#2157,#2158,#2159));
#6423=EDGE_LOOP('',(#2160,#2161));
#6424=EDGE_LOOP('',(#2162,#2163,#2164,#2165));
#6425=EDGE_LOOP('',(#2166,#2167));
#6426=EDGE_LOOP('',(#2168,#2169,#2170,#2171));
#6427=EDGE_LOOP('',(#2172,#2173));
#6428=EDGE_LOOP('',(#2174,#2175,#2176,#2177));
#6429=EDGE_LOOP('',(#2178,#2179));
#6430=EDGE_LOOP('',(#2180,#2181,#2182,#2183));
#6431=EDGE_LOOP('',(#2184,#2185));
#6432=EDGE_LOOP('',(#2186,#2187,#2188,#2189));
#6433=EDGE_LOOP('',(#2190,#2191));
#6434=EDGE_LOOP('',(#2192,#2193,#2194,#2195));
#6435=EDGE_LOOP('',(#2196,#2197,#2198,#2199,#2200,#2201,#2202,#2203));
#6436=EDGE_LOOP('',(#2204));
#6437=EDGE_LOOP('',(#2205));
#6438=EDGE_LOOP('',(#2206));
#6439=EDGE_LOOP('',(#2207));
#6440=EDGE_LOOP('',(#2208,#2209));
#6441=EDGE_LOOP('',(#2210,#2211));
#6442=EDGE_LOOP('',(#2212));
#6443=EDGE_LOOP('',(#2213));
#6444=EDGE_LOOP('',(#2214));
#6445=EDGE_LOOP('',(#2215));
#6446=EDGE_LOOP('',(#2216));
#6447=EDGE_LOOP('',(#2217,#2218));
#6448=EDGE_LOOP('',(#2219,#2220,#2221,#2222,#2223,#2224,#2225,#2226));
#6449=EDGE_LOOP('',(#2227,#2228,#2229,#2230,#2231,#2232,#2233,#2234));
#6450=EDGE_LOOP('',(#2235));
#6451=EDGE_LOOP('',(#2236,#2237,#2238,#2239,#2240,#2241,#2242,#2243));
#6452=EDGE_LOOP('',(#2244));
#6453=EDGE_LOOP('',(#2245));
#6454=EDGE_LOOP('',(#2246,#2247,#2248,#2249));
#6455=EDGE_LOOP('',(#2250,#2251,#2252,#2253));
#6456=EDGE_LOOP('',(#2254,#2255,#2256,#2257));
#6457=EDGE_LOOP('',(#2258,#2259,#2260,#2261));
#6458=EDGE_LOOP('',(#2262,#2263,#2264,#2265));
#6459=EDGE_LOOP('',(#2266,#2267,#2268,#2269));
#6460=EDGE_LOOP('',(#2270,#2271,#2272,#2273));
#6461=EDGE_LOOP('',(#2274,#2275,#2276,#2277));
#6462=EDGE_LOOP('',(#2278,#2279,#2280,#2281));
#6463=EDGE_LOOP('',(#2282,#2283,#2284,#2285));
#6464=EDGE_LOOP('',(#2286,#2287,#2288,#2289));
#6465=EDGE_LOOP('',(#2290,#2291,#2292,#2293));
#6466=EDGE_LOOP('',(#2294,#2295,#2296,#2297));
#6467=EDGE_LOOP('',(#2298,#2299,#2300,#2301));
#6468=EDGE_LOOP('',(#2302,#2303,#2304,#2305));
#6469=EDGE_LOOP('',(#2306,#2307,#2308,#2309));
#6470=EDGE_LOOP('',(#2310,#2311,#2312,#2313));
#6471=EDGE_LOOP('',(#2314,#2315,#2316,#2317));
#6472=EDGE_LOOP('',(#2318,#2319,#2320,#2321));
#6473=EDGE_LOOP('',(#2322,#2323,#2324,#2325));
#6474=EDGE_LOOP('',(#2326));
#6475=EDGE_LOOP('',(#2327,#2328,#2329,#2330,#2331,#2332,#2333,#2334));
#6476=EDGE_LOOP('',(#2335));
#6477=EDGE_LOOP('',(#2336,#2337,#2338,#2339,#2340,#2341,#2342,#2343));
#6478=EDGE_LOOP('',(#2344));
#6479=EDGE_LOOP('',(#2345,#2346,#2347,#2348,#2349,#2350,#2351,#2352));
#6480=EDGE_LOOP('',(#2353));
#6481=EDGE_LOOP('',(#2354));
#6482=EDGE_LOOP('',(#2355));
#6483=EDGE_LOOP('',(#2356));
#6484=EDGE_LOOP('',(#2357));
#6485=EDGE_LOOP('',(#2358));
#6486=EDGE_LOOP('',(#2359));
#6487=EDGE_LOOP('',(#2360));
#6488=EDGE_LOOP('',(#2361));
#6489=EDGE_LOOP('',(#2362));
#6490=EDGE_LOOP('',(#2363));
#6491=EDGE_LOOP('',(#2364));
#6492=EDGE_LOOP('',(#2365));
#6493=EDGE_LOOP('',(#2366));
#6494=EDGE_LOOP('',(#2367));
#6495=EDGE_LOOP('',(#2368));
#6496=EDGE_LOOP('',(#2369));
#6497=EDGE_LOOP('',(#2370));
#6498=EDGE_LOOP('',(#2371));
#6499=EDGE_LOOP('',(#2372));
#6500=EDGE_LOOP('',(#2373));
#6501=EDGE_LOOP('',(#2374));
#6502=EDGE_LOOP('',(#2375));
#6503=EDGE_LOOP('',(#2376));
#6504=EDGE_LOOP('',(#2377));
#6505=EDGE_LOOP('',(#2378));
#6506=EDGE_LOOP('',(#2379));
#6507=EDGE_LOOP('',(#2380));
#6508=EDGE_LOOP('',(#2381));
#6509=EDGE_LOOP('',(#2382));
#6510=EDGE_LOOP('',(#2383));
#6511=EDGE_LOOP('',(#2384));
#6512=EDGE_LOOP('',(#2385,#2386,#2387,#2388));
#6513=EDGE_LOOP('',(#2389,#2390,#2391,#2392,#2393,#2394));
#6514=EDGE_LOOP('',(#2395,#2396,#2397,#2398,#2399,#2400));
#6515=EDGE_LOOP('',(#2401,#2402,#2403,#2404));
#6516=EDGE_LOOP('',(#2405,#2406,#2407,#2408));
#6517=EDGE_LOOP('',(#2409,#2410,#2411,#2412,#2413,#2414));
#6518=EDGE_LOOP('',(#2415,#2416,#2417,#2418,#2419,#2420));
#6519=EDGE_LOOP('',(#2421,#2422,#2423,#2424));
#6520=EDGE_LOOP('',(#2425,#2426,#2427,#2428));
#6521=EDGE_LOOP('',(#2429,#2430,#2431,#2432,#2433,#2434));
#6522=EDGE_LOOP('',(#2435,#2436,#2437,#2438,#2439,#2440));
#6523=EDGE_LOOP('',(#2441,#2442,#2443,#2444));
#6524=EDGE_LOOP('',(#2445,#2446,#2447,#2448));
#6525=EDGE_LOOP('',(#2449,#2450,#2451,#2452,#2453,#2454));
#6526=EDGE_LOOP('',(#2455,#2456,#2457,#2458,#2459,#2460));
#6527=EDGE_LOOP('',(#2461,#2462,#2463,#2464));
#6528=EDGE_LOOP('',(#2465,#2466,#2467,#2468));
#6529=EDGE_LOOP('',(#2469,#2470,#2471,#2472,#2473,#2474));
#6530=EDGE_LOOP('',(#2475,#2476,#2477,#2478,#2479,#2480));
#6531=EDGE_LOOP('',(#2481,#2482,#2483,#2484));
#6532=EDGE_LOOP('',(#2485,#2486,#2487,#2488));
#6533=EDGE_LOOP('',(#2489,#2490,#2491,#2492,#2493,#2494));
#6534=EDGE_LOOP('',(#2495,#2496,#2497,#2498,#2499,#2500));
#6535=EDGE_LOOP('',(#2501,#2502,#2503,#2504));
#6536=EDGE_LOOP('',(#2505,#2506,#2507,#2508));
#6537=EDGE_LOOP('',(#2509,#2510,#2511,#2512,#2513,#2514));
#6538=EDGE_LOOP('',(#2515,#2516,#2517,#2518,#2519,#2520));
#6539=EDGE_LOOP('',(#2521,#2522,#2523,#2524));
#6540=EDGE_LOOP('',(#2525,#2526,#2527,#2528));
#6541=EDGE_LOOP('',(#2529,#2530,#2531,#2532,#2533,#2534));
#6542=EDGE_LOOP('',(#2535,#2536,#2537,#2538,#2539,#2540));
#6543=EDGE_LOOP('',(#2541,#2542,#2543,#2544));
#6544=EDGE_LOOP('',(#2545,#2546,#2547,#2548));
#6545=EDGE_LOOP('',(#2549,#2550,#2551,#2552));
#6546=EDGE_LOOP('',(#2553,#2554,#2555,#2556));
#6547=EDGE_LOOP('',(#2557,#2558,#2559,#2560));
#6548=EDGE_LOOP('',(#2561,#2562,#2563,#2564));
#6549=EDGE_LOOP('',(#2565,#2566,#2567,#2568));
#6550=EDGE_LOOP('',(#2569,#2570,#2571,#2572));
#6551=EDGE_LOOP('',(#2573,#2574,#2575,#2576));
#6552=EDGE_LOOP('',(#2577,#2578));
#6553=EDGE_LOOP('',(#2579));
#6554=EDGE_LOOP('',(#2580));
#6555=EDGE_LOOP('',(#2581,#2582));
#6556=EDGE_LOOP('',(#2583));
#6557=EDGE_LOOP('',(#2584,#2585,#2586,#2587));
#6558=EDGE_LOOP('',(#2588,#2589,#2590,#2591));
#6559=EDGE_LOOP('',(#2592,#2593,#2594,#2595));
#6560=EDGE_LOOP('',(#2596,#2597,#2598,#2599));
#6561=EDGE_LOOP('',(#2600,#2601,#2602,#2603));
#6562=EDGE_LOOP('',(#2604,#2605,#2606,#2607));
#6563=EDGE_LOOP('',(#2608,#2609,#2610,#2611));
#6564=EDGE_LOOP('',(#2612,#2613,#2614,#2615));
#6565=EDGE_LOOP('',(#2616,#2617,#2618,#2619));
#6566=EDGE_LOOP('',(#2620,#2621,#2622,#2623));
#6567=EDGE_LOOP('',(#2624,#2625,#2626,#2627));
#6568=EDGE_LOOP('',(#2628,#2629,#2630,#2631));
#6569=EDGE_LOOP('',(#2632));
#6570=EDGE_LOOP('',(#2633));
#6571=EDGE_LOOP('',(#2634));
#6572=EDGE_LOOP('',(#2635));
#6573=EDGE_LOOP('',(#2636));
#6574=EDGE_LOOP('',(#2637));
#6575=EDGE_LOOP('',(#2638));
#6576=EDGE_LOOP('',(#2639));
#6577=EDGE_LOOP('',(#2640,#2641,#2642,#2643,#2644,#2645,#2646,#2647));
#6578=EDGE_LOOP('',(#2648,#2649,#2650,#2651));
#6579=EDGE_LOOP('',(#2652,#2653,#2654,#2655));
#6580=EDGE_LOOP('',(#2656,#2657,#2658,#2659));
#6581=EDGE_LOOP('',(#2660,#2661,#2662,#2663));
#6582=EDGE_LOOP('',(#2664,#2665,#2666,#2667));
#6583=EDGE_LOOP('',(#2668,#2669,#2670,#2671));
#6584=EDGE_LOOP('',(#2672,#2673,#2674,#2675));
#6585=EDGE_LOOP('',(#2676,#2677,#2678,#2679));
#6586=EDGE_LOOP('',(#2680,#2681,#2682,#2683));
#6587=EDGE_LOOP('',(#2684,#2685,#2686,#2687));
#6588=EDGE_LOOP('',(#2688,#2689,#2690,#2691));
#6589=EDGE_LOOP('',(#2692,#2693,#2694,#2695));
#6590=EDGE_LOOP('',(#2696,#2697,#2698,#2699));
#6591=EDGE_LOOP('',(#2700,#2701,#2702,#2703));
#6592=EDGE_LOOP('',(#2704,#2705,#2706,#2707));
#6593=EDGE_LOOP('',(#2708,#2709,#2710,#2711));
#6594=EDGE_LOOP('',(#2712,#2713,#2714,#2715));
#6595=EDGE_LOOP('',(#2716,#2717,#2718,#2719));
#6596=EDGE_LOOP('',(#2720,#2721,#2722,#2723));
#6597=EDGE_LOOP('',(#2724,#2725,#2726,#2727));
#6598=EDGE_LOOP('',(#2728,#2729,#2730,#2731));
#6599=EDGE_LOOP('',(#2732,#2733,#2734,#2735));
#6600=EDGE_LOOP('',(#2736,#2737,#2738,#2739));
#6601=EDGE_LOOP('',(#2740,#2741,#2742,#2743));
#6602=EDGE_LOOP('',(#2744,#2745,#2746,#2747));
#6603=EDGE_LOOP('',(#2748,#2749,#2750,#2751));
#6604=EDGE_LOOP('',(#2752,#2753,#2754,#2755));
#6605=EDGE_LOOP('',(#2756,#2757,#2758,#2759));
#6606=EDGE_LOOP('',(#2760,#2761,#2762,#2763));
#6607=EDGE_LOOP('',(#2764,#2765,#2766,#2767));
#6608=EDGE_LOOP('',(#2768,#2769,#2770,#2771));
#6609=EDGE_LOOP('',(#2772,#2773,#2774,#2775));
#6610=EDGE_LOOP('',(#2776,#2777,#2778,#2779));
#6611=EDGE_LOOP('',(#2780,#2781,#2782,#2783));
#6612=EDGE_LOOP('',(#2784,#2785,#2786,#2787));
#6613=EDGE_LOOP('',(#2788,#2789,#2790,#2791));
#6614=EDGE_LOOP('',(#2792,#2793,#2794,#2795));
#6615=EDGE_LOOP('',(#2796,#2797,#2798,#2799));
#6616=EDGE_LOOP('',(#2800,#2801,#2802,#2803));
#6617=EDGE_LOOP('',(#2804,#2805,#2806,#2807));
#6618=EDGE_LOOP('',(#2808,#2809,#2810,#2811));
#6619=EDGE_LOOP('',(#2812,#2813,#2814,#2815));
#6620=EDGE_LOOP('',(#2816,#2817,#2818,#2819));
#6621=EDGE_LOOP('',(#2820,#2821,#2822,#2823));
#6622=EDGE_LOOP('',(#2824,#2825,#2826,#2827));
#6623=EDGE_LOOP('',(#2828,#2829,#2830,#2831));
#6624=EDGE_LOOP('',(#2832,#2833,#2834,#2835));
#6625=EDGE_LOOP('',(#2836,#2837,#2838,#2839));
#6626=EDGE_LOOP('',(#2840,#2841,#2842,#2843));
#6627=EDGE_LOOP('',(#2844,#2845,#2846,#2847));
#6628=EDGE_LOOP('',(#2848));
#6629=EDGE_LOOP('',(#2849));
#6630=EDGE_LOOP('',(#2850));
#6631=EDGE_LOOP('',(#2851));
#6632=EDGE_LOOP('',(#2852));
#6633=EDGE_LOOP('',(#2853));
#6634=EDGE_LOOP('',(#2854));
#6635=EDGE_LOOP('',(#2855));
#6636=EDGE_LOOP('',(#2856));
#6637=EDGE_LOOP('',(#2857));
#6638=EDGE_LOOP('',(#2858));
#6639=EDGE_LOOP('',(#2859));
#6640=EDGE_LOOP('',(#2860));
#6641=EDGE_LOOP('',(#2861));
#6642=EDGE_LOOP('',(#2862));
#6643=EDGE_LOOP('',(#2863));
#6644=EDGE_LOOP('',(#2864,#2865,#2866,#2867));
#6645=EDGE_LOOP('',(#2868,#2869,#2870,#2871));
#6646=EDGE_LOOP('',(#2872,#2873,#2874,#2875));
#6647=EDGE_LOOP('',(#2876,#2877,#2878,#2879));
#6648=EDGE_LOOP('',(#2880,#2881,#2882,#2883));
#6649=EDGE_LOOP('',(#2884,#2885,#2886,#2887));
#6650=EDGE_LOOP('',(#2888,#2889,#2890,#2891));
#6651=EDGE_LOOP('',(#2892,#2893,#2894,#2895));
#6652=EDGE_LOOP('',(#2896,#2897,#2898,#2899));
#6653=EDGE_LOOP('',(#2900,#2901,#2902,#2903));
#6654=EDGE_LOOP('',(#2904,#2905,#2906,#2907));
#6655=EDGE_LOOP('',(#2908,#2909,#2910,#2911));
#6656=EDGE_LOOP('',(#2912,#2913,#2914,#2915));
#6657=EDGE_LOOP('',(#2916,#2917,#2918,#2919));
#6658=EDGE_LOOP('',(#2920,#2921,#2922,#2923));
#6659=EDGE_LOOP('',(#2924,#2925,#2926,#2927));
#6660=EDGE_LOOP('',(#2928,#2929,#2930,#2931));
#6661=EDGE_LOOP('',(#2932,#2933,#2934,#2935));
#6662=EDGE_LOOP('',(#2936,#2937,#2938,#2939));
#6663=EDGE_LOOP('',(#2940,#2941,#2942,#2943));
#6664=EDGE_LOOP('',(#2944,#2945,#2946,#2947));
#6665=EDGE_LOOP('',(#2948,#2949,#2950,#2951));
#6666=EDGE_LOOP('',(#2952,#2953,#2954,#2955,#2956,#2957,#2958,#2959));
#6667=EDGE_LOOP('',(#2960,#2961,#2962,#2963,#2964,#2965));
#6668=EDGE_LOOP('',(#2966,#2967,#2968,#2969));
#6669=EDGE_LOOP('',(#2970,#2971,#2972,#2973));
#6670=EDGE_LOOP('',(#2974,#2975,#2976,#2977));
#6671=EDGE_LOOP('',(#2978,#2979,#2980,#2981));
#6672=EDGE_LOOP('',(#2982,#2983,#2984,#2985));
#6673=EDGE_LOOP('',(#2986,#2987,#2988,#2989));
#6674=EDGE_LOOP('',(#2990,#2991,#2992,#2993));
#6675=EDGE_LOOP('',(#2994,#2995,#2996,#2997));
#6676=EDGE_LOOP('',(#2998,#2999,#3000,#3001));
#6677=EDGE_LOOP('',(#3002,#3003,#3004,#3005));
#6678=EDGE_LOOP('',(#3006,#3007,#3008,#3009));
#6679=EDGE_LOOP('',(#3010,#3011,#3012,#3013));
#6680=EDGE_LOOP('',(#3014,#3015,#3016,#3017));
#6681=EDGE_LOOP('',(#3018,#3019,#3020,#3021));
#6682=EDGE_LOOP('',(#3022,#3023,#3024,#3025));
#6683=EDGE_LOOP('',(#3026,#3027,#3028,#3029,#3030,#3031,#3032,#3033,#3034,
#3035));
#6684=EDGE_LOOP('',(#3036,#3037,#3038,#3039,#3040));
#6685=EDGE_LOOP('',(#3041,#3042,#3043,#3044));
#6686=EDGE_LOOP('',(#3045,#3046,#3047,#3048));
#6687=EDGE_LOOP('',(#3049,#3050,#3051,#3052));
#6688=EDGE_LOOP('',(#3053,#3054,#3055,#3056));
#6689=EDGE_LOOP('',(#3057,#3058,#3059,#3060));
#6690=EDGE_LOOP('',(#3061,#3062,#3063,#3064));
#6691=EDGE_LOOP('',(#3065,#3066,#3067,#3068));
#6692=EDGE_LOOP('',(#3069,#3070,#3071,#3072));
#6693=EDGE_LOOP('',(#3073,#3074,#3075,#3076));
#6694=EDGE_LOOP('',(#3077,#3078,#3079,#3080));
#6695=EDGE_LOOP('',(#3081,#3082,#3083,#3084));
#6696=EDGE_LOOP('',(#3085,#3086,#3087,#3088));
#6697=EDGE_LOOP('',(#3089,#3090,#3091,#3092));
#6698=EDGE_LOOP('',(#3093,#3094,#3095,#3096));
#6699=EDGE_LOOP('',(#3097,#3098,#3099,#3100,#3101,#3102,#3103,#3104));
#6700=EDGE_LOOP('',(#3105,#3106,#3107,#3108,#3109,#3110));
#6701=EDGE_LOOP('',(#3111,#3112,#3113,#3114));
#6702=EDGE_LOOP('',(#3115,#3116,#3117,#3118));
#6703=EDGE_LOOP('',(#3119,#3120,#3121,#3122));
#6704=EDGE_LOOP('',(#3123,#3124,#3125,#3126));
#6705=EDGE_LOOP('',(#3127,#3128,#3129,#3130));
#6706=EDGE_LOOP('',(#3131,#3132,#3133,#3134));
#6707=EDGE_LOOP('',(#3135,#3136,#3137,#3138));
#6708=EDGE_LOOP('',(#3139,#3140,#3141,#3142));
#6709=EDGE_LOOP('',(#3143,#3144,#3145,#3146));
#6710=EDGE_LOOP('',(#3147,#3148,#3149,#3150));
#6711=EDGE_LOOP('',(#3151,#3152,#3153,#3154,#3155));
#6712=EDGE_LOOP('',(#3156,#3157,#3158,#3159,#3160));
#6713=EDGE_LOOP('',(#3161,#3162,#3163,#3164,#3165));
#6714=EDGE_LOOP('',(#3166,#3167,#3168,#3169));
#6715=EDGE_LOOP('',(#3170,#3171,#3172,#3173));
#6716=EDGE_LOOP('',(#3174,#3175,#3176,#3177));
#6717=EDGE_LOOP('',(#3178,#3179,#3180,#3181));
#6718=EDGE_LOOP('',(#3182,#3183,#3184,#3185));
#6719=EDGE_LOOP('',(#3186,#3187,#3188,#3189));
#6720=EDGE_LOOP('',(#3190,#3191,#3192,#3193));
#6721=EDGE_LOOP('',(#3194,#3195,#3196,#3197));
#6722=EDGE_LOOP('',(#3198,#3199,#3200,#3201));
#6723=EDGE_LOOP('',(#3202,#3203,#3204,#3205));
#6724=EDGE_LOOP('',(#3206,#3207,#3208,#3209));
#6725=EDGE_LOOP('',(#3210,#3211,#3212,#3213,#3214,#3215,#3216,#3217,#3218,
#3219,#3220));
#6726=EDGE_LOOP('',(#3221,#3222,#3223,#3224));
#6727=EDGE_LOOP('',(#3225,#3226,#3227,#3228));
#6728=EDGE_LOOP('',(#3229,#3230,#3231,#3232));
#6729=EDGE_LOOP('',(#3233,#3234,#3235,#3236));
#6730=EDGE_LOOP('',(#3237,#3238,#3239,#3240));
#6731=EDGE_LOOP('',(#3241,#3242,#3243,#3244));
#6732=EDGE_LOOP('',(#3245,#3246,#3247,#3248));
#6733=EDGE_LOOP('',(#3249,#3250,#3251,#3252));
#6734=EDGE_LOOP('',(#3253,#3254,#3255,#3256));
#6735=EDGE_LOOP('',(#3257,#3258,#3259,#3260));
#6736=EDGE_LOOP('',(#3261,#3262,#3263,#3264));
#6737=EDGE_LOOP('',(#3265,#3266,#3267,#3268));
#6738=EDGE_LOOP('',(#3269,#3270,#3271,#3272,#3273,#3274,#3275,#3276,#3277,
#3278,#3279,#3280));
#6739=EDGE_LOOP('',(#3281,#3282,#3283,#3284));
#6740=EDGE_LOOP('',(#3285,#3286,#3287,#3288));
#6741=EDGE_LOOP('',(#3289,#3290,#3291,#3292));
#6742=EDGE_LOOP('',(#3293,#3294,#3295,#3296));
#6743=EDGE_LOOP('',(#3297,#3298,#3299,#3300));
#6744=EDGE_LOOP('',(#3301,#3302,#3303,#3304));
#6745=EDGE_LOOP('',(#3305,#3306,#3307,#3308));
#6746=EDGE_LOOP('',(#3309,#3310,#3311,#3312));
#6747=EDGE_LOOP('',(#3313,#3314,#3315,#3316));
#6748=EDGE_LOOP('',(#3317,#3318,#3319,#3320));
#6749=EDGE_LOOP('',(#3321,#3322,#3323,#3324));
#6750=EDGE_LOOP('',(#3325,#3326,#3327,#3328));
#6751=EDGE_LOOP('',(#3329,#3330,#3331,#3332,#3333,#3334,#3335,#3336,#3337,
#3338,#3339,#3340));
#6752=EDGE_LOOP('',(#3341,#3342,#3343,#3344));
#6753=EDGE_LOOP('',(#3345,#3346,#3347,#3348));
#6754=EDGE_LOOP('',(#3349,#3350,#3351,#3352));
#6755=EDGE_LOOP('',(#3353,#3354,#3355,#3356));
#6756=EDGE_LOOP('',(#3357,#3358,#3359,#3360));
#6757=EDGE_LOOP('',(#3361,#3362,#3363,#3364));
#6758=EDGE_LOOP('',(#3365,#3366,#3367,#3368));
#6759=EDGE_LOOP('',(#3369,#3370,#3371,#3372));
#6760=EDGE_LOOP('',(#3373,#3374,#3375,#3376));
#6761=EDGE_LOOP('',(#3377,#3378,#3379,#3380));
#6762=EDGE_LOOP('',(#3381,#3382,#3383,#3384,#3385,#3386,#3387,#3388,#3389,
#3390));
#6763=EDGE_LOOP('',(#3391,#3392,#3393,#3394));
#6764=EDGE_LOOP('',(#3395,#3396,#3397,#3398));
#6765=EDGE_LOOP('',(#3399,#3400,#3401,#3402));
#6766=EDGE_LOOP('',(#3403,#3404,#3405,#3406));
#6767=EDGE_LOOP('',(#3407,#3408,#3409,#3410));
#6768=EDGE_LOOP('',(#3411,#3412,#3413,#3414));
#6769=EDGE_LOOP('',(#3415,#3416,#3417,#3418));
#6770=EDGE_LOOP('',(#3419,#3420,#3421,#3422));
#6771=EDGE_LOOP('',(#3423,#3424,#3425,#3426));
#6772=EDGE_LOOP('',(#3427,#3428,#3429,#3430));
#6773=EDGE_LOOP('',(#3431,#3432,#3433,#3434,#3435));
#6774=EDGE_LOOP('',(#3436,#3437,#3438,#3439,#3440));
#6775=EDGE_LOOP('',(#3441,#3442,#3443,#3444,#3445));
#6776=EDGE_LOOP('',(#3446,#3447,#3448,#3449));
#6777=EDGE_LOOP('',(#3450,#3451,#3452,#3453));
#6778=EDGE_LOOP('',(#3454,#3455,#3456,#3457));
#6779=EDGE_LOOP('',(#3458,#3459,#3460,#3461));
#6780=EDGE_LOOP('',(#3462,#3463,#3464,#3465));
#6781=EDGE_LOOP('',(#3466,#3467,#3468,#3469));
#6782=EDGE_LOOP('',(#3470,#3471,#3472,#3473));
#6783=EDGE_LOOP('',(#3474,#3475,#3476,#3477));
#6784=EDGE_LOOP('',(#3478,#3479,#3480,#3481));
#6785=EDGE_LOOP('',(#3482,#3483,#3484,#3485));
#6786=EDGE_LOOP('',(#3486,#3487,#3488,#3489));
#6787=EDGE_LOOP('',(#3490,#3491,#3492,#3493,#3494,#3495,#3496,#3497,#3498,
#3499,#3500));
#6788=EDGE_LOOP('',(#3501,#3502,#3503,#3504,#3505,#3506));
#6789=EDGE_LOOP('',(#3507,#3508,#3509,#3510,#3511));
#6790=EDGE_LOOP('',(#3512,#3513,#3514,#3515,#3516,#3517));
#6791=EDGE_LOOP('',(#3518,#3519,#3520,#3521));
#6792=EDGE_LOOP('',(#3522,#3523,#3524,#3525));
#6793=EDGE_LOOP('',(#3526,#3527,#3528,#3529));
#6794=EDGE_LOOP('',(#3530,#3531,#3532,#3533));
#6795=EDGE_LOOP('',(#3534,#3535,#3536,#3537));
#6796=EDGE_LOOP('',(#3538,#3539,#3540,#3541));
#6797=EDGE_LOOP('',(#3542,#3543,#3544,#3545));
#6798=EDGE_LOOP('',(#3546,#3547,#3548,#3549));
#6799=EDGE_LOOP('',(#3550));
#6800=EDGE_LOOP('',(#3551));
#6801=EDGE_LOOP('',(#3552));
#6802=EDGE_LOOP('',(#3553));
#6803=EDGE_LOOP('',(#3554));
#6804=EDGE_LOOP('',(#3555));
#6805=EDGE_LOOP('',(#3556));
#6806=EDGE_LOOP('',(#3557));
#6807=EDGE_LOOP('',(#3558,#3559,#3560,#3561,#3562,#3563,#3564,#3565,#3566,
#3567,#3568));
#6808=EDGE_LOOP('',(#3569,#3570,#3571,#3572,#3573,#3574,#3575,#3576,#3577,
#3578,#3579));
#6809=EDGE_LOOP('',(#3580,#3581,#3582,#3583));
#6810=EDGE_LOOP('',(#3584,#3585,#3586,#3587));
#6811=EDGE_LOOP('',(#3588,#3589,#3590,#3591));
#6812=EDGE_LOOP('',(#3592,#3593,#3594,#3595));
#6813=EDGE_LOOP('',(#3596,#3597,#3598,#3599));
#6814=EDGE_LOOP('',(#3600,#3601,#3602,#3603));
#6815=EDGE_LOOP('',(#3604,#3605,#3606,#3607));
#6816=EDGE_LOOP('',(#3608,#3609,#3610,#3611));
#6817=EDGE_LOOP('',(#3612,#3613,#3614,#3615));
#6818=EDGE_LOOP('',(#3616,#3617,#3618,#3619));
#6819=EDGE_LOOP('',(#3620,#3621,#3622,#3623));
#6820=EDGE_LOOP('',(#3624,#3625,#3626,#3627,#3628,#3629,#3630,#3631,#3632,
#3633,#3634));
#6821=EDGE_LOOP('',(#3635,#3636,#3637,#3638,#3639,#3640,#3641,#3642,#3643,
#3644,#3645));
#6822=EDGE_LOOP('',(#3646,#3647,#3648,#3649));
#6823=EDGE_LOOP('',(#3650,#3651,#3652,#3653));
#6824=EDGE_LOOP('',(#3654,#3655,#3656,#3657));
#6825=EDGE_LOOP('',(#3658,#3659,#3660,#3661));
#6826=EDGE_LOOP('',(#3662,#3663,#3664,#3665));
#6827=EDGE_LOOP('',(#3666,#3667,#3668,#3669));
#6828=EDGE_LOOP('',(#3670,#3671,#3672,#3673));
#6829=EDGE_LOOP('',(#3674,#3675,#3676,#3677));
#6830=EDGE_LOOP('',(#3678,#3679,#3680,#3681));
#6831=EDGE_LOOP('',(#3682,#3683,#3684,#3685));
#6832=EDGE_LOOP('',(#3686,#3687,#3688,#3689));
#6833=EDGE_LOOP('',(#3690,#3691,#3692,#3693,#3694));
#6834=EDGE_LOOP('',(#3695,#3696,#3697,#3698,#3699));
#6835=EDGE_LOOP('',(#3700,#3701,#3702,#3703,#3704));
#6836=EDGE_LOOP('',(#3705,#3706,#3707,#3708,#3709));
#6837=EDGE_LOOP('',(#3710,#3711,#3712,#3713));
#6838=EDGE_LOOP('',(#3714,#3715,#3716,#3717));
#6839=EDGE_LOOP('',(#3718,#3719,#3720,#3721));
#6840=EDGE_LOOP('',(#3722,#3723,#3724,#3725));
#6841=EDGE_LOOP('',(#3726,#3727,#3728,#3729));
#6842=EDGE_LOOP('',(#3730,#3731,#3732,#3733));
#6843=EDGE_LOOP('',(#3734,#3735,#3736,#3737));
#6844=EDGE_LOOP('',(#3738,#3739,#3740,#3741));
#6845=EDGE_LOOP('',(#3742,#3743,#3744,#3745));
#6846=EDGE_LOOP('',(#3746,#3747,#3748,#3749));
#6847=EDGE_LOOP('',(#3750,#3751,#3752,#3753,#3754,#3755,#3756,#3757));
#6848=EDGE_LOOP('',(#3758,#3759,#3760,#3761,#3762,#3763));
#6849=EDGE_LOOP('',(#3764,#3765,#3766,#3767,#3768,#3769,#3770,#3771));
#6850=EDGE_LOOP('',(#3772,#3773,#3774,#3775,#3776,#3777));
#6851=EDGE_LOOP('',(#3778,#3779,#3780,#3781));
#6852=EDGE_LOOP('',(#3782,#3783,#3784,#3785));
#6853=EDGE_LOOP('',(#3786,#3787,#3788,#3789));
#6854=EDGE_LOOP('',(#3790,#3791,#3792,#3793));
#6855=EDGE_LOOP('',(#3794,#3795,#3796,#3797));
#6856=EDGE_LOOP('',(#3798,#3799,#3800,#3801));
#6857=EDGE_LOOP('',(#3802,#3803,#3804,#3805));
#6858=EDGE_LOOP('',(#3806,#3807,#3808,#3809));
#6859=EDGE_LOOP('',(#3810,#3811,#3812,#3813));
#6860=EDGE_LOOP('',(#3814,#3815,#3816,#3817));
#6861=EDGE_LOOP('',(#3818,#3819,#3820,#3821));
#6862=EDGE_LOOP('',(#3822,#3823,#3824,#3825));
#6863=EDGE_LOOP('',(#3826,#3827,#3828,#3829));
#6864=EDGE_LOOP('',(#3830,#3831,#3832,#3833));
#6865=EDGE_LOOP('',(#3834,#3835,#3836,#3837,#3838,#3839,#3840,#3841,#3842,
#3843));
#6866=EDGE_LOOP('',(#3844,#3845,#3846,#3847,#3848));
#6867=EDGE_LOOP('',(#3849,#3850,#3851,#3852,#3853,#3854,#3855,#3856,#3857,
#3858));
#6868=EDGE_LOOP('',(#3859,#3860,#3861,#3862,#3863));
#6869=EDGE_LOOP('',(#3864,#3865,#3866,#3867));
#6870=EDGE_LOOP('',(#3868,#3869,#3870,#3871));
#6871=EDGE_LOOP('',(#3872,#3873,#3874,#3875));
#6872=EDGE_LOOP('',(#3876,#3877,#3878,#3879));
#6873=EDGE_LOOP('',(#3880,#3881,#3882,#3883));
#6874=EDGE_LOOP('',(#3884,#3885,#3886,#3887));
#6875=EDGE_LOOP('',(#3888,#3889,#3890,#3891));
#6876=EDGE_LOOP('',(#3892,#3893,#3894,#3895));
#6877=EDGE_LOOP('',(#3896,#3897,#3898,#3899));
#6878=EDGE_LOOP('',(#3900,#3901,#3902,#3903));
#6879=EDGE_LOOP('',(#3904,#3905,#3906,#3907));
#6880=EDGE_LOOP('',(#3908,#3909,#3910,#3911));
#6881=EDGE_LOOP('',(#3912,#3913,#3914,#3915));
#6882=EDGE_LOOP('',(#3916,#3917,#3918,#3919));
#6883=EDGE_LOOP('',(#3920,#3921,#3922,#3923));
#6884=EDGE_LOOP('',(#3924,#3925,#3926,#3927,#3928,#3929,#3930,#3931,#3932,
#3933));
#6885=EDGE_LOOP('',(#3934,#3935,#3936,#3937,#3938,#3939,#3940,#3941,#3942,
#3943));
#6886=EDGE_LOOP('',(#3944,#3945,#3946,#3947));
#6887=EDGE_LOOP('',(#3948,#3949,#3950,#3951));
#6888=EDGE_LOOP('',(#3952,#3953,#3954,#3955));
#6889=EDGE_LOOP('',(#3956,#3957,#3958,#3959));
#6890=EDGE_LOOP('',(#3960,#3961,#3962,#3963));
#6891=EDGE_LOOP('',(#3964,#3965,#3966,#3967));
#6892=EDGE_LOOP('',(#3968,#3969,#3970,#3971));
#6893=EDGE_LOOP('',(#3972,#3973,#3974,#3975));
#6894=EDGE_LOOP('',(#3976,#3977,#3978,#3979));
#6895=EDGE_LOOP('',(#3980,#3981,#3982,#3983));
#6896=EDGE_LOOP('',(#3984,#3985,#3986,#3987,#3988,#3989,#3990,#3991));
#6897=EDGE_LOOP('',(#3992,#3993,#3994,#3995,#3996,#3997));
#6898=EDGE_LOOP('',(#3998,#3999,#4000,#4001,#4002,#4003,#4004,#4005));
#6899=EDGE_LOOP('',(#4006,#4007,#4008,#4009,#4010,#4011));
#6900=EDGE_LOOP('',(#4012,#4013,#4014,#4015));
#6901=EDGE_LOOP('',(#4016,#4017,#4018,#4019));
#6902=EDGE_LOOP('',(#4020,#4021,#4022,#4023));
#6903=EDGE_LOOP('',(#4024,#4025,#4026,#4027));
#6904=EDGE_LOOP('',(#4028,#4029,#4030,#4031));
#6905=EDGE_LOOP('',(#4032,#4033,#4034,#4035));
#6906=EDGE_LOOP('',(#4036,#4037,#4038,#4039));
#6907=EDGE_LOOP('',(#4040,#4041,#4042,#4043));
#6908=EDGE_LOOP('',(#4044,#4045,#4046,#4047));
#6909=EDGE_LOOP('',(#4048,#4049,#4050,#4051));
#6910=EDGE_LOOP('',(#4052,#4053,#4054,#4055));
#6911=EDGE_LOOP('',(#4056,#4057,#4058,#4059));
#6912=EDGE_LOOP('',(#4060,#4061,#4062,#4063));
#6913=EDGE_LOOP('',(#4064,#4065,#4066,#4067));
#6914=EDGE_LOOP('',(#4068,#4069,#4070,#4071,#4072));
#6915=EDGE_LOOP('',(#4073,#4074,#4075,#4076,#4077));
#6916=EDGE_LOOP('',(#4078,#4079,#4080,#4081,#4082));
#6917=EDGE_LOOP('',(#4083,#4084,#4085,#4086,#4087));
#6918=EDGE_LOOP('',(#4088,#4089,#4090,#4091));
#6919=EDGE_LOOP('',(#4092,#4093,#4094,#4095));
#6920=EDGE_LOOP('',(#4096,#4097,#4098,#4099));
#6921=EDGE_LOOP('',(#4100,#4101,#4102,#4103));
#6922=EDGE_LOOP('',(#4104,#4105,#4106,#4107));
#6923=EDGE_LOOP('',(#4108,#4109,#4110,#4111));
#6924=EDGE_LOOP('',(#4112,#4113,#4114,#4115));
#6925=EDGE_LOOP('',(#4116,#4117,#4118,#4119));
#6926=EDGE_LOOP('',(#4120,#4121,#4122,#4123));
#6927=EDGE_LOOP('',(#4124,#4125,#4126,#4127));
#6928=EDGE_LOOP('',(#4128,#4129,#4130,#4131,#4132,#4133,#4134,#4135,#4136,
#4137,#4138,#4139));
#6929=EDGE_LOOP('',(#4140,#4141,#4142,#4143,#4144,#4145,#4146,#4147,#4148,
#4149,#4150,#4151));
#6930=EDGE_LOOP('',(#4152,#4153,#4154,#4155));
#6931=EDGE_LOOP('',(#4156,#4157,#4158,#4159));
#6932=EDGE_LOOP('',(#4160,#4161,#4162,#4163));
#6933=EDGE_LOOP('',(#4164,#4165,#4166,#4167));
#6934=EDGE_LOOP('',(#4168,#4169,#4170,#4171));
#6935=EDGE_LOOP('',(#4172,#4173,#4174,#4175));
#6936=EDGE_LOOP('',(#4176,#4177,#4178,#4179));
#6937=EDGE_LOOP('',(#4180,#4181,#4182,#4183));
#6938=EDGE_LOOP('',(#4184,#4185,#4186,#4187));
#6939=EDGE_LOOP('',(#4188,#4189,#4190,#4191));
#6940=EDGE_LOOP('',(#4192,#4193,#4194,#4195));
#6941=EDGE_LOOP('',(#4196,#4197,#4198,#4199));
#6942=EDGE_LOOP('',(#4200,#4201,#4202,#4203,#4204,#4205,#4206,#4207,#4208,
#4209,#4210,#4211));
#6943=EDGE_LOOP('',(#4212,#4213,#4214,#4215,#4216,#4217,#4218,#4219,#4220,
#4221,#4222,#4223));
#6944=EDGE_LOOP('',(#4224,#4225,#4226,#4227));
#6945=EDGE_LOOP('',(#4228,#4229,#4230,#4231));
#6946=EDGE_LOOP('',(#4232,#4233,#4234,#4235));
#6947=EDGE_LOOP('',(#4236,#4237,#4238,#4239));
#6948=EDGE_LOOP('',(#4240,#4241,#4242,#4243));
#6949=EDGE_LOOP('',(#4244,#4245,#4246,#4247));
#6950=EDGE_LOOP('',(#4248,#4249,#4250,#4251));
#6951=EDGE_LOOP('',(#4252,#4253,#4254,#4255));
#6952=EDGE_LOOP('',(#4256,#4257,#4258,#4259));
#6953=EDGE_LOOP('',(#4260,#4261,#4262,#4263));
#6954=EDGE_LOOP('',(#4264,#4265,#4266,#4267));
#6955=EDGE_LOOP('',(#4268,#4269,#4270,#4271));
#6956=FACE_BOUND('',#6372,.T.);
#6957=FACE_BOUND('',#6373,.T.);
#6958=FACE_BOUND('',#6374,.T.);
#6959=FACE_BOUND('',#6375,.T.);
#6960=FACE_BOUND('',#6376,.T.);
#6961=FACE_BOUND('',#6377,.T.);
#6962=FACE_BOUND('',#6378,.T.);
#6963=FACE_BOUND('',#6379,.T.);
#6964=FACE_BOUND('',#6380,.T.);
#6965=FACE_BOUND('',#6381,.T.);
#6966=FACE_BOUND('',#6382,.T.);
#6967=FACE_BOUND('',#6383,.T.);
#6968=FACE_BOUND('',#6384,.T.);
#6969=FACE_BOUND('',#6385,.T.);
#6970=FACE_BOUND('',#6386,.T.);
#6971=FACE_BOUND('',#6387,.T.);
#6972=FACE_BOUND('',#6388,.T.);
#6973=FACE_BOUND('',#6389,.T.);
#6974=FACE_BOUND('',#6390,.T.);
#6975=FACE_BOUND('',#6391,.T.);
#6976=FACE_BOUND('',#6392,.T.);
#6977=FACE_BOUND('',#6393,.T.);
#6978=FACE_BOUND('',#6394,.T.);
#6979=FACE_BOUND('',#6395,.T.);
#6980=FACE_BOUND('',#6396,.T.);
#6981=FACE_BOUND('',#6397,.T.);
#6982=FACE_BOUND('',#6398,.T.);
#6983=FACE_BOUND('',#6399,.T.);
#6984=FACE_BOUND('',#6400,.T.);
#6985=FACE_BOUND('',#6401,.T.);
#6986=FACE_BOUND('',#6402,.T.);
#6987=FACE_BOUND('',#6403,.T.);
#6988=FACE_BOUND('',#6404,.T.);
#6989=FACE_BOUND('',#6405,.T.);
#6990=FACE_BOUND('',#6406,.T.);
#6991=FACE_BOUND('',#6407,.T.);
#6992=FACE_BOUND('',#6408,.T.);
#6993=FACE_BOUND('',#6409,.T.);
#6994=FACE_BOUND('',#6410,.T.);
#6995=FACE_BOUND('',#6411,.T.);
#6996=FACE_BOUND('',#6412,.T.);
#6997=FACE_BOUND('',#6413,.T.);
#6998=FACE_BOUND('',#6414,.T.);
#6999=FACE_BOUND('',#6415,.T.);
#7000=FACE_BOUND('',#6416,.T.);
#7001=FACE_BOUND('',#6417,.T.);
#7002=FACE_BOUND('',#6418,.T.);
#7003=FACE_BOUND('',#6419,.T.);
#7004=FACE_BOUND('',#6420,.T.);
#7005=FACE_BOUND('',#6421,.T.);
#7006=FACE_BOUND('',#6422,.T.);
#7007=FACE_BOUND('',#6423,.T.);
#7008=FACE_BOUND('',#6424,.T.);
#7009=FACE_BOUND('',#6425,.T.);
#7010=FACE_BOUND('',#6426,.T.);
#7011=FACE_BOUND('',#6427,.T.);
#7012=FACE_BOUND('',#6428,.T.);
#7013=FACE_BOUND('',#6429,.T.);
#7014=FACE_BOUND('',#6430,.T.);
#7015=FACE_BOUND('',#6431,.T.);
#7016=FACE_BOUND('',#6432,.T.);
#7017=FACE_BOUND('',#6433,.T.);
#7018=FACE_BOUND('',#6434,.T.);
#7019=FACE_BOUND('',#6435,.T.);
#7020=FACE_BOUND('',#6436,.T.);
#7021=FACE_BOUND('',#6437,.T.);
#7022=FACE_BOUND('',#6438,.T.);
#7023=FACE_BOUND('',#6439,.T.);
#7024=FACE_BOUND('',#6440,.T.);
#7025=FACE_BOUND('',#6441,.T.);
#7026=FACE_BOUND('',#6442,.T.);
#7027=FACE_BOUND('',#6443,.T.);
#7028=FACE_BOUND('',#6444,.T.);
#7029=FACE_BOUND('',#6445,.T.);
#7030=FACE_BOUND('',#6446,.T.);
#7031=FACE_BOUND('',#6447,.T.);
#7032=FACE_BOUND('',#6448,.T.);
#7033=FACE_BOUND('',#6449,.T.);
#7034=FACE_BOUND('',#6450,.T.);
#7035=FACE_BOUND('',#6451,.T.);
#7036=FACE_BOUND('',#6452,.T.);
#7037=FACE_BOUND('',#6453,.T.);
#7038=FACE_BOUND('',#6454,.T.);
#7039=FACE_BOUND('',#6455,.T.);
#7040=FACE_BOUND('',#6456,.T.);
#7041=FACE_BOUND('',#6457,.T.);
#7042=FACE_BOUND('',#6458,.T.);
#7043=FACE_BOUND('',#6459,.T.);
#7044=FACE_BOUND('',#6460,.T.);
#7045=FACE_BOUND('',#6461,.T.);
#7046=FACE_BOUND('',#6462,.T.);
#7047=FACE_BOUND('',#6463,.T.);
#7048=FACE_BOUND('',#6464,.T.);
#7049=FACE_BOUND('',#6465,.T.);
#7050=FACE_BOUND('',#6466,.T.);
#7051=FACE_BOUND('',#6467,.T.);
#7052=FACE_BOUND('',#6468,.T.);
#7053=FACE_BOUND('',#6469,.T.);
#7054=FACE_BOUND('',#6470,.T.);
#7055=FACE_BOUND('',#6471,.T.);
#7056=FACE_BOUND('',#6472,.T.);
#7057=FACE_BOUND('',#6473,.T.);
#7058=FACE_BOUND('',#6474,.T.);
#7059=FACE_BOUND('',#6475,.T.);
#7060=FACE_BOUND('',#6476,.T.);
#7061=FACE_BOUND('',#6477,.T.);
#7062=FACE_BOUND('',#6478,.T.);
#7063=FACE_BOUND('',#6479,.T.);
#7064=FACE_BOUND('',#6480,.T.);
#7065=FACE_BOUND('',#6481,.T.);
#7066=FACE_BOUND('',#6482,.T.);
#7067=FACE_BOUND('',#6483,.T.);
#7068=FACE_BOUND('',#6484,.T.);
#7069=FACE_BOUND('',#6485,.T.);
#7070=FACE_BOUND('',#6486,.T.);
#7071=FACE_BOUND('',#6487,.T.);
#7072=FACE_BOUND('',#6488,.T.);
#7073=FACE_BOUND('',#6489,.T.);
#7074=FACE_BOUND('',#6490,.T.);
#7075=FACE_BOUND('',#6491,.T.);
#7076=FACE_BOUND('',#6492,.T.);
#7077=FACE_BOUND('',#6493,.T.);
#7078=FACE_BOUND('',#6494,.T.);
#7079=FACE_BOUND('',#6495,.T.);
#7080=FACE_BOUND('',#6496,.T.);
#7081=FACE_BOUND('',#6497,.T.);
#7082=FACE_BOUND('',#6498,.T.);
#7083=FACE_BOUND('',#6499,.T.);
#7084=FACE_BOUND('',#6500,.T.);
#7085=FACE_BOUND('',#6501,.T.);
#7086=FACE_BOUND('',#6502,.T.);
#7087=FACE_BOUND('',#6503,.T.);
#7088=FACE_BOUND('',#6504,.T.);
#7089=FACE_BOUND('',#6505,.T.);
#7090=FACE_BOUND('',#6506,.T.);
#7091=FACE_BOUND('',#6507,.T.);
#7092=FACE_BOUND('',#6508,.T.);
#7093=FACE_BOUND('',#6509,.T.);
#7094=FACE_BOUND('',#6510,.T.);
#7095=FACE_BOUND('',#6511,.T.);
#7096=FACE_BOUND('',#6512,.T.);
#7097=FACE_BOUND('',#6513,.T.);
#7098=FACE_BOUND('',#6514,.T.);
#7099=FACE_BOUND('',#6515,.T.);
#7100=FACE_BOUND('',#6516,.T.);
#7101=FACE_BOUND('',#6517,.T.);
#7102=FACE_BOUND('',#6518,.T.);
#7103=FACE_BOUND('',#6519,.T.);
#7104=FACE_BOUND('',#6520,.T.);
#7105=FACE_BOUND('',#6521,.T.);
#7106=FACE_BOUND('',#6522,.T.);
#7107=FACE_BOUND('',#6523,.T.);
#7108=FACE_BOUND('',#6524,.T.);
#7109=FACE_BOUND('',#6525,.T.);
#7110=FACE_BOUND('',#6526,.T.);
#7111=FACE_BOUND('',#6527,.T.);
#7112=FACE_BOUND('',#6528,.T.);
#7113=FACE_BOUND('',#6529,.T.);
#7114=FACE_BOUND('',#6530,.T.);
#7115=FACE_BOUND('',#6531,.T.);
#7116=FACE_BOUND('',#6532,.T.);
#7117=FACE_BOUND('',#6533,.T.);
#7118=FACE_BOUND('',#6534,.T.);
#7119=FACE_BOUND('',#6535,.T.);
#7120=FACE_BOUND('',#6536,.T.);
#7121=FACE_BOUND('',#6537,.T.);
#7122=FACE_BOUND('',#6538,.T.);
#7123=FACE_BOUND('',#6539,.T.);
#7124=FACE_BOUND('',#6540,.T.);
#7125=FACE_BOUND('',#6541,.T.);
#7126=FACE_BOUND('',#6542,.T.);
#7127=FACE_BOUND('',#6543,.T.);
#7128=FACE_BOUND('',#6544,.T.);
#7129=FACE_BOUND('',#6545,.T.);
#7130=FACE_BOUND('',#6546,.T.);
#7131=FACE_BOUND('',#6547,.T.);
#7132=FACE_BOUND('',#6548,.T.);
#7133=FACE_BOUND('',#6549,.T.);
#7134=FACE_BOUND('',#6550,.T.);
#7135=FACE_BOUND('',#6551,.T.);
#7136=FACE_BOUND('',#6552,.T.);
#7137=FACE_BOUND('',#6553,.T.);
#7138=FACE_BOUND('',#6554,.T.);
#7139=FACE_BOUND('',#6555,.T.);
#7140=FACE_BOUND('',#6556,.T.);
#7141=FACE_BOUND('',#6557,.T.);
#7142=FACE_BOUND('',#6558,.T.);
#7143=FACE_BOUND('',#6559,.T.);
#7144=FACE_BOUND('',#6560,.T.);
#7145=FACE_BOUND('',#6561,.T.);
#7146=FACE_BOUND('',#6562,.T.);
#7147=FACE_BOUND('',#6563,.T.);
#7148=FACE_BOUND('',#6564,.T.);
#7149=FACE_BOUND('',#6565,.T.);
#7150=FACE_BOUND('',#6566,.T.);
#7151=FACE_BOUND('',#6567,.T.);
#7152=FACE_BOUND('',#6568,.T.);
#7153=FACE_BOUND('',#6569,.T.);
#7154=FACE_BOUND('',#6570,.T.);
#7155=FACE_BOUND('',#6571,.T.);
#7156=FACE_BOUND('',#6572,.T.);
#7157=FACE_BOUND('',#6573,.T.);
#7158=FACE_BOUND('',#6574,.T.);
#7159=FACE_BOUND('',#6575,.T.);
#7160=FACE_BOUND('',#6576,.T.);
#7161=FACE_BOUND('',#6577,.T.);
#7162=FACE_BOUND('',#6578,.T.);
#7163=FACE_BOUND('',#6579,.T.);
#7164=FACE_BOUND('',#6580,.T.);
#7165=FACE_BOUND('',#6581,.T.);
#7166=FACE_BOUND('',#6582,.T.);
#7167=FACE_BOUND('',#6583,.T.);
#7168=FACE_BOUND('',#6584,.T.);
#7169=FACE_BOUND('',#6585,.T.);
#7170=FACE_BOUND('',#6586,.T.);
#7171=FACE_BOUND('',#6587,.T.);
#7172=FACE_BOUND('',#6588,.T.);
#7173=FACE_BOUND('',#6589,.T.);
#7174=FACE_BOUND('',#6590,.T.);
#7175=FACE_BOUND('',#6591,.T.);
#7176=FACE_BOUND('',#6592,.T.);
#7177=FACE_BOUND('',#6593,.T.);
#7178=FACE_BOUND('',#6594,.T.);
#7179=FACE_BOUND('',#6595,.T.);
#7180=FACE_BOUND('',#6596,.T.);
#7181=FACE_BOUND('',#6597,.T.);
#7182=FACE_BOUND('',#6598,.T.);
#7183=FACE_BOUND('',#6599,.T.);
#7184=FACE_BOUND('',#6600,.T.);
#7185=FACE_BOUND('',#6601,.T.);
#7186=FACE_BOUND('',#6602,.T.);
#7187=FACE_BOUND('',#6603,.T.);
#7188=FACE_BOUND('',#6604,.T.);
#7189=FACE_BOUND('',#6605,.T.);
#7190=FACE_BOUND('',#6606,.T.);
#7191=FACE_BOUND('',#6607,.T.);
#7192=FACE_BOUND('',#6608,.T.);
#7193=FACE_BOUND('',#6609,.T.);
#7194=FACE_BOUND('',#6610,.T.);
#7195=FACE_BOUND('',#6611,.T.);
#7196=FACE_BOUND('',#6612,.T.);
#7197=FACE_BOUND('',#6613,.T.);
#7198=FACE_BOUND('',#6614,.T.);
#7199=FACE_BOUND('',#6615,.T.);
#7200=FACE_BOUND('',#6616,.T.);
#7201=FACE_BOUND('',#6617,.T.);
#7202=FACE_BOUND('',#6618,.T.);
#7203=FACE_BOUND('',#6619,.T.);
#7204=FACE_BOUND('',#6620,.T.);
#7205=FACE_BOUND('',#6621,.T.);
#7206=FACE_BOUND('',#6622,.T.);
#7207=FACE_BOUND('',#6623,.T.);
#7208=FACE_BOUND('',#6624,.T.);
#7209=FACE_BOUND('',#6625,.T.);
#7210=FACE_BOUND('',#6626,.T.);
#7211=FACE_BOUND('',#6627,.T.);
#7212=FACE_BOUND('',#6628,.T.);
#7213=FACE_BOUND('',#6629,.T.);
#7214=FACE_BOUND('',#6630,.T.);
#7215=FACE_BOUND('',#6631,.T.);
#7216=FACE_BOUND('',#6632,.T.);
#7217=FACE_BOUND('',#6633,.T.);
#7218=FACE_BOUND('',#6634,.T.);
#7219=FACE_BOUND('',#6635,.T.);
#7220=FACE_BOUND('',#6636,.T.);
#7221=FACE_BOUND('',#6637,.T.);
#7222=FACE_BOUND('',#6638,.T.);
#7223=FACE_BOUND('',#6639,.T.);
#7224=FACE_BOUND('',#6640,.T.);
#7225=FACE_BOUND('',#6641,.T.);
#7226=FACE_BOUND('',#6642,.T.);
#7227=FACE_BOUND('',#6643,.T.);
#7228=FACE_BOUND('',#6644,.T.);
#7229=FACE_BOUND('',#6645,.T.);
#7230=FACE_BOUND('',#6646,.T.);
#7231=FACE_BOUND('',#6647,.T.);
#7232=FACE_BOUND('',#6648,.T.);
#7233=FACE_BOUND('',#6649,.T.);
#7234=FACE_BOUND('',#6650,.T.);
#7235=FACE_BOUND('',#6651,.T.);
#7236=FACE_BOUND('',#6652,.T.);
#7237=FACE_BOUND('',#6653,.T.);
#7238=FACE_BOUND('',#6654,.T.);
#7239=FACE_BOUND('',#6655,.T.);
#7240=FACE_BOUND('',#6656,.T.);
#7241=FACE_BOUND('',#6657,.T.);
#7242=FACE_BOUND('',#6658,.T.);
#7243=FACE_BOUND('',#6659,.T.);
#7244=FACE_BOUND('',#6660,.T.);
#7245=FACE_BOUND('',#6661,.T.);
#7246=FACE_BOUND('',#6662,.T.);
#7247=FACE_BOUND('',#6663,.T.);
#7248=FACE_BOUND('',#6664,.T.);
#7249=FACE_BOUND('',#6665,.T.);
#7250=FACE_BOUND('',#6666,.T.);
#7251=FACE_BOUND('',#6667,.T.);
#7252=FACE_BOUND('',#6668,.T.);
#7253=FACE_BOUND('',#6669,.T.);
#7254=FACE_BOUND('',#6670,.T.);
#7255=FACE_BOUND('',#6671,.T.);
#7256=FACE_BOUND('',#6672,.T.);
#7257=FACE_BOUND('',#6673,.T.);
#7258=FACE_BOUND('',#6674,.T.);
#7259=FACE_BOUND('',#6675,.T.);
#7260=FACE_BOUND('',#6676,.T.);
#7261=FACE_BOUND('',#6677,.T.);
#7262=FACE_BOUND('',#6678,.T.);
#7263=FACE_BOUND('',#6679,.T.);
#7264=FACE_BOUND('',#6680,.T.);
#7265=FACE_BOUND('',#6681,.T.);
#7266=FACE_BOUND('',#6682,.T.);
#7267=FACE_BOUND('',#6683,.T.);
#7268=FACE_BOUND('',#6684,.T.);
#7269=FACE_BOUND('',#6685,.T.);
#7270=FACE_BOUND('',#6686,.T.);
#7271=FACE_BOUND('',#6687,.T.);
#7272=FACE_BOUND('',#6688,.T.);
#7273=FACE_BOUND('',#6689,.T.);
#7274=FACE_BOUND('',#6690,.T.);
#7275=FACE_BOUND('',#6691,.T.);
#7276=FACE_BOUND('',#6692,.T.);
#7277=FACE_BOUND('',#6693,.T.);
#7278=FACE_BOUND('',#6694,.T.);
#7279=FACE_BOUND('',#6695,.T.);
#7280=FACE_BOUND('',#6696,.T.);
#7281=FACE_BOUND('',#6697,.T.);
#7282=FACE_BOUND('',#6698,.T.);
#7283=FACE_BOUND('',#6699,.T.);
#7284=FACE_BOUND('',#6700,.T.);
#7285=FACE_BOUND('',#6701,.T.);
#7286=FACE_BOUND('',#6702,.T.);
#7287=FACE_BOUND('',#6703,.T.);
#7288=FACE_BOUND('',#6704,.T.);
#7289=FACE_BOUND('',#6705,.T.);
#7290=FACE_BOUND('',#6706,.T.);
#7291=FACE_BOUND('',#6707,.T.);
#7292=FACE_BOUND('',#6708,.T.);
#7293=FACE_BOUND('',#6709,.T.);
#7294=FACE_BOUND('',#6710,.T.);
#7295=FACE_BOUND('',#6711,.T.);
#7296=FACE_BOUND('',#6712,.T.);
#7297=FACE_BOUND('',#6713,.T.);
#7298=FACE_BOUND('',#6714,.T.);
#7299=FACE_BOUND('',#6715,.T.);
#7300=FACE_BOUND('',#6716,.T.);
#7301=FACE_BOUND('',#6717,.T.);
#7302=FACE_BOUND('',#6718,.T.);
#7303=FACE_BOUND('',#6719,.T.);
#7304=FACE_BOUND('',#6720,.T.);
#7305=FACE_BOUND('',#6721,.T.);
#7306=FACE_BOUND('',#6722,.T.);
#7307=FACE_BOUND('',#6723,.T.);
#7308=FACE_BOUND('',#6724,.T.);
#7309=FACE_BOUND('',#6725,.T.);
#7310=FACE_BOUND('',#6726,.T.);
#7311=FACE_BOUND('',#6727,.T.);
#7312=FACE_BOUND('',#6728,.T.);
#7313=FACE_BOUND('',#6729,.T.);
#7314=FACE_BOUND('',#6730,.T.);
#7315=FACE_BOUND('',#6731,.T.);
#7316=FACE_BOUND('',#6732,.T.);
#7317=FACE_BOUND('',#6733,.T.);
#7318=FACE_BOUND('',#6734,.T.);
#7319=FACE_BOUND('',#6735,.T.);
#7320=FACE_BOUND('',#6736,.T.);
#7321=FACE_BOUND('',#6737,.T.);
#7322=FACE_BOUND('',#6738,.T.);
#7323=FACE_BOUND('',#6739,.T.);
#7324=FACE_BOUND('',#6740,.T.);
#7325=FACE_BOUND('',#6741,.T.);
#7326=FACE_BOUND('',#6742,.T.);
#7327=FACE_BOUND('',#6743,.T.);
#7328=FACE_BOUND('',#6744,.T.);
#7329=FACE_BOUND('',#6745,.T.);
#7330=FACE_BOUND('',#6746,.T.);
#7331=FACE_BOUND('',#6747,.T.);
#7332=FACE_BOUND('',#6748,.T.);
#7333=FACE_BOUND('',#6749,.T.);
#7334=FACE_BOUND('',#6750,.T.);
#7335=FACE_BOUND('',#6751,.T.);
#7336=FACE_BOUND('',#6752,.T.);
#7337=FACE_BOUND('',#6753,.T.);
#7338=FACE_BOUND('',#6754,.T.);
#7339=FACE_BOUND('',#6755,.T.);
#7340=FACE_BOUND('',#6756,.T.);
#7341=FACE_BOUND('',#6757,.T.);
#7342=FACE_BOUND('',#6758,.T.);
#7343=FACE_BOUND('',#6759,.T.);
#7344=FACE_BOUND('',#6760,.T.);
#7345=FACE_BOUND('',#6761,.T.);
#7346=FACE_BOUND('',#6762,.T.);
#7347=FACE_BOUND('',#6763,.T.);
#7348=FACE_BOUND('',#6764,.T.);
#7349=FACE_BOUND('',#6765,.T.);
#7350=FACE_BOUND('',#6766,.T.);
#7351=FACE_BOUND('',#6767,.T.);
#7352=FACE_BOUND('',#6768,.T.);
#7353=FACE_BOUND('',#6769,.T.);
#7354=FACE_BOUND('',#6770,.T.);
#7355=FACE_BOUND('',#6771,.T.);
#7356=FACE_BOUND('',#6772,.T.);
#7357=FACE_BOUND('',#6773,.T.);
#7358=FACE_BOUND('',#6774,.T.);
#7359=FACE_BOUND('',#6775,.T.);
#7360=FACE_BOUND('',#6776,.T.);
#7361=FACE_BOUND('',#6777,.T.);
#7362=FACE_BOUND('',#6778,.T.);
#7363=FACE_BOUND('',#6779,.T.);
#7364=FACE_BOUND('',#6780,.T.);
#7365=FACE_BOUND('',#6781,.T.);
#7366=FACE_BOUND('',#6782,.T.);
#7367=FACE_BOUND('',#6783,.T.);
#7368=FACE_BOUND('',#6784,.T.);
#7369=FACE_BOUND('',#6785,.T.);
#7370=FACE_BOUND('',#6786,.T.);
#7371=FACE_BOUND('',#6787,.T.);
#7372=FACE_BOUND('',#6788,.T.);
#7373=FACE_BOUND('',#6789,.T.);
#7374=FACE_BOUND('',#6790,.T.);
#7375=FACE_BOUND('',#6791,.T.);
#7376=FACE_BOUND('',#6792,.T.);
#7377=FACE_BOUND('',#6793,.T.);
#7378=FACE_BOUND('',#6794,.T.);
#7379=FACE_BOUND('',#6795,.T.);
#7380=FACE_BOUND('',#6796,.T.);
#7381=FACE_BOUND('',#6797,.T.);
#7382=FACE_BOUND('',#6798,.T.);
#7383=FACE_BOUND('',#6799,.T.);
#7384=FACE_BOUND('',#6800,.T.);
#7385=FACE_BOUND('',#6801,.T.);
#7386=FACE_BOUND('',#6802,.T.);
#7387=FACE_BOUND('',#6803,.T.);
#7388=FACE_BOUND('',#6804,.T.);
#7389=FACE_BOUND('',#6805,.T.);
#7390=FACE_BOUND('',#6806,.T.);
#7391=FACE_BOUND('',#6807,.T.);
#7392=FACE_BOUND('',#6808,.T.);
#7393=FACE_BOUND('',#6809,.T.);
#7394=FACE_BOUND('',#6810,.T.);
#7395=FACE_BOUND('',#6811,.T.);
#7396=FACE_BOUND('',#6812,.T.);
#7397=FACE_BOUND('',#6813,.T.);
#7398=FACE_BOUND('',#6814,.T.);
#7399=FACE_BOUND('',#6815,.T.);
#7400=FACE_BOUND('',#6816,.T.);
#7401=FACE_BOUND('',#6817,.T.);
#7402=FACE_BOUND('',#6818,.T.);
#7403=FACE_BOUND('',#6819,.T.);
#7404=FACE_BOUND('',#6820,.T.);
#7405=FACE_BOUND('',#6821,.T.);
#7406=FACE_BOUND('',#6822,.T.);
#7407=FACE_BOUND('',#6823,.T.);
#7408=FACE_BOUND('',#6824,.T.);
#7409=FACE_BOUND('',#6825,.T.);
#7410=FACE_BOUND('',#6826,.T.);
#7411=FACE_BOUND('',#6827,.T.);
#7412=FACE_BOUND('',#6828,.T.);
#7413=FACE_BOUND('',#6829,.T.);
#7414=FACE_BOUND('',#6830,.T.);
#7415=FACE_BOUND('',#6831,.T.);
#7416=FACE_BOUND('',#6832,.T.);
#7417=FACE_BOUND('',#6833,.T.);
#7418=FACE_BOUND('',#6834,.T.);
#7419=FACE_BOUND('',#6835,.T.);
#7420=FACE_BOUND('',#6836,.T.);
#7421=FACE_BOUND('',#6837,.T.);
#7422=FACE_BOUND('',#6838,.T.);
#7423=FACE_BOUND('',#6839,.T.);
#7424=FACE_BOUND('',#6840,.T.);
#7425=FACE_BOUND('',#6841,.T.);
#7426=FACE_BOUND('',#6842,.T.);
#7427=FACE_BOUND('',#6843,.T.);
#7428=FACE_BOUND('',#6844,.T.);
#7429=FACE_BOUND('',#6845,.T.);
#7430=FACE_BOUND('',#6846,.T.);
#7431=FACE_BOUND('',#6847,.T.);
#7432=FACE_BOUND('',#6848,.T.);
#7433=FACE_BOUND('',#6849,.T.);
#7434=FACE_BOUND('',#6850,.T.);
#7435=FACE_BOUND('',#6851,.T.);
#7436=FACE_BOUND('',#6852,.T.);
#7437=FACE_BOUND('',#6853,.T.);
#7438=FACE_BOUND('',#6854,.T.);
#7439=FACE_BOUND('',#6855,.T.);
#7440=FACE_BOUND('',#6856,.T.);
#7441=FACE_BOUND('',#6857,.T.);
#7442=FACE_BOUND('',#6858,.T.);
#7443=FACE_BOUND('',#6859,.T.);
#7444=FACE_BOUND('',#6860,.T.);
#7445=FACE_BOUND('',#6861,.T.);
#7446=FACE_BOUND('',#6862,.T.);
#7447=FACE_BOUND('',#6863,.T.);
#7448=FACE_BOUND('',#6864,.T.);
#7449=FACE_BOUND('',#6865,.T.);
#7450=FACE_BOUND('',#6866,.T.);
#7451=FACE_BOUND('',#6867,.T.);
#7452=FACE_BOUND('',#6868,.T.);
#7453=FACE_BOUND('',#6869,.T.);
#7454=FACE_BOUND('',#6870,.T.);
#7455=FACE_BOUND('',#6871,.T.);
#7456=FACE_BOUND('',#6872,.T.);
#7457=FACE_BOUND('',#6873,.T.);
#7458=FACE_BOUND('',#6874,.T.);
#7459=FACE_BOUND('',#6875,.T.);
#7460=FACE_BOUND('',#6876,.T.);
#7461=FACE_BOUND('',#6877,.T.);
#7462=FACE_BOUND('',#6878,.T.);
#7463=FACE_BOUND('',#6879,.T.);
#7464=FACE_BOUND('',#6880,.T.);
#7465=FACE_BOUND('',#6881,.T.);
#7466=FACE_BOUND('',#6882,.T.);
#7467=FACE_BOUND('',#6883,.T.);
#7468=FACE_BOUND('',#6884,.T.);
#7469=FACE_BOUND('',#6885,.T.);
#7470=FACE_BOUND('',#6886,.T.);
#7471=FACE_BOUND('',#6887,.T.);
#7472=FACE_BOUND('',#6888,.T.);
#7473=FACE_BOUND('',#6889,.T.);
#7474=FACE_BOUND('',#6890,.T.);
#7475=FACE_BOUND('',#6891,.T.);
#7476=FACE_BOUND('',#6892,.T.);
#7477=FACE_BOUND('',#6893,.T.);
#7478=FACE_BOUND('',#6894,.T.);
#7479=FACE_BOUND('',#6895,.T.);
#7480=FACE_BOUND('',#6896,.T.);
#7481=FACE_BOUND('',#6897,.T.);
#7482=FACE_BOUND('',#6898,.T.);
#7483=FACE_BOUND('',#6899,.T.);
#7484=FACE_BOUND('',#6900,.T.);
#7485=FACE_BOUND('',#6901,.T.);
#7486=FACE_BOUND('',#6902,.T.);
#7487=FACE_BOUND('',#6903,.T.);
#7488=FACE_BOUND('',#6904,.T.);
#7489=FACE_BOUND('',#6905,.T.);
#7490=FACE_BOUND('',#6906,.T.);
#7491=FACE_BOUND('',#6907,.T.);
#7492=FACE_BOUND('',#6908,.T.);
#7493=FACE_BOUND('',#6909,.T.);
#7494=FACE_BOUND('',#6910,.T.);
#7495=FACE_BOUND('',#6911,.T.);
#7496=FACE_BOUND('',#6912,.T.);
#7497=FACE_BOUND('',#6913,.T.);
#7498=FACE_BOUND('',#6914,.T.);
#7499=FACE_BOUND('',#6915,.T.);
#7500=FACE_BOUND('',#6916,.T.);
#7501=FACE_BOUND('',#6917,.T.);
#7502=FACE_BOUND('',#6918,.T.);
#7503=FACE_BOUND('',#6919,.T.);
#7504=FACE_BOUND('',#6920,.T.);
#7505=FACE_BOUND('',#6921,.T.);
#7506=FACE_BOUND('',#6922,.T.);
#7507=FACE_BOUND('',#6923,.T.);
#7508=FACE_BOUND('',#6924,.T.);
#7509=FACE_BOUND('',#6925,.T.);
#7510=FACE_BOUND('',#6926,.T.);
#7511=FACE_BOUND('',#6927,.T.);
#7512=FACE_BOUND('',#6928,.T.);
#7513=FACE_BOUND('',#6929,.T.);
#7514=FACE_BOUND('',#6930,.T.);
#7515=FACE_BOUND('',#6931,.T.);
#7516=FACE_BOUND('',#6932,.T.);
#7517=FACE_BOUND('',#6933,.T.);
#7518=FACE_BOUND('',#6934,.T.);
#7519=FACE_BOUND('',#6935,.T.);
#7520=FACE_BOUND('',#6936,.T.);
#7521=FACE_BOUND('',#6937,.T.);
#7522=FACE_BOUND('',#6938,.T.);
#7523=FACE_BOUND('',#6939,.T.);
#7524=FACE_BOUND('',#6940,.T.);
#7525=FACE_BOUND('',#6941,.T.);
#7526=FACE_BOUND('',#6942,.T.);
#7527=FACE_BOUND('',#6943,.T.);
#7528=FACE_BOUND('',#6944,.T.);
#7529=FACE_BOUND('',#6945,.T.);
#7530=FACE_BOUND('',#6946,.T.);
#7531=FACE_BOUND('',#6947,.T.);
#7532=FACE_BOUND('',#6948,.T.);
#7533=FACE_BOUND('',#6949,.T.);
#7534=FACE_BOUND('',#6950,.T.);
#7535=FACE_BOUND('',#6951,.T.);
#7536=FACE_BOUND('',#6952,.T.);
#7537=FACE_BOUND('',#6953,.T.);
#7538=FACE_BOUND('',#6954,.T.);
#7539=FACE_BOUND('',#6955,.T.);
#7540=PLANE('',#8454);
#7541=PLANE('',#8476);
#7542=PLANE('',#8483);
#7543=PLANE('',#8488);
#7544=PLANE('',#8493);
#7545=PLANE('',#8527);
#7546=PLANE('',#8528);
#7547=PLANE('',#8530);
#7548=PLANE('',#8531);
#7549=PLANE('',#8533);
#7550=PLANE('',#8534);
#7551=PLANE('',#8536);
#7552=PLANE('',#8537);
#7553=PLANE('',#8539);
#7554=PLANE('',#8540);
#7555=PLANE('',#8542);
#7556=PLANE('',#8543);
#7557=PLANE('',#8545);
#7558=PLANE('',#8546);
#7559=PLANE('',#8548);
#7560=PLANE('',#8549);
#7561=PLANE('',#8551);
#7562=PLANE('',#8591);
#7563=PLANE('',#8593);
#7564=PLANE('',#8595);
#7565=PLANE('',#8596);
#7566=PLANE('',#8597);
#7567=PLANE('',#8598);
#7568=PLANE('',#8599);
#7569=PLANE('',#8600);
#7570=PLANE('',#8619);
#7571=PLANE('',#8624);
#7572=PLANE('',#8628);
#7573=PLANE('',#8632);
#7574=PLANE('',#8636);
#7575=PLANE('',#8640);
#7576=PLANE('',#8643);
#7577=PLANE('',#8646);
#7578=PLANE('',#8649);
#7579=PLANE('',#8650);
#7580=PLANE('',#8652);
#7581=PLANE('',#8653);
#7582=PLANE('',#8654);
#7583=PLANE('',#8655);
#7584=PLANE('',#8656);
#7585=PLANE('',#8657);
#7586=PLANE('',#8658);
#7587=PLANE('',#8660);
#7588=PLANE('',#8662);
#7589=PLANE('',#8663);
#7590=PLANE('',#8664);
#7591=PLANE('',#8665);
#7592=PLANE('',#8666);
#7593=PLANE('',#8667);
#7594=PLANE('',#8668);
#7595=PLANE('',#8670);
#7596=PLANE('',#8672);
#7597=PLANE('',#8673);
#7598=PLANE('',#8674);
#7599=PLANE('',#8675);
#7600=PLANE('',#8676);
#7601=PLANE('',#8677);
#7602=PLANE('',#8678);
#7603=PLANE('',#8680);
#7604=PLANE('',#8682);
#7605=PLANE('',#8683);
#7606=PLANE('',#8684);
#7607=PLANE('',#8685);
#7608=PLANE('',#8686);
#7609=PLANE('',#8687);
#7610=PLANE('',#8688);
#7611=PLANE('',#8698);
#7612=PLANE('',#8699);
#7613=PLANE('',#8712);
#7614=PLANE('',#8715);
#7615=PLANE('',#8716);
#7616=PLANE('',#8719);
#7617=PLANE('',#8724);
#7618=PLANE('',#8729);
#7619=PLANE('',#8732);
#7620=PLANE('',#8738);
#7621=PLANE('',#8745);
#7622=PLANE('',#8749);
#7623=PLANE('',#8750);
#7624=PLANE('',#8753);
#7625=PLANE('',#8756);
#7626=PLANE('',#8801);
#7627=PLANE('',#8804);
#7628=PLANE('',#8805);
#7629=PLANE('',#8808);
#7630=PLANE('',#8809);
#7631=PLANE('',#8810);
#7632=PLANE('',#8823);
#7633=PLANE('',#8824);
#7634=PLANE('',#8825);
#7635=PLANE('',#8826);
#7636=PLANE('',#8827);
#7637=PLANE('',#8828);
#7638=PLANE('',#8832);
#7639=PLANE('',#8833);
#7640=PLANE('',#8834);
#7641=PLANE('',#8835);
#7642=PLANE('',#8836);
#7643=PLANE('',#8837);
#7644=PLANE('',#8838);
#7645=PLANE('',#8839);
#7646=PLANE('',#8840);
#7647=PLANE('',#8841);
#7648=PLANE('',#8842);
#7649=PLANE('',#8843);
#7650=PLANE('',#8844);
#7651=PLANE('',#8845);
#7652=PLANE('',#8846);
#7653=PLANE('',#8847);
#7654=PLANE('',#8848);
#7655=PLANE('',#8849);
#7656=PLANE('',#8850);
#7657=PLANE('',#8851);
#7658=PLANE('',#8852);
#7659=PLANE('',#8853);
#7660=PLANE('',#8854);
#7661=PLANE('',#8855);
#7662=PLANE('',#8856);
#7663=PLANE('',#8860);
#7664=PLANE('',#8861);
#7665=PLANE('',#8862);
#7666=PLANE('',#8863);
#7667=PLANE('',#8864);
#7668=PLANE('',#8865);
#7669=PLANE('',#8866);
#7670=PLANE('',#8867);
#7671=PLANE('',#8868);
#7672=PLANE('',#8869);
#7673=PLANE('',#8870);
#7674=PLANE('',#8871);
#7675=PLANE('',#8872);
#7676=PLANE('',#8873);
#7677=PLANE('',#8874);
#7678=PLANE('',#8875);
#7679=PLANE('',#8876);
#7680=PLANE('',#8877);
#7681=PLANE('',#8878);
#7682=PLANE('',#8879);
#7683=PLANE('',#8880);
#7684=PLANE('',#8881);
#7685=PLANE('',#8882);
#7686=PLANE('',#8883);
#7687=PLANE('',#8884);
#7688=PLANE('',#8885);
#7689=PLANE('',#8886);
#7690=PLANE('',#8887);
#7691=PLANE('',#8888);
#7692=PLANE('',#8889);
#7693=PLANE('',#8890);
#7694=PLANE('',#8891);
#7695=PLANE('',#8892);
#7696=PLANE('',#8893);
#7697=PLANE('',#8894);
#7698=PLANE('',#8895);
#7699=PLANE('',#8896);
#7700=PLANE('',#8897);
#7701=PLANE('',#8898);
#7702=PLANE('',#8899);
#7703=PLANE('',#8900);
#7704=PLANE('',#8901);
#7705=PLANE('',#8902);
#7706=PLANE('',#8903);
#7707=PLANE('',#8904);
#7708=PLANE('',#8905);
#7709=PLANE('',#8906);
#7710=PLANE('',#8907);
#7711=PLANE('',#8908);
#7712=PLANE('',#8910);
#7713=PLANE('',#8911);
#7714=PLANE('',#8912);
#7715=PLANE('',#8913);
#7716=PLANE('',#8914);
#7717=PLANE('',#8915);
#7718=PLANE('',#8916);
#7719=PLANE('',#8917);
#7720=PLANE('',#8918);
#7721=PLANE('',#8919);
#7722=PLANE('',#8920);
#7723=PLANE('',#8921);
#7724=PLANE('',#8922);
#7725=PLANE('',#8923);
#7726=PLANE('',#8924);
#7727=PLANE('',#8925);
#7728=PLANE('',#8926);
#7729=PLANE('',#8927);
#7730=PLANE('',#8928);
#7731=PLANE('',#8929);
#7732=PLANE('',#8930);
#7733=PLANE('',#8931);
#7734=PLANE('',#8932);
#7735=PLANE('',#8933);
#7736=PLANE('',#8934);
#7737=PLANE('',#8948);
#7738=PLANE('',#8949);
#7739=PLANE('',#8950);
#7740=PLANE('',#8951);
#7741=PLANE('',#8952);
#7742=PLANE('',#8953);
#7743=PLANE('',#8954);
#7744=PLANE('',#8955);
#7745=PLANE('',#8956);
#7746=PLANE('',#8957);
#7747=PLANE('',#8958);
#7748=PLANE('',#8959);
#7749=PLANE('',#8961);
#7750=PLANE('',#8962);
#7751=PLANE('',#8963);
#7752=PLANE('',#8964);
#7753=PLANE('',#8965);
#7754=PLANE('',#8966);
#7755=PLANE('',#8967);
#7756=PLANE('',#8968);
#7757=PLANE('',#8969);
#7758=PLANE('',#8970);
#7759=PLANE('',#8971);
#7760=PLANE('',#8972);
#7761=PLANE('',#8974);
#7762=PLANE('',#8975);
#7763=PLANE('',#8976);
#7764=PLANE('',#8977);
#7765=PLANE('',#8978);
#7766=PLANE('',#8979);
#7767=PLANE('',#8980);
#7768=PLANE('',#8981);
#7769=PLANE('',#8983);
#7770=PLANE('',#8985);
#7771=PLANE('',#8987);
#7772=PLANE('',#8988);
#7773=PLANE('',#8989);
#7774=PLANE('',#8990);
#7775=PLANE('',#8991);
#7776=PLANE('',#8992);
#7777=PLANE('',#8993);
#7778=PLANE('',#8994);
#7779=PLANE('',#8995);
#7780=PLANE('',#8996);
#7781=PLANE('',#8998);
#7782=PLANE('',#8999);
#7783=PLANE('',#9001);
#7784=PLANE('',#9002);
#7785=PLANE('',#9003);
#7786=PLANE('',#9004);
#7787=PLANE('',#9005);
#7788=PLANE('',#9006);
#7789=PLANE('',#9007);
#7790=PLANE('',#9008);
#7791=PLANE('',#9009);
#7792=PLANE('',#9010);
#7793=PLANE('',#9011);
#7794=PLANE('',#9012);
#7795=PLANE('',#9013);
#7796=PLANE('',#9015);
#7797=PLANE('',#9017);
#7798=PLANE('',#9019);
#7799=PLANE('',#9020);
#7800=PLANE('',#9022);
#7801=PLANE('',#9024);
#7802=PLANE('',#9026);
#7803=PLANE('',#9027);
#7804=PLANE('',#9028);
#7805=PLANE('',#9029);
#7806=PLANE('',#9030);
#7807=PLANE('',#9031);
#7808=PLANE('',#9032);
#7809=PLANE('',#9033);
#7810=PLANE('',#9034);
#7811=PLANE('',#9035);
#7812=PLANE('',#9037);
#7813=PLANE('',#9038);
#7814=PLANE('',#9040);
#7815=PLANE('',#9041);
#7816=PLANE('',#9042);
#7817=PLANE('',#9043);
#7818=PLANE('',#9044);
#7819=PLANE('',#9045);
#7820=PLANE('',#9046);
#7821=PLANE('',#9047);
#7822=PLANE('',#9049);
#7823=PLANE('',#9050);
#7824=PLANE('',#9051);
#7825=PLANE('',#9052);
#7826=PLANE('',#9053);
#7827=PLANE('',#9054);
#7828=PLANE('',#9055);
#7829=PLANE('',#9056);
#7830=PLANE('',#9057);
#7831=PLANE('',#9058);
#7832=PLANE('',#9059);
#7833=PLANE('',#9060);
#7834=PLANE('',#9061);
#7835=PLANE('',#9062);
#7836=PLANE('',#9064);
#7837=PLANE('',#9065);
#7838=PLANE('',#9066);
#7839=PLANE('',#9067);
#7840=PLANE('',#9068);
#7841=PLANE('',#9069);
#7842=PLANE('',#9070);
#7843=ADVANCED_FACE('',(#6956,#6957,#6958,#6959,#6960,#6961,#6962,#6963,
#6964,#6965,#6966,#6967,#6968,#6969,#6970,#6971,#6972,#6973,#6974,#6975,
#6976),#7540,.T.);
#7844=ADVANCED_FACE('',(#6977,#6978),#146,.T.);
#7845=ADVANCED_FACE('',(#6979,#6980),#7541,.T.);
#7846=ADVANCED_FACE('',(#6981,#6982,#6983),#147,.T.);
#7847=ADVANCED_FACE('',(#6984),#7542,.F.);
#7848=ADVANCED_FACE('',(#6985),#7543,.T.);
#7849=ADVANCED_FACE('',(#6986),#7544,.T.);
#7850=ADVANCED_FACE('',(#6987,#6988,#6989),#148,.F.);
#7851=ADVANCED_FACE('',(#6990,#6991),#149,.T.);
#7852=ADVANCED_FACE('',(#6992,#6993,#6994),#150,.F.);
#7853=ADVANCED_FACE('',(#6995,#6996),#151,.T.);
#7854=ADVANCED_FACE('',(#6997,#6998,#6999),#152,.F.);
#7855=ADVANCED_FACE('',(#7000,#7001,#7002),#153,.F.);
#7856=ADVANCED_FACE('',(#7003),#7545,.F.);
#7857=ADVANCED_FACE('',(#7004),#7546,.F.);
#7858=ADVANCED_FACE('',(#7005),#7547,.F.);
#7859=ADVANCED_FACE('',(#7006),#7548,.F.);
#7860=ADVANCED_FACE('',(#7007),#7549,.F.);
#7861=ADVANCED_FACE('',(#7008),#7550,.F.);
#7862=ADVANCED_FACE('',(#7009),#7551,.F.);
#7863=ADVANCED_FACE('',(#7010),#7552,.F.);
#7864=ADVANCED_FACE('',(#7011),#7553,.F.);
#7865=ADVANCED_FACE('',(#7012),#7554,.F.);
#7866=ADVANCED_FACE('',(#7013),#7555,.F.);
#7867=ADVANCED_FACE('',(#7014),#7556,.F.);
#7868=ADVANCED_FACE('',(#7015),#7557,.F.);
#7869=ADVANCED_FACE('',(#7016),#7558,.F.);
#7870=ADVANCED_FACE('',(#7017),#7559,.F.);
#7871=ADVANCED_FACE('',(#7018),#7560,.F.);
#7872=ADVANCED_FACE('',(#7019,#7020,#7021,#7022,#7023,#7024,#7025,#7026,
#7027,#7028,#7029,#7030,#7031,#7032,#7033),#7561,.F.);
#7873=ADVANCED_FACE('',(#7034,#7035),#154,.F.);
#7874=ADVANCED_FACE('',(#7036,#7037),#155,.F.);
#7875=ADVANCED_FACE('',(#7038),#156,.T.);
#7876=ADVANCED_FACE('',(#7039),#157,.T.);
#7877=ADVANCED_FACE('',(#7040),#158,.T.);
#7878=ADVANCED_FACE('',(#7041),#159,.T.);
#7879=ADVANCED_FACE('',(#7042),#142,.T.);
#7880=ADVANCED_FACE('',(#7043),#143,.T.);
#7881=ADVANCED_FACE('',(#7044),#144,.T.);
#7882=ADVANCED_FACE('',(#7045),#145,.T.);
#7883=ADVANCED_FACE('',(#7046),#160,.T.);
#7884=ADVANCED_FACE('',(#7047),#161,.T.);
#7885=ADVANCED_FACE('',(#7048),#7562,.T.);
#7886=ADVANCED_FACE('',(#7049),#162,.T.);
#7887=ADVANCED_FACE('',(#7050),#7563,.T.);
#7888=ADVANCED_FACE('',(#7051),#163,.T.);
#7889=ADVANCED_FACE('',(#7052),#7564,.T.);
#7890=ADVANCED_FACE('',(#7053),#7565,.T.);
#7891=ADVANCED_FACE('',(#7054),#7566,.T.);
#7892=ADVANCED_FACE('',(#7055),#7567,.F.);
#7893=ADVANCED_FACE('',(#7056),#7568,.F.);
#7894=ADVANCED_FACE('',(#7057),#7569,.T.);
#7895=ADVANCED_FACE('',(#7058,#7059),#164,.F.);
#7896=ADVANCED_FACE('',(#7060,#7061),#165,.F.);
#7897=ADVANCED_FACE('',(#7062,#7063),#166,.F.);
#7898=ADVANCED_FACE('',(#7064,#7065),#7570,.T.);
#7899=ADVANCED_FACE('',(#7066,#7067),#167,.F.);
#7900=ADVANCED_FACE('',(#7068,#7069),#168,.T.);
#7901=ADVANCED_FACE('',(#7070,#7071),#7571,.T.);
#7902=ADVANCED_FACE('',(#7072,#7073),#169,.T.);
#7903=ADVANCED_FACE('',(#7074,#7075),#7572,.T.);
#7904=ADVANCED_FACE('',(#7076,#7077),#170,.T.);
#7905=ADVANCED_FACE('',(#7078,#7079),#7573,.T.);
#7906=ADVANCED_FACE('',(#7080,#7081),#171,.T.);
#7907=ADVANCED_FACE('',(#7082,#7083),#7574,.T.);
#7908=ADVANCED_FACE('',(#7084,#7085),#172,.T.);
#7909=ADVANCED_FACE('',(#7086),#7575,.T.);
#7910=ADVANCED_FACE('',(#7087,#7088),#173,.T.);
#7911=ADVANCED_FACE('',(#7089),#7576,.T.);
#7912=ADVANCED_FACE('',(#7090,#7091),#174,.T.);
#7913=ADVANCED_FACE('',(#7092),#7577,.T.);
#7914=ADVANCED_FACE('',(#7093,#7094),#175,.T.);
#7915=ADVANCED_FACE('',(#7095),#7578,.T.);
#7916=ADVANCED_FACE('',(#7096),#7579,.F.);
#7917=ADVANCED_FACE('',(#7097),#7580,.T.);
#7918=ADVANCED_FACE('',(#7098),#7581,.F.);
#7919=ADVANCED_FACE('',(#7099),#7582,.F.);
#7920=ADVANCED_FACE('',(#7100),#7583,.T.);
#7921=ADVANCED_FACE('',(#7101),#7584,.F.);
#7922=ADVANCED_FACE('',(#7102),#7585,.T.);
#7923=ADVANCED_FACE('',(#7103),#7586,.F.);
#7924=ADVANCED_FACE('',(#7104),#7587,.F.);
#7925=ADVANCED_FACE('',(#7105),#7588,.T.);
#7926=ADVANCED_FACE('',(#7106),#7589,.F.);
#7927=ADVANCED_FACE('',(#7107),#7590,.F.);
#7928=ADVANCED_FACE('',(#7108),#7591,.T.);
#7929=ADVANCED_FACE('',(#7109),#7592,.F.);
#7930=ADVANCED_FACE('',(#7110),#7593,.T.);
#7931=ADVANCED_FACE('',(#7111),#7594,.F.);
#7932=ADVANCED_FACE('',(#7112),#7595,.F.);
#7933=ADVANCED_FACE('',(#7113),#7596,.T.);
#7934=ADVANCED_FACE('',(#7114),#7597,.F.);
#7935=ADVANCED_FACE('',(#7115),#7598,.F.);
#7936=ADVANCED_FACE('',(#7116),#7599,.T.);
#7937=ADVANCED_FACE('',(#7117),#7600,.F.);
#7938=ADVANCED_FACE('',(#7118),#7601,.T.);
#7939=ADVANCED_FACE('',(#7119),#7602,.F.);
#7940=ADVANCED_FACE('',(#7120),#7603,.F.);
#7941=ADVANCED_FACE('',(#7121),#7604,.F.);
#7942=ADVANCED_FACE('',(#7122),#7605,.T.);
#7943=ADVANCED_FACE('',(#7123),#7606,.F.);
#7944=ADVANCED_FACE('',(#7124),#7607,.T.);
#7945=ADVANCED_FACE('',(#7125),#7608,.T.);
#7946=ADVANCED_FACE('',(#7126),#7609,.F.);
#7947=ADVANCED_FACE('',(#7127),#7610,.F.);
#7948=ADVANCED_FACE('',(#7128),#110,.F.);
#7949=ADVANCED_FACE('',(#7129),#111,.F.);
#7950=ADVANCED_FACE('',(#7130),#112,.F.);
#7951=ADVANCED_FACE('',(#7131),#113,.F.);
#7952=ADVANCED_FACE('',(#7132),#114,.F.);
#7953=ADVANCED_FACE('',(#7133),#115,.F.);
#7954=ADVANCED_FACE('',(#7134),#116,.F.);
#7955=ADVANCED_FACE('',(#7135),#117,.F.);
#7956=ADVANCED_FACE('',(#7136,#7137,#7138),#7611,.T.);
#7957=ADVANCED_FACE('',(#7139,#7140),#7612,.T.);
#7958=ADVANCED_FACE('',(#7141),#176,.F.);
#7959=ADVANCED_FACE('',(#7142),#177,.F.);
#7960=ADVANCED_FACE('',(#7143),#178,.F.);
#7961=ADVANCED_FACE('',(#7144),#179,.F.);
#7962=ADVANCED_FACE('',(#7145),#7613,.T.);
#7963=ADVANCED_FACE('',(#7146),#118,.F.);
#7964=ADVANCED_FACE('',(#7147),#119,.F.);
#7965=ADVANCED_FACE('',(#7148),#7614,.F.);
#7966=ADVANCED_FACE('',(#7149),#7615,.T.);
#7967=ADVANCED_FACE('',(#7150),#120,.F.);
#7968=ADVANCED_FACE('',(#7151),#121,.F.);
#7969=ADVANCED_FACE('',(#7152),#7616,.F.);
#7970=ADVANCED_FACE('',(#7153,#7154),#180,.F.);
#7971=ADVANCED_FACE('',(#7155,#7156),#181,.F.);
#7972=ADVANCED_FACE('',(#7157,#7158),#182,.F.);
#7973=ADVANCED_FACE('',(#7159,#7160),#183,.F.);
#7974=ADVANCED_FACE('',(#7161),#7617,.T.);
#7975=ADVANCED_FACE('',(#7162,#7163),#7618,.F.);
#7976=ADVANCED_FACE('',(#7164,#7165),#7619,.T.);
#7977=ADVANCED_FACE('',(#7166),#184,.F.);
#7978=ADVANCED_FACE('',(#7167),#7620,.F.);
#7979=ADVANCED_FACE('',(#7168),#185,.F.);
#7980=ADVANCED_FACE('',(#7169),#186,.F.);
#7981=ADVANCED_FACE('',(#7170),#7621,.F.);
#7982=ADVANCED_FACE('',(#7171),#187,.F.);
#7983=ADVANCED_FACE('',(#7172),#7622,.T.);
#7984=ADVANCED_FACE('',(#7173),#7623,.T.);
#7985=ADVANCED_FACE('',(#7174),#188,.F.);
#7986=ADVANCED_FACE('',(#7175),#7624,.F.);
#7987=ADVANCED_FACE('',(#7176),#189,.F.);
#7988=ADVANCED_FACE('',(#7177),#7625,.T.);
#7989=ADVANCED_FACE('',(#7178),#190,.F.);
#7990=ADVANCED_FACE('',(#7179),#191,.F.);
#7991=ADVANCED_FACE('',(#7180),#98,.T.);
#7992=ADVANCED_FACE('',(#7181),#192,.T.);
#7993=ADVANCED_FACE('',(#7182),#193,.T.);
#7994=ADVANCED_FACE('',(#7183),#99,.T.);
#7995=ADVANCED_FACE('',(#7184),#100,.T.);
#7996=ADVANCED_FACE('',(#7185),#194,.T.);
#7997=ADVANCED_FACE('',(#7186),#195,.T.);
#7998=ADVANCED_FACE('',(#7187),#101,.T.);
#7999=ADVANCED_FACE('',(#7188),#102,.T.);
#8000=ADVANCED_FACE('',(#7189),#196,.T.);
#8001=ADVANCED_FACE('',(#7190),#103,.T.);
#8002=ADVANCED_FACE('',(#7191),#197,.T.);
#8003=ADVANCED_FACE('',(#7192),#104,.T.);
#8004=ADVANCED_FACE('',(#7193),#105,.T.);
#8005=ADVANCED_FACE('',(#7194),#198,.T.);
#8006=ADVANCED_FACE('',(#7195),#106,.T.);
#8007=ADVANCED_FACE('',(#7196),#199,.T.);
#8008=ADVANCED_FACE('',(#7197),#107,.T.);
#8009=ADVANCED_FACE('',(#7198),#200,.T.);
#8010=ADVANCED_FACE('',(#7199),#108,.T.);
#8011=ADVANCED_FACE('',(#7200),#201,.T.);
#8012=ADVANCED_FACE('',(#7201),#109,.T.);
#8013=ADVANCED_FACE('',(#7202),#7626,.F.);
#8014=ADVANCED_FACE('',(#7203),#122,.F.);
#8015=ADVANCED_FACE('',(#7204),#123,.F.);
#8016=ADVANCED_FACE('',(#7205),#7627,.T.);
#8017=ADVANCED_FACE('',(#7206),#7628,.F.);
#8018=ADVANCED_FACE('',(#7207),#124,.F.);
#8019=ADVANCED_FACE('',(#7208),#125,.F.);
#8020=ADVANCED_FACE('',(#7209),#7629,.T.);
#8021=ADVANCED_FACE('',(#7210),#7630,.T.);
#8022=ADVANCED_FACE('',(#7211),#7631,.F.);
#8023=ADVANCED_FACE('',(#7212,#7213),#202,.F.);
#8024=ADVANCED_FACE('',(#7214,#7215),#126,.F.);
#8025=ADVANCED_FACE('',(#7216,#7217),#203,.F.);
#8026=ADVANCED_FACE('',(#7218,#7219),#127,.F.);
#8027=ADVANCED_FACE('',(#7220,#7221),#204,.F.);
#8028=ADVANCED_FACE('',(#7222,#7223),#128,.F.);
#8029=ADVANCED_FACE('',(#7224,#7225),#205,.F.);
#8030=ADVANCED_FACE('',(#7226,#7227),#129,.F.);
#8031=ADVANCED_FACE('',(#7228),#7632,.T.);
#8032=ADVANCED_FACE('',(#7229),#32,.T.);
#8033=ADVANCED_FACE('',(#7230),#33,.T.);
#8034=ADVANCED_FACE('',(#7231),#7633,.T.);
#8035=ADVANCED_FACE('',(#7232),#7634,.T.);
#8036=ADVANCED_FACE('',(#7233),#34,.T.);
#8037=ADVANCED_FACE('',(#7234),#35,.T.);
#8038=ADVANCED_FACE('',(#7235),#7635,.T.);
#8039=ADVANCED_FACE('',(#7236),#7636,.F.);
#8040=ADVANCED_FACE('',(#7237),#7637,.F.);
#8041=ADVANCED_FACE('',(#7238),#206,.F.);
#8042=ADVANCED_FACE('',(#7239),#7638,.F.);
#8043=ADVANCED_FACE('',(#7240),#36,.F.);
#8044=ADVANCED_FACE('',(#7241),#7639,.F.);
#8045=ADVANCED_FACE('',(#7242),#7640,.F.);
#8046=ADVANCED_FACE('',(#7243),#7641,.F.);
#8047=ADVANCED_FACE('',(#7244),#7642,.F.);
#8048=ADVANCED_FACE('',(#7245),#7643,.F.);
#8049=ADVANCED_FACE('',(#7246),#7644,.F.);
#8050=ADVANCED_FACE('',(#7247),#7645,.F.);
#8051=ADVANCED_FACE('',(#7248),#7646,.F.);
#8052=ADVANCED_FACE('',(#7249),#7647,.F.);
#8053=ADVANCED_FACE('',(#7250,#7251),#7648,.T.);
#8054=ADVANCED_FACE('',(#7252),#7649,.F.);
#8055=ADVANCED_FACE('',(#7253),#7650,.F.);
#8056=ADVANCED_FACE('',(#7254),#37,.F.);
#8057=ADVANCED_FACE('',(#7255),#38,.F.);
#8058=ADVANCED_FACE('',(#7256),#7651,.F.);
#8059=ADVANCED_FACE('',(#7257),#7652,.F.);
#8060=ADVANCED_FACE('',(#7258),#39,.F.);
#8061=ADVANCED_FACE('',(#7259),#40,.F.);
#8062=ADVANCED_FACE('',(#7260),#7653,.F.);
#8063=ADVANCED_FACE('',(#7261),#7654,.F.);
#8064=ADVANCED_FACE('',(#7262),#7655,.F.);
#8065=ADVANCED_FACE('',(#7263),#7656,.F.);
#8066=ADVANCED_FACE('',(#7264),#7657,.F.);
#8067=ADVANCED_FACE('',(#7265),#7658,.F.);
#8068=ADVANCED_FACE('',(#7266),#7659,.F.);
#8069=ADVANCED_FACE('',(#7267,#7268),#7660,.T.);
#8070=ADVANCED_FACE('',(#7269),#7661,.F.);
#8071=ADVANCED_FACE('',(#7270),#7662,.F.);
#8072=ADVANCED_FACE('',(#7271),#207,.F.);
#8073=ADVANCED_FACE('',(#7272),#7663,.F.);
#8074=ADVANCED_FACE('',(#7273),#41,.F.);
#8075=ADVANCED_FACE('',(#7274),#7664,.F.);
#8076=ADVANCED_FACE('',(#7275),#7665,.F.);
#8077=ADVANCED_FACE('',(#7276),#7666,.F.);
#8078=ADVANCED_FACE('',(#7277),#7667,.F.);
#8079=ADVANCED_FACE('',(#7278),#7668,.F.);
#8080=ADVANCED_FACE('',(#7279),#7669,.F.);
#8081=ADVANCED_FACE('',(#7280),#7670,.F.);
#8082=ADVANCED_FACE('',(#7281),#7671,.F.);
#8083=ADVANCED_FACE('',(#7282),#7672,.F.);
#8084=ADVANCED_FACE('',(#7283,#7284),#7673,.T.);
#8085=ADVANCED_FACE('',(#7285),#7674,.F.);
#8086=ADVANCED_FACE('',(#7286),#7675,.F.);
#8087=ADVANCED_FACE('',(#7287),#42,.F.);
#8088=ADVANCED_FACE('',(#7288),#43,.F.);
#8089=ADVANCED_FACE('',(#7289),#7676,.F.);
#8090=ADVANCED_FACE('',(#7290),#7677,.F.);
#8091=ADVANCED_FACE('',(#7291),#7678,.F.);
#8092=ADVANCED_FACE('',(#7292),#44,.F.);
#8093=ADVANCED_FACE('',(#7293),#45,.F.);
#8094=ADVANCED_FACE('',(#7294),#7679,.F.);
#8095=ADVANCED_FACE('',(#7295,#7296),#7680,.T.);
#8096=ADVANCED_FACE('',(#7297),#7681,.T.);
#8097=ADVANCED_FACE('',(#7298),#7682,.F.);
#8098=ADVANCED_FACE('',(#7299),#7683,.F.);
#8099=ADVANCED_FACE('',(#7300),#7684,.F.);
#8100=ADVANCED_FACE('',(#7301),#7685,.F.);
#8101=ADVANCED_FACE('',(#7302),#7686,.F.);
#8102=ADVANCED_FACE('',(#7303),#7687,.F.);
#8103=ADVANCED_FACE('',(#7304),#46,.F.);
#8104=ADVANCED_FACE('',(#7305),#7688,.F.);
#8105=ADVANCED_FACE('',(#7306),#7689,.F.);
#8106=ADVANCED_FACE('',(#7307),#7690,.F.);
#8107=ADVANCED_FACE('',(#7308),#7691,.F.);
#8108=ADVANCED_FACE('',(#7309),#7692,.T.);
#8109=ADVANCED_FACE('',(#7310),#7693,.F.);
#8110=ADVANCED_FACE('',(#7311),#7694,.F.);
#8111=ADVANCED_FACE('',(#7312),#7695,.F.);
#8112=ADVANCED_FACE('',(#7313),#7696,.F.);
#8113=ADVANCED_FACE('',(#7314),#47,.F.);
#8114=ADVANCED_FACE('',(#7315),#48,.F.);
#8115=ADVANCED_FACE('',(#7316),#49,.F.);
#8116=ADVANCED_FACE('',(#7317),#50,.F.);
#8117=ADVANCED_FACE('',(#7318),#7697,.F.);
#8118=ADVANCED_FACE('',(#7319),#51,.F.);
#8119=ADVANCED_FACE('',(#7320),#52,.F.);
#8120=ADVANCED_FACE('',(#7321),#53,.F.);
#8121=ADVANCED_FACE('',(#7322),#7698,.T.);
#8122=ADVANCED_FACE('',(#7323),#7699,.F.);
#8123=ADVANCED_FACE('',(#7324),#7700,.F.);
#8124=ADVANCED_FACE('',(#7325),#7701,.F.);
#8125=ADVANCED_FACE('',(#7326),#7702,.F.);
#8126=ADVANCED_FACE('',(#7327),#7703,.F.);
#8127=ADVANCED_FACE('',(#7328),#7704,.F.);
#8128=ADVANCED_FACE('',(#7329),#7705,.F.);
#8129=ADVANCED_FACE('',(#7330),#7706,.F.);
#8130=ADVANCED_FACE('',(#7331),#7707,.F.);
#8131=ADVANCED_FACE('',(#7332),#7708,.F.);
#8132=ADVANCED_FACE('',(#7333),#7709,.F.);
#8133=ADVANCED_FACE('',(#7334),#7710,.F.);
#8134=ADVANCED_FACE('',(#7335),#7711,.T.);
#8135=ADVANCED_FACE('',(#7336),#54,.F.);
#8136=ADVANCED_FACE('',(#7337),#55,.F.);
#8137=ADVANCED_FACE('',(#7338),#7712,.F.);
#8138=ADVANCED_FACE('',(#7339),#56,.F.);
#8139=ADVANCED_FACE('',(#7340),#57,.F.);
#8140=ADVANCED_FACE('',(#7341),#58,.F.);
#8141=ADVANCED_FACE('',(#7342),#59,.F.);
#8142=ADVANCED_FACE('',(#7343),#7713,.F.);
#8143=ADVANCED_FACE('',(#7344),#60,.F.);
#8144=ADVANCED_FACE('',(#7345),#61,.F.);
#8145=ADVANCED_FACE('',(#7346),#7714,.T.);
#8146=ADVANCED_FACE('',(#7347),#7715,.F.);
#8147=ADVANCED_FACE('',(#7348),#7716,.F.);
#8148=ADVANCED_FACE('',(#7349),#62,.F.);
#8149=ADVANCED_FACE('',(#7350),#63,.F.);
#8150=ADVANCED_FACE('',(#7351),#7717,.F.);
#8151=ADVANCED_FACE('',(#7352),#7718,.F.);
#8152=ADVANCED_FACE('',(#7353),#7719,.F.);
#8153=ADVANCED_FACE('',(#7354),#64,.F.);
#8154=ADVANCED_FACE('',(#7355),#65,.F.);
#8155=ADVANCED_FACE('',(#7356),#7720,.F.);
#8156=ADVANCED_FACE('',(#7357,#7358),#7721,.T.);
#8157=ADVANCED_FACE('',(#7359),#7722,.T.);
#8158=ADVANCED_FACE('',(#7360),#7723,.F.);
#8159=ADVANCED_FACE('',(#7361),#7724,.F.);
#8160=ADVANCED_FACE('',(#7362),#7725,.F.);
#8161=ADVANCED_FACE('',(#7363),#7726,.F.);
#8162=ADVANCED_FACE('',(#7364),#7727,.F.);
#8163=ADVANCED_FACE('',(#7365),#7728,.F.);
#8164=ADVANCED_FACE('',(#7366),#66,.F.);
#8165=ADVANCED_FACE('',(#7367),#7729,.F.);
#8166=ADVANCED_FACE('',(#7368),#7730,.F.);
#8167=ADVANCED_FACE('',(#7369),#7731,.F.);
#8168=ADVANCED_FACE('',(#7370),#7732,.F.);
#8169=ADVANCED_FACE('',(#7371),#7733,.T.);
#8170=ADVANCED_FACE('',(#7372),#7734,.T.);
#8171=ADVANCED_FACE('',(#7373),#7735,.T.);
#8172=ADVANCED_FACE('',(#7374),#7736,.T.);
#8173=ADVANCED_FACE('',(#7375),#130,.F.);
#8174=ADVANCED_FACE('',(#7376),#131,.F.);
#8175=ADVANCED_FACE('',(#7377),#132,.F.);
#8176=ADVANCED_FACE('',(#7378),#133,.F.);
#8177=ADVANCED_FACE('',(#7379),#134,.F.);
#8178=ADVANCED_FACE('',(#7380),#135,.F.);
#8179=ADVANCED_FACE('',(#7381),#136,.F.);
#8180=ADVANCED_FACE('',(#7382),#137,.F.);
#8181=ADVANCED_FACE('',(#7383,#7384),#138,.F.);
#8182=ADVANCED_FACE('',(#7385,#7386),#139,.F.);
#8183=ADVANCED_FACE('',(#7387,#7388),#140,.F.);
#8184=ADVANCED_FACE('',(#7389,#7390),#141,.F.);
#8185=ADVANCED_FACE('',(#7391),#7737,.F.);
#8186=ADVANCED_FACE('',(#7392),#7738,.T.);
#8187=ADVANCED_FACE('',(#7393),#7739,.T.);
#8188=ADVANCED_FACE('',(#7394),#7740,.T.);
#8189=ADVANCED_FACE('',(#7395),#7741,.T.);
#8190=ADVANCED_FACE('',(#7396),#7742,.T.);
#8191=ADVANCED_FACE('',(#7397),#67,.T.);
#8192=ADVANCED_FACE('',(#7398),#7743,.T.);
#8193=ADVANCED_FACE('',(#7399),#7744,.T.);
#8194=ADVANCED_FACE('',(#7400),#7745,.T.);
#8195=ADVANCED_FACE('',(#7401),#7746,.T.);
#8196=ADVANCED_FACE('',(#7402),#7747,.T.);
#8197=ADVANCED_FACE('',(#7403),#7748,.T.);
#8198=ADVANCED_FACE('',(#7404),#7749,.F.);
#8199=ADVANCED_FACE('',(#7405),#7750,.T.);
#8200=ADVANCED_FACE('',(#7406),#7751,.T.);
#8201=ADVANCED_FACE('',(#7407),#7752,.T.);
#8202=ADVANCED_FACE('',(#7408),#7753,.T.);
#8203=ADVANCED_FACE('',(#7409),#7754,.T.);
#8204=ADVANCED_FACE('',(#7410),#68,.T.);
#8205=ADVANCED_FACE('',(#7411),#7755,.T.);
#8206=ADVANCED_FACE('',(#7412),#7756,.T.);
#8207=ADVANCED_FACE('',(#7413),#7757,.T.);
#8208=ADVANCED_FACE('',(#7414),#7758,.T.);
#8209=ADVANCED_FACE('',(#7415),#7759,.T.);
#8210=ADVANCED_FACE('',(#7416),#7760,.T.);
#8211=ADVANCED_FACE('',(#7417,#7418),#7761,.F.);
#8212=ADVANCED_FACE('',(#7419,#7420),#7762,.T.);
#8213=ADVANCED_FACE('',(#7421),#7763,.T.);
#8214=ADVANCED_FACE('',(#7422),#69,.T.);
#8215=ADVANCED_FACE('',(#7423),#70,.T.);
#8216=ADVANCED_FACE('',(#7424),#7764,.T.);
#8217=ADVANCED_FACE('',(#7425),#7765,.T.);
#8218=ADVANCED_FACE('',(#7426),#7766,.T.);
#8219=ADVANCED_FACE('',(#7427),#71,.T.);
#8220=ADVANCED_FACE('',(#7428),#72,.T.);
#8221=ADVANCED_FACE('',(#7429),#7767,.T.);
#8222=ADVANCED_FACE('',(#7430),#7768,.T.);
#8223=ADVANCED_FACE('',(#7431,#7432),#7769,.F.);
#8224=ADVANCED_FACE('',(#7433,#7434),#7770,.T.);
#8225=ADVANCED_FACE('',(#7435),#7771,.T.);
#8226=ADVANCED_FACE('',(#7436),#7772,.T.);
#8227=ADVANCED_FACE('',(#7437),#7773,.T.);
#8228=ADVANCED_FACE('',(#7438),#7774,.T.);
#8229=ADVANCED_FACE('',(#7439),#7775,.T.);
#8230=ADVANCED_FACE('',(#7440),#7776,.T.);
#8231=ADVANCED_FACE('',(#7441),#7777,.T.);
#8232=ADVANCED_FACE('',(#7442),#7778,.T.);
#8233=ADVANCED_FACE('',(#7443),#7779,.T.);
#8234=ADVANCED_FACE('',(#7444),#73,.T.);
#8235=ADVANCED_FACE('',(#7445),#7780,.T.);
#8236=ADVANCED_FACE('',(#7446),#208,.T.);
#8237=ADVANCED_FACE('',(#7447),#7781,.T.);
#8238=ADVANCED_FACE('',(#7448),#7782,.T.);
#8239=ADVANCED_FACE('',(#7449,#7450),#7783,.F.);
#8240=ADVANCED_FACE('',(#7451,#7452),#7784,.T.);
#8241=ADVANCED_FACE('',(#7453),#7785,.T.);
#8242=ADVANCED_FACE('',(#7454),#7786,.T.);
#8243=ADVANCED_FACE('',(#7455),#7787,.T.);
#8244=ADVANCED_FACE('',(#7456),#7788,.T.);
#8245=ADVANCED_FACE('',(#7457),#7789,.T.);
#8246=ADVANCED_FACE('',(#7458),#7790,.T.);
#8247=ADVANCED_FACE('',(#7459),#7791,.T.);
#8248=ADVANCED_FACE('',(#7460),#74,.T.);
#8249=ADVANCED_FACE('',(#7461),#75,.T.);
#8250=ADVANCED_FACE('',(#7462),#7792,.T.);
#8251=ADVANCED_FACE('',(#7463),#7793,.T.);
#8252=ADVANCED_FACE('',(#7464),#76,.T.);
#8253=ADVANCED_FACE('',(#7465),#77,.T.);
#8254=ADVANCED_FACE('',(#7466),#7794,.T.);
#8255=ADVANCED_FACE('',(#7467),#7795,.T.);
#8256=ADVANCED_FACE('',(#7468),#7796,.F.);
#8257=ADVANCED_FACE('',(#7469),#7797,.T.);
#8258=ADVANCED_FACE('',(#7470),#78,.T.);
#8259=ADVANCED_FACE('',(#7471),#79,.T.);
#8260=ADVANCED_FACE('',(#7472),#7798,.T.);
#8261=ADVANCED_FACE('',(#7473),#80,.T.);
#8262=ADVANCED_FACE('',(#7474),#81,.T.);
#8263=ADVANCED_FACE('',(#7475),#82,.T.);
#8264=ADVANCED_FACE('',(#7476),#83,.T.);
#8265=ADVANCED_FACE('',(#7477),#7799,.T.);
#8266=ADVANCED_FACE('',(#7478),#84,.T.);
#8267=ADVANCED_FACE('',(#7479),#85,.T.);
#8268=ADVANCED_FACE('',(#7480,#7481),#7800,.F.);
#8269=ADVANCED_FACE('',(#7482,#7483),#7801,.T.);
#8270=ADVANCED_FACE('',(#7484),#7802,.T.);
#8271=ADVANCED_FACE('',(#7485),#7803,.T.);
#8272=ADVANCED_FACE('',(#7486),#7804,.T.);
#8273=ADVANCED_FACE('',(#7487),#7805,.T.);
#8274=ADVANCED_FACE('',(#7488),#7806,.T.);
#8275=ADVANCED_FACE('',(#7489),#7807,.T.);
#8276=ADVANCED_FACE('',(#7490),#7808,.T.);
#8277=ADVANCED_FACE('',(#7491),#7809,.T.);
#8278=ADVANCED_FACE('',(#7492),#7810,.T.);
#8279=ADVANCED_FACE('',(#7493),#86,.T.);
#8280=ADVANCED_FACE('',(#7494),#7811,.T.);
#8281=ADVANCED_FACE('',(#7495),#209,.T.);
#8282=ADVANCED_FACE('',(#7496),#7812,.T.);
#8283=ADVANCED_FACE('',(#7497),#7813,.T.);
#8284=ADVANCED_FACE('',(#7498,#7499),#7814,.F.);
#8285=ADVANCED_FACE('',(#7500,#7501),#7815,.T.);
#8286=ADVANCED_FACE('',(#7502),#7816,.T.);
#8287=ADVANCED_FACE('',(#7503),#87,.T.);
#8288=ADVANCED_FACE('',(#7504),#88,.T.);
#8289=ADVANCED_FACE('',(#7505),#7817,.T.);
#8290=ADVANCED_FACE('',(#7506),#7818,.T.);
#8291=ADVANCED_FACE('',(#7507),#7819,.T.);
#8292=ADVANCED_FACE('',(#7508),#89,.T.);
#8293=ADVANCED_FACE('',(#7509),#90,.T.);
#8294=ADVANCED_FACE('',(#7510),#7820,.T.);
#8295=ADVANCED_FACE('',(#7511),#7821,.T.);
#8296=ADVANCED_FACE('',(#7512),#7822,.F.);
#8297=ADVANCED_FACE('',(#7513),#7823,.T.);
#8298=ADVANCED_FACE('',(#7514),#7824,.T.);
#8299=ADVANCED_FACE('',(#7515),#7825,.T.);
#8300=ADVANCED_FACE('',(#7516),#7826,.T.);
#8301=ADVANCED_FACE('',(#7517),#7827,.T.);
#8302=ADVANCED_FACE('',(#7518),#7828,.T.);
#8303=ADVANCED_FACE('',(#7519),#7829,.T.);
#8304=ADVANCED_FACE('',(#7520),#7830,.T.);
#8305=ADVANCED_FACE('',(#7521),#7831,.T.);
#8306=ADVANCED_FACE('',(#7522),#7832,.T.);
#8307=ADVANCED_FACE('',(#7523),#7833,.T.);
#8308=ADVANCED_FACE('',(#7524),#7834,.T.);
#8309=ADVANCED_FACE('',(#7525),#7835,.T.);
#8310=ADVANCED_FACE('',(#7526),#7836,.F.);
#8311=ADVANCED_FACE('',(#7527),#7837,.T.);
#8312=ADVANCED_FACE('',(#7528),#91,.T.);
#8313=ADVANCED_FACE('',(#7529),#92,.T.);
#8314=ADVANCED_FACE('',(#7530),#93,.T.);
#8315=ADVANCED_FACE('',(#7531),#7838,.T.);
#8316=ADVANCED_FACE('',(#7532),#94,.T.);
#8317=ADVANCED_FACE('',(#7533),#95,.T.);
#8318=ADVANCED_FACE('',(#7534),#96,.T.);
#8319=ADVANCED_FACE('',(#7535),#97,.T.);
#8320=ADVANCED_FACE('',(#7536),#7839,.T.);
#8321=ADVANCED_FACE('',(#7537),#7840,.T.);
#8322=ADVANCED_FACE('',(#7538),#7841,.T.);
#8323=ADVANCED_FACE('',(#7539),#7842,.T.);
#8324=CLOSED_SHELL('',(#7843,#7844,#7845,#7846,#7847,#7848,#7849,#7850,
#7851,#7852,#7853,#7854,#7855,#7856,#7857,#7858,#7859,#7860,#7861,#7862,
#7863,#7864,#7865,#7866,#7867,#7868,#7869,#7870,#7871,#7872,#7873,#7874,
#7875,#7876,#7877,#7878,#7879,#7880,#7881,#7882,#7883,#7884,#7885,#7886,
#7887,#7888,#7889,#7890,#7891,#7892,#7893,#7894,#7895,#7896,#7897,#7898,
#7899,#7900,#7901,#7902,#7903,#7904,#7905,#7906,#7907,#7908,#7909,#7910,
#7911,#7912,#7913,#7914,#7915,#7916,#7917,#7918,#7919,#7920,#7921,#7922,
#7923,#7924,#7925,#7926,#7927,#7928,#7929,#7930,#7931,#7932,#7933,#7934,
#7935,#7936,#7937,#7938,#7939,#7940,#7941,#7942,#7943,#7944,#7945,#7946,
#7947,#7948,#7949,#7950,#7951,#7952,#7953,#7954,#7955,#7956,#7957,#7958,
#7959,#7960,#7961,#7962,#7963,#7964,#7965,#7966,#7967,#7968,#7969,#7970,
#7971,#7972,#7973,#7974,#7975,#7976,#7977,#7978,#7979,#7980,#7981,#7982,
#7983,#7984,#7985,#7986,#7987,#7988,#7989,#7990,#7991,#7992,#7993,#7994,
#7995,#7996,#7997,#7998,#7999,#8000,#8001,#8002,#8003,#8004,#8005,#8006,
#8007,#8008,#8009,#8010,#8011,#8012,#8013,#8014,#8015,#8016,#8017,#8018,
#8019,#8020,#8021,#8022,#8023,#8024,#8025,#8026,#8027,#8028,#8029,#8030,
#8031,#8032,#8033,#8034,#8035,#8036,#8037,#8038,#8039,#8040,#8041,#8042,
#8043,#8044,#8045,#8046,#8047,#8048,#8049,#8050,#8051,#8052,#8053,#8054,
#8055,#8056,#8057,#8058,#8059,#8060,#8061,#8062,#8063,#8064,#8065,#8066,
#8067,#8068,#8069,#8070,#8071,#8072,#8073,#8074,#8075,#8076,#8077,#8078,
#8079,#8080,#8081,#8082,#8083,#8084,#8085,#8086,#8087,#8088,#8089,#8090,
#8091,#8092,#8093,#8094,#8095,#8096,#8097,#8098,#8099,#8100,#8101,#8102,
#8103,#8104,#8105,#8106,#8107,#8108,#8109,#8110,#8111,#8112,#8113,#8114,
#8115,#8116,#8117,#8118,#8119,#8120,#8121,#8122,#8123,#8124,#8125,#8126,
#8127,#8128,#8129,#8130,#8131,#8132,#8133,#8134,#8135,#8136,#8137,#8138,
#8139,#8140,#8141,#8142,#8143,#8144,#8145,#8146,#8147,#8148,#8149,#8150,
#8151,#8152,#8153,#8154,#8155,#8156,#8157,#8158,#8159,#8160,#8161,#8162,
#8163,#8164,#8165,#8166,#8167,#8168,#8169,#8170,#8171,#8172,#8173,#8174,
#8175,#8176,#8177,#8178,#8179,#8180,#8181,#8182,#8183,#8184));
#8325=CLOSED_SHELL('',(#8185,#8186,#8187,#8188,#8189,#8190,#8191,#8192,
#8193,#8194,#8195,#8196,#8197));
#8326=CLOSED_SHELL('',(#8198,#8199,#8200,#8201,#8202,#8203,#8204,#8205,
#8206,#8207,#8208,#8209,#8210));
#8327=CLOSED_SHELL('',(#8211,#8212,#8213,#8214,#8215,#8216,#8217,#8218,
#8219,#8220,#8221,#8222));
#8328=CLOSED_SHELL('',(#8223,#8224,#8225,#8226,#8227,#8228,#8229,#8230,
#8231,#8232,#8233,#8234,#8235,#8236,#8237,#8238));
#8329=CLOSED_SHELL('',(#8239,#8240,#8241,#8242,#8243,#8244,#8245,#8246,
#8247,#8248,#8249,#8250,#8251,#8252,#8253,#8254,#8255));
#8330=CLOSED_SHELL('',(#8256,#8257,#8258,#8259,#8260,#8261,#8262,#8263,
#8264,#8265,#8266,#8267));
#8331=CLOSED_SHELL('',(#8268,#8269,#8270,#8271,#8272,#8273,#8274,#8275,
#8276,#8277,#8278,#8279,#8280,#8281,#8282,#8283));
#8332=CLOSED_SHELL('',(#8284,#8285,#8286,#8287,#8288,#8289,#8290,#8291,
#8292,#8293,#8294,#8295));
#8333=CLOSED_SHELL('',(#8296,#8297,#8298,#8299,#8300,#8301,#8302,#8303,
#8304,#8305,#8306,#8307,#8308,#8309));
#8334=CLOSED_SHELL('',(#8310,#8311,#8312,#8313,#8314,#8315,#8316,#8317,
#8318,#8319,#8320,#8321,#8322,#8323));
#8335=STYLED_ITEM('',(#8346),#8420);
#8336=STYLED_ITEM('',(#8347),#8421);
#8337=STYLED_ITEM('',(#8348),#8422);
#8338=STYLED_ITEM('',(#8349),#8423);
#8339=STYLED_ITEM('',(#8350),#8424);
#8340=STYLED_ITEM('',(#8351),#8425);
#8341=STYLED_ITEM('',(#8352),#8426);
#8342=STYLED_ITEM('',(#8353),#8427);
#8343=STYLED_ITEM('',(#8354),#8428);
#8344=STYLED_ITEM('',(#8355),#8429);
#8345=STYLED_ITEM('',(#8356),#8430);
#8346=PRESENTATION_STYLE_ASSIGNMENT((#8357));
#8347=PRESENTATION_STYLE_ASSIGNMENT((#8358));
#8348=PRESENTATION_STYLE_ASSIGNMENT((#8359));
#8349=PRESENTATION_STYLE_ASSIGNMENT((#8360));
#8350=PRESENTATION_STYLE_ASSIGNMENT((#8361));
#8351=PRESENTATION_STYLE_ASSIGNMENT((#8362));
#8352=PRESENTATION_STYLE_ASSIGNMENT((#8363));
#8353=PRESENTATION_STYLE_ASSIGNMENT((#8364));
#8354=PRESENTATION_STYLE_ASSIGNMENT((#8365));
#8355=PRESENTATION_STYLE_ASSIGNMENT((#8366));
#8356=PRESENTATION_STYLE_ASSIGNMENT((#8367));
#8357=SURFACE_STYLE_USAGE(.BOTH.,#8368);
#8358=SURFACE_STYLE_USAGE(.BOTH.,#8369);
#8359=SURFACE_STYLE_USAGE(.BOTH.,#8370);
#8360=SURFACE_STYLE_USAGE(.BOTH.,#8371);
#8361=SURFACE_STYLE_USAGE(.BOTH.,#8372);
#8362=SURFACE_STYLE_USAGE(.BOTH.,#8373);
#8363=SURFACE_STYLE_USAGE(.BOTH.,#8374);
#8364=SURFACE_STYLE_USAGE(.BOTH.,#8375);
#8365=SURFACE_STYLE_USAGE(.BOTH.,#8376);
#8366=SURFACE_STYLE_USAGE(.BOTH.,#8377);
#8367=SURFACE_STYLE_USAGE(.BOTH.,#8378);
#8368=SURFACE_SIDE_STYLE('',(#8379));
#8369=SURFACE_SIDE_STYLE('',(#8380));
#8370=SURFACE_SIDE_STYLE('',(#8381));
#8371=SURFACE_SIDE_STYLE('',(#8382));
#8372=SURFACE_SIDE_STYLE('',(#8383));
#8373=SURFACE_SIDE_STYLE('',(#8384));
#8374=SURFACE_SIDE_STYLE('',(#8385));
#8375=SURFACE_SIDE_STYLE('',(#8386));
#8376=SURFACE_SIDE_STYLE('',(#8387));
#8377=SURFACE_SIDE_STYLE('',(#8388));
#8378=SURFACE_SIDE_STYLE('',(#8389));
#8379=SURFACE_STYLE_FILL_AREA(#8390);
#8380=SURFACE_STYLE_FILL_AREA(#8391);
#8381=SURFACE_STYLE_FILL_AREA(#8392);
#8382=SURFACE_STYLE_FILL_AREA(#8393);
#8383=SURFACE_STYLE_FILL_AREA(#8394);
#8384=SURFACE_STYLE_FILL_AREA(#8395);
#8385=SURFACE_STYLE_FILL_AREA(#8396);
#8386=SURFACE_STYLE_FILL_AREA(#8397);
#8387=SURFACE_STYLE_FILL_AREA(#8398);
#8388=SURFACE_STYLE_FILL_AREA(#8399);
#8389=SURFACE_STYLE_FILL_AREA(#8400);
#8390=FILL_AREA_STYLE('',(#8401));
#8391=FILL_AREA_STYLE('',(#8402));
#8392=FILL_AREA_STYLE('',(#8403));
#8393=FILL_AREA_STYLE('',(#8404));
#8394=FILL_AREA_STYLE('',(#8405));
#8395=FILL_AREA_STYLE('',(#8406));
#8396=FILL_AREA_STYLE('',(#8407));
#8397=FILL_AREA_STYLE('',(#8408));
#8398=FILL_AREA_STYLE('',(#8409));
#8399=FILL_AREA_STYLE('',(#8410));
#8400=FILL_AREA_STYLE('',(#8411));
#8401=FILL_AREA_STYLE_COLOUR('',#8412);
#8402=FILL_AREA_STYLE_COLOUR('',#8413);
#8403=FILL_AREA_STYLE_COLOUR('',#8414);
#8404=FILL_AREA_STYLE_COLOUR('',#8413);
#8405=FILL_AREA_STYLE_COLOUR('',#8415);
#8406=FILL_AREA_STYLE_COLOUR('',#8412);
#8407=FILL_AREA_STYLE_COLOUR('',#8416);
#8408=FILL_AREA_STYLE_COLOUR('',#8417);
#8409=FILL_AREA_STYLE_COLOUR('',#8418);
#8410=FILL_AREA_STYLE_COLOUR('',#8419);
#8411=FILL_AREA_STYLE_COLOUR('',#8414);
#8412=COLOUR_RGB('',0.647058823529412,0.647058823529412,0.647058823529412);
#8413=COLOUR_RGB('',0.980392156862745,0.713725490196078,0.00392156862745098);
#8414=COLOUR_RGB('',0.498039215686275,0.498039215686275,0.498039215686275);
#8415=COLOUR_RGB('',0.615686274509804,0.811764705882353,0.929411764705882);
#8416=COLOUR_RGB('',0.231372549019608,0.380392156862745,0.705882352941177);
#8417=COLOUR_RGB('',0.917647058823529,0.917647058823529,0.917647058823529);
#8418=COLOUR_RGB('',0.768627450980392,0.886274509803922,0.952941176470588);
#8419=COLOUR_RGB('',0.972549019607843,0.529411764705882,0.00392156862745098);
#8420=MANIFOLD_SOLID_BREP('Box_Cover',#8324);
#8421=MANIFOLD_SOLID_BREP('Text-2',#8325);
#8422=MANIFOLD_SOLID_BREP('Text-1',#8326);
#8423=MANIFOLD_SOLID_BREP('Text-D',#8327);
#8424=MANIFOLD_SOLID_BREP('Text-A',#8328);
#8425=MANIFOLD_SOLID_BREP('Text-R',#8329);
#8426=MANIFOLD_SOLID_BREP('Text-C',#8330);
#8427=MANIFOLD_SOLID_BREP('Text-A''',#8331);
#8428=MANIFOLD_SOLID_BREP('Text-D',#8332);
#8429=MANIFOLD_SOLID_BREP('Text-E',#8333);
#8430=MANIFOLD_SOLID_BREP('Text-1',#8334);
#8431=SHAPE_DEFINITION_REPRESENTATION(#14821,#8442);
#8432=SHAPE_DEFINITION_REPRESENTATION(#14822,#8443);
#8433=SHAPE_DEFINITION_REPRESENTATION(#14823,#8444);
#8434=SHAPE_DEFINITION_REPRESENTATION(#14824,#8445);
#8435=SHAPE_DEFINITION_REPRESENTATION(#14825,#8446);
#8436=SHAPE_DEFINITION_REPRESENTATION(#14826,#8447);
#8437=SHAPE_DEFINITION_REPRESENTATION(#14827,#8448);
#8438=SHAPE_DEFINITION_REPRESENTATION(#14828,#8449);
#8439=SHAPE_DEFINITION_REPRESENTATION(#14829,#8450);
#8440=SHAPE_DEFINITION_REPRESENTATION(#14830,#8451);
#8441=SHAPE_DEFINITION_REPRESENTATION(#14831,#8452);
#8442=SHAPE_REPRESENTATION('Box_Cover',(#8453),#14766);
#8443=SHAPE_REPRESENTATION('Text-2',(#8947),#14767);
#8444=SHAPE_REPRESENTATION('Text-1',(#8960),#14768);
#8445=SHAPE_REPRESENTATION('Text-D',(#8973),#14769);
#8446=SHAPE_REPRESENTATION('Text-A',(#8982),#14770);
#8447=SHAPE_REPRESENTATION('Text-R',(#9000),#14771);
#8448=SHAPE_REPRESENTATION('Text-C',(#9014),#14772);
#8449=SHAPE_REPRESENTATION('Text-A''',(#9021),#14773);
#8450=SHAPE_REPRESENTATION('Text-D',(#9039),#14774);
#8451=SHAPE_REPRESENTATION('Text-E',(#9048),#14775);
#8452=SHAPE_REPRESENTATION('Text-1',(#9063),#14776);
#8453=AXIS2_PLACEMENT_3D('',#11085,#9071,#9072);
#8454=AXIS2_PLACEMENT_3D('',#11086,#9073,#9074);
#8455=AXIS2_PLACEMENT_3D('',#11087,#9075,#9076);
#8456=AXIS2_PLACEMENT_3D('',#11089,#9077,#9078);
#8457=AXIS2_PLACEMENT_3D('',#11091,#9079,#9080);
#8458=AXIS2_PLACEMENT_3D('',#11093,#9081,#9082);
#8459=AXIS2_PLACEMENT_3D('',#11176,#9098,#9099);
#8460=AXIS2_PLACEMENT_3D('',#11345,#9154,#9155);
#8461=AXIS2_PLACEMENT_3D('',#11347,#9156,#9157);
#8462=AXIS2_PLACEMENT_3D('',#11349,#9158,#9159);
#8463=AXIS2_PLACEMENT_3D('',#11351,#9160,#9161);
#8464=AXIS2_PLACEMENT_3D('',#11353,#9162,#9163);
#8465=AXIS2_PLACEMENT_3D('',#11358,#9165,#9166);
#8466=AXIS2_PLACEMENT_3D('',#11362,#9168,#9169);
#8467=AXIS2_PLACEMENT_3D('',#11366,#9171,#9172);
#8468=AXIS2_PLACEMENT_3D('',#11369,#9174,#9175);
#8469=AXIS2_PLACEMENT_3D('',#11374,#9177,#9178);
#8470=AXIS2_PLACEMENT_3D('',#11378,#9180,#9181);
#8471=AXIS2_PLACEMENT_3D('',#11382,#9183,#9184);
#8472=AXIS2_PLACEMENT_3D('',#11386,#9186,#9187);
#8473=AXIS2_PLACEMENT_3D('',#11387,#9188,#9189);
#8474=AXIS2_PLACEMENT_3D('',#11403,#9191,#9192);
#8475=AXIS2_PLACEMENT_3D('',#11407,#9194,#9195);
#8476=AXIS2_PLACEMENT_3D('',#11408,#9196,#9197);
#8477=AXIS2_PLACEMENT_3D('',#11409,#9198,#9199);
#8478=AXIS2_PLACEMENT_3D('',#11412,#9201,#9202);
#8479=AXIS2_PLACEMENT_3D('',#11425,#9203,#9204);
#8480=AXIS2_PLACEMENT_3D('',#11430,#9206,#9207);
#8481=AXIS2_PLACEMENT_3D('',#11433,#9209,#9210);
#8482=AXIS2_PLACEMENT_3D('',#11444,#9211,#9212);
#8483=AXIS2_PLACEMENT_3D('',#11453,#9213,#9214);
#8484=AXIS2_PLACEMENT_3D('',#11457,#9216,#9217);
#8485=AXIS2_PLACEMENT_3D('',#11461,#9219,#9220);
#8486=AXIS2_PLACEMENT_3D('',#11465,#9222,#9223);
#8487=AXIS2_PLACEMENT_3D('',#11469,#9225,#9226);
#8488=AXIS2_PLACEMENT_3D('',#11470,#9227,#9228);
#8489=AXIS2_PLACEMENT_3D('',#11471,#9229,#9230);
#8490=AXIS2_PLACEMENT_3D('',#11474,#9231,#9232);
#8491=AXIS2_PLACEMENT_3D('',#11478,#9234,#9235);
#8492=AXIS2_PLACEMENT_3D('',#11479,#9236,#9237);
#8493=AXIS2_PLACEMENT_3D('',#11482,#9239,#9240);
#8494=AXIS2_PLACEMENT_3D('',#11483,#9241,#9242);
#8495=AXIS2_PLACEMENT_3D('',#11486,#9243,#9244);
#8496=AXIS2_PLACEMENT_3D('',#11490,#9246,#9247);
#8497=AXIS2_PLACEMENT_3D('',#11491,#9248,#9249);
#8498=AXIS2_PLACEMENT_3D('',#11494,#9251,#9252);
#8499=AXIS2_PLACEMENT_3D('',#11495,#9253,#9254);
#8500=AXIS2_PLACEMENT_3D('',#11498,#9255,#9256);
#8501=AXIS2_PLACEMENT_3D('',#11500,#9257,#9258);
#8502=AXIS2_PLACEMENT_3D('',#11502,#9259,#9260);
#8503=AXIS2_PLACEMENT_3D('',#11515,#9261,#9262);
#8504=AXIS2_PLACEMENT_3D('',#11516,#9263,#9264);
#8505=AXIS2_PLACEMENT_3D('',#11521,#9266,#9267);
#8506=AXIS2_PLACEMENT_3D('',#11536,#9269,#9270);
#8507=AXIS2_PLACEMENT_3D('',#11537,#9271,#9272);
#8508=AXIS2_PLACEMENT_3D('',#11540,#9273,#9274);
#8509=AXIS2_PLACEMENT_3D('',#11542,#9275,#9276);
#8510=AXIS2_PLACEMENT_3D('',#11544,#9277,#9278);
#8511=AXIS2_PLACEMENT_3D('',#11545,#9279,#9280);
#8512=AXIS2_PLACEMENT_3D('',#11559,#9281,#9282);
#8513=AXIS2_PLACEMENT_3D('',#11560,#9283,#9284);
#8514=AXIS2_PLACEMENT_3D('',#11561,#9285,#9286);
#8515=AXIS2_PLACEMENT_3D('',#11574,#9287,#9288);
#8516=AXIS2_PLACEMENT_3D('',#11575,#9289,#9290);
#8517=AXIS2_PLACEMENT_3D('',#11578,#9291,#9292);
#8518=AXIS2_PLACEMENT_3D('',#11580,#9293,#9294);
#8519=AXIS2_PLACEMENT_3D('',#11582,#9295,#9296);
#8520=AXIS2_PLACEMENT_3D('',#11583,#9297,#9298);
#8521=AXIS2_PLACEMENT_3D('',#11597,#9299,#9300);
#8522=AXIS2_PLACEMENT_3D('',#11598,#9301,#9302);
#8523=AXIS2_PLACEMENT_3D('',#11601,#9303,#9304);
#8524=AXIS2_PLACEMENT_3D('',#11603,#9305,#9306);
#8525=AXIS2_PLACEMENT_3D('',#11605,#9307,#9308);
#8526=AXIS2_PLACEMENT_3D('',#11606,#9309,#9310);
#8527=AXIS2_PLACEMENT_3D('',#11620,#9311,#9312);
#8528=AXIS2_PLACEMENT_3D('',#11622,#9314,#9315);
#8529=AXIS2_PLACEMENT_3D('',#11625,#9317,#9318);
#8530=AXIS2_PLACEMENT_3D('',#11628,#9320,#9321);
#8531=AXIS2_PLACEMENT_3D('',#11630,#9323,#9324);
#8532=AXIS2_PLACEMENT_3D('',#11633,#9326,#9327);
#8533=AXIS2_PLACEMENT_3D('',#11636,#9329,#9330);
#8534=AXIS2_PLACEMENT_3D('',#11638,#9332,#9333);
#8535=AXIS2_PLACEMENT_3D('',#11641,#9335,#9336);
#8536=AXIS2_PLACEMENT_3D('',#11644,#9338,#9339);
#8537=AXIS2_PLACEMENT_3D('',#11646,#9341,#9342);
#8538=AXIS2_PLACEMENT_3D('',#11649,#9344,#9345);
#8539=AXIS2_PLACEMENT_3D('',#11652,#9347,#9348);
#8540=AXIS2_PLACEMENT_3D('',#11654,#9350,#9351);
#8541=AXIS2_PLACEMENT_3D('',#11657,#9353,#9354);
#8542=AXIS2_PLACEMENT_3D('',#11660,#9356,#9357);
#8543=AXIS2_PLACEMENT_3D('',#11662,#9359,#9360);
#8544=AXIS2_PLACEMENT_3D('',#11665,#9362,#9363);
#8545=AXIS2_PLACEMENT_3D('',#11668,#9365,#9366);
#8546=AXIS2_PLACEMENT_3D('',#11670,#9368,#9369);
#8547=AXIS2_PLACEMENT_3D('',#11673,#9371,#9372);
#8548=AXIS2_PLACEMENT_3D('',#11676,#9374,#9375);
#8549=AXIS2_PLACEMENT_3D('',#11678,#9377,#9378);
#8550=AXIS2_PLACEMENT_3D('',#11681,#9380,#9381);
#8551=AXIS2_PLACEMENT_3D('',#11684,#9383,#9384);
#8552=AXIS2_PLACEMENT_3D('',#11733,#9389,#9390);
#8553=AXIS2_PLACEMENT_3D('',#11735,#9391,#9392);
#8554=AXIS2_PLACEMENT_3D('',#11737,#9393,#9394);
#8555=AXIS2_PLACEMENT_3D('',#11739,#9395,#9396);
#8556=AXIS2_PLACEMENT_3D('',#11743,#9399,#9400);
#8557=AXIS2_PLACEMENT_3D('',#11745,#9401,#9402);
#8558=AXIS2_PLACEMENT_3D('',#11747,#9403,#9404);
#8559=AXIS2_PLACEMENT_3D('',#11749,#9405,#9406);
#8560=AXIS2_PLACEMENT_3D('',#11751,#9407,#9408);
#8561=AXIS2_PLACEMENT_3D('',#11778,#9412,#9413);
#8562=AXIS2_PLACEMENT_3D('',#11783,#9415,#9416);
#8563=AXIS2_PLACEMENT_3D('',#11787,#9418,#9419);
#8564=AXIS2_PLACEMENT_3D('',#11791,#9421,#9422);
#8565=AXIS2_PLACEMENT_3D('',#11794,#9424,#9425);
#8566=AXIS2_PLACEMENT_3D('',#11795,#9426,#9427);
#8567=AXIS2_PLACEMENT_3D('',#11800,#9429,#9430);
#8568=AXIS2_PLACEMENT_3D('',#11804,#9432,#9433);
#8569=AXIS2_PLACEMENT_3D('',#11808,#9435,#9436);
#8570=AXIS2_PLACEMENT_3D('',#11812,#9438,#9439);
#8571=AXIS2_PLACEMENT_3D('',#11813,#9440,#9441);
#8572=AXIS2_PLACEMENT_3D('',#11814,#9442,#9443);
#8573=AXIS2_PLACEMENT_3D('',#11816,#9444,#9445);
#8574=AXIS2_PLACEMENT_3D('',#11817,#9446,#9447);
#8575=AXIS2_PLACEMENT_3D('',#11821,#9449,#9450);
#8576=AXIS2_PLACEMENT_3D('',#11822,#9451,#9452);
#8577=AXIS2_PLACEMENT_3D('',#11823,#9453,#9454);
#8578=AXIS2_PLACEMENT_3D('',#11827,#9456,#9457);
#8579=AXIS2_PLACEMENT_3D('',#11828,#9458,#9459);
#8580=AXIS2_PLACEMENT_3D('',#11829,#9460,#9461);
#8581=AXIS2_PLACEMENT_3D('',#11831,#9462,#9463);
#8582=AXIS2_PLACEMENT_3D('',#11834,#9465,#9466);
#8583=AXIS2_PLACEMENT_3D('',#11835,#9467,#9468);
#8584=AXIS2_PLACEMENT_3D('',#11837,#9469,#9470);
#8585=AXIS2_PLACEMENT_3D('',#11861,#9472,#9473);
#8586=AXIS2_PLACEMENT_3D('',#11883,#9474,#9475);
#8587=AXIS2_PLACEMENT_3D('',#11905,#9476,#9477);
#8588=AXIS2_PLACEMENT_3D('',#11927,#9478,#9479);
#8589=AXIS2_PLACEMENT_3D('',#11928,#9480,#9481);
#8590=AXIS2_PLACEMENT_3D('',#11948,#9484,#9485);
#8591=AXIS2_PLACEMENT_3D('',#11968,#9488,#9489);
#8592=AXIS2_PLACEMENT_3D('',#11970,#9491,#9492);
#8593=AXIS2_PLACEMENT_3D('',#11990,#9495,#9496);
#8594=AXIS2_PLACEMENT_3D('',#11992,#9498,#9499);
#8595=AXIS2_PLACEMENT_3D('',#12012,#9502,#9503);
#8596=AXIS2_PLACEMENT_3D('',#12014,#9505,#9506);
#8597=AXIS2_PLACEMENT_3D('',#12016,#9508,#9509);
#8598=AXIS2_PLACEMENT_3D('',#12025,#9514,#9515);
#8599=AXIS2_PLACEMENT_3D('',#12034,#9520,#9521);
#8600=AXIS2_PLACEMENT_3D('',#12043,#9526,#9527);
#8601=AXIS2_PLACEMENT_3D('',#12052,#9532,#9533);
#8602=AXIS2_PLACEMENT_3D('',#12053,#9534,#9535);
#8603=AXIS2_PLACEMENT_3D('',#12058,#9537,#9538);
#8604=AXIS2_PLACEMENT_3D('',#12062,#9540,#9541);
#8605=AXIS2_PLACEMENT_3D('',#12066,#9543,#9544);
#8606=AXIS2_PLACEMENT_3D('',#12070,#9546,#9547);
#8607=AXIS2_PLACEMENT_3D('',#12071,#9548,#9549);
#8608=AXIS2_PLACEMENT_3D('',#12072,#9550,#9551);
#8609=AXIS2_PLACEMENT_3D('',#12077,#9553,#9554);
#8610=AXIS2_PLACEMENT_3D('',#12081,#9556,#9557);
#8611=AXIS2_PLACEMENT_3D('',#12085,#9559,#9560);
#8612=AXIS2_PLACEMENT_3D('',#12089,#9562,#9563);
#8613=AXIS2_PLACEMENT_3D('',#12090,#9564,#9565);
#8614=AXIS2_PLACEMENT_3D('',#12091,#9566,#9567);
#8615=AXIS2_PLACEMENT_3D('',#12096,#9569,#9570);
#8616=AXIS2_PLACEMENT_3D('',#12100,#9572,#9573);
#8617=AXIS2_PLACEMENT_3D('',#12104,#9575,#9576);
#8618=AXIS2_PLACEMENT_3D('',#12108,#9578,#9579);
#8619=AXIS2_PLACEMENT_3D('',#12109,#9580,#9581);
#8620=AXIS2_PLACEMENT_3D('',#12110,#9582,#9583);
#8621=AXIS2_PLACEMENT_3D('',#12112,#9584,#9585);
#8622=AXIS2_PLACEMENT_3D('',#12113,#9586,#9587);
#8623=AXIS2_PLACEMENT_3D('',#12114,#9588,#9589);
#8624=AXIS2_PLACEMENT_3D('',#12116,#9590,#9591);
#8625=AXIS2_PLACEMENT_3D('',#12117,#9592,#9593);
#8626=AXIS2_PLACEMENT_3D('',#12119,#9594,#9595);
#8627=AXIS2_PLACEMENT_3D('',#12120,#9596,#9597);
#8628=AXIS2_PLACEMENT_3D('',#12122,#9598,#9599);
#8629=AXIS2_PLACEMENT_3D('',#12123,#9600,#9601);
#8630=AXIS2_PLACEMENT_3D('',#12125,#9602,#9603);
#8631=AXIS2_PLACEMENT_3D('',#12126,#9604,#9605);
#8632=AXIS2_PLACEMENT_3D('',#12128,#9606,#9607);
#8633=AXIS2_PLACEMENT_3D('',#12129,#9608,#9609);
#8634=AXIS2_PLACEMENT_3D('',#12131,#9610,#9611);
#8635=AXIS2_PLACEMENT_3D('',#12132,#9612,#9613);
#8636=AXIS2_PLACEMENT_3D('',#12134,#9614,#9615);
#8637=AXIS2_PLACEMENT_3D('',#12135,#9616,#9617);
#8638=AXIS2_PLACEMENT_3D('',#12137,#9618,#9619);
#8639=AXIS2_PLACEMENT_3D('',#12138,#9620,#9621);
#8640=AXIS2_PLACEMENT_3D('',#12140,#9622,#9623);
#8641=AXIS2_PLACEMENT_3D('',#12141,#9624,#9625);
#8642=AXIS2_PLACEMENT_3D('',#12142,#9626,#9627);
#8643=AXIS2_PLACEMENT_3D('',#12144,#9628,#9629);
#8644=AXIS2_PLACEMENT_3D('',#12145,#9630,#9631);
#8645=AXIS2_PLACEMENT_3D('',#12146,#9632,#9633);
#8646=AXIS2_PLACEMENT_3D('',#12148,#9634,#9635);
#8647=AXIS2_PLACEMENT_3D('',#12149,#9636,#9637);
#8648=AXIS2_PLACEMENT_3D('',#12150,#9638,#9639);
#8649=AXIS2_PLACEMENT_3D('',#12152,#9640,#9641);
#8650=AXIS2_PLACEMENT_3D('',#12153,#9642,#9643);
#8651=AXIS2_PLACEMENT_3D('',#12157,#9645,#9646);
#8652=AXIS2_PLACEMENT_3D('',#12162,#9649,#9650);
#8653=AXIS2_PLACEMENT_3D('',#12172,#9652,#9653);
#8654=AXIS2_PLACEMENT_3D('',#12182,#9655,#9656);
#8655=AXIS2_PLACEMENT_3D('',#12183,#9657,#9658);
#8656=AXIS2_PLACEMENT_3D('',#12189,#9662,#9663);
#8657=AXIS2_PLACEMENT_3D('',#12200,#9665,#9666);
#8658=AXIS2_PLACEMENT_3D('',#12211,#9668,#9669);
#8659=AXIS2_PLACEMENT_3D('',#12212,#9670,#9671);
#8660=AXIS2_PLACEMENT_3D('',#12213,#9672,#9673);
#8661=AXIS2_PLACEMENT_3D('',#12217,#9675,#9676);
#8662=AXIS2_PLACEMENT_3D('',#12222,#9679,#9680);
#8663=AXIS2_PLACEMENT_3D('',#12232,#9682,#9683);
#8664=AXIS2_PLACEMENT_3D('',#12242,#9685,#9686);
#8665=AXIS2_PLACEMENT_3D('',#12243,#9687,#9688);
#8666=AXIS2_PLACEMENT_3D('',#12249,#9692,#9693);
#8667=AXIS2_PLACEMENT_3D('',#12260,#9695,#9696);
#8668=AXIS2_PLACEMENT_3D('',#12271,#9698,#9699);
#8669=AXIS2_PLACEMENT_3D('',#12272,#9700,#9701);
#8670=AXIS2_PLACEMENT_3D('',#12273,#9702,#9703);
#8671=AXIS2_PLACEMENT_3D('',#12277,#9705,#9706);
#8672=AXIS2_PLACEMENT_3D('',#12282,#9709,#9710);
#8673=AXIS2_PLACEMENT_3D('',#12292,#9712,#9713);
#8674=AXIS2_PLACEMENT_3D('',#12302,#9715,#9716);
#8675=AXIS2_PLACEMENT_3D('',#12303,#9717,#9718);
#8676=AXIS2_PLACEMENT_3D('',#12309,#9722,#9723);
#8677=AXIS2_PLACEMENT_3D('',#12320,#9725,#9726);
#8678=AXIS2_PLACEMENT_3D('',#12331,#9728,#9729);
#8679=AXIS2_PLACEMENT_3D('',#12332,#9730,#9731);
#8680=AXIS2_PLACEMENT_3D('',#12333,#9732,#9733);
#8681=AXIS2_PLACEMENT_3D('',#12337,#9735,#9736);
#8682=AXIS2_PLACEMENT_3D('',#12342,#9739,#9740);
#8683=AXIS2_PLACEMENT_3D('',#12352,#9742,#9743);
#8684=AXIS2_PLACEMENT_3D('',#12362,#9745,#9746);
#8685=AXIS2_PLACEMENT_3D('',#12363,#9747,#9748);
#8686=AXIS2_PLACEMENT_3D('',#12369,#9752,#9753);
#8687=AXIS2_PLACEMENT_3D('',#12380,#9755,#9756);
#8688=AXIS2_PLACEMENT_3D('',#12391,#9758,#9759);
#8689=AXIS2_PLACEMENT_3D('',#12392,#9760,#9761);
#8690=AXIS2_PLACEMENT_3D('',#12393,#9762,#9763);
#8691=AXIS2_PLACEMENT_3D('',#12394,#9764,#9765);
#8692=AXIS2_PLACEMENT_3D('',#12395,#9766,#9767);
#8693=AXIS2_PLACEMENT_3D('',#12396,#9768,#9769);
#8694=AXIS2_PLACEMENT_3D('',#12397,#9770,#9771);
#8695=AXIS2_PLACEMENT_3D('',#12398,#9772,#9773);
#8696=AXIS2_PLACEMENT_3D('',#12399,#9774,#9775);
#8697=AXIS2_PLACEMENT_3D('',#12400,#9776,#9777);
#8698=AXIS2_PLACEMENT_3D('',#12401,#9778,#9779);
#8699=AXIS2_PLACEMENT_3D('',#12402,#9780,#9781);
#8700=AXIS2_PLACEMENT_3D('',#12404,#9783,#9784);
#8701=AXIS2_PLACEMENT_3D('',#12405,#9785,#9786);
#8702=AXIS2_PLACEMENT_3D('',#12406,#9787,#9788);
#8703=AXIS2_PLACEMENT_3D('',#12407,#9789,#9790);
#8704=AXIS2_PLACEMENT_3D('',#12408,#9791,#9792);
#8705=AXIS2_PLACEMENT_3D('',#12409,#9793,#9794);
#8706=AXIS2_PLACEMENT_3D('',#12410,#9795,#9796);
#8707=AXIS2_PLACEMENT_3D('',#12411,#9797,#9798);
#8708=AXIS2_PLACEMENT_3D('',#12412,#9799,#9800);
#8709=AXIS2_PLACEMENT_3D('',#12413,#9801,#9802);
#8710=AXIS2_PLACEMENT_3D('',#12414,#9803,#9804);
#8711=AXIS2_PLACEMENT_3D('',#12415,#9805,#9806);
#8712=AXIS2_PLACEMENT_3D('',#12416,#9807,#9808);
#8713=AXIS2_PLACEMENT_3D('',#12419,#9811,#9812);
#8714=AXIS2_PLACEMENT_3D('',#12421,#9814,#9815);
#8715=AXIS2_PLACEMENT_3D('',#12423,#9817,#9818);
#8716=AXIS2_PLACEMENT_3D('',#12425,#9820,#9821);
#8717=AXIS2_PLACEMENT_3D('',#12427,#9823,#9824);
#8718=AXIS2_PLACEMENT_3D('',#12429,#9826,#9827);
#8719=AXIS2_PLACEMENT_3D('',#12431,#9829,#9830);
#8720=AXIS2_PLACEMENT_3D('',#12432,#9831,#9832);
#8721=AXIS2_PLACEMENT_3D('',#12433,#9833,#9834);
#8722=AXIS2_PLACEMENT_3D('',#12434,#9835,#9836);
#8723=AXIS2_PLACEMENT_3D('',#12435,#9837,#9838);
#8724=AXIS2_PLACEMENT_3D('',#12436,#9839,#9840);
#8725=AXIS2_PLACEMENT_3D('',#12437,#9841,#9842);
#8726=AXIS2_PLACEMENT_3D('',#12440,#9844,#9845);
#8727=AXIS2_PLACEMENT_3D('',#12444,#9847,#9848);
#8728=AXIS2_PLACEMENT_3D('',#12447,#9850,#9851);
#8729=AXIS2_PLACEMENT_3D('',#12448,#9852,#9853);
#8730=AXIS2_PLACEMENT_3D('',#12452,#9855,#9856);
#8731=AXIS2_PLACEMENT_3D('',#12456,#9858,#9859);
#8732=AXIS2_PLACEMENT_3D('',#12462,#9863,#9864);
#8733=AXIS2_PLACEMENT_3D('',#12466,#9866,#9867);
#8734=AXIS2_PLACEMENT_3D('',#12470,#9869,#9870);
#8735=AXIS2_PLACEMENT_3D('',#12476,#9874,#9875);
#8736=AXIS2_PLACEMENT_3D('',#12480,#9877,#9878);
#8737=AXIS2_PLACEMENT_3D('',#12481,#9879,#9880);
#8738=AXIS2_PLACEMENT_3D('',#12482,#9881,#9882);
#8739=AXIS2_PLACEMENT_3D('',#12488,#9886,#9887);
#8740=AXIS2_PLACEMENT_3D('',#12489,#9888,#9889);
#8741=AXIS2_PLACEMENT_3D('',#12490,#9890,#9891);
#8742=AXIS2_PLACEMENT_3D('',#12491,#9892,#9893);
#8743=AXIS2_PLACEMENT_3D('',#12495,#9895,#9896);
#8744=AXIS2_PLACEMENT_3D('',#12499,#9898,#9899);
#8745=AXIS2_PLACEMENT_3D('',#12500,#9900,#9901);
#8746=AXIS2_PLACEMENT_3D('',#12506,#9905,#9906);
#8747=AXIS2_PLACEMENT_3D('',#12507,#9907,#9908);
#8748=AXIS2_PLACEMENT_3D('',#12511,#9910,#9911);
#8749=AXIS2_PLACEMENT_3D('',#12512,#9912,#9913);
#8750=AXIS2_PLACEMENT_3D('',#12515,#9916,#9917);
#8751=AXIS2_PLACEMENT_3D('',#12521,#9921,#9922);
#8752=AXIS2_PLACEMENT_3D('',#12524,#9924,#9925);
#8753=AXIS2_PLACEMENT_3D('',#12525,#9926,#9927);
#8754=AXIS2_PLACEMENT_3D('',#12529,#9930,#9931);
#8755=AXIS2_PLACEMENT_3D('',#12530,#9932,#9933);
#8756=AXIS2_PLACEMENT_3D('',#12531,#9934,#9935);
#8757=AXIS2_PLACEMENT_3D('',#12532,#9936,#9937);
#8758=AXIS2_PLACEMENT_3D('',#12533,#9938,#9939);
#8759=AXIS2_PLACEMENT_3D('',#12534,#9940,#9941);
#8760=AXIS2_PLACEMENT_3D('',#12535,#9942,#9943);
#8761=AXIS2_PLACEMENT_3D('',#12536,#9944,#9945);
#8762=AXIS2_PLACEMENT_3D('',#12537,#9946,#9947);
#8763=AXIS2_PLACEMENT_3D('',#12538,#9948,#9949);
#8764=AXIS2_PLACEMENT_3D('',#12539,#9950,#9951);
#8765=AXIS2_PLACEMENT_3D('',#12540,#9952,#9953);
#8766=AXIS2_PLACEMENT_3D('',#12541,#9954,#9955);
#8767=AXIS2_PLACEMENT_3D('',#12542,#9956,#9957);
#8768=AXIS2_PLACEMENT_3D('',#12543,#9958,#9959);
#8769=AXIS2_PLACEMENT_3D('',#12544,#9960,#9961);
#8770=AXIS2_PLACEMENT_3D('',#12545,#9962,#9963);
#8771=AXIS2_PLACEMENT_3D('',#12546,#9964,#9965);
#8772=AXIS2_PLACEMENT_3D('',#12547,#9966,#9967);
#8773=AXIS2_PLACEMENT_3D('',#12548,#9968,#9969);
#8774=AXIS2_PLACEMENT_3D('',#12549,#9970,#9971);
#8775=AXIS2_PLACEMENT_3D('',#12550,#9972,#9973);
#8776=AXIS2_PLACEMENT_3D('',#12551,#9974,#9975);
#8777=AXIS2_PLACEMENT_3D('',#12552,#9976,#9977);
#8778=AXIS2_PLACEMENT_3D('',#12553,#9978,#9979);
#8779=AXIS2_PLACEMENT_3D('',#12554,#9980,#9981);
#8780=AXIS2_PLACEMENT_3D('',#12555,#9982,#9983);
#8781=AXIS2_PLACEMENT_3D('',#12556,#9984,#9985);
#8782=AXIS2_PLACEMENT_3D('',#12557,#9986,#9987);
#8783=AXIS2_PLACEMENT_3D('',#12558,#9988,#9989);
#8784=AXIS2_PLACEMENT_3D('',#12559,#9990,#9991);
#8785=AXIS2_PLACEMENT_3D('',#12560,#9992,#9993);
#8786=AXIS2_PLACEMENT_3D('',#12561,#9994,#9995);
#8787=AXIS2_PLACEMENT_3D('',#12562,#9996,#9997);
#8788=AXIS2_PLACEMENT_3D('',#12563,#9998,#9999);
#8789=AXIS2_PLACEMENT_3D('',#12564,#10000,#10001);
#8790=AXIS2_PLACEMENT_3D('',#12565,#10002,#10003);
#8791=AXIS2_PLACEMENT_3D('',#12566,#10004,#10005);
#8792=AXIS2_PLACEMENT_3D('',#12567,#10006,#10007);
#8793=AXIS2_PLACEMENT_3D('',#12568,#10008,#10009);
#8794=AXIS2_PLACEMENT_3D('',#12569,#10010,#10011);
#8795=AXIS2_PLACEMENT_3D('',#12570,#10012,#10013);
#8796=AXIS2_PLACEMENT_3D('',#12571,#10014,#10015);
#8797=AXIS2_PLACEMENT_3D('',#12572,#10016,#10017);
#8798=AXIS2_PLACEMENT_3D('',#12573,#10018,#10019);
#8799=AXIS2_PLACEMENT_3D('',#12574,#10020,#10021);
#8800=AXIS2_PLACEMENT_3D('',#12575,#10022,#10023);
#8801=AXIS2_PLACEMENT_3D('',#12576,#10024,#10025);
#8802=AXIS2_PLACEMENT_3D('',#12579,#10028,#10029);
#8803=AXIS2_PLACEMENT_3D('',#12581,#10031,#10032);
#8804=AXIS2_PLACEMENT_3D('',#12583,#10034,#10035);
#8805=AXIS2_PLACEMENT_3D('',#12585,#10037,#10038);
#8806=AXIS2_PLACEMENT_3D('',#12587,#10040,#10041);
#8807=AXIS2_PLACEMENT_3D('',#12589,#10043,#10044);
#8808=AXIS2_PLACEMENT_3D('',#12591,#10046,#10047);
#8809=AXIS2_PLACEMENT_3D('',#12592,#10048,#10049);
#8810=AXIS2_PLACEMENT_3D('',#12593,#10050,#10051);
#8811=AXIS2_PLACEMENT_3D('',#12594,#10052,#10053);
#8812=AXIS2_PLACEMENT_3D('',#12595,#10054,#10055);
#8813=AXIS2_PLACEMENT_3D('',#12597,#10056,#10057);
#8814=AXIS2_PLACEMENT_3D('',#12598,#10058,#10059);
#8815=AXIS2_PLACEMENT_3D('',#12599,#10060,#10061);
#8816=AXIS2_PLACEMENT_3D('',#12601,#10062,#10063);
#8817=AXIS2_PLACEMENT_3D('',#12602,#10064,#10065);
#8818=AXIS2_PLACEMENT_3D('',#12603,#10066,#10067);
#8819=AXIS2_PLACEMENT_3D('',#12605,#10068,#10069);
#8820=AXIS2_PLACEMENT_3D('',#12606,#10070,#10071);
#8821=AXIS2_PLACEMENT_3D('',#12607,#10072,#10073);
#8822=AXIS2_PLACEMENT_3D('',#12609,#10074,#10075);
#8823=AXIS2_PLACEMENT_3D('',#12610,#10076,#10077);
#8824=AXIS2_PLACEMENT_3D('',#12667,#10078,#10079);
#8825=AXIS2_PLACEMENT_3D('',#12672,#10080,#10081);
#8826=AXIS2_PLACEMENT_3D('',#12725,#10082,#10083);
#8827=AXIS2_PLACEMENT_3D('',#12726,#10084,#10085);
#8828=AXIS2_PLACEMENT_3D('',#12735,#10090,#10091);
#8829=AXIS2_PLACEMENT_3D('',#12741,#10095,#10096);
#8830=AXIS2_PLACEMENT_3D('',#12742,#10097,#10098);
#8831=AXIS2_PLACEMENT_3D('',#12746,#10100,#10101);
#8832=AXIS2_PLACEMENT_3D('',#12747,#10102,#10103);
#8833=AXIS2_PLACEMENT_3D('',#12772,#10108,#10109);
#8834=AXIS2_PLACEMENT_3D('',#12778,#10113,#10114);
#8835=AXIS2_PLACEMENT_3D('',#12782,#10117,#10118);
#8836=AXIS2_PLACEMENT_3D('',#12786,#10121,#10122);
#8837=AXIS2_PLACEMENT_3D('',#12790,#10125,#10126);
#8838=AXIS2_PLACEMENT_3D('',#12794,#10129,#10130);
#8839=AXIS2_PLACEMENT_3D('',#12798,#10133,#10134);
#8840=AXIS2_PLACEMENT_3D('',#12802,#10137,#10138);
#8841=AXIS2_PLACEMENT_3D('',#12804,#10140,#10141);
#8842=AXIS2_PLACEMENT_3D('',#12807,#10144,#10145);
#8843=AXIS2_PLACEMENT_3D('',#12808,#10146,#10147);
#8844=AXIS2_PLACEMENT_3D('',#12817,#10152,#10153);
#8845=AXIS2_PLACEMENT_3D('',#12861,#10159,#10160);
#8846=AXIS2_PLACEMENT_3D('',#12867,#10164,#10165);
#8847=AXIS2_PLACEMENT_3D('',#12899,#10170,#10171);
#8848=AXIS2_PLACEMENT_3D('',#12903,#10174,#10175);
#8849=AXIS2_PLACEMENT_3D('',#12907,#10178,#10179);
#8850=AXIS2_PLACEMENT_3D('',#12911,#10182,#10183);
#8851=AXIS2_PLACEMENT_3D('',#12915,#10186,#10187);
#8852=AXIS2_PLACEMENT_3D('',#12919,#10190,#10191);
#8853=AXIS2_PLACEMENT_3D('',#12921,#10193,#10194);
#8854=AXIS2_PLACEMENT_3D('',#12924,#10197,#10198);
#8855=AXIS2_PLACEMENT_3D('',#12925,#10199,#10200);
#8856=AXIS2_PLACEMENT_3D('',#12934,#10205,#10206);
#8857=AXIS2_PLACEMENT_3D('',#12940,#10210,#10211);
#8858=AXIS2_PLACEMENT_3D('',#12941,#10212,#10213);
#8859=AXIS2_PLACEMENT_3D('',#12945,#10215,#10216);
#8860=AXIS2_PLACEMENT_3D('',#12946,#10217,#10218);
#8861=AXIS2_PLACEMENT_3D('',#12971,#10223,#10224);
#8862=AXIS2_PLACEMENT_3D('',#12977,#10228,#10229);
#8863=AXIS2_PLACEMENT_3D('',#12981,#10232,#10233);
#8864=AXIS2_PLACEMENT_3D('',#12985,#10236,#10237);
#8865=AXIS2_PLACEMENT_3D('',#12989,#10240,#10241);
#8866=AXIS2_PLACEMENT_3D('',#12993,#10244,#10245);
#8867=AXIS2_PLACEMENT_3D('',#12997,#10248,#10249);
#8868=AXIS2_PLACEMENT_3D('',#13001,#10252,#10253);
#8869=AXIS2_PLACEMENT_3D('',#13003,#10255,#10256);
#8870=AXIS2_PLACEMENT_3D('',#13006,#10259,#10260);
#8871=AXIS2_PLACEMENT_3D('',#13007,#10261,#10262);
#8872=AXIS2_PLACEMENT_3D('',#13013,#10266,#10267);
#8873=AXIS2_PLACEMENT_3D('',#13045,#10272,#10273);
#8874=AXIS2_PLACEMENT_3D('',#13054,#10278,#10279);
#8875=AXIS2_PLACEMENT_3D('',#13060,#10283,#10284);
#8876=AXIS2_PLACEMENT_3D('',#13101,#10289,#10290);
#8877=AXIS2_PLACEMENT_3D('',#13103,#10292,#10293);
#8878=AXIS2_PLACEMENT_3D('',#13104,#10294,#10295);
#8879=AXIS2_PLACEMENT_3D('',#13105,#10296,#10297);
#8880=AXIS2_PLACEMENT_3D('',#13111,#10301,#10302);
#8881=AXIS2_PLACEMENT_3D('',#13115,#10305,#10306);
#8882=AXIS2_PLACEMENT_3D('',#13119,#10309,#10310);
#8883=AXIS2_PLACEMENT_3D('',#13123,#10313,#10314);
#8884=AXIS2_PLACEMENT_3D('',#13127,#10317,#10318);
#8885=AXIS2_PLACEMENT_3D('',#13145,#10322,#10323);
#8886=AXIS2_PLACEMENT_3D('',#13149,#10326,#10327);
#8887=AXIS2_PLACEMENT_3D('',#13153,#10330,#10331);
#8888=AXIS2_PLACEMENT_3D('',#13157,#10334,#10335);
#8889=AXIS2_PLACEMENT_3D('',#13159,#10337,#10338);
#8890=AXIS2_PLACEMENT_3D('',#13160,#10339,#10340);
#8891=AXIS2_PLACEMENT_3D('',#13166,#10344,#10345);
#8892=AXIS2_PLACEMENT_3D('',#13170,#10348,#10349);
#8893=AXIS2_PLACEMENT_3D('',#13174,#10352,#10353);
#8894=AXIS2_PLACEMENT_3D('',#13234,#10360,#10361);
#8895=AXIS2_PLACEMENT_3D('',#13278,#10366,#10367);
#8896=AXIS2_PLACEMENT_3D('',#13279,#10368,#10369);
#8897=AXIS2_PLACEMENT_3D('',#13285,#10373,#10374);
#8898=AXIS2_PLACEMENT_3D('',#13289,#10377,#10378);
#8899=AXIS2_PLACEMENT_3D('',#13293,#10381,#10382);
#8900=AXIS2_PLACEMENT_3D('',#13297,#10385,#10386);
#8901=AXIS2_PLACEMENT_3D('',#13301,#10389,#10390);
#8902=AXIS2_PLACEMENT_3D('',#13305,#10393,#10394);
#8903=AXIS2_PLACEMENT_3D('',#13309,#10397,#10398);
#8904=AXIS2_PLACEMENT_3D('',#13313,#10401,#10402);
#8905=AXIS2_PLACEMENT_3D('',#13317,#10405,#10406);
#8906=AXIS2_PLACEMENT_3D('',#13321,#10409,#10410);
#8907=AXIS2_PLACEMENT_3D('',#13325,#10413,#10414);
#8908=AXIS2_PLACEMENT_3D('',#13327,#10416,#10417);
#8909=AXIS2_PLACEMENT_3D('',#13354,#10421,#10422);
#8910=AXIS2_PLACEMENT_3D('',#13355,#10423,#10424);
#8911=AXIS2_PLACEMENT_3D('',#13415,#10431,#10432);
#8912=AXIS2_PLACEMENT_3D('',#13445,#10436,#10437);
#8913=AXIS2_PLACEMENT_3D('',#13446,#10438,#10439);
#8914=AXIS2_PLACEMENT_3D('',#13452,#10443,#10444);
#8915=AXIS2_PLACEMENT_3D('',#13484,#10449,#10450);
#8916=AXIS2_PLACEMENT_3D('',#13493,#10455,#10456);
#8917=AXIS2_PLACEMENT_3D('',#13499,#10460,#10461);
#8918=AXIS2_PLACEMENT_3D('',#13540,#10466,#10467);
#8919=AXIS2_PLACEMENT_3D('',#13542,#10469,#10470);
#8920=AXIS2_PLACEMENT_3D('',#13543,#10471,#10472);
#8921=AXIS2_PLACEMENT_3D('',#13544,#10473,#10474);
#8922=AXIS2_PLACEMENT_3D('',#13550,#10478,#10479);
#8923=AXIS2_PLACEMENT_3D('',#13554,#10482,#10483);
#8924=AXIS2_PLACEMENT_3D('',#13558,#10486,#10487);
#8925=AXIS2_PLACEMENT_3D('',#13562,#10490,#10491);
#8926=AXIS2_PLACEMENT_3D('',#13566,#10494,#10495);
#8927=AXIS2_PLACEMENT_3D('',#13584,#10499,#10500);
#8928=AXIS2_PLACEMENT_3D('',#13588,#10503,#10504);
#8929=AXIS2_PLACEMENT_3D('',#13592,#10507,#10508);
#8930=AXIS2_PLACEMENT_3D('',#13596,#10511,#10512);
#8931=AXIS2_PLACEMENT_3D('',#13598,#10514,#10515);
#8932=AXIS2_PLACEMENT_3D('',#13599,#10516,#10517);
#8933=AXIS2_PLACEMENT_3D('',#13600,#10518,#10519);
#8934=AXIS2_PLACEMENT_3D('',#13601,#10520,#10521);
#8935=AXIS2_PLACEMENT_3D('',#13602,#10522,#10523);
#8936=AXIS2_PLACEMENT_3D('',#13603,#10524,#10525);
#8937=AXIS2_PLACEMENT_3D('',#13604,#10526,#10527);
#8938=AXIS2_PLACEMENT_3D('',#13605,#10528,#10529);
#8939=AXIS2_PLACEMENT_3D('',#13606,#10530,#10531);
#8940=AXIS2_PLACEMENT_3D('',#13607,#10532,#10533);
#8941=AXIS2_PLACEMENT_3D('',#13608,#10534,#10535);
#8942=AXIS2_PLACEMENT_3D('',#13609,#10536,#10537);
#8943=AXIS2_PLACEMENT_3D('',#13610,#10538,#10539);
#8944=AXIS2_PLACEMENT_3D('',#13611,#10540,#10541);
#8945=AXIS2_PLACEMENT_3D('',#13612,#10542,#10543);
#8946=AXIS2_PLACEMENT_3D('',#13613,#10544,#10545);
#8947=AXIS2_PLACEMENT_3D('',#13614,#10546,#10547);
#8948=AXIS2_PLACEMENT_3D('',#13615,#10548,#10549);
#8949=AXIS2_PLACEMENT_3D('',#13641,#10560,#10561);
#8950=AXIS2_PLACEMENT_3D('',#13667,#10572,#10573);
#8951=AXIS2_PLACEMENT_3D('',#13670,#10576,#10577);
#8952=AXIS2_PLACEMENT_3D('',#13672,#10579,#10580);
#8953=AXIS2_PLACEMENT_3D('',#13674,#10582,#10583);
#8954=AXIS2_PLACEMENT_3D('',#13685,#10586,#10587);
#8955=AXIS2_PLACEMENT_3D('',#13687,#10589,#10590);
#8956=AXIS2_PLACEMENT_3D('',#13689,#10592,#10593);
#8957=AXIS2_PLACEMENT_3D('',#13691,#10595,#10596);
#8958=AXIS2_PLACEMENT_3D('',#13693,#10598,#10599);
#8959=AXIS2_PLACEMENT_3D('',#13695,#10601,#10602);
#8960=AXIS2_PLACEMENT_3D('',#13696,#10603,#10604);
#8961=AXIS2_PLACEMENT_3D('',#13697,#10605,#10606);
#8962=AXIS2_PLACEMENT_3D('',#13723,#10617,#10618);
#8963=AXIS2_PLACEMENT_3D('',#13749,#10629,#10630);
#8964=AXIS2_PLACEMENT_3D('',#13752,#10633,#10634);
#8965=AXIS2_PLACEMENT_3D('',#13754,#10636,#10637);
#8966=AXIS2_PLACEMENT_3D('',#13756,#10639,#10640);
#8967=AXIS2_PLACEMENT_3D('',#13767,#10643,#10644);
#8968=AXIS2_PLACEMENT_3D('',#13769,#10646,#10647);
#8969=AXIS2_PLACEMENT_3D('',#13771,#10649,#10650);
#8970=AXIS2_PLACEMENT_3D('',#13773,#10652,#10653);
#8971=AXIS2_PLACEMENT_3D('',#13775,#10655,#10656);
#8972=AXIS2_PLACEMENT_3D('',#13777,#10658,#10659);
#8973=AXIS2_PLACEMENT_3D('',#13778,#10660,#10661);
#8974=AXIS2_PLACEMENT_3D('',#13779,#10662,#10663);
#8975=AXIS2_PLACEMENT_3D('',#13812,#10670,#10671);
#8976=AXIS2_PLACEMENT_3D('',#13845,#10678,#10679);
#8977=AXIS2_PLACEMENT_3D('',#13867,#10685,#10686);
#8978=AXIS2_PLACEMENT_3D('',#13869,#10688,#10689);
#8979=AXIS2_PLACEMENT_3D('',#13871,#10691,#10692);
#8980=AXIS2_PLACEMENT_3D('',#13890,#10695,#10696);
#8981=AXIS2_PLACEMENT_3D('',#13892,#10698,#10699);
#8982=AXIS2_PLACEMENT_3D('',#13893,#10700,#10701);
#8983=AXIS2_PLACEMENT_3D('',#13894,#10702,#10703);
#8984=AXIS2_PLACEMENT_3D('',#13923,#10715,#10716);
#8985=AXIS2_PLACEMENT_3D('',#13926,#10718,#10719);
#8986=AXIS2_PLACEMENT_3D('',#13948,#10730,#10731);
#8987=AXIS2_PLACEMENT_3D('',#13958,#10734,#10735);
#8988=AXIS2_PLACEMENT_3D('',#13961,#10738,#10739);
#8989=AXIS2_PLACEMENT_3D('',#13964,#10742,#10743);
#8990=AXIS2_PLACEMENT_3D('',#13966,#10745,#10746);
#8991=AXIS2_PLACEMENT_3D('',#13968,#10748,#10749);
#8992=AXIS2_PLACEMENT_3D('',#13970,#10751,#10752);
#8993=AXIS2_PLACEMENT_3D('',#13972,#10754,#10755);
#8994=AXIS2_PLACEMENT_3D('',#13974,#10757,#10758);
#8995=AXIS2_PLACEMENT_3D('',#13976,#10760,#10761);
#8996=AXIS2_PLACEMENT_3D('',#13986,#10763,#10764);
#8997=AXIS2_PLACEMENT_3D('',#13988,#10766,#10767);
#8998=AXIS2_PLACEMENT_3D('',#13990,#10769,#10770);
#8999=AXIS2_PLACEMENT_3D('',#13992,#10772,#10773);
#9000=AXIS2_PLACEMENT_3D('',#13993,#10774,#10775);
#9001=AXIS2_PLACEMENT_3D('',#13994,#10776,#10777);
#9002=AXIS2_PLACEMENT_3D('',#14037,#10789,#10790);
#9003=AXIS2_PLACEMENT_3D('',#14080,#10802,#10803);
#9004=AXIS2_PLACEMENT_3D('',#14083,#10806,#10807);
#9005=AXIS2_PLACEMENT_3D('',#14086,#10810,#10811);
#9006=AXIS2_PLACEMENT_3D('',#14088,#10813,#10814);
#9007=AXIS2_PLACEMENT_3D('',#14090,#10816,#10817);
#9008=AXIS2_PLACEMENT_3D('',#14092,#10819,#10820);
#9009=AXIS2_PLACEMENT_3D('',#14094,#10822,#10823);
#9010=AXIS2_PLACEMENT_3D('',#14114,#10827,#10828);
#9011=AXIS2_PLACEMENT_3D('',#14116,#10830,#10831);
#9012=AXIS2_PLACEMENT_3D('',#14135,#10834,#10835);
#9013=AXIS2_PLACEMENT_3D('',#14137,#10837,#10838);
#9014=AXIS2_PLACEMENT_3D('',#14138,#10839,#10840);
#9015=AXIS2_PLACEMENT_3D('',#14139,#10841,#10842);
#9016=AXIS2_PLACEMENT_3D('',#14180,#10845,#10846);
#9017=AXIS2_PLACEMENT_3D('',#14181,#10847,#10848);
#9018=AXIS2_PLACEMENT_3D('',#14188,#10849,#10850);
#9019=AXIS2_PLACEMENT_3D('',#14242,#10856,#10857);
#9020=AXIS2_PLACEMENT_3D('',#14280,#10863,#10864);
#9021=AXIS2_PLACEMENT_3D('',#14299,#10867,#10868);
#9022=AXIS2_PLACEMENT_3D('',#14300,#10869,#10870);
#9023=AXIS2_PLACEMENT_3D('',#14329,#10882,#10883);
#9024=AXIS2_PLACEMENT_3D('',#14332,#10885,#10886);
#9025=AXIS2_PLACEMENT_3D('',#14354,#10897,#10898);
#9026=AXIS2_PLACEMENT_3D('',#14364,#10901,#10902);
#9027=AXIS2_PLACEMENT_3D('',#14367,#10905,#10906);
#9028=AXIS2_PLACEMENT_3D('',#14370,#10909,#10910);
#9029=AXIS2_PLACEMENT_3D('',#14372,#10912,#10913);
#9030=AXIS2_PLACEMENT_3D('',#14374,#10915,#10916);
#9031=AXIS2_PLACEMENT_3D('',#14376,#10918,#10919);
#9032=AXIS2_PLACEMENT_3D('',#14378,#10921,#10922);
#9033=AXIS2_PLACEMENT_3D('',#14380,#10924,#10925);
#9034=AXIS2_PLACEMENT_3D('',#14382,#10927,#10928);
#9035=AXIS2_PLACEMENT_3D('',#14392,#10930,#10931);
#9036=AXIS2_PLACEMENT_3D('',#14394,#10933,#10934);
#9037=AXIS2_PLACEMENT_3D('',#14396,#10936,#10937);
#9038=AXIS2_PLACEMENT_3D('',#14398,#10939,#10940);
#9039=AXIS2_PLACEMENT_3D('',#14399,#10941,#10942);
#9040=AXIS2_PLACEMENT_3D('',#14400,#10943,#10944);
#9041=AXIS2_PLACEMENT_3D('',#14433,#10951,#10952);
#9042=AXIS2_PLACEMENT_3D('',#14466,#10959,#10960);
#9043=AXIS2_PLACEMENT_3D('',#14488,#10966,#10967);
#9044=AXIS2_PLACEMENT_3D('',#14490,#10969,#10970);
#9045=AXIS2_PLACEMENT_3D('',#14492,#10972,#10973);
#9046=AXIS2_PLACEMENT_3D('',#14511,#10976,#10977);
#9047=AXIS2_PLACEMENT_3D('',#14513,#10979,#10980);
#9048=AXIS2_PLACEMENT_3D('',#14514,#10981,#10982);
#9049=AXIS2_PLACEMENT_3D('',#14515,#10983,#10984);
#9050=AXIS2_PLACEMENT_3D('',#14540,#10997,#10998);
#9051=AXIS2_PLACEMENT_3D('',#14565,#11011,#11012);
#9052=AXIS2_PLACEMENT_3D('',#14568,#11015,#11016);
#9053=AXIS2_PLACEMENT_3D('',#14570,#11018,#11019);
#9054=AXIS2_PLACEMENT_3D('',#14572,#11021,#11022);
#9055=AXIS2_PLACEMENT_3D('',#14574,#11024,#11025);
#9056=AXIS2_PLACEMENT_3D('',#14576,#11027,#11028);
#9057=AXIS2_PLACEMENT_3D('',#14578,#11030,#11031);
#9058=AXIS2_PLACEMENT_3D('',#14580,#11033,#11034);
#9059=AXIS2_PLACEMENT_3D('',#14582,#11036,#11037);
#9060=AXIS2_PLACEMENT_3D('',#14584,#11039,#11040);
#9061=AXIS2_PLACEMENT_3D('',#14586,#11042,#11043);
#9062=AXIS2_PLACEMENT_3D('',#14588,#11045,#11046);
#9063=AXIS2_PLACEMENT_3D('',#14589,#11047,#11048);
#9064=AXIS2_PLACEMENT_3D('',#14590,#11049,#11050);
#9065=AXIS2_PLACEMENT_3D('',#14636,#11056,#11057);
#9066=AXIS2_PLACEMENT_3D('',#14710,#11067,#11068);
#9067=AXIS2_PLACEMENT_3D('',#14748,#11074,#11075);
#9068=AXIS2_PLACEMENT_3D('',#14750,#11077,#11078);
#9069=AXIS2_PLACEMENT_3D('',#14752,#11080,#11081);
#9070=AXIS2_PLACEMENT_3D('',#14754,#11083,#11084);
#9071=DIRECTION('',(0.,0.,1.));
#9072=DIRECTION('',(1.,0.,0.));
#9073=DIRECTION('',(0.,0.,1.));
#9074=DIRECTION('',(1.,0.,0.));
#9075=DIRECTION('',(0.,0.,1.));
#9076=DIRECTION('',(1.,0.,0.));
#9077=DIRECTION('',(0.,0.,1.));
#9078=DIRECTION('',(1.,0.,0.));
#9079=DIRECTION('',(0.,0.,1.));
#9080=DIRECTION('',(1.,0.,0.));
#9081=DIRECTION('',(0.,0.,1.));
#9082=DIRECTION('',(1.,0.,0.));
#9083=DIRECTION('',(0.,-1.,0.));
#9084=DIRECTION('',(-1.,0.,0.));
#9085=DIRECTION('',(0.,-1.,0.));
#9086=DIRECTION('',(1.,0.,0.));
#9087=DIRECTION('',(0.,-1.,0.));
#9088=DIRECTION('',(-1.,0.,0.));
#9089=DIRECTION('',(0.,1.,0.));
#9090=DIRECTION('',(-1.,0.,0.));
#9091=DIRECTION('',(0.,1.,0.));
#9092=DIRECTION('',(1.,0.,0.));
#9093=DIRECTION('',(0.,-1.,0.));
#9094=DIRECTION('',(-1.,0.,0.));
#9095=DIRECTION('',(1.,0.,0.));
#9096=DIRECTION('',(0.638169512453188,0.769895884763167,0.));
#9097=DIRECTION('',(-0.647159864492478,0.762354320372147,0.));
#9098=DIRECTION('',(0.,0.,1.));
#9099=DIRECTION('',(0.402792545995995,-0.915291300565052,0.));
#9100=DIRECTION('',(-1.02729620981072E-15,-1.,0.));
#9101=DIRECTION('',(-1.,0.,0.));
#9102=DIRECTION('',(0.,1.,0.));
#9103=DIRECTION('',(1.,0.,0.));
#9104=DIRECTION('',(0.,1.,0.));
#9105=DIRECTION('',(-1.,0.,0.));
#9106=DIRECTION('',(0.,1.,0.));
#9107=DIRECTION('',(1.,0.,0.));
#9108=DIRECTION('',(0.,1.,0.));
#9109=DIRECTION('',(-1.,0.,0.));
#9110=DIRECTION('',(0.,1.,0.));
#9111=DIRECTION('',(1.,0.,0.));
#9112=DIRECTION('',(0.,-1.,0.));
#9113=DIRECTION('',(0.713391799577945,-0.700765396045596,0.));
#9114=DIRECTION('',(-1.,0.,0.));
#9115=DIRECTION('',(0.,1.,0.));
#9116=DIRECTION('',(1.,0.,0.));
#9117=DIRECTION('',(0.,-1.,0.));
#9118=DIRECTION('',(-1.,0.,0.));
#9119=DIRECTION('',(0.,-1.,0.));
#9120=DIRECTION('',(1.,0.,0.));
#9121=DIRECTION('',(0.,-1.,0.));
#9122=DIRECTION('',(-1.,0.,0.));
#9123=DIRECTION('',(0.,1.,0.));
#9124=DIRECTION('',(-1.,0.,0.));
#9125=DIRECTION('',(0.,1.,0.));
#9126=DIRECTION('',(1.,0.,0.));
#9127=DIRECTION('',(0.,-1.,0.));
#9128=DIRECTION('',(-1.,0.,0.));
#9129=DIRECTION('',(1.,0.,0.));
#9130=DIRECTION('',(0.264123972071198,-0.964488738854598,0.));
#9131=DIRECTION('',(1.,0.,0.));
#9132=DIRECTION('',(0.264123972071205,0.964488738854596,0.));
#9133=DIRECTION('',(1.,0.,0.));
#9134=DIRECTION('',(-0.305045676342759,-0.952337721265197,0.));
#9135=DIRECTION('',(-1.,0.,0.));
#9136=DIRECTION('',(-0.306139311655711,0.951986723572849,0.));
#9137=DIRECTION('',(1.,0.,0.));
#9138=DIRECTION('',(1.,0.,0.));
#9139=DIRECTION('',(0.477167617827591,-0.878812303337148,0.));
#9140=DIRECTION('',(1.,0.,0.));
#9141=DIRECTION('',(0.,1.,0.));
#9142=DIRECTION('',(1.,0.,0.));
#9143=DIRECTION('',(0.,-1.,0.));
#9144=DIRECTION('',(-1.,0.,0.));
#9145=DIRECTION('',(-0.496138938356832,0.86824314212446,0.));
#9146=DIRECTION('',(0.264123972071201,-0.964488738854597,0.));
#9147=DIRECTION('',(1.,0.,0.));
#9148=DIRECTION('',(0.264123972071204,0.964488738854596,0.));
#9149=DIRECTION('',(1.,0.,0.));
#9150=DIRECTION('',(-0.305045676342759,-0.952337721265197,0.));
#9151=DIRECTION('',(-1.,0.,0.));
#9152=DIRECTION('',(-0.306139311655711,0.951986723572849,0.));
#9153=DIRECTION('',(1.,0.,0.));
#9154=DIRECTION('',(0.,0.,-1.));
#9155=DIRECTION('',(-1.,0.,0.));
#9156=DIRECTION('',(0.,0.,-1.));
#9157=DIRECTION('',(-1.,0.,0.));
#9158=DIRECTION('',(0.,0.,-1.));
#9159=DIRECTION('',(-1.,0.,0.));
#9160=DIRECTION('',(0.,0.,-1.));
#9161=DIRECTION('',(-1.,0.,0.));
#9162=DIRECTION('',(0.,0.,1.));
#9163=DIRECTION('',(1.,0.,0.));
#9164=DIRECTION('',(3.35752930834221E-16,1.,0.));
#9165=DIRECTION('',(0.,0.,1.));
#9166=DIRECTION('',(1.,0.,0.));
#9167=DIRECTION('',(1.,-1.80231010491097E-16,0.));
#9168=DIRECTION('',(0.,0.,1.));
#9169=DIRECTION('',(1.,0.,0.));
#9170=DIRECTION('',(-3.35752930834221E-16,-1.,0.));
#9171=DIRECTION('',(0.,0.,1.));
#9172=DIRECTION('',(1.,0.,0.));
#9173=DIRECTION('',(-1.,1.80231010491097E-16,0.));
#9174=DIRECTION('',(0.,0.,1.));
#9175=DIRECTION('',(1.,0.,0.));
#9176=DIRECTION('',(1.,0.,0.));
#9177=DIRECTION('',(0.,0.,1.));
#9178=DIRECTION('',(-0.707106781186548,0.707106781186548,0.));
#9179=DIRECTION('',(8.67361737988404E-17,1.,0.));
#9180=DIRECTION('',(0.,0.,1.));
#9181=DIRECTION('',(-0.707106781186548,-0.707106781186548,0.));
#9182=DIRECTION('',(-1.,0.,0.));
#9183=DIRECTION('',(0.,0.,1.));
#9184=DIRECTION('',(0.707106781186548,-0.707106781186548,0.));
#9185=DIRECTION('',(-8.67361737988404E-17,-1.,0.));
#9186=DIRECTION('',(0.,0.,1.));
#9187=DIRECTION('',(0.707106781186548,0.707106781186548,0.));
#9188=DIRECTION('',(0.,0.,1.));
#9189=DIRECTION('',(1.,0.,0.));
#9190=DIRECTION('',(0.,0.,1.));
#9191=DIRECTION('',(0.,0.,-1.));
#9192=DIRECTION('',(-1.,0.,0.));
#9193=DIRECTION('',(0.,0.,1.));
#9194=DIRECTION('',(0.,0.,1.));
#9195=DIRECTION('',(1.,0.,0.));
#9196=DIRECTION('',(0.,0.,-1.));
#9197=DIRECTION('',(1.,0.,0.));
#9198=DIRECTION('',(0.,0.,-1.));
#9199=DIRECTION('',(-1.,0.,0.));
#9200=DIRECTION('',(0.,-1.,0.));
#9201=DIRECTION('',(0.,0.,1.));
#9202=DIRECTION('',(1.,0.,0.));
#9203=DIRECTION('',(0.,0.,-1.));
#9204=DIRECTION('',(-1.,0.,0.));
#9205=DIRECTION('',(0.,0.,1.));
#9206=DIRECTION('',(0.,0.,1.));
#9207=DIRECTION('',(1.,0.,0.));
#9208=DIRECTION('',(0.,0.,1.));
#9209=DIRECTION('',(0.,0.,1.));
#9210=DIRECTION('',(1.,0.,0.));
#9211=DIRECTION('',(0.,0.,1.));
#9212=DIRECTION('',(1.,0.,0.));
#9213=DIRECTION('',(1.,-5.33761069531325E-16,0.));
#9214=DIRECTION('',(5.33761069531325E-16,1.,0.));
#9215=DIRECTION('',(0.,0.,1.));
#9216=DIRECTION('',(1.,-5.33761069531325E-16,0.));
#9217=DIRECTION('',(5.33761069531325E-16,1.,0.));
#9218=DIRECTION('',(5.33761069531325E-16,1.,0.));
#9219=DIRECTION('',(1.,-5.33761069531325E-16,0.));
#9220=DIRECTION('',(5.33761069531325E-16,1.,0.));
#9221=DIRECTION('',(0.,0.,1.));
#9222=DIRECTION('',(1.,-5.33761069531325E-16,0.));
#9223=DIRECTION('',(5.33761069531325E-16,1.,0.));
#9224=DIRECTION('',(5.33761069531325E-16,1.,0.));
#9225=DIRECTION('',(1.,-5.33761069531325E-16,0.));
#9226=DIRECTION('',(5.33761069531325E-16,1.,0.));
#9227=DIRECTION('',(0.,0.,-1.));
#9228=DIRECTION('',(1.,0.,0.));
#9229=DIRECTION('',(0.,0.,-1.));
#9230=DIRECTION('',(-1.,0.,0.));
#9231=DIRECTION('',(0.,0.,-1.));
#9232=DIRECTION('',(-1.,0.,0.));
#9233=DIRECTION('',(-1.,0.,0.));
#9234=DIRECTION('',(0.,0.,-1.));
#9235=DIRECTION('',(-1.,0.,0.));
#9236=DIRECTION('',(0.,0.,-1.));
#9237=DIRECTION('',(-1.,0.,0.));
#9238=DIRECTION('',(-1.,5.33761069531325E-16,0.));
#9239=DIRECTION('',(0.,0.,-1.));
#9240=DIRECTION('',(1.,0.,0.));
#9241=DIRECTION('',(0.,0.,-1.));
#9242=DIRECTION('',(-1.,0.,0.));
#9243=DIRECTION('',(0.,0.,-1.));
#9244=DIRECTION('',(-1.,0.,0.));
#9245=DIRECTION('',(-1.,5.33761069531325E-16,0.));
#9246=DIRECTION('',(0.,0.,-1.));
#9247=DIRECTION('',(-1.,0.,0.));
#9248=DIRECTION('',(0.,0.,-1.));
#9249=DIRECTION('',(-1.,0.,0.));
#9250=DIRECTION('',(-1.,4.95635278850516E-16,0.));
#9251=DIRECTION('',(0.,0.,1.));
#9252=DIRECTION('',(1.,0.,0.));
#9253=DIRECTION('',(0.,0.,-1.));
#9254=DIRECTION('',(-1.,0.,0.));
#9255=DIRECTION('',(0.,0.,-1.));
#9256=DIRECTION('',(-1.,0.,0.));
#9257=DIRECTION('',(0.,0.,-1.));
#9258=DIRECTION('',(-1.,0.,0.));
#9259=DIRECTION('',(0.,0.,-1.));
#9260=DIRECTION('',(-1.,0.,0.));
#9261=DIRECTION('',(0.,0.,1.));
#9262=DIRECTION('',(1.,0.,0.));
#9263=DIRECTION('',(0.,0.,-1.));
#9264=DIRECTION('',(-1.,0.,0.));
#9265=DIRECTION('',(0.,0.,1.));
#9266=DIRECTION('',(0.,0.,-1.));
#9267=DIRECTION('',(-1.,0.,0.));
#9268=DIRECTION('',(0.,0.,1.));
#9269=DIRECTION('',(0.,0.,1.));
#9270=DIRECTION('',(1.,0.,0.));
#9271=DIRECTION('',(0.,0.,-1.));
#9272=DIRECTION('',(-1.,0.,0.));
#9273=DIRECTION('',(0.,0.,-1.));
#9274=DIRECTION('',(-1.,0.,0.));
#9275=DIRECTION('',(0.,0.,-1.));
#9276=DIRECTION('',(-1.,0.,0.));
#9277=DIRECTION('',(0.,0.,-1.));
#9278=DIRECTION('',(-1.,0.,0.));
#9279=DIRECTION('',(0.,0.,-1.));
#9280=DIRECTION('',(-1.,0.,0.));
#9281=DIRECTION('',(0.,0.,1.));
#9282=DIRECTION('',(1.,0.,0.));
#9283=DIRECTION('',(0.,0.,-1.));
#9284=DIRECTION('',(-1.,0.,0.));
#9285=DIRECTION('',(0.,0.,-1.));
#9286=DIRECTION('',(-1.,0.,0.));
#9287=DIRECTION('',(0.,0.,1.));
#9288=DIRECTION('',(1.,0.,0.));
#9289=DIRECTION('',(0.,0.,-1.));
#9290=DIRECTION('',(-1.,0.,0.));
#9291=DIRECTION('',(0.,0.,-1.));
#9292=DIRECTION('',(-1.,0.,0.));
#9293=DIRECTION('',(0.,0.,-1.));
#9294=DIRECTION('',(-1.,0.,0.));
#9295=DIRECTION('',(0.,0.,-1.));
#9296=DIRECTION('',(-1.,0.,0.));
#9297=DIRECTION('',(0.,0.,-1.));
#9298=DIRECTION('',(-1.,0.,0.));
#9299=DIRECTION('',(0.,0.,1.));
#9300=DIRECTION('',(1.,0.,0.));
#9301=DIRECTION('',(0.,0.,-1.));
#9302=DIRECTION('',(-1.,0.,0.));
#9303=DIRECTION('',(0.,0.,-1.));
#9304=DIRECTION('',(-1.,0.,0.));
#9305=DIRECTION('',(0.,0.,-1.));
#9306=DIRECTION('',(-1.,0.,0.));
#9307=DIRECTION('',(0.,0.,-1.));
#9308=DIRECTION('',(-1.,0.,0.));
#9309=DIRECTION('',(0.,0.,-1.));
#9310=DIRECTION('',(-1.,0.,0.));
#9311=DIRECTION('',(0.,0.,1.));
#9312=DIRECTION('',(1.,0.,0.));
#9313=DIRECTION('',(-1.,-1.20466908053945E-16,0.));
#9314=DIRECTION('',(0.,0.,1.));
#9315=DIRECTION('',(1.,0.,0.));
#9316=DIRECTION('',(0.,1.,0.));
#9317=DIRECTION('',(0.,0.,1.));
#9318=DIRECTION('',(1.,0.,0.));
#9319=DIRECTION('',(0.,1.,0.));
#9320=DIRECTION('',(0.,0.,1.));
#9321=DIRECTION('',(1.,0.,0.));
#9322=DIRECTION('',(-1.,0.,0.));
#9323=DIRECTION('',(0.,0.,1.));
#9324=DIRECTION('',(1.,0.,0.));
#9325=DIRECTION('',(0.,1.,0.));
#9326=DIRECTION('',(0.,0.,1.));
#9327=DIRECTION('',(1.,0.,0.));
#9328=DIRECTION('',(0.,1.,0.));
#9329=DIRECTION('',(0.,0.,1.));
#9330=DIRECTION('',(1.,0.,0.));
#9331=DIRECTION('',(-1.,0.,0.));
#9332=DIRECTION('',(0.,0.,1.));
#9333=DIRECTION('',(1.,0.,0.));
#9334=DIRECTION('',(0.,1.,0.));
#9335=DIRECTION('',(0.,0.,1.));
#9336=DIRECTION('',(1.,0.,0.));
#9337=DIRECTION('',(0.,1.,0.));
#9338=DIRECTION('',(0.,0.,1.));
#9339=DIRECTION('',(1.,0.,0.));
#9340=DIRECTION('',(-1.,0.,0.));
#9341=DIRECTION('',(0.,0.,1.));
#9342=DIRECTION('',(1.,0.,0.));
#9343=DIRECTION('',(0.,1.,0.));
#9344=DIRECTION('',(0.,0.,1.));
#9345=DIRECTION('',(1.,0.,0.));
#9346=DIRECTION('',(0.,1.,0.));
#9347=DIRECTION('',(0.,0.,1.));
#9348=DIRECTION('',(1.,0.,0.));
#9349=DIRECTION('',(-1.,0.,0.));
#9350=DIRECTION('',(0.,0.,1.));
#9351=DIRECTION('',(1.,0.,0.));
#9352=DIRECTION('',(-1.80700362080917E-16,1.,0.));
#9353=DIRECTION('',(0.,0.,1.));
#9354=DIRECTION('',(1.,0.,0.));
#9355=DIRECTION('',(-1.80700362080917E-16,1.,0.));
#9356=DIRECTION('',(0.,0.,1.));
#9357=DIRECTION('',(1.,0.,0.));
#9358=DIRECTION('',(-1.,0.,0.));
#9359=DIRECTION('',(0.,0.,1.));
#9360=DIRECTION('',(1.,0.,0.));
#9361=DIRECTION('',(-1.80700362080917E-16,1.,0.));
#9362=DIRECTION('',(0.,0.,1.));
#9363=DIRECTION('',(1.,0.,0.));
#9364=DIRECTION('',(-1.80700362080917E-16,1.,0.));
#9365=DIRECTION('',(0.,0.,1.));
#9366=DIRECTION('',(1.,0.,0.));
#9367=DIRECTION('',(-1.,0.,0.));
#9368=DIRECTION('',(0.,0.,1.));
#9369=DIRECTION('',(1.,0.,0.));
#9370=DIRECTION('',(-1.80700362080917E-16,1.,0.));
#9371=DIRECTION('',(0.,0.,1.));
#9372=DIRECTION('',(1.,0.,0.));
#9373=DIRECTION('',(-1.80700362080917E-16,1.,0.));
#9374=DIRECTION('',(0.,0.,1.));
#9375=DIRECTION('',(1.,0.,0.));
#9376=DIRECTION('',(-1.,0.,0.));
#9377=DIRECTION('',(0.,0.,1.));
#9378=DIRECTION('',(1.,0.,0.));
#9379=DIRECTION('',(-1.80700362080917E-16,1.,0.));
#9380=DIRECTION('',(0.,0.,1.));
#9381=DIRECTION('',(1.,0.,0.));
#9382=DIRECTION('',(-1.80700362080917E-16,1.,0.));
#9383=DIRECTION('',(0.,0.,1.));
#9384=DIRECTION('',(1.,0.,0.));
#9385=DIRECTION('',(8.67361737988404E-17,1.,0.));
#9386=DIRECTION('',(1.,0.,0.));
#9387=DIRECTION('',(-8.67361737988404E-17,-1.,0.));
#9388=DIRECTION('',(-1.,0.,0.));
#9389=DIRECTION('',(0.,0.,1.));
#9390=DIRECTION('',(1.,0.,0.));
#9391=DIRECTION('',(0.,0.,1.));
#9392=DIRECTION('',(1.,0.,0.));
#9393=DIRECTION('',(0.,0.,1.));
#9394=DIRECTION('',(1.,0.,0.));
#9395=DIRECTION('',(0.,0.,1.));
#9396=DIRECTION('',(1.,0.,0.));
#9397=DIRECTION('',(0.,-1.,0.));
#9398=DIRECTION('',(0.,-1.,0.));
#9399=DIRECTION('',(0.,0.,-1.));
#9400=DIRECTION('',(-1.,0.,0.));
#9401=DIRECTION('',(0.,0.,-1.));
#9402=DIRECTION('',(-1.,0.,0.));
#9403=DIRECTION('',(0.,0.,-1.));
#9404=DIRECTION('',(-1.,0.,0.));
#9405=DIRECTION('',(0.,0.,-1.));
#9406=DIRECTION('',(-1.,0.,0.));
#9407=DIRECTION('',(0.,0.,-1.));
#9408=DIRECTION('',(-1.,0.,0.));
#9409=DIRECTION('',(-1.,0.,0.));
#9410=DIRECTION('',(5.33761069531325E-16,1.,0.));
#9411=DIRECTION('',(-1.,4.95635278850516E-16,0.));
#9412=DIRECTION('',(0.,0.,1.));
#9413=DIRECTION('',(1.,0.,0.));
#9414=DIRECTION('',(-3.35752930834221E-16,-1.,0.));
#9415=DIRECTION('',(0.,0.,1.));
#9416=DIRECTION('',(1.,0.,0.));
#9417=DIRECTION('',(1.,-1.80231010491097E-16,0.));
#9418=DIRECTION('',(0.,0.,1.));
#9419=DIRECTION('',(1.,0.,0.));
#9420=DIRECTION('',(3.35752930834221E-16,1.,0.));
#9421=DIRECTION('',(0.,0.,1.));
#9422=DIRECTION('',(1.,0.,0.));
#9423=DIRECTION('',(-1.,1.80231010491097E-16,0.));
#9424=DIRECTION('',(0.,0.,1.));
#9425=DIRECTION('',(1.,0.,0.));
#9426=DIRECTION('',(0.,0.,1.));
#9427=DIRECTION('',(1.,0.,0.));
#9428=DIRECTION('',(0.,0.,1.));
#9429=DIRECTION('',(0.,0.,1.));
#9430=DIRECTION('',(1.,0.,0.));
#9431=DIRECTION('',(0.,0.,1.));
#9432=DIRECTION('',(0.,0.,1.));
#9433=DIRECTION('',(1.,0.,0.));
#9434=DIRECTION('',(0.,0.,1.));
#9435=DIRECTION('',(0.,0.,1.));
#9436=DIRECTION('',(1.,0.,0.));
#9437=DIRECTION('',(0.,0.,1.));
#9438=DIRECTION('',(0.,0.,1.));
#9439=DIRECTION('',(1.,0.,0.));
#9440=DIRECTION('',(0.,0.,1.));
#9441=DIRECTION('',(1.,0.,0.));
#9442=DIRECTION('',(0.,0.,-1.));
#9443=DIRECTION('',(-1.,0.,0.));
#9444=DIRECTION('',(-1.,0.,0.));
#9445=DIRECTION('',(0.,0.,1.));
#9446=DIRECTION('',(-1.,0.,0.));
#9447=DIRECTION('',(0.,0.,1.));
#9448=DIRECTION('',(-1.,0.,0.));
#9449=DIRECTION('',(-1.,0.,0.));
#9450=DIRECTION('',(0.,0.,1.));
#9451=DIRECTION('',(-8.67361737988404E-17,-1.,0.));
#9452=DIRECTION('',(1.,-8.67361737988404E-17,0.));
#9453=DIRECTION('',(0.,1.,0.));
#9454=DIRECTION('',(0.,0.,1.));
#9455=DIRECTION('',(-8.67361737988404E-17,-1.,2.93427018983114E-33));
#9456=DIRECTION('',(0.,1.,0.));
#9457=DIRECTION('',(0.,0.,1.));
#9458=DIRECTION('',(-8.67361737988404E-17,-1.,0.));
#9459=DIRECTION('',(1.,-8.67361737988404E-17,0.));
#9460=DIRECTION('',(0.,1.,0.));
#9461=DIRECTION('',(0.,0.,1.));
#9462=DIRECTION('',(0.,1.,0.));
#9463=DIRECTION('',(0.,0.,1.));
#9464=DIRECTION('',(-8.67361737988404E-17,-1.,-2.33610937086235E-33));
#9465=DIRECTION('',(-1.,0.,0.));
#9466=DIRECTION('',(0.,0.,1.));
#9467=DIRECTION('',(-1.,0.,0.));
#9468=DIRECTION('',(0.,0.,1.));
#9469=DIRECTION('',(-1.,0.,0.));
#9470=DIRECTION('',(0.,0.,1.));
#9471=DIRECTION('',(-1.,0.,0.));
#9472=DIRECTION('',(-0.0317405128507557,-0.0317405128507557,-0.998992031844069));
#9473=DIRECTION('',(-0.706394040068269,-0.706394040068269,0.0448878637502163));
#9474=DIRECTION('',(-0.0317405128507556,0.0317405128507556,-0.998992031844069));
#9475=DIRECTION('',(-0.706394040068269,0.706394040068269,0.044887863750216));
#9476=DIRECTION('',(0.0317405128507556,-0.0317405128507556,-0.998992031844069));
#9477=DIRECTION('',(0.706394040068269,-0.706394040068269,0.044887863750216));
#9478=DIRECTION('',(0.0317405128507555,0.0317405128507555,-0.998992031844069));
#9479=DIRECTION('',(0.706394040068269,0.706394040068269,0.0448878637502159));
#9480=DIRECTION('',(-0.250562807085731,-0.250562807085731,-0.935113126531029));
#9481=DIRECTION('',(-0.965925826289068,0.,0.258819045102521));
#9482=DIRECTION('',(-0.250562807085731,-0.250562807085731,-0.935113126531029));
#9483=DIRECTION('',(0.250562807085731,0.250562807085731,0.935113126531029));
#9484=DIRECTION('',(0.250562807085731,-0.250562807085731,-0.935113126531029));
#9485=DIRECTION('',(0.,0.965925826289068,-0.258819045102521));
#9486=DIRECTION('',(0.250562807085731,-0.250562807085731,-0.935113126531029));
#9487=DIRECTION('',(0.250562807085731,-0.250562807085731,-0.935113126531029));
#9488=DIRECTION('',(0.,-0.965925826289068,0.258819045102521));
#9489=DIRECTION('',(0.,0.258819045102521,0.965925826289068));
#9490=DIRECTION('',(1.,0.,0.));
#9491=DIRECTION('',(-0.250562807085731,0.250562807085731,-0.935113126531029));
#9492=DIRECTION('',(0.,0.965925826289068,0.258819045102521));
#9493=DIRECTION('',(0.250562807085731,-0.250562807085731,0.935113126531029));
#9494=DIRECTION('',(0.250562807085731,-0.250562807085731,0.935113126531029));
#9495=DIRECTION('',(-0.965925826289068,8.37807103457971E-17,0.258819045102521));
#9496=DIRECTION('',(0.258819045102521,-2.24489736784621E-17,0.965925826289068));
#9497=DIRECTION('',(8.67361737988404E-17,1.,-2.34811561258943E-34));
#9498=DIRECTION('',(0.250562807085731,0.250562807085731,-0.935113126531029));
#9499=DIRECTION('',(-0.965925826289068,0.,-0.258819045102521));
#9500=DIRECTION('',(-0.250562807085731,-0.250562807085731,0.935113126531029));
#9501=DIRECTION('',(0.250562807085731,0.250562807085731,-0.935113126531029));
#9502=DIRECTION('',(0.965925826289068,-8.37807103457971E-17,0.258819045102521));
#9503=DIRECTION('',(-0.258819045102521,2.24489736784621E-17,0.965925826289068));
#9504=DIRECTION('',(8.67361737988404E-17,1.,6.33585440571466E-34));
#9505=DIRECTION('',(0.,0.965925826289068,0.258819045102521));
#9506=DIRECTION('',(0.,-0.258819045102521,0.965925826289068));
#9507=DIRECTION('',(1.,0.,0.));
#9508=DIRECTION('',(1.80231010491097E-16,1.,0.));
#9509=DIRECTION('',(-1.,1.80231010491097E-16,0.));
#9510=DIRECTION('',(0.,0.,1.));
#9511=DIRECTION('',(-1.,1.80231010491097E-16,0.));
#9512=DIRECTION('',(0.,0.,1.));
#9513=DIRECTION('',(1.,-1.80231010491097E-16,0.));
#9514=DIRECTION('',(1.,-3.35752930834221E-16,0.));
#9515=DIRECTION('',(3.35752930834221E-16,1.,0.));
#9516=DIRECTION('',(0.,0.,1.));
#9517=DIRECTION('',(-3.35752930834221E-16,-1.,0.));
#9518=DIRECTION('',(0.,0.,1.));
#9519=DIRECTION('',(3.35752930834221E-16,1.,0.));
#9520=DIRECTION('',(1.80231010491097E-16,1.,0.));
#9521=DIRECTION('',(-1.,1.80231010491097E-16,0.));
#9522=DIRECTION('',(0.,0.,1.));
#9523=DIRECTION('',(1.,-1.80231010491097E-16,0.));
#9524=DIRECTION('',(0.,0.,1.));
#9525=DIRECTION('',(-1.,1.80231010491097E-16,0.));
#9526=DIRECTION('',(1.,-3.35752930834221E-16,0.));
#9527=DIRECTION('',(3.35752930834221E-16,1.,0.));
#9528=DIRECTION('',(0.,0.,1.));
#9529=DIRECTION('',(3.35752930834221E-16,1.,0.));
#9530=DIRECTION('',(0.,0.,1.));
#9531=DIRECTION('',(-3.35752930834221E-16,-1.,0.));
#9532=DIRECTION('',(0.,0.,1.));
#9533=DIRECTION('',(1.,0.,0.));
#9534=DIRECTION('',(0.,0.,1.));
#9535=DIRECTION('',(1.,0.,0.));
#9536=DIRECTION('',(0.,0.,1.));
#9537=DIRECTION('',(0.,0.,1.));
#9538=DIRECTION('',(1.,0.,0.));
#9539=DIRECTION('',(0.,0.,1.));
#9540=DIRECTION('',(0.,0.,1.));
#9541=DIRECTION('',(1.,0.,0.));
#9542=DIRECTION('',(0.,0.,1.));
#9543=DIRECTION('',(0.,0.,1.));
#9544=DIRECTION('',(1.,0.,0.));
#9545=DIRECTION('',(0.,0.,1.));
#9546=DIRECTION('',(0.,0.,1.));
#9547=DIRECTION('',(1.,0.,0.));
#9548=DIRECTION('',(0.,0.,1.));
#9549=DIRECTION('',(1.,0.,0.));
#9550=DIRECTION('',(0.,0.,1.));
#9551=DIRECTION('',(1.,0.,0.));
#9552=DIRECTION('',(0.,0.,1.));
#9553=DIRECTION('',(0.,0.,1.));
#9554=DIRECTION('',(1.,0.,0.));
#9555=DIRECTION('',(0.,0.,1.));
#9556=DIRECTION('',(0.,0.,1.));
#9557=DIRECTION('',(1.,0.,0.));
#9558=DIRECTION('',(0.,0.,1.));
#9559=DIRECTION('',(0.,0.,1.));
#9560=DIRECTION('',(1.,0.,0.));
#9561=DIRECTION('',(0.,0.,1.));
#9562=DIRECTION('',(0.,0.,1.));
#9563=DIRECTION('',(1.,0.,0.));
#9564=DIRECTION('',(0.,0.,1.));
#9565=DIRECTION('',(1.,0.,0.));
#9566=DIRECTION('',(0.,0.,1.));
#9567=DIRECTION('',(1.,0.,0.));
#9568=DIRECTION('',(0.,0.,1.));
#9569=DIRECTION('',(0.,0.,1.));
#9570=DIRECTION('',(1.,0.,0.));
#9571=DIRECTION('',(0.,0.,1.));
#9572=DIRECTION('',(0.,0.,1.));
#9573=DIRECTION('',(1.,0.,0.));
#9574=DIRECTION('',(0.,0.,1.));
#9575=DIRECTION('',(0.,0.,1.));
#9576=DIRECTION('',(1.,0.,0.));
#9577=DIRECTION('',(0.,0.,1.));
#9578=DIRECTION('',(0.,0.,1.));
#9579=DIRECTION('',(1.,0.,0.));
#9580=DIRECTION('',(0.,0.,-1.));
#9581=DIRECTION('',(1.,0.,0.));
#9582=DIRECTION('',(0.,0.,-1.));
#9583=DIRECTION('',(-1.,0.,0.));
#9584=DIRECTION('',(0.,0.,-1.));
#9585=DIRECTION('',(-1.,0.,0.));
#9586=DIRECTION('',(0.,0.,1.));
#9587=DIRECTION('',(1.,0.,0.));
#9588=DIRECTION('',(0.,0.,-1.));
#9589=DIRECTION('',(-1.,0.,0.));
#9590=DIRECTION('',(0.,0.,-1.));
#9591=DIRECTION('',(1.,0.,0.));
#9592=DIRECTION('',(0.,0.,-1.));
#9593=DIRECTION('',(-1.,0.,0.));
#9594=DIRECTION('',(0.,0.,1.));
#9595=DIRECTION('',(1.,0.,0.));
#9596=DIRECTION('',(0.,0.,-1.));
#9597=DIRECTION('',(-1.,0.,0.));
#9598=DIRECTION('',(0.,0.,-1.));
#9599=DIRECTION('',(1.,0.,0.));
#9600=DIRECTION('',(0.,0.,-1.));
#9601=DIRECTION('',(-1.,0.,0.));
#9602=DIRECTION('',(0.,0.,1.));
#9603=DIRECTION('',(1.,0.,0.));
#9604=DIRECTION('',(0.,0.,-1.));
#9605=DIRECTION('',(-1.,0.,0.));
#9606=DIRECTION('',(0.,0.,-1.));
#9607=DIRECTION('',(1.,0.,0.));
#9608=DIRECTION('',(0.,0.,-1.));
#9609=DIRECTION('',(-1.,0.,0.));
#9610=DIRECTION('',(0.,0.,1.));
#9611=DIRECTION('',(1.,0.,0.));
#9612=DIRECTION('',(0.,0.,-1.));
#9613=DIRECTION('',(-1.,0.,0.));
#9614=DIRECTION('',(0.,0.,-1.));
#9615=DIRECTION('',(1.,0.,0.));
#9616=DIRECTION('',(0.,0.,-1.));
#9617=DIRECTION('',(-1.,0.,0.));
#9618=DIRECTION('',(0.,0.,1.));
#9619=DIRECTION('',(1.,0.,0.));
#9620=DIRECTION('',(0.,0.,-1.));
#9621=DIRECTION('',(-1.,0.,0.));
#9622=DIRECTION('',(0.,0.,-1.));
#9623=DIRECTION('',(1.,0.,0.));
#9624=DIRECTION('',(0.,0.,1.));
#9625=DIRECTION('',(1.,0.,0.));
#9626=DIRECTION('',(0.,0.,-1.));
#9627=DIRECTION('',(-1.,0.,0.));
#9628=DIRECTION('',(0.,0.,-1.));
#9629=DIRECTION('',(1.,0.,0.));
#9630=DIRECTION('',(0.,0.,1.));
#9631=DIRECTION('',(1.,0.,0.));
#9632=DIRECTION('',(0.,0.,-1.));
#9633=DIRECTION('',(-1.,0.,0.));
#9634=DIRECTION('',(0.,0.,-1.));
#9635=DIRECTION('',(1.,0.,0.));
#9636=DIRECTION('',(0.,0.,1.));
#9637=DIRECTION('',(1.,0.,0.));
#9638=DIRECTION('',(0.,0.,-1.));
#9639=DIRECTION('',(-1.,0.,0.));
#9640=DIRECTION('',(0.,0.,-1.));
#9641=DIRECTION('',(1.,0.,0.));
#9642=DIRECTION('',(0.,0.,1.));
#9643=DIRECTION('',(1.,0.,0.));
#9644=DIRECTION('',(0.,1.,0.));
#9645=DIRECTION('',(0.,0.,1.));
#9646=DIRECTION('',(1.,0.,0.));
#9647=DIRECTION('',(0.,1.,0.));
#9648=DIRECTION('',(-1.,0.,0.));
#9649=DIRECTION('',(1.,0.,0.));
#9650=DIRECTION('',(0.,0.,-1.));
#9651=DIRECTION('',(0.,0.,1.));
#9652=DIRECTION('',(1.,0.,0.));
#9653=DIRECTION('',(0.,0.,-1.));
#9654=DIRECTION('',(0.,0.,1.));
#9655=DIRECTION('',(0.,1.,0.));
#9656=DIRECTION('',(0.,0.,1.));
#9657=DIRECTION('',(0.,1.,0.));
#9658=DIRECTION('',(0.,0.,1.));
#9659=DIRECTION('',(0.,0.,1.));
#9660=DIRECTION('',(-1.,0.,0.));
#9661=DIRECTION('',(0.,0.,1.));
#9662=DIRECTION('',(1.,0.,0.));
#9663=DIRECTION('',(0.,0.,-1.));
#9664=DIRECTION('',(0.,1.,0.));
#9665=DIRECTION('',(1.,0.,0.));
#9666=DIRECTION('',(0.,0.,-1.));
#9667=DIRECTION('',(0.,1.,0.));
#9668=DIRECTION('',(0.,0.,1.));
#9669=DIRECTION('',(1.,0.,0.));
#9670=DIRECTION('',(0.,0.,1.));
#9671=DIRECTION('',(1.,0.,0.));
#9672=DIRECTION('',(0.,0.,1.));
#9673=DIRECTION('',(1.,0.,0.));
#9674=DIRECTION('',(0.,1.,0.));
#9675=DIRECTION('',(0.,0.,1.));
#9676=DIRECTION('',(1.,0.,0.));
#9677=DIRECTION('',(0.,1.,0.));
#9678=DIRECTION('',(-1.,-1.20466908053945E-16,0.));
#9679=DIRECTION('',(1.,0.,0.));
#9680=DIRECTION('',(0.,0.,-1.));
#9681=DIRECTION('',(0.,0.,1.));
#9682=DIRECTION('',(1.,0.,0.));
#9683=DIRECTION('',(0.,0.,-1.));
#9684=DIRECTION('',(0.,0.,1.));
#9685=DIRECTION('',(-1.20466908053945E-16,1.,0.));
#9686=DIRECTION('',(-1.,-1.20466908053945E-16,0.));
#9687=DIRECTION('',(0.,1.,0.));
#9688=DIRECTION('',(0.,0.,1.));
#9689=DIRECTION('',(0.,0.,1.));
#9690=DIRECTION('',(-1.,0.,0.));
#9691=DIRECTION('',(0.,0.,1.));
#9692=DIRECTION('',(1.,0.,0.));
#9693=DIRECTION('',(0.,0.,-1.));
#9694=DIRECTION('',(0.,1.,0.));
#9695=DIRECTION('',(1.,0.,0.));
#9696=DIRECTION('',(0.,0.,-1.));
#9697=DIRECTION('',(0.,1.,0.));
#9698=DIRECTION('',(0.,0.,1.));
#9699=DIRECTION('',(1.,0.,0.));
#9700=DIRECTION('',(0.,0.,1.));
#9701=DIRECTION('',(1.,0.,0.));
#9702=DIRECTION('',(0.,0.,1.));
#9703=DIRECTION('',(1.,0.,0.));
#9704=DIRECTION('',(-1.80700362080917E-16,1.,0.));
#9705=DIRECTION('',(0.,0.,1.));
#9706=DIRECTION('',(1.,0.,0.));
#9707=DIRECTION('',(-1.80700362080917E-16,1.,0.));
#9708=DIRECTION('',(-1.,0.,0.));
#9709=DIRECTION('',(1.,1.80700362080917E-16,0.));
#9710=DIRECTION('',(-1.80700362080917E-16,1.,0.));
#9711=DIRECTION('',(0.,0.,1.));
#9712=DIRECTION('',(1.,1.80700362080917E-16,0.));
#9713=DIRECTION('',(-1.80700362080917E-16,1.,0.));
#9714=DIRECTION('',(0.,0.,1.));
#9715=DIRECTION('',(0.,1.,0.));
#9716=DIRECTION('',(0.,0.,1.));
#9717=DIRECTION('',(0.,1.,0.));
#9718=DIRECTION('',(0.,0.,1.));
#9719=DIRECTION('',(0.,0.,1.));
#9720=DIRECTION('',(-1.,0.,0.));
#9721=DIRECTION('',(0.,0.,1.));
#9722=DIRECTION('',(1.,1.80700362080917E-16,0.));
#9723=DIRECTION('',(-1.80700362080917E-16,1.,0.));
#9724=DIRECTION('',(-1.80700362080917E-16,1.,0.));
#9725=DIRECTION('',(1.,1.80700362080917E-16,0.));
#9726=DIRECTION('',(-1.80700362080917E-16,1.,0.));
#9727=DIRECTION('',(-1.80700362080917E-16,1.,0.));
#9728=DIRECTION('',(0.,0.,1.));
#9729=DIRECTION('',(1.,0.,0.));
#9730=DIRECTION('',(0.,0.,1.));
#9731=DIRECTION('',(1.,0.,0.));
#9732=DIRECTION('',(0.,0.,1.));
#9733=DIRECTION('',(1.,0.,0.));
#9734=DIRECTION('',(-1.80700362080917E-16,1.,0.));
#9735=DIRECTION('',(0.,0.,1.));
#9736=DIRECTION('',(1.,0.,0.));
#9737=DIRECTION('',(-1.80700362080917E-16,1.,0.));
#9738=DIRECTION('',(-1.,0.,0.));
#9739=DIRECTION('',(1.,1.80700362080917E-16,0.));
#9740=DIRECTION('',(-1.80700362080917E-16,1.,0.));
#9741=DIRECTION('',(0.,0.,1.));
#9742=DIRECTION('',(1.,1.80700362080917E-16,0.));
#9743=DIRECTION('',(-1.80700362080917E-16,1.,0.));
#9744=DIRECTION('',(0.,0.,1.));
#9745=DIRECTION('',(0.,1.,0.));
#9746=DIRECTION('',(0.,0.,1.));
#9747=DIRECTION('',(0.,1.,0.));
#9748=DIRECTION('',(0.,0.,1.));
#9749=DIRECTION('',(0.,0.,1.));
#9750=DIRECTION('',(-1.,0.,0.));
#9751=DIRECTION('',(0.,0.,1.));
#9752=DIRECTION('',(1.,1.80700362080917E-16,0.));
#9753=DIRECTION('',(-1.80700362080917E-16,1.,0.));
#9754=DIRECTION('',(-1.80700362080917E-16,1.,0.));
#9755=DIRECTION('',(1.,1.80700362080917E-16,0.));
#9756=DIRECTION('',(-1.80700362080917E-16,1.,0.));
#9757=DIRECTION('',(-1.80700362080917E-16,1.,0.));
#9758=DIRECTION('',(0.,0.,1.));
#9759=DIRECTION('',(1.,0.,0.));
#9760=DIRECTION('',(0.,0.,1.));
#9761=DIRECTION('',(1.,0.,0.));
#9762=DIRECTION('',(0.,0.,-1.));
#9763=DIRECTION('',(-1.,0.,0.));
#9764=DIRECTION('',(0.,0.,-1.));
#9765=DIRECTION('',(-1.,0.,0.));
#9766=DIRECTION('',(0.,0.,-1.));
#9767=DIRECTION('',(-1.,0.,0.));
#9768=DIRECTION('',(0.,0.,-1.));
#9769=DIRECTION('',(-1.,0.,0.));
#9770=DIRECTION('',(0.,0.,-1.));
#9771=DIRECTION('',(-1.,0.,0.));
#9772=DIRECTION('',(0.,0.,-1.));
#9773=DIRECTION('',(-1.,0.,0.));
#9774=DIRECTION('',(0.,0.,-1.));
#9775=DIRECTION('',(-1.,0.,0.));
#9776=DIRECTION('',(0.,0.,-1.));
#9777=DIRECTION('',(-1.,0.,0.));
#9778=DIRECTION('',(0.,0.,-1.));
#9779=DIRECTION('',(1.,0.,0.));
#9780=DIRECTION('',(0.,0.,-1.));
#9781=DIRECTION('',(1.,0.,0.));
#9782=DIRECTION('',(0.,-1.,0.));
#9783=DIRECTION('',(0.,0.,-1.));
#9784=DIRECTION('',(-1.,0.,0.));
#9785=DIRECTION('',(0.,0.,1.));
#9786=DIRECTION('',(1.,0.,0.));
#9787=DIRECTION('',(0.,0.,1.));
#9788=DIRECTION('',(1.,0.,0.));
#9789=DIRECTION('',(0.,0.,1.));
#9790=DIRECTION('',(1.,0.,0.));
#9791=DIRECTION('',(0.,0.,1.));
#9792=DIRECTION('',(1.,0.,0.));
#9793=DIRECTION('',(0.,0.,1.));
#9794=DIRECTION('',(1.,0.,0.));
#9795=DIRECTION('',(0.,0.,-1.));
#9796=DIRECTION('',(-1.,0.,0.));
#9797=DIRECTION('',(0.,0.,1.));
#9798=DIRECTION('',(1.,0.,0.));
#9799=DIRECTION('',(0.,0.,1.));
#9800=DIRECTION('',(1.,0.,0.));
#9801=DIRECTION('',(0.,0.,1.));
#9802=DIRECTION('',(1.,0.,0.));
#9803=DIRECTION('',(0.,0.,1.));
#9804=DIRECTION('',(1.,0.,0.));
#9805=DIRECTION('',(0.,0.,1.));
#9806=DIRECTION('',(1.,0.,0.));
#9807=DIRECTION('',(-0.707106781186548,2.37413174196135E-16,0.707106781186547));
#9808=DIRECTION('',(-3.35752930834221E-16,-1.,0.));
#9809=DIRECTION('',(0.707106781186547,0.,0.707106781186548));
#9810=DIRECTION('',(-0.707106781186547,0.,-0.707106781186548));
#9811=DIRECTION('',(0.,0.,1.));
#9812=DIRECTION('',(1.,0.,0.));
#9813=DIRECTION('',(0.,0.707106781186547,-0.707106781186548));
#9814=DIRECTION('',(0.,0.,1.));
#9815=DIRECTION('',(1.,0.,0.));
#9816=DIRECTION('',(0.,0.707106781186547,0.707106781186548));
#9817=DIRECTION('',(-1.27442569698358E-16,-0.707106781186548,-0.707106781186547));
#9818=DIRECTION('',(-1.,1.80231010491097E-16,0.));
#9819=DIRECTION('',(0.,0.707106781186547,-0.707106781186548));
#9820=DIRECTION('',(-1.27442569698358E-16,-0.707106781186548,0.707106781186548));
#9821=DIRECTION('',(1.,-1.80231010491097E-16,0.));
#9822=DIRECTION('',(0.,0.707106781186548,0.707106781186547));
#9823=DIRECTION('',(0.,0.,1.));
#9824=DIRECTION('',(1.,0.,0.));
#9825=DIRECTION('',(0.707106781186547,0.,-0.707106781186548));
#9826=DIRECTION('',(0.,0.,1.));
#9827=DIRECTION('',(1.,0.,0.));
#9828=DIRECTION('',(-0.707106781186547,0.,0.707106781186548));
#9829=DIRECTION('',(-0.707106781186548,2.37413174196135E-16,-0.707106781186547));
#9830=DIRECTION('',(3.35752930834221E-16,1.,0.));
#9831=DIRECTION('',(-1.,0.,0.));
#9832=DIRECTION('',(0.,0.,1.));
#9833=DIRECTION('',(-1.,0.,0.));
#9834=DIRECTION('',(0.,0.,1.));
#9835=DIRECTION('',(-1.,0.,0.));
#9836=DIRECTION('',(0.,0.,1.));
#9837=DIRECTION('',(-1.,0.,0.));
#9838=DIRECTION('',(0.,0.,1.));
#9839=DIRECTION('',(1.,-5.33761069531325E-16,0.));
#9840=DIRECTION('',(5.33761069531325E-16,1.,0.));
#9841=DIRECTION('',(1.,-5.33761069531325E-16,0.));
#9842=DIRECTION('',(5.33761069531325E-16,1.,0.));
#9843=DIRECTION('',(0.,0.,1.));
#9844=DIRECTION('',(1.,-5.33761069531325E-16,0.));
#9845=DIRECTION('',(5.33761069531325E-16,1.,0.));
#9846=DIRECTION('',(-5.33761069531325E-16,-1.,0.));
#9847=DIRECTION('',(1.,-5.33761069531325E-16,0.));
#9848=DIRECTION('',(5.33761069531325E-16,1.,0.));
#9849=DIRECTION('',(0.,0.,1.));
#9850=DIRECTION('',(1.,-5.33761069531325E-16,0.));
#9851=DIRECTION('',(5.33761069531325E-16,1.,0.));
#9852=DIRECTION('',(0.,1.,0.));
#9853=DIRECTION('',(0.,0.,1.));
#9854=DIRECTION('',(1.,0.,0.));
#9855=DIRECTION('',(0.,1.,0.));
#9856=DIRECTION('',(0.,0.,1.));
#9857=DIRECTION('',(1.,0.,0.));
#9858=DIRECTION('',(0.,1.,0.));
#9859=DIRECTION('',(0.,0.,1.));
#9860=DIRECTION('',(0.,0.,1.));
#9861=DIRECTION('',(-1.,0.,0.));
#9862=DIRECTION('',(0.,0.,1.));
#9863=DIRECTION('',(4.95635278850516E-16,1.,0.));
#9864=DIRECTION('',(-1.,4.95635278850516E-16,0.));
#9865=DIRECTION('',(1.,-4.95635278850516E-16,0.));
#9866=DIRECTION('',(4.95635278850516E-16,1.,0.));
#9867=DIRECTION('',(-1.,4.95635278850516E-16,0.));
#9868=DIRECTION('',(1.,-4.95635278850516E-16,0.));
#9869=DIRECTION('',(4.95635278850516E-16,1.,0.));
#9870=DIRECTION('',(-1.,4.95635278850516E-16,0.));
#9871=DIRECTION('',(-1.,4.95635278850516E-16,0.));
#9872=DIRECTION('',(0.,0.,1.));
#9873=DIRECTION('',(0.,0.,1.));
#9874=DIRECTION('',(-1.,5.33761069531325E-16,0.));
#9875=DIRECTION('',(-5.33761069531325E-16,-1.,0.));
#9876=DIRECTION('',(-1.,5.33761069531325E-16,0.));
#9877=DIRECTION('',(1.,-5.33761069531325E-16,0.));
#9878=DIRECTION('',(5.33761069531325E-16,1.,0.));
#9879=DIRECTION('',(1.,-5.33761069531325E-16,0.));
#9880=DIRECTION('',(5.33761069531325E-16,1.,0.));
#9881=DIRECTION('',(0.,0.,1.));
#9882=DIRECTION('',(1.,0.,0.));
#9883=DIRECTION('',(-1.,5.33761069531325E-16,0.));
#9884=DIRECTION('',(-5.33761069531325E-16,-1.,0.));
#9885=DIRECTION('',(5.33761069531325E-16,1.,0.));
#9886=DIRECTION('',(-1.,5.33761069531325E-16,0.));
#9887=DIRECTION('',(-5.33761069531325E-16,-1.,0.));
#9888=DIRECTION('',(1.,-5.33761069531325E-16,0.));
#9889=DIRECTION('',(5.33761069531325E-16,1.,0.));
#9890=DIRECTION('',(1.,-5.33761069531325E-16,0.));
#9891=DIRECTION('',(5.33761069531325E-16,1.,0.));
#9892=DIRECTION('',(4.95635278850516E-16,1.,0.));
#9893=DIRECTION('',(-1.,4.95635278850516E-16,0.));
#9894=DIRECTION('',(4.95635278850516E-16,1.,0.));
#9895=DIRECTION('',(0.,1.,0.));
#9896=DIRECTION('',(0.,0.,1.));
#9897=DIRECTION('',(4.95635278850516E-16,1.,0.));
#9898=DIRECTION('',(4.95635278850516E-16,1.,0.));
#9899=DIRECTION('',(-1.,4.95635278850516E-16,0.));
#9900=DIRECTION('',(0.,0.,1.));
#9901=DIRECTION('',(1.,0.,0.));
#9902=DIRECTION('',(1.,0.,0.));
#9903=DIRECTION('',(4.95635278850516E-16,1.,0.));
#9904=DIRECTION('',(1.,-4.95635278850516E-16,0.));
#9905=DIRECTION('',(4.95635278850516E-16,1.,0.));
#9906=DIRECTION('',(-1.,4.95635278850516E-16,0.));
#9907=DIRECTION('',(0.,1.,0.));
#9908=DIRECTION('',(0.,0.,1.));
#9909=DIRECTION('',(4.95635278850516E-16,1.,0.));
#9910=DIRECTION('',(4.95635278850516E-16,1.,0.));
#9911=DIRECTION('',(-1.,4.95635278850516E-16,0.));
#9912=DIRECTION('',(0.,0.,1.));
#9913=DIRECTION('',(1.,0.,0.));
#9914=DIRECTION('',(1.,0.,0.));
#9915=DIRECTION('',(1.,-4.95635278850516E-16,0.));
#9916=DIRECTION('',(0.,0.,1.));
#9917=DIRECTION('',(1.,0.,0.));
#9918=DIRECTION('',(4.95635278850516E-16,1.,0.));
#9919=DIRECTION('',(1.,-4.95635278850516E-16,0.));
#9920=DIRECTION('',(4.95635278850516E-16,1.,0.));
#9921=DIRECTION('',(4.95635278850516E-16,1.,0.));
#9922=DIRECTION('',(-1.,4.95635278850516E-16,0.));
#9923=DIRECTION('',(4.95635278850516E-16,1.,0.));
#9924=DIRECTION('',(-4.95635278850516E-16,-1.,0.));
#9925=DIRECTION('',(-1.,4.95635278850516E-16,0.));
#9926=DIRECTION('',(0.,0.,1.));
#9927=DIRECTION('',(1.,0.,0.));
#9928=DIRECTION('',(4.95635278850516E-16,1.,0.));
#9929=DIRECTION('',(1.,-4.95635278850516E-16,0.));
#9930=DIRECTION('',(4.95635278850516E-16,1.,0.));
#9931=DIRECTION('',(-1.,4.95635278850516E-16,0.));
#9932=DIRECTION('',(-4.95635278850516E-16,-1.,0.));
#9933=DIRECTION('',(-1.,4.95635278850516E-16,0.));
#9934=DIRECTION('',(4.95635278850516E-16,1.,0.));
#9935=DIRECTION('',(-1.,4.95635278850516E-16,0.));
#9936=DIRECTION('',(1.,0.,0.));
#9937=DIRECTION('',(0.,0.,-1.));
#9938=DIRECTION('',(1.,-5.33761069531325E-16,0.));
#9939=DIRECTION('',(5.33761069531325E-16,1.,0.));
#9940=DIRECTION('',(1.,-5.33761069531325E-16,0.));
#9941=DIRECTION('',(5.33761069531325E-16,1.,0.));
#9942=DIRECTION('',(-1.,4.95635278850516E-16,0.));
#9943=DIRECTION('',(-4.95635278850516E-16,-1.,0.));
#9944=DIRECTION('',(1.,-5.33761069531325E-16,0.));
#9945=DIRECTION('',(5.33761069531325E-16,1.,0.));
#9946=DIRECTION('',(1.,-5.33761069531325E-16,0.));
#9947=DIRECTION('',(5.33761069531325E-16,1.,0.));
#9948=DIRECTION('',(0.,1.,0.));
#9949=DIRECTION('',(0.,0.,1.));
#9950=DIRECTION('',(-1.,0.,0.));
#9951=DIRECTION('',(0.,0.,1.));
#9952=DIRECTION('',(-1.,0.,0.));
#9953=DIRECTION('',(0.,0.,1.));
#9954=DIRECTION('',(1.,0.,0.));
#9955=DIRECTION('',(0.,0.,-1.));
#9956=DIRECTION('',(-1.,0.,0.));
#9957=DIRECTION('',(0.,0.,1.));
#9958=DIRECTION('',(-1.,0.,0.));
#9959=DIRECTION('',(0.,0.,1.));
#9960=DIRECTION('',(-1.,0.,0.));
#9961=DIRECTION('',(0.,0.,1.));
#9962=DIRECTION('',(0.,1.,0.));
#9963=DIRECTION('',(0.,0.,1.));
#9964=DIRECTION('',(4.95635278850516E-16,1.,0.));
#9965=DIRECTION('',(-1.,4.95635278850516E-16,0.));
#9966=DIRECTION('',(-1.,0.,0.));
#9967=DIRECTION('',(0.,0.,1.));
#9968=DIRECTION('',(-1.,0.,0.));
#9969=DIRECTION('',(0.,0.,1.));
#9970=DIRECTION('',(-1.,4.95635278850516E-16,0.));
#9971=DIRECTION('',(-4.95635278850516E-16,-1.,0.));
#9972=DIRECTION('',(-1.,0.,0.));
#9973=DIRECTION('',(0.,0.,1.));
#9974=DIRECTION('',(1.,-4.95635278850516E-16,0.));
#9975=DIRECTION('',(4.95635278850516E-16,1.,0.));
#9976=DIRECTION('',(-1.,0.,0.));
#9977=DIRECTION('',(0.,0.,1.));
#9978=DIRECTION('',(4.95635278850516E-16,1.,0.));
#9979=DIRECTION('',(-1.,4.95635278850516E-16,0.));
#9980=DIRECTION('',(1.,-5.33761069531325E-16,0.));
#9981=DIRECTION('',(5.33761069531325E-16,1.,0.));
#9982=DIRECTION('',(0.,0.,-1.));
#9983=DIRECTION('',(-1.,0.,0.));
#9984=DIRECTION('',(0.,0.,-1.));
#9985=DIRECTION('',(-1.,0.,0.));
#9986=DIRECTION('',(1.,-5.33761069531325E-16,0.));
#9987=DIRECTION('',(5.33761069531325E-16,1.,0.));
#9988=DIRECTION('',(0.,1.,-3.46944695195359E-15));
#9989=DIRECTION('',(0.,3.46944695195359E-15,1.));
#9990=DIRECTION('',(5.33761069531325E-16,1.,0.));
#9991=DIRECTION('',(-1.,5.33761069531325E-16,0.));
#9992=DIRECTION('',(0.,1.,6.93889390390722E-15));
#9993=DIRECTION('',(0.,-6.93889390390722E-15,1.));
#9994=DIRECTION('',(1.,-5.33761069531325E-16,0.));
#9995=DIRECTION('',(5.33761069531325E-16,1.,0.));
#9996=DIRECTION('',(1.,-5.33761069531325E-16,0.));
#9997=DIRECTION('',(5.33761069531325E-16,1.,0.));
#9998=DIRECTION('',(0.,-1.,-6.93889390390727E-15));
#9999=DIRECTION('',(0.,6.93889390390727E-15,-1.));
#10000=DIRECTION('',(5.33761069531325E-16,1.,0.));
#10001=DIRECTION('',(-1.,5.33761069531325E-16,0.));
#10002=DIRECTION('',(0.,-1.,6.93889390390722E-15));
#10003=DIRECTION('',(0.,-6.93889390390722E-15,-1.));
#10004=DIRECTION('',(1.,-5.33761069531325E-16,0.));
#10005=DIRECTION('',(5.33761069531325E-16,1.,0.));
#10006=DIRECTION('',(0.,0.,1.));
#10007=DIRECTION('',(1.,0.,0.));
#10008=DIRECTION('',(0.,0.,1.));
#10009=DIRECTION('',(1.,0.,0.));
#10010=DIRECTION('',(1.,-5.33761069531325E-16,0.));
#10011=DIRECTION('',(5.33761069531325E-16,1.,0.));
#10012=DIRECTION('',(0.,0.,1.));
#10013=DIRECTION('',(1.,0.,0.));
#10014=DIRECTION('',(0.,0.,1.));
#10015=DIRECTION('',(1.,0.,0.));
#10016=DIRECTION('',(1.,-5.33761069531325E-16,0.));
#10017=DIRECTION('',(5.33761069531325E-16,1.,0.));
#10018=DIRECTION('',(0.,0.,-1.));
#10019=DIRECTION('',(-1.,0.,0.));
#10020=DIRECTION('',(0.,0.,1.));
#10021=DIRECTION('',(1.,0.,0.));
#10022=DIRECTION('',(1.,-5.33761069531325E-16,0.));
#10023=DIRECTION('',(5.33761069531325E-16,1.,0.));
#10024=DIRECTION('',(0.707106781186544,-2.37413174196134E-16,0.707106781186551));
#10025=DIRECTION('',(3.35752930834221E-16,1.,0.));
#10026=DIRECTION('',(-0.707106781186551,0.,0.707106781186545));
#10027=DIRECTION('',(0.707106781186551,0.,-0.707106781186545));
#10028=DIRECTION('',(0.,0.,-1.));
#10029=DIRECTION('',(-1.,0.,0.));
#10030=DIRECTION('',(0.,-0.707106781186551,-0.707106781186545));
#10031=DIRECTION('',(0.,0.,-1.));
#10032=DIRECTION('',(-1.,0.,0.));
#10033=DIRECTION('',(0.,-0.707106781186548,0.707106781186548));
#10034=DIRECTION('',(1.27442569698358E-16,0.707106781186545,-0.707106781186551));
#10035=DIRECTION('',(1.,-1.80231010491097E-16,0.));
#10036=DIRECTION('',(0.,-0.707106781186551,-0.707106781186545));
#10037=DIRECTION('',(1.27442569698358E-16,0.707106781186548,0.707106781186548));
#10038=DIRECTION('',(-1.,1.80231010491097E-16,0.));
#10039=DIRECTION('',(0.,-0.707106781186548,0.707106781186548));
#10040=DIRECTION('',(0.,0.,-1.));
#10041=DIRECTION('',(-1.,0.,0.));
#10042=DIRECTION('',(-0.707106781186551,0.,-0.707106781186545));
#10043=DIRECTION('',(0.,0.,-1.));
#10044=DIRECTION('',(-1.,0.,0.));
#10045=DIRECTION('',(0.707106781186551,0.,0.707106781186545));
#10046=DIRECTION('',(0.707106781186545,-2.37413174196134E-16,-0.70710678118655));
#10047=DIRECTION('',(-3.35752930834221E-16,-1.,0.));
#10048=DIRECTION('',(1.,0.,0.));
#10049=DIRECTION('',(0.,0.,-1.));
#10050=DIRECTION('',(1.,0.,0.));
#10051=DIRECTION('',(0.,0.,-1.));
#10052=DIRECTION('',(0.,0.,-1.));
#10053=DIRECTION('',(-1.,0.,0.));
#10054=DIRECTION('',(0.,0.,-1.));
#10055=DIRECTION('',(-1.,0.,0.));
#10056=DIRECTION('',(0.,0.,1.));
#10057=DIRECTION('',(1.,0.,0.));
#10058=DIRECTION('',(0.,0.,-1.));
#10059=DIRECTION('',(-1.,0.,0.));
#10060=DIRECTION('',(0.,0.,-1.));
#10061=DIRECTION('',(-1.,0.,0.));
#10062=DIRECTION('',(0.,0.,1.));
#10063=DIRECTION('',(1.,0.,0.));
#10064=DIRECTION('',(0.,0.,-1.));
#10065=DIRECTION('',(-1.,0.,0.));
#10066=DIRECTION('',(0.,0.,-1.));
#10067=DIRECTION('',(-1.,0.,0.));
#10068=DIRECTION('',(0.,0.,1.));
#10069=DIRECTION('',(1.,0.,0.));
#10070=DIRECTION('',(0.,0.,-1.));
#10071=DIRECTION('',(-1.,0.,0.));
#10072=DIRECTION('',(0.,0.,-1.));
#10073=DIRECTION('',(-1.,0.,0.));
#10074=DIRECTION('',(0.,0.,1.));
#10075=DIRECTION('',(1.,0.,0.));
#10076=DIRECTION('',(0.793353340291248,-6.88124332073922E-17,-0.608761429008704));
#10077=DIRECTION('',(8.67361737988404E-17,1.,0.));
#10078=DIRECTION('',(0.,0.793353340291255,-0.608761429008695));
#10079=DIRECTION('',(1.,0.,0.));
#10080=DIRECTION('',(0.,-0.793353340291255,-0.608761429008695));
#10081=DIRECTION('',(1.,0.,0.));
#10082=DIRECTION('',(-0.793353340291235,6.88124332073911E-17,-0.608761429008722));
#10083=DIRECTION('',(8.67361737988404E-17,1.,0.));
#10084=DIRECTION('',(0.,1.,0.));
#10085=DIRECTION('',(0.,0.,1.));
#10086=DIRECTION('',(-1.,0.,0.));
#10087=DIRECTION('',(0.,0.,1.));
#10088=DIRECTION('',(-1.,0.,0.));
#10089=DIRECTION('',(0.,0.,1.));
#10090=DIRECTION('',(0.964892663396437,-0.262644528067367,0.));
#10091=DIRECTION('',(0.262644528067367,0.964892663396437,0.));
#10092=DIRECTION('',(0.262644528067367,0.964892663396437,0.));
#10093=DIRECTION('',(0.,0.,1.));
#10094=DIRECTION('',(0.262644528067367,0.964892663396437,0.));
#10095=DIRECTION('',(0.,0.,1.));
#10096=DIRECTION('',(0.967746905540712,-0.251924446642988,0.));
#10097=DIRECTION('',(0.,0.,1.));
#10098=DIRECTION('',(1.,0.,0.));
#10099=DIRECTION('',(0.,0.,1.));
#10100=DIRECTION('',(0.,0.,1.));
#10101=DIRECTION('',(1.,0.,0.));
#10102=DIRECTION('',(0.,-1.,0.));
#10103=DIRECTION('',(0.,0.,-1.));
#10104=DIRECTION('',(1.,0.,0.));
#10105=DIRECTION('',(0.,0.,1.));
#10106=DIRECTION('',(1.,0.,0.));
#10107=DIRECTION('',(0.,0.,1.));
#10108=DIRECTION('',(-0.964488738854597,-0.264123972071201,0.));
#10109=DIRECTION('',(0.264123972071201,-0.964488738854597,0.));
#10110=DIRECTION('',(0.,0.,1.));
#10111=DIRECTION('',(0.264123972071201,-0.964488738854597,0.));
#10112=DIRECTION('',(0.,0.,1.));
#10113=DIRECTION('',(0.,-1.,0.));
#10114=DIRECTION('',(0.,0.,-1.));
#10115=DIRECTION('',(0.,0.,1.));
#10116=DIRECTION('',(1.,0.,0.));
#10117=DIRECTION('',(0.951986723572849,0.306139311655711,0.));
#10118=DIRECTION('',(-0.306139311655711,0.951986723572849,0.));
#10119=DIRECTION('',(0.,0.,1.));
#10120=DIRECTION('',(-0.306139311655711,0.951986723572849,0.));
#10121=DIRECTION('',(0.,1.,0.));
#10122=DIRECTION('',(0.,0.,1.));
#10123=DIRECTION('',(0.,0.,1.));
#10124=DIRECTION('',(-1.,0.,0.));
#10125=DIRECTION('',(-0.952337721265197,0.305045676342759,0.));
#10126=DIRECTION('',(-0.305045676342759,-0.952337721265197,0.));
#10127=DIRECTION('',(0.,0.,1.));
#10128=DIRECTION('',(-0.305045676342759,-0.952337721265197,0.));
#10129=DIRECTION('',(0.,-1.,0.));
#10130=DIRECTION('',(0.,0.,-1.));
#10131=DIRECTION('',(0.,0.,1.));
#10132=DIRECTION('',(1.,0.,0.));
#10133=DIRECTION('',(0.964488738854596,-0.264123972071204,0.));
#10134=DIRECTION('',(0.264123972071204,0.964488738854596,0.));
#10135=DIRECTION('',(0.,0.,1.));
#10136=DIRECTION('',(0.264123972071204,0.964488738854596,0.));
#10137=DIRECTION('',(0.,-1.,0.));
#10138=DIRECTION('',(0.,0.,-1.));
#10139=DIRECTION('',(1.,0.,0.));
#10140=DIRECTION('',(-0.965363393028267,-0.260909025142774,0.));
#10141=DIRECTION('',(0.260909025142774,-0.965363393028267,0.));
#10142=DIRECTION('',(0.260909025142774,-0.965363393028267,0.));
#10143=DIRECTION('',(0.260909025142774,-0.965363393028267,0.));
#10144=DIRECTION('',(0.,0.,1.));
#10145=DIRECTION('',(1.,0.,0.));
#10146=DIRECTION('',(1.,0.,0.));
#10147=DIRECTION('',(0.,0.,-1.));
#10148=DIRECTION('',(0.,1.,0.));
#10149=DIRECTION('',(0.,0.,1.));
#10150=DIRECTION('',(0.,1.,0.));
#10151=DIRECTION('',(0.,0.,1.));
#10152=DIRECTION('',(0.,-1.,0.));
#10153=DIRECTION('',(0.,0.,-1.));
#10154=DIRECTION('',(1.,0.,0.));
#10155=DIRECTION('',(0.,0.,1.));
#10156=DIRECTION('',(1.,0.,0.));
#10157=DIRECTION('',(0.,0.,1.));
#10158=DIRECTION('',(0.,0.,1.));
#10159=DIRECTION('',(0.,-1.,0.));
#10160=DIRECTION('',(0.,0.,-1.));
#10161=DIRECTION('',(0.,0.,1.));
#10162=DIRECTION('',(1.,0.,0.));
#10163=DIRECTION('',(0.,0.,1.));
#10164=DIRECTION('',(0.86824314212446,0.496138938356833,0.));
#10165=DIRECTION('',(-0.496138938356833,0.86824314212446,0.));
#10166=DIRECTION('',(0.,0.,1.));
#10167=DIRECTION('',(-0.496138938356832,0.86824314212446,0.));
#10168=DIRECTION('',(0.,0.,1.));
#10169=DIRECTION('',(0.,0.,1.));
#10170=DIRECTION('',(0.,1.,0.));
#10171=DIRECTION('',(0.,0.,1.));
#10172=DIRECTION('',(0.,0.,1.));
#10173=DIRECTION('',(-1.,0.,0.));
#10174=DIRECTION('',(-1.,0.,0.));
#10175=DIRECTION('',(0.,0.,1.));
#10176=DIRECTION('',(0.,0.,1.));
#10177=DIRECTION('',(0.,-1.,0.));
#10178=DIRECTION('',(0.,-1.,0.));
#10179=DIRECTION('',(0.,0.,-1.));
#10180=DIRECTION('',(0.,0.,1.));
#10181=DIRECTION('',(1.,0.,0.));
#10182=DIRECTION('',(1.,0.,0.));
#10183=DIRECTION('',(0.,0.,-1.));
#10184=DIRECTION('',(0.,0.,1.));
#10185=DIRECTION('',(0.,1.,0.));
#10186=DIRECTION('',(0.,-1.,0.));
#10187=DIRECTION('',(0.,0.,-1.));
#10188=DIRECTION('',(0.,0.,1.));
#10189=DIRECTION('',(1.,0.,0.));
#10190=DIRECTION('',(-0.878812303337148,-0.477167617827591,0.));
#10191=DIRECTION('',(0.477167617827591,-0.878812303337148,0.));
#10192=DIRECTION('',(0.477167617827591,-0.878812303337148,0.));
#10193=DIRECTION('',(0.,1.,0.));
#10194=DIRECTION('',(0.,0.,1.));
#10195=DIRECTION('',(-1.,0.,0.));
#10196=DIRECTION('',(-1.,0.,0.));
#10197=DIRECTION('',(0.,0.,1.));
#10198=DIRECTION('',(1.,0.,0.));
#10199=DIRECTION('',(0.,1.,0.));
#10200=DIRECTION('',(0.,0.,1.));
#10201=DIRECTION('',(-1.,0.,0.));
#10202=DIRECTION('',(0.,0.,1.));
#10203=DIRECTION('',(-1.,0.,0.));
#10204=DIRECTION('',(0.,0.,1.));
#10205=DIRECTION('',(0.964892663396437,-0.262644528067367,0.));
#10206=DIRECTION('',(0.262644528067367,0.964892663396437,0.));
#10207=DIRECTION('',(0.262644528067367,0.964892663396437,0.));
#10208=DIRECTION('',(0.,0.,1.));
#10209=DIRECTION('',(0.262644528067367,0.964892663396437,0.));
#10210=DIRECTION('',(0.,0.,1.));
#10211=DIRECTION('',(0.967746905540714,-0.251924446642983,0.));
#10212=DIRECTION('',(0.,0.,1.));
#10213=DIRECTION('',(1.,0.,0.));
#10214=DIRECTION('',(0.,0.,1.));
#10215=DIRECTION('',(0.,0.,1.));
#10216=DIRECTION('',(1.,0.,0.));
#10217=DIRECTION('',(0.,-1.,0.));
#10218=DIRECTION('',(0.,0.,-1.));
#10219=DIRECTION('',(1.,0.,0.));
#10220=DIRECTION('',(0.,0.,1.));
#10221=DIRECTION('',(1.,0.,0.));
#10222=DIRECTION('',(0.,0.,1.));
#10223=DIRECTION('',(-0.964488738854598,-0.264123972071198,0.));
#10224=DIRECTION('',(0.264123972071198,-0.964488738854598,0.));
#10225=DIRECTION('',(0.,0.,1.));
#10226=DIRECTION('',(0.264123972071198,-0.964488738854598,0.));
#10227=DIRECTION('',(0.,0.,1.));
#10228=DIRECTION('',(0.,-1.,0.));
#10229=DIRECTION('',(0.,0.,-1.));
#10230=DIRECTION('',(0.,0.,1.));
#10231=DIRECTION('',(1.,0.,0.));
#10232=DIRECTION('',(0.951986723572849,0.306139311655711,0.));
#10233=DIRECTION('',(-0.306139311655711,0.951986723572849,0.));
#10234=DIRECTION('',(0.,0.,1.));
#10235=DIRECTION('',(-0.306139311655711,0.951986723572849,0.));
#10236=DIRECTION('',(0.,1.,0.));
#10237=DIRECTION('',(0.,0.,1.));
#10238=DIRECTION('',(0.,0.,1.));
#10239=DIRECTION('',(-1.,0.,0.));
#10240=DIRECTION('',(-0.952337721265197,0.305045676342759,0.));
#10241=DIRECTION('',(-0.305045676342759,-0.952337721265197,0.));
#10242=DIRECTION('',(0.,0.,1.));
#10243=DIRECTION('',(-0.305045676342759,-0.952337721265197,0.));
#10244=DIRECTION('',(0.,-1.,0.));
#10245=DIRECTION('',(0.,0.,-1.));
#10246=DIRECTION('',(0.,0.,1.));
#10247=DIRECTION('',(1.,0.,0.));
#10248=DIRECTION('',(0.964488738854596,-0.264123972071205,0.));
#10249=DIRECTION('',(0.264123972071205,0.964488738854596,0.));
#10250=DIRECTION('',(0.,0.,1.));
#10251=DIRECTION('',(0.264123972071205,0.964488738854596,0.));
#10252=DIRECTION('',(0.,-1.,0.));
#10253=DIRECTION('',(0.,0.,-1.));
#10254=DIRECTION('',(1.,0.,0.));
#10255=DIRECTION('',(-0.965363393028267,-0.260909025142774,0.));
#10256=DIRECTION('',(0.260909025142774,-0.965363393028267,0.));
#10257=DIRECTION('',(0.260909025142774,-0.965363393028267,0.));
#10258=DIRECTION('',(0.260909025142774,-0.965363393028267,0.));
#10259=DIRECTION('',(0.,0.,1.));
#10260=DIRECTION('',(1.,0.,0.));
#10261=DIRECTION('',(-1.,0.,0.));
#10262=DIRECTION('',(0.,0.,1.));
#10263=DIRECTION('',(0.,0.,1.));
#10264=DIRECTION('',(0.,-1.,0.));
#10265=DIRECTION('',(0.,0.,1.));
#10266=DIRECTION('',(0.,-1.,0.));
#10267=DIRECTION('',(0.,0.,-1.));
#10268=DIRECTION('',(0.,0.,1.));
#10269=DIRECTION('',(1.,0.,0.));
#10270=DIRECTION('',(0.,0.,1.));
#10271=DIRECTION('',(0.,0.,1.));
#10272=DIRECTION('',(0.,1.,0.));
#10273=DIRECTION('',(0.,0.,1.));
#10274=DIRECTION('',(-1.,0.,0.));
#10275=DIRECTION('',(0.,0.,1.));
#10276=DIRECTION('',(-1.,0.,0.));
#10277=DIRECTION('',(0.,0.,1.));
#10278=DIRECTION('',(1.,0.,0.));
#10279=DIRECTION('',(0.,0.,-1.));
#10280=DIRECTION('',(0.,1.,0.));
#10281=DIRECTION('',(0.,0.,1.));
#10282=DIRECTION('',(0.,1.,0.));
#10283=DIRECTION('',(0.,-1.,0.));
#10284=DIRECTION('',(0.,0.,-1.));
#10285=DIRECTION('',(1.,0.,0.));
#10286=DIRECTION('',(0.,0.,1.));
#10287=DIRECTION('',(1.,0.,0.));
#10288=DIRECTION('',(0.,0.,1.));
#10289=DIRECTION('',(0.,1.,0.));
#10290=DIRECTION('',(0.,0.,1.));
#10291=DIRECTION('',(-1.,0.,0.));
#10292=DIRECTION('',(0.,0.,1.));
#10293=DIRECTION('',(1.,0.,0.));
#10294=DIRECTION('',(0.,0.,1.));
#10295=DIRECTION('',(1.,0.,0.));
#10296=DIRECTION('',(-1.,0.,0.));
#10297=DIRECTION('',(0.,0.,1.));
#10298=DIRECTION('',(0.,0.,1.));
#10299=DIRECTION('',(0.,-1.,0.));
#10300=DIRECTION('',(0.,0.,1.));
#10301=DIRECTION('',(0.,-1.,0.));
#10302=DIRECTION('',(0.,0.,-1.));
#10303=DIRECTION('',(0.,0.,1.));
#10304=DIRECTION('',(1.,0.,0.));
#10305=DIRECTION('',(1.,0.,0.));
#10306=DIRECTION('',(0.,0.,-1.));
#10307=DIRECTION('',(0.,0.,1.));
#10308=DIRECTION('',(0.,1.,0.));
#10309=DIRECTION('',(0.,1.,0.));
#10310=DIRECTION('',(0.,0.,1.));
#10311=DIRECTION('',(0.,0.,1.));
#10312=DIRECTION('',(-1.,0.,0.));
#10313=DIRECTION('',(1.,0.,0.));
#10314=DIRECTION('',(0.,0.,-1.));
#10315=DIRECTION('',(0.,0.,1.));
#10316=DIRECTION('',(0.,1.,0.));
#10317=DIRECTION('',(0.,1.,0.));
#10318=DIRECTION('',(0.,0.,1.));
#10319=DIRECTION('',(0.,0.,1.));
#10320=DIRECTION('',(-1.,0.,0.));
#10321=DIRECTION('',(0.,0.,1.));
#10322=DIRECTION('',(-1.,0.,0.));
#10323=DIRECTION('',(0.,0.,1.));
#10324=DIRECTION('',(0.,0.,1.));
#10325=DIRECTION('',(0.,-1.,0.));
#10326=DIRECTION('',(0.,-1.,0.));
#10327=DIRECTION('',(0.,0.,-1.));
#10328=DIRECTION('',(0.,0.,1.));
#10329=DIRECTION('',(1.,0.,0.));
#10330=DIRECTION('',(-1.,0.,0.));
#10331=DIRECTION('',(0.,0.,1.));
#10332=DIRECTION('',(0.,0.,1.));
#10333=DIRECTION('',(0.,-1.,0.));
#10334=DIRECTION('',(0.,1.,0.));
#10335=DIRECTION('',(0.,0.,1.));
#10336=DIRECTION('',(-1.,0.,0.));
#10337=DIRECTION('',(0.,0.,1.));
#10338=DIRECTION('',(1.,0.,0.));
#10339=DIRECTION('',(-1.,0.,0.));
#10340=DIRECTION('',(0.,0.,1.));
#10341=DIRECTION('',(0.,0.,1.));
#10342=DIRECTION('',(0.,-1.,0.));
#10343=DIRECTION('',(0.,0.,1.));
#10344=DIRECTION('',(0.,-1.,0.));
#10345=DIRECTION('',(0.,0.,-1.));
#10346=DIRECTION('',(0.,0.,1.));
#10347=DIRECTION('',(1.,0.,0.));
#10348=DIRECTION('',(1.,0.,0.));
#10349=DIRECTION('',(0.,0.,-1.));
#10350=DIRECTION('',(0.,0.,1.));
#10351=DIRECTION('',(0.,1.,0.));
#10352=DIRECTION('',(0.,1.,0.));
#10353=DIRECTION('',(0.,0.,1.));
#10354=DIRECTION('',(0.,0.,1.));
#10355=DIRECTION('',(-1.,0.,0.));
#10356=DIRECTION('',(0.,0.,1.));
#10357=DIRECTION('',(0.,0.,1.));
#10358=DIRECTION('',(0.,0.,1.));
#10359=DIRECTION('',(0.,0.,1.));
#10360=DIRECTION('',(-0.700765396045596,-0.713391799577945,0.));
#10361=DIRECTION('',(0.713391799577945,-0.700765396045596,0.));
#10362=DIRECTION('',(0.,0.,1.));
#10363=DIRECTION('',(0.713391799577945,-0.700765396045596,0.));
#10364=DIRECTION('',(0.,0.,1.));
#10365=DIRECTION('',(0.,0.,1.));
#10366=DIRECTION('',(0.,0.,1.));
#10367=DIRECTION('',(1.,0.,0.));
#10368=DIRECTION('',(-1.,1.02729620981072E-15,0.));
#10369=DIRECTION('',(-1.02729620981072E-15,-1.,0.));
#10370=DIRECTION('',(0.,0.,1.));
#10371=DIRECTION('',(-1.02729620981072E-15,-1.,0.));
#10372=DIRECTION('',(0.,0.,1.));
#10373=DIRECTION('',(0.,-1.,0.));
#10374=DIRECTION('',(0.,0.,-1.));
#10375=DIRECTION('',(0.,0.,1.));
#10376=DIRECTION('',(1.,0.,0.));
#10377=DIRECTION('',(1.,0.,0.));
#10378=DIRECTION('',(0.,0.,-1.));
#10379=DIRECTION('',(0.,0.,1.));
#10380=DIRECTION('',(0.,1.,0.));
#10381=DIRECTION('',(0.,1.,0.));
#10382=DIRECTION('',(0.,0.,1.));
#10383=DIRECTION('',(0.,0.,1.));
#10384=DIRECTION('',(-1.,0.,0.));
#10385=DIRECTION('',(1.,0.,0.));
#10386=DIRECTION('',(0.,0.,-1.));
#10387=DIRECTION('',(0.,0.,1.));
#10388=DIRECTION('',(0.,1.,0.));
#10389=DIRECTION('',(0.,-1.,0.));
#10390=DIRECTION('',(0.,0.,-1.));
#10391=DIRECTION('',(0.,0.,1.));
#10392=DIRECTION('',(1.,0.,0.));
#10393=DIRECTION('',(1.,0.,0.));
#10394=DIRECTION('',(0.,0.,-1.));
#10395=DIRECTION('',(0.,0.,1.));
#10396=DIRECTION('',(0.,1.,0.));
#10397=DIRECTION('',(0.,1.,0.));
#10398=DIRECTION('',(0.,0.,1.));
#10399=DIRECTION('',(0.,0.,1.));
#10400=DIRECTION('',(-1.,0.,0.));
#10401=DIRECTION('',(1.,0.,0.));
#10402=DIRECTION('',(0.,0.,-1.));
#10403=DIRECTION('',(0.,0.,1.));
#10404=DIRECTION('',(0.,1.,0.));
#10405=DIRECTION('',(0.,-1.,0.));
#10406=DIRECTION('',(0.,0.,-1.));
#10407=DIRECTION('',(0.,0.,1.));
#10408=DIRECTION('',(1.,0.,0.));
#10409=DIRECTION('',(1.,0.,0.));
#10410=DIRECTION('',(0.,0.,-1.));
#10411=DIRECTION('',(0.,0.,1.));
#10412=DIRECTION('',(0.,1.,0.));
#10413=DIRECTION('',(0.,1.,0.));
#10414=DIRECTION('',(0.,0.,1.));
#10415=DIRECTION('',(-1.,0.,0.));
#10416=DIRECTION('',(0.,0.,1.));
#10417=DIRECTION('',(1.,0.,0.));
#10418=DIRECTION('',(0.,0.,1.));
#10419=DIRECTION('',(0.,0.,1.));
#10420=DIRECTION('',(0.,0.,1.));
#10421=DIRECTION('',(0.,0.,1.));
#10422=DIRECTION('',(0.402792545995995,-0.915291300565052,0.));
#10423=DIRECTION('',(0.762354320372147,0.647159864492478,0.));
#10424=DIRECTION('',(-0.647159864492478,0.762354320372147,0.));
#10425=DIRECTION('',(0.,0.,1.));
#10426=DIRECTION('',(-0.647159864492478,0.762354320372147,0.));
#10427=DIRECTION('',(0.,0.,1.));
#10428=DIRECTION('',(0.,0.,1.));
#10429=DIRECTION('',(0.,0.,1.));
#10430=DIRECTION('',(0.,0.,1.));
#10431=DIRECTION('',(0.769895884763167,-0.638169512453188,0.));
#10432=DIRECTION('',(0.638169512453188,0.769895884763167,0.));
#10433=DIRECTION('',(0.,0.,1.));
#10434=DIRECTION('',(0.638169512453188,0.769895884763167,0.));
#10435=DIRECTION('',(0.,0.,1.));
#10436=DIRECTION('',(0.,0.,1.));
#10437=DIRECTION('',(1.,0.,0.));
#10438=DIRECTION('',(-1.,0.,0.));
#10439=DIRECTION('',(0.,0.,1.));
#10440=DIRECTION('',(0.,0.,1.));
#10441=DIRECTION('',(0.,-1.,0.));
#10442=DIRECTION('',(0.,0.,1.));
#10443=DIRECTION('',(0.,-1.,0.));
#10444=DIRECTION('',(0.,0.,-1.));
#10445=DIRECTION('',(0.,0.,1.));
#10446=DIRECTION('',(1.,0.,0.));
#10447=DIRECTION('',(0.,0.,1.));
#10448=DIRECTION('',(0.,0.,1.));
#10449=DIRECTION('',(0.,1.,0.));
#10450=DIRECTION('',(0.,0.,1.));
#10451=DIRECTION('',(-1.,0.,0.));
#10452=DIRECTION('',(0.,0.,1.));
#10453=DIRECTION('',(-1.,0.,0.));
#10454=DIRECTION('',(0.,0.,1.));
#10455=DIRECTION('',(1.,0.,0.));
#10456=DIRECTION('',(0.,0.,-1.));
#10457=DIRECTION('',(0.,1.,0.));
#10458=DIRECTION('',(0.,0.,1.));
#10459=DIRECTION('',(0.,1.,0.));
#10460=DIRECTION('',(0.,-1.,0.));
#10461=DIRECTION('',(0.,0.,-1.));
#10462=DIRECTION('',(1.,0.,0.));
#10463=DIRECTION('',(0.,0.,1.));
#10464=DIRECTION('',(1.,0.,0.));
#10465=DIRECTION('',(0.,0.,1.));
#10466=DIRECTION('',(0.,1.,0.));
#10467=DIRECTION('',(0.,0.,1.));
#10468=DIRECTION('',(-1.,0.,0.));
#10469=DIRECTION('',(0.,0.,1.));
#10470=DIRECTION('',(1.,0.,0.));
#10471=DIRECTION('',(0.,0.,1.));
#10472=DIRECTION('',(1.,0.,0.));
#10473=DIRECTION('',(-1.,0.,0.));
#10474=DIRECTION('',(0.,0.,1.));
#10475=DIRECTION('',(0.,0.,1.));
#10476=DIRECTION('',(0.,-1.,0.));
#10477=DIRECTION('',(0.,0.,1.));
#10478=DIRECTION('',(0.,-1.,0.));
#10479=DIRECTION('',(0.,0.,-1.));
#10480=DIRECTION('',(0.,0.,1.));
#10481=DIRECTION('',(1.,0.,0.));
#10482=DIRECTION('',(1.,0.,0.));
#10483=DIRECTION('',(0.,0.,-1.));
#10484=DIRECTION('',(0.,0.,1.));
#10485=DIRECTION('',(0.,1.,0.));
#10486=DIRECTION('',(0.,1.,0.));
#10487=DIRECTION('',(0.,0.,1.));
#10488=DIRECTION('',(0.,0.,1.));
#10489=DIRECTION('',(-1.,0.,0.));
#10490=DIRECTION('',(1.,0.,0.));
#10491=DIRECTION('',(0.,0.,-1.));
#10492=DIRECTION('',(0.,0.,1.));
#10493=DIRECTION('',(0.,1.,0.));
#10494=DIRECTION('',(0.,1.,0.));
#10495=DIRECTION('',(0.,0.,1.));
#10496=DIRECTION('',(0.,0.,1.));
#10497=DIRECTION('',(-1.,0.,0.));
#10498=DIRECTION('',(0.,0.,1.));
#10499=DIRECTION('',(-1.,0.,0.));
#10500=DIRECTION('',(0.,0.,1.));
#10501=DIRECTION('',(0.,0.,1.));
#10502=DIRECTION('',(0.,-1.,0.));
#10503=DIRECTION('',(0.,-1.,0.));
#10504=DIRECTION('',(0.,0.,-1.));
#10505=DIRECTION('',(0.,0.,1.));
#10506=DIRECTION('',(1.,0.,0.));
#10507=DIRECTION('',(-1.,0.,0.));
#10508=DIRECTION('',(0.,0.,1.));
#10509=DIRECTION('',(0.,0.,1.));
#10510=DIRECTION('',(0.,-1.,0.));
#10511=DIRECTION('',(0.,1.,0.));
#10512=DIRECTION('',(0.,0.,1.));
#10513=DIRECTION('',(-1.,0.,0.));
#10514=DIRECTION('',(0.,0.,1.));
#10515=DIRECTION('',(1.,0.,0.));
#10516=DIRECTION('',(0.,0.,1.));
#10517=DIRECTION('',(1.,0.,0.));
#10518=DIRECTION('',(0.,0.,1.));
#10519=DIRECTION('',(1.,0.,0.));
#10520=DIRECTION('',(0.,0.,1.));
#10521=DIRECTION('',(1.,0.,0.));
#10522=DIRECTION('',(0.,0.,-1.));
#10523=DIRECTION('',(-1.,0.,0.));
#10524=DIRECTION('',(0.,0.,-1.));
#10525=DIRECTION('',(-1.,0.,0.));
#10526=DIRECTION('',(0.,0.,-1.));
#10527=DIRECTION('',(-1.,0.,0.));
#10528=DIRECTION('',(0.,0.,-1.));
#10529=DIRECTION('',(-1.,0.,0.));
#10530=DIRECTION('',(0.,0.,-1.));
#10531=DIRECTION('',(-1.,0.,0.));
#10532=DIRECTION('',(0.,0.,-1.));
#10533=DIRECTION('',(-1.,0.,0.));
#10534=DIRECTION('',(0.,0.,-1.));
#10535=DIRECTION('',(-1.,0.,0.));
#10536=DIRECTION('',(0.,0.,-1.));
#10537=DIRECTION('',(-1.,0.,0.));
#10538=DIRECTION('',(0.,0.,1.));
#10539=DIRECTION('',(1.,0.,0.));
#10540=DIRECTION('',(0.,0.,1.));
#10541=DIRECTION('',(1.,0.,0.));
#10542=DIRECTION('',(0.,0.,1.));
#10543=DIRECTION('',(1.,0.,0.));
#10544=DIRECTION('',(0.,0.,1.));
#10545=DIRECTION('',(1.,0.,0.));
#10546=DIRECTION('',(0.,0.,1.));
#10547=DIRECTION('',(1.,0.,0.));
#10548=DIRECTION('',(0.,0.,1.));
#10549=DIRECTION('',(1.,0.,0.));
#10550=DIRECTION('',(0.,1.,0.));
#10551=DIRECTION('',(1.,0.,0.));
#10552=DIRECTION('',(0.,1.,0.));
#10553=DIRECTION('',(-1.,0.,0.));
#10554=DIRECTION('',(0.,1.,0.));
#10555=DIRECTION('',(1.,0.,0.));
#10556=DIRECTION('',(0.,-1.,0.));
#10557=DIRECTION('',(1.,0.,0.));
#10558=DIRECTION('',(0.,-1.,0.));
#10559=DIRECTION('',(-1.,0.,0.));
#10560=DIRECTION('',(0.,0.,1.));
#10561=DIRECTION('',(1.,0.,0.));
#10562=DIRECTION('',(0.,-1.,0.));
#10563=DIRECTION('',(1.,0.,0.));
#10564=DIRECTION('',(0.,1.,0.));
#10565=DIRECTION('',(-1.,0.,0.));
#10566=DIRECTION('',(0.,1.,0.));
#10567=DIRECTION('',(-1.,0.,0.));
#10568=DIRECTION('',(0.,-1.,0.));
#10569=DIRECTION('',(1.,0.,0.));
#10570=DIRECTION('',(0.,-1.,0.));
#10571=DIRECTION('',(-1.,0.,0.));
#10572=DIRECTION('',(0.,1.,0.));
#10573=DIRECTION('',(0.,0.,1.));
#10574=DIRECTION('',(0.,0.,1.));
#10575=DIRECTION('',(0.,0.,1.));
#10576=DIRECTION('',(-1.,0.,0.));
#10577=DIRECTION('',(0.,0.,1.));
#10578=DIRECTION('',(0.,0.,1.));
#10579=DIRECTION('',(0.,-1.,0.));
#10580=DIRECTION('',(0.,0.,-1.));
#10581=DIRECTION('',(0.,0.,1.));
#10582=DIRECTION('',(-1.,0.,0.));
#10583=DIRECTION('',(0.,0.,1.));
#10584=DIRECTION('',(0.,0.,1.));
#10585=DIRECTION('',(0.,0.,1.));
#10586=DIRECTION('',(0.,1.,0.));
#10587=DIRECTION('',(0.,0.,1.));
#10588=DIRECTION('',(0.,0.,1.));
#10589=DIRECTION('',(1.,0.,0.));
#10590=DIRECTION('',(0.,0.,-1.));
#10591=DIRECTION('',(0.,0.,1.));
#10592=DIRECTION('',(0.,1.,0.));
#10593=DIRECTION('',(0.,0.,1.));
#10594=DIRECTION('',(0.,0.,1.));
#10595=DIRECTION('',(1.,0.,0.));
#10596=DIRECTION('',(0.,0.,-1.));
#10597=DIRECTION('',(0.,0.,1.));
#10598=DIRECTION('',(0.,-1.,0.));
#10599=DIRECTION('',(0.,0.,-1.));
#10600=DIRECTION('',(0.,0.,1.));
#10601=DIRECTION('',(-1.,0.,0.));
#10602=DIRECTION('',(0.,0.,1.));
#10603=DIRECTION('',(0.,0.,1.));
#10604=DIRECTION('',(1.,0.,0.));
#10605=DIRECTION('',(0.,0.,1.));
#10606=DIRECTION('',(1.,0.,0.));
#10607=DIRECTION('',(0.,1.,0.));
#10608=DIRECTION('',(1.,0.,0.));
#10609=DIRECTION('',(0.,1.,0.));
#10610=DIRECTION('',(-1.,0.,0.));
#10611=DIRECTION('',(0.,1.,0.));
#10612=DIRECTION('',(1.,0.,0.));
#10613=DIRECTION('',(0.,-1.,0.));
#10614=DIRECTION('',(1.,0.,0.));
#10615=DIRECTION('',(0.,-1.,0.));
#10616=DIRECTION('',(-1.,0.,0.));
#10617=DIRECTION('',(0.,0.,1.));
#10618=DIRECTION('',(1.,0.,0.));
#10619=DIRECTION('',(0.,-1.,0.));
#10620=DIRECTION('',(1.,0.,0.));
#10621=DIRECTION('',(0.,1.,0.));
#10622=DIRECTION('',(-1.,0.,0.));
#10623=DIRECTION('',(0.,1.,0.));
#10624=DIRECTION('',(-1.,0.,0.));
#10625=DIRECTION('',(0.,-1.,0.));
#10626=DIRECTION('',(1.,0.,0.));
#10627=DIRECTION('',(0.,-1.,0.));
#10628=DIRECTION('',(-1.,0.,0.));
#10629=DIRECTION('',(0.,1.,0.));
#10630=DIRECTION('',(0.,0.,1.));
#10631=DIRECTION('',(0.,0.,1.));
#10632=DIRECTION('',(0.,0.,1.));
#10633=DIRECTION('',(-1.,0.,0.));
#10634=DIRECTION('',(0.,0.,1.));
#10635=DIRECTION('',(0.,0.,1.));
#10636=DIRECTION('',(0.,-1.,0.));
#10637=DIRECTION('',(0.,0.,-1.));
#10638=DIRECTION('',(0.,0.,1.));
#10639=DIRECTION('',(-1.,0.,0.));
#10640=DIRECTION('',(0.,0.,1.));
#10641=DIRECTION('',(0.,0.,1.));
#10642=DIRECTION('',(0.,0.,1.));
#10643=DIRECTION('',(0.,1.,0.));
#10644=DIRECTION('',(0.,0.,1.));
#10645=DIRECTION('',(0.,0.,1.));
#10646=DIRECTION('',(1.,0.,0.));
#10647=DIRECTION('',(0.,0.,-1.));
#10648=DIRECTION('',(0.,0.,1.));
#10649=DIRECTION('',(0.,1.,0.));
#10650=DIRECTION('',(0.,0.,1.));
#10651=DIRECTION('',(0.,0.,1.));
#10652=DIRECTION('',(1.,0.,0.));
#10653=DIRECTION('',(0.,0.,-1.));
#10654=DIRECTION('',(0.,0.,1.));
#10655=DIRECTION('',(0.,-1.,0.));
#10656=DIRECTION('',(0.,0.,-1.));
#10657=DIRECTION('',(0.,0.,1.));
#10658=DIRECTION('',(-1.,0.,0.));
#10659=DIRECTION('',(0.,0.,1.));
#10660=DIRECTION('',(0.,0.,1.));
#10661=DIRECTION('',(1.,0.,0.));
#10662=DIRECTION('',(0.,0.,1.));
#10663=DIRECTION('',(1.,0.,0.));
#10664=DIRECTION('',(1.,0.,0.));
#10665=DIRECTION('',(-1.,0.,0.));
#10666=DIRECTION('',(0.,-1.,0.));
#10667=DIRECTION('',(0.,1.,0.));
#10668=DIRECTION('',(1.,0.,0.));
#10669=DIRECTION('',(-1.,0.,0.));
#10670=DIRECTION('',(0.,0.,1.));
#10671=DIRECTION('',(1.,0.,0.));
#10672=DIRECTION('',(-1.,0.,0.));
#10673=DIRECTION('',(0.,1.,0.));
#10674=DIRECTION('',(1.,0.,0.));
#10675=DIRECTION('',(0.,-1.,0.));
#10676=DIRECTION('',(1.,0.,0.));
#10677=DIRECTION('',(-1.,0.,0.));
#10678=DIRECTION('',(0.,1.,0.));
#10679=DIRECTION('',(0.,0.,1.));
#10680=DIRECTION('',(0.,0.,1.));
#10681=DIRECTION('',(0.,0.,1.));
#10682=DIRECTION('',(0.,0.,1.));
#10683=DIRECTION('',(0.,0.,1.));
#10684=DIRECTION('',(0.,0.,1.));
#10685=DIRECTION('',(0.,-1.,0.));
#10686=DIRECTION('',(0.,0.,-1.));
#10687=DIRECTION('',(0.,0.,1.));
#10688=DIRECTION('',(1.,0.,0.));
#10689=DIRECTION('',(0.,0.,-1.));
#10690=DIRECTION('',(0.,0.,1.));
#10691=DIRECTION('',(0.,1.,0.));
#10692=DIRECTION('',(0.,0.,1.));
#10693=DIRECTION('',(0.,0.,1.));
#10694=DIRECTION('',(0.,0.,1.));
#10695=DIRECTION('',(0.,-1.,0.));
#10696=DIRECTION('',(0.,0.,-1.));
#10697=DIRECTION('',(0.,0.,1.));
#10698=DIRECTION('',(-1.,0.,0.));
#10699=DIRECTION('',(0.,0.,1.));
#10700=DIRECTION('',(0.,0.,1.));
#10701=DIRECTION('',(1.,0.,0.));
#10702=DIRECTION('',(0.,0.,1.));
#10703=DIRECTION('',(1.,0.,0.));
#10704=DIRECTION('',(-0.264123972071198,0.964488738854598,0.));
#10705=DIRECTION('',(-1.,0.,0.));
#10706=DIRECTION('',(-0.264123972071205,-0.964488738854596,0.));
#10707=DIRECTION('',(-1.,0.,0.));
#10708=DIRECTION('',(0.305045676342759,0.952337721265197,0.));
#10709=DIRECTION('',(1.,0.,0.));
#10710=DIRECTION('',(0.306139311655711,-0.951986723572849,0.));
#10711=DIRECTION('',(-1.,0.,0.));
#10712=DIRECTION('',(1.,0.,0.));
#10713=DIRECTION('',(-0.260909025142774,0.965363393028267,0.));
#10714=DIRECTION('',(-1.,0.,0.));
#10715=DIRECTION('',(0.,0.,1.));
#10716=DIRECTION('',(1.,0.,0.));
#10717=DIRECTION('',(-0.262644528067367,-0.964892663396437,0.));
#10718=DIRECTION('',(0.,0.,1.));
#10719=DIRECTION('',(1.,0.,0.));
#10720=DIRECTION('',(0.264123972071198,-0.964488738854598,0.));
#10721=DIRECTION('',(1.,0.,0.));
#10722=DIRECTION('',(-0.306139311655711,0.951986723572849,0.));
#10723=DIRECTION('',(-1.,0.,0.));
#10724=DIRECTION('',(-0.305045676342759,-0.952337721265197,0.));
#10725=DIRECTION('',(1.,0.,0.));
#10726=DIRECTION('',(0.264123972071205,0.964488738854596,0.));
#10727=DIRECTION('',(1.,0.,0.));
#10728=DIRECTION('',(-1.,0.,0.));
#10729=DIRECTION('',(0.262644528067367,0.964892663396437,0.));
#10730=DIRECTION('',(0.,0.,1.));
#10731=DIRECTION('',(1.,0.,0.));
#10732=DIRECTION('',(1.,0.,0.));
#10733=DIRECTION('',(0.260909025142774,-0.965363393028267,0.));
#10734=DIRECTION('',(-0.965363393028267,-0.260909025142774,0.));
#10735=DIRECTION('',(0.260909025142774,-0.965363393028267,0.));
#10736=DIRECTION('',(0.,0.,1.));
#10737=DIRECTION('',(0.,0.,1.));
#10738=DIRECTION('',(0.,-1.,0.));
#10739=DIRECTION('',(0.,0.,-1.));
#10740=DIRECTION('',(0.,0.,1.));
#10741=DIRECTION('',(0.,0.,1.));
#10742=DIRECTION('',(0.964488738854596,-0.264123972071205,0.));
#10743=DIRECTION('',(0.264123972071205,0.964488738854596,0.));
#10744=DIRECTION('',(0.,0.,1.));
#10745=DIRECTION('',(0.,-1.,0.));
#10746=DIRECTION('',(0.,0.,-1.));
#10747=DIRECTION('',(0.,0.,1.));
#10748=DIRECTION('',(-0.952337721265197,0.305045676342759,0.));
#10749=DIRECTION('',(-0.305045676342759,-0.952337721265197,0.));
#10750=DIRECTION('',(0.,0.,1.));
#10751=DIRECTION('',(0.,1.,0.));
#10752=DIRECTION('',(0.,0.,1.));
#10753=DIRECTION('',(0.,0.,1.));
#10754=DIRECTION('',(0.951986723572849,0.306139311655711,0.));
#10755=DIRECTION('',(-0.306139311655711,0.951986723572849,0.));
#10756=DIRECTION('',(0.,0.,1.));
#10757=DIRECTION('',(0.,-1.,0.));
#10758=DIRECTION('',(0.,0.,-1.));
#10759=DIRECTION('',(0.,0.,1.));
#10760=DIRECTION('',(-0.964488738854598,-0.264123972071198,0.));
#10761=DIRECTION('',(0.264123972071198,-0.964488738854598,0.));
#10762=DIRECTION('',(0.,0.,1.));
#10763=DIRECTION('',(0.,-1.,0.));
#10764=DIRECTION('',(0.,0.,-1.));
#10765=DIRECTION('',(0.,0.,1.));
#10766=DIRECTION('',(0.,0.,1.));
#10767=DIRECTION('',(0.967746905540714,-0.251924446642983,0.));
#10768=DIRECTION('',(0.,0.,1.));
#10769=DIRECTION('',(0.964892663396437,-0.262644528067367,0.));
#10770=DIRECTION('',(0.262644528067367,0.964892663396437,0.));
#10771=DIRECTION('',(0.,0.,1.));
#10772=DIRECTION('',(0.,1.,0.));
#10773=DIRECTION('',(0.,0.,1.));
#10774=DIRECTION('',(0.,0.,1.));
#10775=DIRECTION('',(1.,0.,0.));
#10776=DIRECTION('',(0.,0.,1.));
#10777=DIRECTION('',(1.,0.,0.));
#10778=DIRECTION('',(-1.,0.,0.));
#10779=DIRECTION('',(-0.477167617827591,0.878812303337148,0.));
#10780=DIRECTION('',(-1.,0.,0.));
#10781=DIRECTION('',(0.,-1.,0.));
#10782=DIRECTION('',(-1.,0.,0.));
#10783=DIRECTION('',(0.,1.,0.));
#10784=DIRECTION('',(1.,0.,0.));
#10785=DIRECTION('',(0.496138938356833,-0.86824314212446,0.));
#10786=DIRECTION('',(0.,-1.,0.));
#10787=DIRECTION('',(1.,0.,0.));
#10788=DIRECTION('',(-1.,0.,0.));
#10789=DIRECTION('',(0.,0.,1.));
#10790=DIRECTION('',(1.,0.,0.));
#10791=DIRECTION('',(1.,0.,0.));
#10792=DIRECTION('',(-0.496138938356832,0.86824314212446,0.));
#10793=DIRECTION('',(-1.,0.,0.));
#10794=DIRECTION('',(0.,-1.,0.));
#10795=DIRECTION('',(1.,0.,0.));
#10796=DIRECTION('',(0.,1.,0.));
#10797=DIRECTION('',(1.,0.,0.));
#10798=DIRECTION('',(0.477167617827591,-0.878812303337148,0.));
#10799=DIRECTION('',(0.,1.,0.));
#10800=DIRECTION('',(1.,0.,0.));
#10801=DIRECTION('',(-1.,0.,0.));
#10802=DIRECTION('',(0.,1.,0.));
#10803=DIRECTION('',(0.,0.,1.));
#10804=DIRECTION('',(0.,0.,1.));
#10805=DIRECTION('',(0.,0.,1.));
#10806=DIRECTION('',(-0.878812303337148,-0.477167617827591,0.));
#10807=DIRECTION('',(0.477167617827591,-0.878812303337148,0.));
#10808=DIRECTION('',(0.,0.,1.));
#10809=DIRECTION('',(0.,0.,1.));
#10810=DIRECTION('',(0.,-1.,0.));
#10811=DIRECTION('',(0.,0.,-1.));
#10812=DIRECTION('',(0.,0.,1.));
#10813=DIRECTION('',(1.,0.,0.));
#10814=DIRECTION('',(0.,0.,-1.));
#10815=DIRECTION('',(0.,0.,1.));
#10816=DIRECTION('',(0.,-1.,0.));
#10817=DIRECTION('',(0.,0.,-1.));
#10818=DIRECTION('',(0.,0.,1.));
#10819=DIRECTION('',(-1.,0.,0.));
#10820=DIRECTION('',(0.,0.,1.));
#10821=DIRECTION('',(0.,0.,1.));
#10822=DIRECTION('',(0.,1.,0.));
#10823=DIRECTION('',(0.,0.,1.));
#10824=DIRECTION('',(0.,0.,1.));
#10825=DIRECTION('',(0.,0.,1.));
#10826=DIRECTION('',(0.,0.,1.));
#10827=DIRECTION('',(0.86824314212446,0.496138938356832,0.));
#10828=DIRECTION('',(-0.496138938356833,0.86824314212446,0.));
#10829=DIRECTION('',(0.,0.,1.));
#10830=DIRECTION('',(0.,-1.,0.));
#10831=DIRECTION('',(0.,0.,-1.));
#10832=DIRECTION('',(0.,0.,1.));
#10833=DIRECTION('',(0.,0.,1.));
#10834=DIRECTION('',(0.,-1.,0.));
#10835=DIRECTION('',(0.,0.,-1.));
#10836=DIRECTION('',(0.,0.,1.));
#10837=DIRECTION('',(1.,0.,0.));
#10838=DIRECTION('',(0.,0.,-1.));
#10839=DIRECTION('',(0.,0.,1.));
#10840=DIRECTION('',(1.,0.,0.));
#10841=DIRECTION('',(0.,0.,1.));
#10842=DIRECTION('',(1.,0.,0.));
#10843=DIRECTION('',(-0.638169512453188,-0.769895884763167,0.));
#10844=DIRECTION('',(0.647159864492478,-0.762354320372147,0.));
#10845=DIRECTION('',(0.,0.,-1.));
#10846=DIRECTION('',(0.402792545995995,-0.915291300565052,0.));
#10847=DIRECTION('',(0.,0.,1.));
#10848=DIRECTION('',(1.,0.,0.));
#10849=DIRECTION('',(0.,0.,1.));
#10850=DIRECTION('',(0.402792545995995,-0.915291300565052,0.));
#10851=DIRECTION('',(-0.647159864492478,0.762354320372147,0.));
#10852=DIRECTION('',(0.638169512453188,0.769895884763167,0.));
#10853=DIRECTION('',(0.,0.,1.));
#10854=DIRECTION('',(0.,0.,1.));
#10855=DIRECTION('',(0.,0.,1.));
#10856=DIRECTION('',(0.769895884763167,-0.638169512453188,0.));
#10857=DIRECTION('',(0.638169512453188,0.769895884763167,0.));
#10858=DIRECTION('',(0.,0.,1.));
#10859=DIRECTION('',(0.,0.,1.));
#10860=DIRECTION('',(0.,0.,1.));
#10861=DIRECTION('',(0.,0.,1.));
#10862=DIRECTION('',(0.,0.,1.));
#10863=DIRECTION('',(0.762354320372147,0.647159864492478,0.));
#10864=DIRECTION('',(-0.647159864492478,0.762354320372147,0.));
#10865=DIRECTION('',(0.,0.,1.));
#10866=DIRECTION('',(0.,0.,1.));
#10867=DIRECTION('',(0.,0.,1.));
#10868=DIRECTION('',(1.,0.,0.));
#10869=DIRECTION('',(0.,0.,1.));
#10870=DIRECTION('',(1.,0.,0.));
#10871=DIRECTION('',(-0.264123972071201,0.964488738854597,0.));
#10872=DIRECTION('',(-1.,0.,0.));
#10873=DIRECTION('',(-0.264123972071204,-0.964488738854596,0.));
#10874=DIRECTION('',(-1.,0.,0.));
#10875=DIRECTION('',(0.305045676342759,0.952337721265197,0.));
#10876=DIRECTION('',(1.,0.,0.));
#10877=DIRECTION('',(0.306139311655711,-0.951986723572849,0.));
#10878=DIRECTION('',(-1.,0.,0.));
#10879=DIRECTION('',(1.,0.,0.));
#10880=DIRECTION('',(-0.260909025142774,0.965363393028267,0.));
#10881=DIRECTION('',(-1.,0.,0.));
#10882=DIRECTION('',(0.,0.,1.));
#10883=DIRECTION('',(1.,0.,0.));
#10884=DIRECTION('',(-0.262644528067367,-0.964892663396437,0.));
#10885=DIRECTION('',(0.,0.,1.));
#10886=DIRECTION('',(1.,0.,0.));
#10887=DIRECTION('',(0.264123972071201,-0.964488738854597,0.));
#10888=DIRECTION('',(1.,0.,0.));
#10889=DIRECTION('',(-0.306139311655711,0.951986723572849,0.));
#10890=DIRECTION('',(-1.,0.,0.));
#10891=DIRECTION('',(-0.305045676342759,-0.952337721265197,0.));
#10892=DIRECTION('',(1.,0.,0.));
#10893=DIRECTION('',(0.264123972071204,0.964488738854596,0.));
#10894=DIRECTION('',(1.,0.,0.));
#10895=DIRECTION('',(-1.,0.,0.));
#10896=DIRECTION('',(0.262644528067367,0.964892663396437,0.));
#10897=DIRECTION('',(0.,0.,1.));
#10898=DIRECTION('',(1.,0.,0.));
#10899=DIRECTION('',(1.,0.,0.));
#10900=DIRECTION('',(0.260909025142774,-0.965363393028267,0.));
#10901=DIRECTION('',(-0.965363393028267,-0.260909025142774,0.));
#10902=DIRECTION('',(0.260909025142774,-0.965363393028267,0.));
#10903=DIRECTION('',(0.,0.,1.));
#10904=DIRECTION('',(0.,0.,1.));
#10905=DIRECTION('',(0.,-1.,0.));
#10906=DIRECTION('',(0.,0.,-1.));
#10907=DIRECTION('',(0.,0.,1.));
#10908=DIRECTION('',(0.,0.,1.));
#10909=DIRECTION('',(0.964488738854596,-0.264123972071204,0.));
#10910=DIRECTION('',(0.264123972071204,0.964488738854596,0.));
#10911=DIRECTION('',(0.,0.,1.));
#10912=DIRECTION('',(0.,-1.,0.));
#10913=DIRECTION('',(0.,0.,-1.));
#10914=DIRECTION('',(0.,0.,1.));
#10915=DIRECTION('',(-0.952337721265197,0.305045676342759,0.));
#10916=DIRECTION('',(-0.305045676342759,-0.952337721265197,0.));
#10917=DIRECTION('',(0.,0.,1.));
#10918=DIRECTION('',(0.,1.,0.));
#10919=DIRECTION('',(0.,0.,1.));
#10920=DIRECTION('',(0.,0.,1.));
#10921=DIRECTION('',(0.951986723572849,0.306139311655711,0.));
#10922=DIRECTION('',(-0.306139311655711,0.951986723572849,0.));
#10923=DIRECTION('',(0.,0.,1.));
#10924=DIRECTION('',(0.,-1.,0.));
#10925=DIRECTION('',(0.,0.,-1.));
#10926=DIRECTION('',(0.,0.,1.));
#10927=DIRECTION('',(-0.964488738854597,-0.264123972071201,0.));
#10928=DIRECTION('',(0.264123972071201,-0.964488738854597,0.));
#10929=DIRECTION('',(0.,0.,1.));
#10930=DIRECTION('',(0.,-1.,0.));
#10931=DIRECTION('',(0.,0.,-1.));
#10932=DIRECTION('',(0.,0.,1.));
#10933=DIRECTION('',(0.,0.,1.));
#10934=DIRECTION('',(0.967746905540712,-0.251924446642988,0.));
#10935=DIRECTION('',(0.,0.,1.));
#10936=DIRECTION('',(0.964892663396437,-0.262644528067367,0.));
#10937=DIRECTION('',(0.262644528067367,0.964892663396437,0.));
#10938=DIRECTION('',(0.,0.,1.));
#10939=DIRECTION('',(0.,1.,0.));
#10940=DIRECTION('',(0.,0.,1.));
#10941=DIRECTION('',(0.,0.,1.));
#10942=DIRECTION('',(1.,0.,0.));
#10943=DIRECTION('',(0.,0.,1.));
#10944=DIRECTION('',(1.,0.,0.));
#10945=DIRECTION('',(1.,0.,0.));
#10946=DIRECTION('',(-1.,0.,0.));
#10947=DIRECTION('',(0.,-1.,0.));
#10948=DIRECTION('',(0.,1.,0.));
#10949=DIRECTION('',(1.,0.,0.));
#10950=DIRECTION('',(-1.,0.,0.));
#10951=DIRECTION('',(0.,0.,1.));
#10952=DIRECTION('',(1.,0.,0.));
#10953=DIRECTION('',(-1.,0.,0.));
#10954=DIRECTION('',(0.,1.,0.));
#10955=DIRECTION('',(1.,0.,0.));
#10956=DIRECTION('',(0.,-1.,0.));
#10957=DIRECTION('',(1.,0.,0.));
#10958=DIRECTION('',(-1.,0.,0.));
#10959=DIRECTION('',(0.,1.,0.));
#10960=DIRECTION('',(0.,0.,1.));
#10961=DIRECTION('',(0.,0.,1.));
#10962=DIRECTION('',(0.,0.,1.));
#10963=DIRECTION('',(0.,0.,1.));
#10964=DIRECTION('',(0.,0.,1.));
#10965=DIRECTION('',(0.,0.,1.));
#10966=DIRECTION('',(0.,-1.,0.));
#10967=DIRECTION('',(0.,0.,-1.));
#10968=DIRECTION('',(0.,0.,1.));
#10969=DIRECTION('',(1.,0.,0.));
#10970=DIRECTION('',(0.,0.,-1.));
#10971=DIRECTION('',(0.,0.,1.));
#10972=DIRECTION('',(0.,1.,0.));
#10973=DIRECTION('',(0.,0.,1.));
#10974=DIRECTION('',(0.,0.,1.));
#10975=DIRECTION('',(0.,0.,1.));
#10976=DIRECTION('',(0.,-1.,0.));
#10977=DIRECTION('',(0.,0.,-1.));
#10978=DIRECTION('',(0.,0.,1.));
#10979=DIRECTION('',(-1.,0.,0.));
#10980=DIRECTION('',(0.,0.,1.));
#10981=DIRECTION('',(0.,0.,1.));
#10982=DIRECTION('',(1.,0.,0.));
#10983=DIRECTION('',(0.,0.,1.));
#10984=DIRECTION('',(1.,0.,0.));
#10985=DIRECTION('',(1.02729620981072E-15,1.,0.));
#10986=DIRECTION('',(1.,0.,0.));
#10987=DIRECTION('',(0.,-1.,0.));
#10988=DIRECTION('',(-1.,0.,0.));
#10989=DIRECTION('',(0.,-1.,0.));
#10990=DIRECTION('',(1.,0.,0.));
#10991=DIRECTION('',(0.,-1.,0.));
#10992=DIRECTION('',(-1.,0.,0.));
#10993=DIRECTION('',(0.,-1.,0.));
#10994=DIRECTION('',(1.,0.,0.));
#10995=DIRECTION('',(0.,-1.,0.));
#10996=DIRECTION('',(-1.,0.,0.));
#10997=DIRECTION('',(0.,0.,1.));
#10998=DIRECTION('',(1.,0.,0.));
#10999=DIRECTION('',(-1.02729620981072E-15,-1.,0.));
#11000=DIRECTION('',(1.,0.,0.));
#11001=DIRECTION('',(0.,1.,0.));
#11002=DIRECTION('',(-1.,0.,0.));
#11003=DIRECTION('',(0.,1.,0.));
#11004=DIRECTION('',(1.,0.,0.));
#11005=DIRECTION('',(0.,1.,0.));
#11006=DIRECTION('',(-1.,0.,0.));
#11007=DIRECTION('',(0.,1.,0.));
#11008=DIRECTION('',(1.,0.,0.));
#11009=DIRECTION('',(0.,1.,0.));
#11010=DIRECTION('',(-1.,0.,0.));
#11011=DIRECTION('',(0.,1.,0.));
#11012=DIRECTION('',(0.,0.,1.));
#11013=DIRECTION('',(0.,0.,1.));
#11014=DIRECTION('',(0.,0.,1.));
#11015=DIRECTION('',(1.,0.,0.));
#11016=DIRECTION('',(0.,0.,-1.));
#11017=DIRECTION('',(0.,0.,1.));
#11018=DIRECTION('',(0.,-1.,0.));
#11019=DIRECTION('',(0.,0.,-1.));
#11020=DIRECTION('',(0.,0.,1.));
#11021=DIRECTION('',(1.,0.,0.));
#11022=DIRECTION('',(0.,0.,-1.));
#11023=DIRECTION('',(0.,0.,1.));
#11024=DIRECTION('',(0.,1.,0.));
#11025=DIRECTION('',(0.,0.,1.));
#11026=DIRECTION('',(0.,0.,1.));
#11027=DIRECTION('',(1.,0.,0.));
#11028=DIRECTION('',(0.,0.,-1.));
#11029=DIRECTION('',(0.,0.,1.));
#11030=DIRECTION('',(0.,-1.,0.));
#11031=DIRECTION('',(0.,0.,-1.));
#11032=DIRECTION('',(0.,0.,1.));
#11033=DIRECTION('',(1.,0.,0.));
#11034=DIRECTION('',(0.,0.,-1.));
#11035=DIRECTION('',(0.,0.,1.));
#11036=DIRECTION('',(0.,1.,0.));
#11037=DIRECTION('',(0.,0.,1.));
#11038=DIRECTION('',(0.,0.,1.));
#11039=DIRECTION('',(1.,0.,0.));
#11040=DIRECTION('',(0.,0.,-1.));
#11041=DIRECTION('',(0.,0.,1.));
#11042=DIRECTION('',(0.,-1.,0.));
#11043=DIRECTION('',(0.,0.,-1.));
#11044=DIRECTION('',(0.,0.,1.));
#11045=DIRECTION('',(-1.,1.02729620981072E-15,0.));
#11046=DIRECTION('',(-1.02729620981072E-15,-1.,0.));
#11047=DIRECTION('',(0.,0.,1.));
#11048=DIRECTION('',(1.,0.,0.));
#11049=DIRECTION('',(0.,0.,1.));
#11050=DIRECTION('',(1.,0.,0.));
#11051=DIRECTION('',(0.,1.,0.));
#11052=DIRECTION('',(-0.713391799577945,0.700765396045596,0.));
#11053=DIRECTION('',(1.,0.,0.));
#11054=DIRECTION('',(0.,-1.,0.));
#11055=DIRECTION('',(-1.,0.,0.));
#11056=DIRECTION('',(0.,0.,1.));
#11057=DIRECTION('',(1.,0.,0.));
#11058=DIRECTION('',(0.,-1.,0.));
#11059=DIRECTION('',(1.,0.,0.));
#11060=DIRECTION('',(0.,1.,0.));
#11061=DIRECTION('',(-1.,0.,0.));
#11062=DIRECTION('',(0.713391799577945,-0.700765396045596,0.));
#11063=DIRECTION('',(0.,0.,1.));
#11064=DIRECTION('',(0.,0.,1.));
#11065=DIRECTION('',(0.,0.,1.));
#11066=DIRECTION('',(0.,0.,1.));
#11067=DIRECTION('',(-0.700765396045596,-0.713391799577945,0.));
#11068=DIRECTION('',(0.713391799577945,-0.700765396045596,0.));
#11069=DIRECTION('',(0.,0.,1.));
#11070=DIRECTION('',(0.,0.,1.));
#11071=DIRECTION('',(0.,0.,1.));
#11072=DIRECTION('',(0.,0.,1.));
#11073=DIRECTION('',(0.,0.,1.));
#11074=DIRECTION('',(0.,1.,0.));
#11075=DIRECTION('',(0.,0.,1.));
#11076=DIRECTION('',(0.,0.,1.));
#11077=DIRECTION('',(1.,0.,0.));
#11078=DIRECTION('',(0.,0.,-1.));
#11079=DIRECTION('',(0.,0.,1.));
#11080=DIRECTION('',(0.,-1.,0.));
#11081=DIRECTION('',(0.,0.,-1.));
#11082=DIRECTION('',(0.,0.,1.));
#11083=DIRECTION('',(-1.,0.,0.));
#11084=DIRECTION('',(0.,0.,1.));
#11085=CARTESIAN_POINT('',(0.,0.,0.));
#11086=CARTESIAN_POINT('',(0.,0.,0.05));
#11087=CARTESIAN_POINT('',(0.,-0.041067886402486,0.05));
#11088=CARTESIAN_POINT('',(0.0154,-0.041067886402486,0.05));
#11089=CARTESIAN_POINT('',(-5.20417042793042E-18,0.000932113597514034,0.05));
#11090=CARTESIAN_POINT('',(0.0154,0.000932113597514034,0.05));
#11091=CARTESIAN_POINT('',(0.0453762052181537,-0.0200678864024859,0.05));
#11092=CARTESIAN_POINT('',(0.0607762052181537,-0.0200678864024859,0.05));
#11093=CARTESIAN_POINT('',(-0.0453762052181537,-0.020067886402486,0.05));
#11094=CARTESIAN_POINT('',(-0.0299762052181537,-0.020067886402486,0.05));
#11095=CARTESIAN_POINT('',(-0.0743191272034443,0.0390393051942025,0.05));
#11096=CARTESIAN_POINT('',(-0.0743191272034443,0.039582690441507,0.05));
#11097=CARTESIAN_POINT('',(-0.0743191272034443,0.038495919946898,0.05));
#11098=CARTESIAN_POINT('',(-0.0735939004363726,0.039582690441507,0.05));
#11099=CARTESIAN_POINT('',(-0.0728686736693009,0.039582690441507,0.05));
#11100=CARTESIAN_POINT('',(-0.0728686736693009,0.0417184369187732,0.05));
#11101=CARTESIAN_POINT('',(-0.0728686736693009,0.0438541833960395,0.05));
#11102=CARTESIAN_POINT('',(-0.0734798037965187,0.0438541833960395,0.05));
#11103=CARTESIAN_POINT('',(-0.0740909339237364,0.0438541833960395,0.05));
#11104=CARTESIAN_POINT('',(-0.0740909339237364,0.0442692099235083,0.05));
#11105=CARTESIAN_POINT('',(-0.0740909339237364,0.044684236450977,0.05));
#11106=CARTESIAN_POINT('',(-0.0725206789177463,0.0452504410262523,0.05));
#11107=CARTESIAN_POINT('',(-0.0729499675251968,0.0449851663385918,0.05));
#11108=CARTESIAN_POINT('',(-0.0734163375405999,0.0448125951708127,0.05));
#11109=CARTESIAN_POINT('',(-0.0740909339237364,0.044684236450977,0.05));
#11110=CARTESIAN_POINT('',(-0.0725206789177463,0.0452504410262523,0.05));
#11111=CARTESIAN_POINT('',(-0.0720236454303825,0.0452504410262523,0.05));
#11112=CARTESIAN_POINT('',(-0.0715266119430187,0.0452504410262523,0.05));
#11113=CARTESIAN_POINT('',(-0.0715266119430187,0.0424165657338796,0.05));
#11114=CARTESIAN_POINT('',(-0.0715266119430187,0.039582690441507,0.05));
#11115=CARTESIAN_POINT('',(-0.0708919493838311,0.039582690441507,0.05));
#11116=CARTESIAN_POINT('',(-0.0702572868246435,0.039582690441507,0.05));
#11117=CARTESIAN_POINT('',(-0.0702572868246435,0.0390393051942025,0.05));
#11118=CARTESIAN_POINT('',(-0.0702572868246435,0.038495919946898,0.05));
#11119=CARTESIAN_POINT('',(-0.0722882070140439,0.038495919946898,0.05));
#11120=CARTESIAN_POINT('',(-0.0363477654600476,0.0418731804865752,0.05));
#11121=CARTESIAN_POINT('',(-0.0363477654600476,0.0452504410262523,0.05));
#11122=CARTESIAN_POINT('',(-0.0363477654600476,0.038495919946898,0.05));
#11123=CARTESIAN_POINT('',(-0.0354207302612342,0.0452504410262523,0.05));
#11124=CARTESIAN_POINT('',(-0.0344936950624209,0.0452504410262523,0.05));
#11125=CARTESIAN_POINT('',(-0.0311535159306963,0.0419002784385404,0.05));
#11126=CARTESIAN_POINT('',(-0.0311535159306963,0.0441822112356196,0.05));
#11127=CARTESIAN_POINT('',(-0.0324313982970606,0.0452504410262523,0.05));
#11128=CARTESIAN_POINT('',(-0.0344936950624209,0.0452504410262523,0.05));
#11129=CARTESIAN_POINT('',(-0.0311535159306963,0.0419002784385404,0.05));
#11130=CARTESIAN_POINT('',(-0.0344209584545139,0.038495919946898,0.05));
#11131=CARTESIAN_POINT('',(-0.0324313982970606,0.038495919946898,0.05));
#11132=CARTESIAN_POINT('',(-0.0311535159306963,0.0396283290974485,0.05));
#11133=CARTESIAN_POINT('',(-0.0311535159306963,0.0419002784385404,0.05));
#11134=CARTESIAN_POINT('',(-0.0344209584545139,0.038495919946898,0.05));
#11135=CARTESIAN_POINT('',(-0.0353843619572808,0.038495919946898,0.05));
#11136=CARTESIAN_POINT('',(-0.048531860388452,0.0418460825346098,0.05));
#11137=CARTESIAN_POINT('',(-0.048531860388452,0.039591247689496,0.05));
#11138=CARTESIAN_POINT('',(-0.0471455862142265,0.0383675612270623,0.05));
#11139=CARTESIAN_POINT('',(-0.0454384152404116,0.0383675612270623,0.05));
#11140=CARTESIAN_POINT('',(-0.048531860388452,0.0418460825346098,0.05));
#11141=CARTESIAN_POINT('',(-0.0454384152404116,0.0383675612270623,0.05));
#11142=CARTESIAN_POINT('',(-0.04539277658447,0.045378799746088,0.05));
#11143=CARTESIAN_POINT('',(-0.0470999475582849,0.045378799746088,0.05));
#11144=CARTESIAN_POINT('',(-0.048531860388452,0.0440723932197601,0.05));
#11145=CARTESIAN_POINT('',(-0.048531860388452,0.0418460825346098,0.05));
#11146=CARTESIAN_POINT('',(-0.04539277658447,0.045378799746088,0.05));
#11147=CARTESIAN_POINT('',(-0.0434117736750057,0.0445116652831979,0.05));
#11148=CARTESIAN_POINT('',(-0.0438496195304453,0.0449680518426138,0.05));
#11149=CARTESIAN_POINT('',(-0.044534199369569,0.045378799746088,0.05));
#11150=CARTESIAN_POINT('',(-0.04539277658447,0.045378799746088,0.05));
#11151=CARTESIAN_POINT('',(-0.0434117736750057,0.0445116652831979,0.05));
#11152=CARTESIAN_POINT('',(-0.0437676125705503,0.0440823766757474,0.05));
#11153=CARTESIAN_POINT('',(-0.0441234514660947,0.0436530880682969,0.05));
#11154=CARTESIAN_POINT('',(-0.0453656786325047,0.0442192926435722,0.05));
#11155=CARTESIAN_POINT('',(-0.0448536699611601,0.0442192926435722,0.05));
#11156=CARTESIAN_POINT('',(-0.0444614627616621,0.043981115907877,0.05));
#11157=CARTESIAN_POINT('',(-0.0441234514660947,0.0436530880682969,0.05));
#11158=CARTESIAN_POINT('',(-0.0453656786325047,0.0442192926435722,0.05));
#11159=CARTESIAN_POINT('',(-0.0471541434622155,0.0418917211905514,0.05));
#11160=CARTESIAN_POINT('',(-0.0471541434622155,0.0433421747246948,0.05));
#11161=CARTESIAN_POINT('',(-0.0463868435591976,0.0442192926435722,0.05));
#11162=CARTESIAN_POINT('',(-0.0453656786325047,0.0442192926435722,0.05));
#11163=CARTESIAN_POINT('',(-0.0471541434622155,0.0418917211905514,0.05));
#11164=CARTESIAN_POINT('',(-0.04539277658447,0.0395370517855654,0.05));
#11165=CARTESIAN_POINT('',(-0.0464610063751027,0.0395370517855654,0.05));
#11166=CARTESIAN_POINT('',(-0.0471541434622155,0.0404213007444335,0.05));
#11167=CARTESIAN_POINT('',(-0.0471541434622155,0.0418917211905514,0.05));
#11168=CARTESIAN_POINT('',(-0.04539277658447,0.0395370517855654,0.05));
#11169=CARTESIAN_POINT('',(-0.0439965189542573,0.0402030909207129,0.05));
#11170=CARTESIAN_POINT('',(-0.0443616282017899,0.0398108837212149,0.05));
#11171=CARTESIAN_POINT('',(-0.0448180147612057,0.0395370517855654,0.05));
#11172=CARTESIAN_POINT('',(-0.04539277658447,0.0395370517855654,0.05));
#11173=CARTESIAN_POINT('',(-0.0439965189542573,0.0402030909207129,0.05));
#11174=CARTESIAN_POINT('',(-0.0436399669547137,0.0397830726652505,0.05));
#11175=CARTESIAN_POINT('',(-0.04328341495517,0.0393630544097881,0.05));
#11176=CARTESIAN_POINT('',(-0.0549703714907713,0.062857068438129,0.05));
#11177=CARTESIAN_POINT('',(-0.0298299949083904,0.0418731804865752,0.05));
#11178=CARTESIAN_POINT('',(-0.0298299949083904,0.0452504410262523,0.05));
#11179=CARTESIAN_POINT('',(-0.0298299949083904,0.038495919946898,0.05));
#11180=CARTESIAN_POINT('',(-0.0277577146870429,0.0452504410262523,0.05));
#11181=CARTESIAN_POINT('',(-0.0256854344656954,0.0452504410262523,0.05));
#11182=CARTESIAN_POINT('',(-0.0256854344656954,0.0446892281789706,0.05));
#11183=CARTESIAN_POINT('',(-0.0256854344656954,0.0441280153316889,0.05));
#11184=CARTESIAN_POINT('',(-0.0270816920959082,0.0441280153316889,0.05));
#11185=CARTESIAN_POINT('',(-0.028477949726121,0.0441280153316889,0.05));
#11186=CARTESIAN_POINT('',(-0.028477949726121,0.0433471664526884,0.05));
#11187=CARTESIAN_POINT('',(-0.028477949726121,0.042566317573688,0.05));
#11188=CARTESIAN_POINT('',(-0.0272913446716399,0.042566317573688,0.05));
#11189=CARTESIAN_POINT('',(-0.0261047396171587,0.042566317573688,0.05));
#11190=CARTESIAN_POINT('',(-0.0261047396171587,0.0420008261024118,0.05));
#11191=CARTESIAN_POINT('',(-0.0261047396171587,0.0414353346311356,0.05));
#11192=CARTESIAN_POINT('',(-0.0272913446716399,0.0414353346311356,0.05));
#11193=CARTESIAN_POINT('',(-0.028477949726121,0.0414353346311356,0.05));
#11194=CARTESIAN_POINT('',(-0.028477949726121,0.0405318318642921,0.05));
#11195=CARTESIAN_POINT('',(-0.028477949726121,0.0396283290974485,0.05));
#11196=CARTESIAN_POINT('',(-0.0270317748159721,0.0396283290974485,0.05));
#11197=CARTESIAN_POINT('',(-0.0255855999058232,0.0396283290974485,0.05));
#11198=CARTESIAN_POINT('',(-0.0255855999058232,0.0390621245221733,0.05));
#11199=CARTESIAN_POINT('',(-0.0255855999058232,0.038495919946898,0.05));
#11200=CARTESIAN_POINT('',(-0.0277077974071068,0.038495919946898,0.05));
#11201=CARTESIAN_POINT('',(0.0618706717572662,0.0447050901600439,0.05));
#11202=CARTESIAN_POINT('',(0.0618706717572662,0.0449678939794884,0.05));
#11203=CARTESIAN_POINT('',(0.0618706717572662,0.0444422863405994,0.05));
#11204=CARTESIAN_POINT('',(0.0651367307850439,0.049566201271155,0.05));
#11205=CARTESIAN_POINT('',(0.0651367307850439,0.0483402898128217,0.05));
#11206=CARTESIAN_POINT('',(0.0641067828683773,0.0469214530072661,0.05));
#11207=CARTESIAN_POINT('',(0.0618706717572662,0.0449678939794884,0.05));
#11208=CARTESIAN_POINT('',(0.0651367307850439,0.049566201271155,0.05));
#11209=CARTESIAN_POINT('',(0.0638242307850439,0.0509759234933772,0.05));
#11210=CARTESIAN_POINT('',(0.0647083453683773,0.0509759234933772,0.05));
#11211=CARTESIAN_POINT('',(0.0651367307850439,0.0503819564794883,0.05));
#11212=CARTESIAN_POINT('',(0.0651367307850439,0.049566201271155,0.05));
#11213=CARTESIAN_POINT('',(0.0638242307850439,0.0509759234933772,0.05));
#11214=CARTESIAN_POINT('',(0.0623461491878217,0.0501495346044883,0.05));
#11215=CARTESIAN_POINT('',(0.0627350380767106,0.0506158974517106,0.05));
#11216=CARTESIAN_POINT('',(0.0632408974517106,0.0509759234933772,0.05));
#11217=CARTESIAN_POINT('',(0.0638242307850439,0.0509759234933772,0.05));
#11218=CARTESIAN_POINT('',(0.0623461491878217,0.0501495346044883,0.05));
#11219=CARTESIAN_POINT('',(0.062088662208655,0.0504024642919883,0.05));
#11220=CARTESIAN_POINT('',(0.0618311752294884,0.0506553939794883,0.05));
#11221=CARTESIAN_POINT('',(0.0639305675905995,0.0517050901600439,0.05));
#11222=CARTESIAN_POINT('',(0.0630267047433773,0.0517050901600439,0.05));
#11223=CARTESIAN_POINT('',(0.0624145085628217,0.0512873384239328,0.05));
#11224=CARTESIAN_POINT('',(0.0618311752294884,0.0506553939794883,0.05));
#11225=CARTESIAN_POINT('',(0.0639305675905995,0.0517050901600439,0.05));
#11226=CARTESIAN_POINT('',(0.0660026162017106,0.0495950641183772,0.05));
#11227=CARTESIAN_POINT('',(0.0660026162017106,0.0508680675905995,0.05));
#11228=CARTESIAN_POINT('',(0.0652050901600439,0.0517050901600439,0.05));
#11229=CARTESIAN_POINT('',(0.0639305675905995,0.0517050901600439,0.05));
#11230=CARTESIAN_POINT('',(0.0660026162017106,0.0495950641183772,0.05));
#11231=CARTESIAN_POINT('',(0.0632120346044884,0.0451425901600439,0.05));
#11232=CARTESIAN_POINT('',(0.064884560646155,0.0467270085628217,0.05));
#11233=CARTESIAN_POINT('',(0.0660026162017106,0.0481762273128217,0.05));
#11234=CARTESIAN_POINT('',(0.0660026162017106,0.0495950641183772,0.05));
#11235=CARTESIAN_POINT('',(0.0632120346044884,0.0451425901600439,0.05));
#11236=CARTESIAN_POINT('',(0.064378701271155,0.0452109495350439,0.05));
#11237=CARTESIAN_POINT('',(0.0640186752294884,0.0452109495350439,0.05));
#11238=CARTESIAN_POINT('',(0.0635811752294884,0.0451714530072661,0.05));
#11239=CARTESIAN_POINT('',(0.0632120346044884,0.0451425901600439,0.05));
#11240=CARTESIAN_POINT('',(0.064378701271155,0.0452109495350439,0.05));
#11241=CARTESIAN_POINT('',(0.0653653549169884,0.0452109495350439,0.05));
#11242=CARTESIAN_POINT('',(0.0663520085628217,0.0452109495350439,0.05));
#11243=CARTESIAN_POINT('',(0.0663520085628217,0.0448266179378217,0.05));
#11244=CARTESIAN_POINT('',(0.0663520085628217,0.0444422863405994,0.05));
#11245=CARTESIAN_POINT('',(0.0641113401600439,0.0444422863405994,0.05));
#11246=CARTESIAN_POINT('',(0.0399898123822661,0.0448114269655995,0.05));
#11247=CARTESIAN_POINT('',(0.0399898123822661,0.0451805675905995,0.05));
#11248=CARTESIAN_POINT('',(0.0399898123822661,0.0444422863405995,0.05));
#11249=CARTESIAN_POINT('',(0.040782021583655,0.0451805675905995,0.05));
#11250=CARTESIAN_POINT('',(0.041574230785044,0.0451805675905995,0.05));
#11251=CARTESIAN_POINT('',(0.041574230785044,0.0478397472780995,0.05));
#11252=CARTESIAN_POINT('',(0.041574230785044,0.0504989269655995,0.05));
#11253=CARTESIAN_POINT('',(0.0409422863405995,0.0504989269655995,0.05));
#11254=CARTESIAN_POINT('',(0.0403103418961551,0.0504989269655995,0.05));
#11255=CARTESIAN_POINT('',(0.0403103418961551,0.0507807195003217,0.05));
#11256=CARTESIAN_POINT('',(0.0403103418961551,0.0510625120350439,0.05));
#11257=CARTESIAN_POINT('',(0.0417884234933772,0.0515683714100439,0.05));
#11258=CARTESIAN_POINT('',(0.0413995346044884,0.0513450641183773,0.05));
#11259=CARTESIAN_POINT('',(0.0409422863405995,0.051179482521155,0.05));
#11260=CARTESIAN_POINT('',(0.0403103418961551,0.0510625120350439,0.05));
#11261=CARTESIAN_POINT('',(0.0417884234933772,0.0515683714100439,0.05));
#11262=CARTESIAN_POINT('',(0.042128701271155,0.0515683714100439,0.05));
#11263=CARTESIAN_POINT('',(0.0424689790489328,0.0515683714100439,0.05));
#11264=CARTESIAN_POINT('',(0.0424689790489328,0.0483744695003217,0.05));
#11265=CARTESIAN_POINT('',(0.0424689790489328,0.0451805675905995,0.05));
#11266=CARTESIAN_POINT('',(0.0431837142919884,0.0451805675905995,0.05));
#11267=CARTESIAN_POINT('',(0.0438984495350439,0.0451805675905995,0.05));
#11268=CARTESIAN_POINT('',(0.0438984495350439,0.0448114269655995,0.05));
#11269=CARTESIAN_POINT('',(0.0438984495350439,0.0444422863405995,0.05));
#11270=CARTESIAN_POINT('',(0.0419441309586551,0.0444422863405995,0.05));
#11271=CARTESIAN_POINT('',(-0.0688610291944307,0.0418731804865752,0.05));
#11272=CARTESIAN_POINT('',(-0.0688610291944307,0.0452504410262523,0.05));
#11273=CARTESIAN_POINT('',(-0.0688610291944307,0.038495919946898,0.05));
#11274=CARTESIAN_POINT('',(-0.0679339939956173,0.0452504410262523,0.05));
#11275=CARTESIAN_POINT('',(-0.0670069587968039,0.0452504410262523,0.05));
#11276=CARTESIAN_POINT('',(-0.0636667796650793,0.0419002784385405,0.05));
#11277=CARTESIAN_POINT('',(-0.0636667796650793,0.0441822112356196,0.05));
#11278=CARTESIAN_POINT('',(-0.0649446620314436,0.0452504410262523,0.05));
#11279=CARTESIAN_POINT('',(-0.0670069587968039,0.0452504410262523,0.05));
#11280=CARTESIAN_POINT('',(-0.0636667796650793,0.0419002784385405,0.05));
#11281=CARTESIAN_POINT('',(-0.066934222188897,0.038495919946898,0.05));
#11282=CARTESIAN_POINT('',(-0.0649446620314436,0.038495919946898,0.05));
#11283=CARTESIAN_POINT('',(-0.0636667796650793,0.0396283290974486,0.05));
#11284=CARTESIAN_POINT('',(-0.0636667796650793,0.0419002784385405,0.05));
#11285=CARTESIAN_POINT('',(-0.066934222188897,0.038495919946898,0.05));
#11286=CARTESIAN_POINT('',(-0.0678976256916638,0.038495919946898,0.05));
#11287=CARTESIAN_POINT('',(-0.0568659068257844,0.0393630544097881,0.05));
#11288=CARTESIAN_POINT('',(-0.0571033704574805,0.0402301888726782,0.05));
#11289=CARTESIAN_POINT('',(-0.0566284431940884,0.038495919946898,0.05));
#11290=CARTESIAN_POINT('',(-0.0581986982000785,0.0402301888726782,0.05));
#11291=CARTESIAN_POINT('',(-0.0592940259426764,0.0402301888726782,0.05));
#11292=CARTESIAN_POINT('',(-0.0595314895743725,0.0393630544097881,0.05));
#11293=CARTESIAN_POINT('',(-0.0597689532060685,0.038495919946898,0.05));
#11294=CARTESIAN_POINT('',(-0.0604535330451923,0.038495919946898,0.05));
#11295=CARTESIAN_POINT('',(-0.061138112884316,0.038495919946898,0.05));
#11296=CARTESIAN_POINT('',(-0.0600563341177007,0.0418731804865752,0.05));
#11297=CARTESIAN_POINT('',(-0.0589745553510854,0.0452504410262523,0.05));
#11298=CARTESIAN_POINT('',(-0.0581801574961022,0.0452504410262523,0.05));
#11299=CARTESIAN_POINT('',(-0.057385759641119,0.0452504410262523,0.05));
#11300=CARTESIAN_POINT('',(-0.0562997022505092,0.0418731804865752,0.05));
#11301=CARTESIAN_POINT('',(-0.0552136448598993,0.038495919946898,0.05));
#11302=CARTESIAN_POINT('',(-0.0559210440269939,0.038495919946898,0.05));
#11303=CARTESIAN_POINT('',(-0.0499880187545881,0.038495919946898,0.05));
#11304=CARTESIAN_POINT('',(-0.0507410565776242,0.038495919946898,0.05));
#11305=CARTESIAN_POINT('',(-0.049234980931552,0.038495919946898,0.05));
#11306=CARTESIAN_POINT('',(-0.0514349067687361,0.0397738023132624,0.05));
#11307=CARTESIAN_POINT('',(-0.052128756959848,0.0410516846796267,0.05));
#11308=CARTESIAN_POINT('',(-0.0525986924952465,0.0410516846796267,0.05));
#11309=CARTESIAN_POINT('',(-0.0530686280306449,0.0410516846796267,0.05));
#11310=CARTESIAN_POINT('',(-0.053068628030645,0.0397738023132624,0.05));
#11311=CARTESIAN_POINT('',(-0.053068628030645,0.038495919946898,0.05));
#11312=CARTESIAN_POINT('',(-0.0537446506217796,0.038495919946898,0.05));
#11313=CARTESIAN_POINT('',(-0.0544206732129143,0.038495919946898,0.05));
#11314=CARTESIAN_POINT('',(-0.0544206732129143,0.0418731804865752,0.05));
#11315=CARTESIAN_POINT('',(-0.0544206732129143,0.0452504410262523,0.05));
#11316=CARTESIAN_POINT('',(-0.0532426254064222,0.0452504410262523,0.05));
#11317=CARTESIAN_POINT('',(-0.0520645775999301,0.0452504410262523,0.05));
#11318=CARTESIAN_POINT('',(-0.0495273535711778,0.0432052587568701,0.05));
#11319=CARTESIAN_POINT('',(-0.0495273535711778,0.0447569730588839,0.05));
#11320=CARTESIAN_POINT('',(-0.0506497792657411,0.0452504410262523,0.05));
#11321=CARTESIAN_POINT('',(-0.0520645775999301,0.0452504410262523,0.05));
#11322=CARTESIAN_POINT('',(-0.0495273535711778,0.0432052587568701,0.05));
#11323=CARTESIAN_POINT('',(-0.0508152193935293,0.0412613372553583,0.05));
#11324=CARTESIAN_POINT('',(-0.0500393622425224,0.0415622671429732,0.05));
#11325=CARTESIAN_POINT('',(-0.0495273535711778,0.0421926510781662,0.05));
#11326=CARTESIAN_POINT('',(-0.0495273535711778,0.0432052587568701,0.05));
#11327=CARTESIAN_POINT('',(-0.0508152193935293,0.0412613372553583,0.05));
#11328=CARTESIAN_POINT('',(-0.0500251001625407,0.0398786286011282,0.05));
#11329=CARTESIAN_POINT('',(-0.0387929990729177,0.0393630544097881,0.05));
#11330=CARTESIAN_POINT('',(-0.0390304627046138,0.0402301888726782,0.05));
#11331=CARTESIAN_POINT('',(-0.0385555354412217,0.038495919946898,0.05));
#11332=CARTESIAN_POINT('',(-0.0401257904472118,0.0402301888726782,0.05));
#11333=CARTESIAN_POINT('',(-0.0412211181898098,0.0402301888726782,0.05));
#11334=CARTESIAN_POINT('',(-0.0414585818215058,0.0393630544097881,0.05));
#11335=CARTESIAN_POINT('',(-0.0416960454532019,0.038495919946898,0.05));
#11336=CARTESIAN_POINT('',(-0.0423806252923256,0.038495919946898,0.05));
#11337=CARTESIAN_POINT('',(-0.0430652051314493,0.038495919946898,0.05));
#11338=CARTESIAN_POINT('',(-0.041983426364834,0.0418731804865752,0.05));
#11339=CARTESIAN_POINT('',(-0.0409016475982187,0.0452504410262523,0.05));
#11340=CARTESIAN_POINT('',(-0.0401072497432355,0.0452504410262523,0.05));
#11341=CARTESIAN_POINT('',(-0.0393128518882523,0.0452504410262523,0.05));
#11342=CARTESIAN_POINT('',(-0.0382267944976425,0.0418731804865752,0.05));
#11343=CARTESIAN_POINT('',(-0.0371407371070327,0.038495919946898,0.05));
#11344=CARTESIAN_POINT('',(-0.0378481362741271,0.038495919946898,0.05));
#11345=CARTESIAN_POINT('',(0.0707322274181391,0.0557322274181391,0.05));
#11346=CARTESIAN_POINT('',(0.0673722274181391,0.0557322274181391,0.05));
#11347=CARTESIAN_POINT('',(0.0707322274181391,-0.0557322274181391,0.05));
#11348=CARTESIAN_POINT('',(0.0673722274181391,-0.0557322274181391,0.05));
#11349=CARTESIAN_POINT('',(-0.0707322274181391,-0.055732227418139,0.05));
#11350=CARTESIAN_POINT('',(-0.0740922274181391,-0.055732227418139,0.05));
#11351=CARTESIAN_POINT('',(-0.0707322274181391,0.0557322274181391,0.05));
#11352=CARTESIAN_POINT('',(-0.0740922274181391,0.0557322274181391,0.05));
#11353=CARTESIAN_POINT('',(-0.01625,0.0302422863405995,0.05));
#11354=CARTESIAN_POINT('',(-0.01625,0.0242422863405995,0.05));
#11355=CARTESIAN_POINT('',(-0.02225,0.0302422863405995,0.05));
#11356=CARTESIAN_POINT('',(-0.02225,7.47050271106141E-18,0.05));
#11357=CARTESIAN_POINT('',(-0.02225,0.0552422863405995,0.05));
#11358=CARTESIAN_POINT('',(-0.01625,0.0552422863405995,0.05));
#11359=CARTESIAN_POINT('',(-0.01625,0.0612422863405995,0.05));
#11360=CARTESIAN_POINT('',(0.01625,0.0612422863405995,0.05));
#11361=CARTESIAN_POINT('',(0.01625,0.0612422863405995,0.05));
#11362=CARTESIAN_POINT('',(0.01625,0.0552422863405995,0.05));
#11363=CARTESIAN_POINT('',(0.02225,0.0552422863405995,0.05));
#11364=CARTESIAN_POINT('',(0.02225,0.0302422863405995,0.05));
#11365=CARTESIAN_POINT('',(0.02225,0.0302422863405995,0.05));
#11366=CARTESIAN_POINT('',(0.01625,0.0302422863405995,0.05));
#11367=CARTESIAN_POINT('',(0.01625,0.0242422863405994,0.05));
#11368=CARTESIAN_POINT('',(4.36921176378076E-18,0.0242422863405995,0.05));
#11369=CARTESIAN_POINT('',(0.0529422863405995,0.0479422863405995,0.05));
#11370=CARTESIAN_POINT('',(0.0559422863405995,0.0479422863405995,0.05));
#11371=CARTESIAN_POINT('',(-0.0671136529841078,0.0650678864024859,0.05));
#11372=CARTESIAN_POINT('',(0.0675108506607281,0.0650678864024859,0.05));
#11373=CARTESIAN_POINT('',(-0.0675108506607281,0.0650678864024859,0.05));
#11374=CARTESIAN_POINT('',(-0.0666092960571549,0.0516092960571549,0.05));
#11375=CARTESIAN_POINT('',(-0.0800678864024859,0.0525108506607281,0.05));
#11376=CARTESIAN_POINT('',(-0.0800678864024859,-0.0521136529841078,0.05));
#11377=CARTESIAN_POINT('',(-0.0800678864024859,-0.0525108506607281,0.05));
#11378=CARTESIAN_POINT('',(-0.0666092960571549,-0.0516092960571549,0.05));
#11379=CARTESIAN_POINT('',(-0.0675108506607281,-0.0650678864024859,0.05));
#11380=CARTESIAN_POINT('',(0.,-0.0650678864024859,0.05));
#11381=CARTESIAN_POINT('',(0.0675108506607281,-0.0650678864024859,0.05));
#11382=CARTESIAN_POINT('',(0.0666092960571549,-0.0516092960571549,0.05));
#11383=CARTESIAN_POINT('',(0.0800678864024859,-0.052510850660728,0.05));
#11384=CARTESIAN_POINT('',(0.0800678864024859,-6.94478211071183E-18,0.05));
#11385=CARTESIAN_POINT('',(0.0800678864024859,0.0525108506607281,0.05));
#11386=CARTESIAN_POINT('',(0.0666092960571549,0.0516092960571549,0.05));
#11387=CARTESIAN_POINT('',(0.0453762052181537,-0.0200678864024859,0.022));
#11388=CARTESIAN_POINT('',(0.0240666779736047,-0.0216368699878361,0.0285659655421711));
#11389=CARTESIAN_POINT('',(0.0239962859041274,-0.0200674923859718,0.0292168952121805));
#11390=CARTESIAN_POINT('',(0.0240665882252038,-0.0185004788831925,0.0285664536091069));
#11391=CARTESIAN_POINT('',(0.0241370817671604,-0.0178517734507335,0.0270017159681322));
#11392=CARTESIAN_POINT('',(0.0240666223407017,-0.0184997475091303,0.0254332191978865));
#11393=CARTESIAN_POINT('',(0.023996342600658,-0.0200675081347453,0.0247838929564403));
#11394=CARTESIAN_POINT('',(0.0240664171471581,-0.0216331491297691,0.0254312097790776));
#11395=CARTESIAN_POINT('',(0.0241371105399687,-0.0222843234386121,0.0269978227184236));
#11396=CARTESIAN_POINT('',(0.0240666779736047,-0.0216368699878361,0.0285659655421711));
#11397=CARTESIAN_POINT('',(0.0239962859041274,-0.0200674923859718,0.0292168952121805));
#11398=CARTESIAN_POINT('',(0.0240665882252038,-0.0185004788831925,0.0285664536091069));
#11399=CARTESIAN_POINT('',(0.0240197349692197,-0.0200678864024859,0.029));
#11400=CARTESIAN_POINT('',(0.065,-0.0116414102793615,0.022));
#11401=CARTESIAN_POINT('',(0.065,-0.0116414102793615,0.022));
#11402=CARTESIAN_POINT('',(0.065,-0.0116414102793615,0.045));
#11403=CARTESIAN_POINT('',(0.0453762052181537,-0.0200678864024859,0.022));
#11404=CARTESIAN_POINT('',(0.065,-0.0284943625256104,0.022));
#11405=CARTESIAN_POINT('',(0.065,-0.0284943625256104,0.022));
#11406=CARTESIAN_POINT('',(0.065,-0.0284943625256104,0.045));
#11407=CARTESIAN_POINT('',(0.0453762052181537,-0.0200678864024859,0.045));
#11408=CARTESIAN_POINT('',(-1.38777878078145E-17,0.,0.022));
#11409=CARTESIAN_POINT('',(0.0453762052181537,-0.0200678864024859,0.022));
#11410=CARTESIAN_POINT('',(0.0270197349692196,-0.0200678864024859,0.022));
#11411=CARTESIAN_POINT('',(0.065,0.,0.022));
#11412=CARTESIAN_POINT('',(-0.0453762052181537,-0.020067886402486,0.022));
#11413=CARTESIAN_POINT('',(-0.0240666779736047,-0.021636869987836,0.0254340344578288));
#11414=CARTESIAN_POINT('',(-0.0239962859041274,-0.0200674923859719,0.0247831047878195));
#11415=CARTESIAN_POINT('',(-0.0240665882252038,-0.0185004788831925,0.0254335463908931));
#11416=CARTESIAN_POINT('',(-0.0241370817671604,-0.0178517734507335,0.0269982840318678));
#11417=CARTESIAN_POINT('',(-0.0240666223407017,-0.0184997475091304,0.0285667808021136));
#11418=CARTESIAN_POINT('',(-0.023996342600658,-0.0200675081347454,0.0292161070435597));
#11419=CARTESIAN_POINT('',(-0.0240664171471581,-0.0216331491297692,0.0285687902209223));
#11420=CARTESIAN_POINT('',(-0.0241371105399687,-0.0222843234386122,0.0270021772815763));
#11421=CARTESIAN_POINT('',(-0.0240666779736047,-0.021636869987836,0.0254340344578288));
#11422=CARTESIAN_POINT('',(-0.0239962859041274,-0.0200674923859719,0.0247831047878195));
#11423=CARTESIAN_POINT('',(-0.0240665882252038,-0.0185004788831925,0.0254335463908931));
#11424=CARTESIAN_POINT('',(-0.0240197349692197,-0.0200678864024859,0.025));
#11425=CARTESIAN_POINT('',(-0.0453762052181537,-0.020067886402486,0.022));
#11426=CARTESIAN_POINT('',(-0.065,-0.0116414102793615,0.022));
#11427=CARTESIAN_POINT('',(-0.065,-0.0284943625256104,0.022));
#11428=CARTESIAN_POINT('',(-0.065,-0.0116414102793615,0.022));
#11429=CARTESIAN_POINT('',(-0.065,-0.0116414102793615,0.045));
#11430=CARTESIAN_POINT('',(-0.0453762052181537,-0.020067886402486,0.045));
#11431=CARTESIAN_POINT('',(-0.065,-0.0284943625256104,0.045));
#11432=CARTESIAN_POINT('',(-0.065,-0.0284943625256104,0.022));
#11433=CARTESIAN_POINT('',(-0.0453762052181537,-0.020067886402486,0.03275));
#11434=CARTESIAN_POINT('',(-0.043,0.00115597917979718,0.03275));
#11435=CARTESIAN_POINT('',(-0.044,0.00124419657152506,0.03275));
#11436=CARTESIAN_POINT('',(-0.043,0.00115597917979718,0.03525));
#11437=CARTESIAN_POINT('',(-0.0426702151787766,0.00111905676290658,0.03525));
#11438=CARTESIAN_POINT('',(-0.0420254206629373,0.00102831958106185,0.0349819895666138));
#11439=CARTESIAN_POINT('',(-0.041612582202298,0.000953602471291619,0.0340014960287663));
#11440=CARTESIAN_POINT('',(-0.0420242531673235,0.0010281393658787,0.0330183185185386));
#11441=CARTESIAN_POINT('',(-0.0426702174320984,0.0011190570151865,0.03275));
#11442=CARTESIAN_POINT('',(-0.043,0.00115597917979718,0.03275));
#11443=CARTESIAN_POINT('',(-0.043,0.00115597917979718,0.03525));
#11444=CARTESIAN_POINT('',(-0.0453762052181537,-0.020067886402486,0.03525));
#11445=CARTESIAN_POINT('',(-0.044,0.00124419657152506,0.03525));
#11446=CARTESIAN_POINT('',(-0.044,0.00124419657152506,0.03275));
#11447=CARTESIAN_POINT('',(-0.0443297466332519,0.00126548961162363,0.03275));
#11448=CARTESIAN_POINT('',(-0.0449774049009137,0.00128895534090469,0.0330203255021318));
#11449=CARTESIAN_POINT('',(-0.045386021945373,0.00128783240850103,0.0339988186450798));
#11450=CARTESIAN_POINT('',(-0.0449785055477021,0.0012889806595174,0.0349792474055212));
#11451=CARTESIAN_POINT('',(-0.0443297499645923,0.00126548982674142,0.03525));
#11452=CARTESIAN_POINT('',(-0.044,0.00124419657152505,0.03525));
#11453=CARTESIAN_POINT('',(-0.047,0.019432113597514,0.03));
#11454=CARTESIAN_POINT('',(-0.047,0.013432113597514,0.03));
#11455=CARTESIAN_POINT('',(-0.047,0.013432113597514,0.03));
#11456=CARTESIAN_POINT('',(-0.047,0.013432113597514,0.039));
#11457=CARTESIAN_POINT('',(-0.047,0.00693211359751403,0.039));
#11458=CARTESIAN_POINT('',(-0.047,0.00943211359751403,0.045));
#11459=CARTESIAN_POINT('',(-0.047,0.019432113597514,0.045));
#11460=CARTESIAN_POINT('',(-0.047,0.029432113597514,0.045));
#11461=CARTESIAN_POINT('',(-0.047,0.0319321135975141,0.039));
#11462=CARTESIAN_POINT('',(-0.047,0.025432113597514,0.039));
#11463=CARTESIAN_POINT('',(-0.047,0.025432113597514,0.03));
#11464=CARTESIAN_POINT('',(-0.047,0.025432113597514,0.03));
#11465=CARTESIAN_POINT('',(-0.047,0.0239321135975141,0.03));
#11466=CARTESIAN_POINT('',(-0.047,0.023932113597514,0.0315));
#11467=CARTESIAN_POINT('',(-0.047,0.019432113597514,0.0315));
#11468=CARTESIAN_POINT('',(-0.047,0.014932113597514,0.0315));
#11469=CARTESIAN_POINT('',(-0.047,0.014932113597514,0.03));
#11470=CARTESIAN_POINT('',(-1.38777878078145E-17,0.,0.03));
#11471=CARTESIAN_POINT('',(-0.0405,0.013432113597514,0.03));
#11472=CARTESIAN_POINT('',(-0.0405,0.013932113597514,0.03));
#11473=CARTESIAN_POINT('',(-0.04,0.013432113597514,0.03));
#11474=CARTESIAN_POINT('',(-0.0405,0.013432113597514,0.03));
#11475=CARTESIAN_POINT('',(-0.0405,0.012932113597514,0.03));
#11476=CARTESIAN_POINT('',(-0.0435,0.012932113597514,0.03));
#11477=CARTESIAN_POINT('',(-0.0465,0.012932113597514,0.03));
#11478=CARTESIAN_POINT('',(-0.0465,0.013432113597514,0.03));
#11479=CARTESIAN_POINT('',(-0.0465,0.013432113597514,0.03));
#11480=CARTESIAN_POINT('',(-0.0465,0.013932113597514,0.03));
#11481=CARTESIAN_POINT('',(-0.037,0.013932113597514,0.03));
#11482=CARTESIAN_POINT('',(-1.38777878078145E-17,0.,0.03));
#11483=CARTESIAN_POINT('',(-0.0405,0.025432113597514,0.03));
#11484=CARTESIAN_POINT('',(-0.0405,0.025932113597514,0.03));
#11485=CARTESIAN_POINT('',(-0.04,0.025432113597514,0.03));
#11486=CARTESIAN_POINT('',(-0.0405,0.025432113597514,0.03));
#11487=CARTESIAN_POINT('',(-0.0405,0.024932113597514,0.03));
#11488=CARTESIAN_POINT('',(-0.037,0.024932113597514,0.03));
#11489=CARTESIAN_POINT('',(-0.0465,0.024932113597514,0.03));
#11490=CARTESIAN_POINT('',(-0.0465,0.025432113597514,0.03));
#11491=CARTESIAN_POINT('',(-0.0465,0.025432113597514,0.03));
#11492=CARTESIAN_POINT('',(-0.0465,0.025932113597514,0.03));
#11493=CARTESIAN_POINT('',(-0.0435,0.025932113597514,0.03));
#11494=CARTESIAN_POINT('',(0.0453762052181537,-0.0200678864024859,0.022));
#11495=CARTESIAN_POINT('',(0.0453762052181537,-0.0200678864024859,0.045));
#11496=CARTESIAN_POINT('',(0.0417762052181537,-0.00206788640248595,0.045));
#11497=CARTESIAN_POINT('',(0.0489762052181538,-0.00206788640248595,0.045));
#11498=CARTESIAN_POINT('',(0.0453762052181537,-0.0200678864024859,0.045));
#11499=CARTESIAN_POINT('',(0.0417762052181537,-0.0380678864024859,0.045));
#11500=CARTESIAN_POINT('',(0.0453762052181537,-0.0200678864024859,0.045));
#11501=CARTESIAN_POINT('',(0.0489762052181537,-0.0380678864024859,0.045));
#11502=CARTESIAN_POINT('',(0.0453762052181537,-0.0200678864024859,0.045));
#11503=CARTESIAN_POINT('',(0.0270743492210234,-0.0216368631003573,0.0285659501093531));
#11504=CARTESIAN_POINT('',(0.0269924537282101,-0.0200674956102556,0.029216904148151));
#11505=CARTESIAN_POINT('',(0.0270742456814544,-0.0185004728735362,0.0285664332980428));
#11506=CARTESIAN_POINT('',(0.0271563889166117,-0.0178517586833701,0.027001752687387));
#11507=CARTESIAN_POINT('',(0.0270742803739448,-0.0184998126206505,0.0254331518627432));
#11508=CARTESIAN_POINT('',(0.026992520741833,-0.0200674741943064,0.0247839136567241));
#11509=CARTESIAN_POINT('',(0.0270740465635712,-0.0216331681327953,0.0254311943320876));
#11510=CARTESIAN_POINT('',(0.0271564213896342,-0.0222843204784429,0.0269979028425526));
#11511=CARTESIAN_POINT('',(0.0270743492210234,-0.0216368631003573,0.0285659501093531));
#11512=CARTESIAN_POINT('',(0.0269924537282101,-0.0200674956102556,0.029216904148151));
#11513=CARTESIAN_POINT('',(0.0270742456814544,-0.0185004728735362,0.0285664332980428));
#11514=CARTESIAN_POINT('',(0.0270197349692197,-0.0200678864024859,0.029));
#11515=CARTESIAN_POINT('',(-1.40499556618506E-17,0.000932113597513919,0.022));
#11516=CARTESIAN_POINT('',(-1.40499556618506E-17,0.000932113597513919,0.045));
#11517=CARTESIAN_POINT('',(-0.00388572020269154,-0.0200678864024859,0.045));
#11518=CARTESIAN_POINT('',(0.00388572020269151,-0.0200678864024859,0.045));
#11519=CARTESIAN_POINT('',(0.00388572020269151,-0.0200678864024859,0.022));
#11520=CARTESIAN_POINT('',(0.00388572020269151,-0.0200678864024859,0.022));
#11521=CARTESIAN_POINT('',(-1.40499556618506E-17,0.000932113597513919,0.022));
#11522=CARTESIAN_POINT('',(-0.00388572020269154,-0.0200678864024859,0.022));
#11523=CARTESIAN_POINT('',(-0.00388572020269154,-0.0200678864024859,0.022));
#11524=CARTESIAN_POINT('',(-0.021309527244549,-0.000636869987836131,0.0285659655421711));
#11525=CARTESIAN_POINT('',(-0.0213799193140264,0.000932507614028212,0.0292168952121805));
#11526=CARTESIAN_POINT('',(-0.0213096169929499,0.0024995211168075,0.0285664536091069));
#11527=CARTESIAN_POINT('',(-0.0212391234509933,0.00314822654926653,0.0270017159681322));
#11528=CARTESIAN_POINT('',(-0.021309582877452,0.00250025249086969,0.0254332191978865));
#11529=CARTESIAN_POINT('',(-0.0213798626174957,0.000932491865254715,0.0247838929564403));
#11530=CARTESIAN_POINT('',(-0.0213097880709956,-0.000633149129769141,0.0254312097790776));
#11531=CARTESIAN_POINT('',(-0.021239094678185,-0.00128432343861211,0.0269978227184236));
#11532=CARTESIAN_POINT('',(-0.021309527244549,-0.000636869987836131,0.0285659655421711));
#11533=CARTESIAN_POINT('',(-0.0213799193140264,0.000932507614028212,0.0292168952121805));
#11534=CARTESIAN_POINT('',(-0.0213096169929499,0.0024995211168075,0.0285664536091069));
#11535=CARTESIAN_POINT('',(-0.0213564702489341,0.000932113597514037,0.029));
#11536=CARTESIAN_POINT('',(-3.46944695195361E-18,0.000932113597514033,0.022));
#11537=CARTESIAN_POINT('',(-3.46944695195361E-18,0.000932113597514033,0.045));
#11538=CARTESIAN_POINT('',(-0.0036,0.018932113597514,0.045));
#11539=CARTESIAN_POINT('',(0.0036,0.018932113597514,0.045));
#11540=CARTESIAN_POINT('',(-3.46944695195361E-18,0.000932113597514033,0.045));
#11541=CARTESIAN_POINT('',(-0.0036,-0.0170678864024859,0.045));
#11542=CARTESIAN_POINT('',(-3.46944695195361E-18,0.000932113597514033,0.045));
#11543=CARTESIAN_POINT('',(0.0036,-0.0170678864024859,0.045));
#11544=CARTESIAN_POINT('',(-3.46944695195361E-18,0.000932113597514033,0.045));
#11545=CARTESIAN_POINT('',(-3.46944695195361E-18,0.000932113597514033,0.022));
#11546=CARTESIAN_POINT('',(-0.0183564702489341,0.000932113597514033,0.022));
#11547=CARTESIAN_POINT('',(-0.0183018559971303,-0.00063686310035734,0.0285659501093531));
#11548=CARTESIAN_POINT('',(-0.0183837514899437,0.000932504389744438,0.029216904148151));
#11549=CARTESIAN_POINT('',(-0.0183019595366993,0.00249952712646381,0.0285664332980428));
#11550=CARTESIAN_POINT('',(-0.018219816301542,0.00314824131662985,0.027001752687387));
#11551=CARTESIAN_POINT('',(-0.0183019248442089,0.00250018737934949,0.0254331518627432));
#11552=CARTESIAN_POINT('',(-0.0183836844763207,0.000932525805693632,0.0247839136567241));
#11553=CARTESIAN_POINT('',(-0.0183021586545825,-0.000633168132795328,0.0254311943320875));
#11554=CARTESIAN_POINT('',(-0.0182197838285195,-0.00128432047844287,0.0269979028425526));
#11555=CARTESIAN_POINT('',(-0.0183018559971303,-0.00063686310035734,0.0285659501093531));
#11556=CARTESIAN_POINT('',(-0.0183837514899437,0.000932504389744438,0.029216904148151));
#11557=CARTESIAN_POINT('',(-0.0183019595366993,0.00249952712646381,0.0285664332980428));
#11558=CARTESIAN_POINT('',(-0.0183564702489341,0.000932113597514036,0.029));
#11559=CARTESIAN_POINT('',(-1.73139145618204E-18,-0.041067886402486,0.022));
#11560=CARTESIAN_POINT('',(-1.73139145618204E-18,-0.041067886402486,0.045));
#11561=CARTESIAN_POINT('',(-1.73139145618204E-18,-0.041067886402486,0.022));
#11562=CARTESIAN_POINT('',(-0.021309527244549,-0.0426368699878361,0.0285659655421711));
#11563=CARTESIAN_POINT('',(-0.0213799193140264,-0.0410674923859718,0.0292168952121805));
#11564=CARTESIAN_POINT('',(-0.0213096169929498,-0.0395004788831925,0.0285664536091069));
#11565=CARTESIAN_POINT('',(-0.0212391234509933,-0.0388517734507335,0.0270017159681322));
#11566=CARTESIAN_POINT('',(-0.021309582877452,-0.0394997475091303,0.0254332191978865));
#11567=CARTESIAN_POINT('',(-0.0213798626174957,-0.0410675081347453,0.0247838929564403));
#11568=CARTESIAN_POINT('',(-0.0213097880709956,-0.0426331491297691,0.0254312097790776));
#11569=CARTESIAN_POINT('',(-0.021239094678185,-0.0432843234386121,0.0269978227184236));
#11570=CARTESIAN_POINT('',(-0.021309527244549,-0.0426368699878361,0.0285659655421711));
#11571=CARTESIAN_POINT('',(-0.0213799193140264,-0.0410674923859718,0.0292168952121805));
#11572=CARTESIAN_POINT('',(-0.0213096169929498,-0.0395004788831925,0.0285664536091069));
#11573=CARTESIAN_POINT('',(-0.0213564702489341,-0.041067886402486,0.029));
#11574=CARTESIAN_POINT('',(0.,-0.041067886402486,0.022));
#11575=CARTESIAN_POINT('',(0.,-0.041067886402486,0.045));
#11576=CARTESIAN_POINT('',(-0.0036,-0.023067886402486,0.045));
#11577=CARTESIAN_POINT('',(0.0036,-0.023067886402486,0.045));
#11578=CARTESIAN_POINT('',(0.,-0.041067886402486,0.045));
#11579=CARTESIAN_POINT('',(-0.0036,-0.0590678864024859,0.045));
#11580=CARTESIAN_POINT('',(0.,-0.041067886402486,0.045));
#11581=CARTESIAN_POINT('',(0.0036,-0.0590678864024859,0.045));
#11582=CARTESIAN_POINT('',(0.,-0.041067886402486,0.045));
#11583=CARTESIAN_POINT('',(0.,-0.041067886402486,0.022));
#11584=CARTESIAN_POINT('',(-0.0183564702489341,-0.041067886402486,0.022));
#11585=CARTESIAN_POINT('',(-0.0183018559971303,-0.0426368631003573,0.0285659501093531));
#11586=CARTESIAN_POINT('',(-0.0183837514899437,-0.0410674956102556,0.029216904148151));
#11587=CARTESIAN_POINT('',(-0.0183019595366993,-0.0395004728735362,0.0285664332980428));
#11588=CARTESIAN_POINT('',(-0.018219816301542,-0.0388517586833701,0.027001752687387));
#11589=CARTESIAN_POINT('',(-0.0183019248442089,-0.0394998126206505,0.0254331518627432));
#11590=CARTESIAN_POINT('',(-0.0183836844763207,-0.0410674741943064,0.0247839136567241));
#11591=CARTESIAN_POINT('',(-0.0183021586545825,-0.0426331681327953,0.0254311943320875));
#11592=CARTESIAN_POINT('',(-0.0182197838285195,-0.0432843204784429,0.0269979028425526));
#11593=CARTESIAN_POINT('',(-0.0183018559971303,-0.0426368631003573,0.0285659501093531));
#11594=CARTESIAN_POINT('',(-0.0183837514899437,-0.0410674956102556,0.029216904148151));
#11595=CARTESIAN_POINT('',(-0.0183019595366993,-0.0395004728735362,0.0285664332980428));
#11596=CARTESIAN_POINT('',(-0.0183564702489341,-0.041067886402486,0.029));
#11597=CARTESIAN_POINT('',(-0.0453762052181537,-0.020067886402486,0.022));
#11598=CARTESIAN_POINT('',(-0.0453762052181537,-0.020067886402486,0.045));
#11599=CARTESIAN_POINT('',(-0.0489762052181537,-0.00206788640248598,0.045));
#11600=CARTESIAN_POINT('',(-0.0417762052181537,-0.00206788640248598,0.045));
#11601=CARTESIAN_POINT('',(-0.0453762052181537,-0.020067886402486,0.045));
#11602=CARTESIAN_POINT('',(-0.0489762052181537,-0.038067886402486,0.045));
#11603=CARTESIAN_POINT('',(-0.0453762052181537,-0.020067886402486,0.045));
#11604=CARTESIAN_POINT('',(-0.0417762052181537,-0.038067886402486,0.045));
#11605=CARTESIAN_POINT('',(-0.0453762052181537,-0.020067886402486,0.045));
#11606=CARTESIAN_POINT('',(-0.0453762052181537,-0.020067886402486,0.022));
#11607=CARTESIAN_POINT('',(-0.0637326754670877,-0.020067886402486,0.022));
#11608=CARTESIAN_POINT('',(-0.0270743492210234,-0.0216368631003573,0.0254340498906468));
#11609=CARTESIAN_POINT('',(-0.0269924537282101,-0.0200674956102557,0.024783095851849));
#11610=CARTESIAN_POINT('',(-0.0270742456814544,-0.0185004728735361,0.0254335667019573));
#11611=CARTESIAN_POINT('',(-0.0271563889166117,-0.0178517586833702,0.0269982473126131));
#11612=CARTESIAN_POINT('',(-0.0270742803739448,-0.0184998126206506,0.0285668481372569));
#11613=CARTESIAN_POINT('',(-0.026992520741833,-0.0200674741943065,0.0292160863432759));
#11614=CARTESIAN_POINT('',(-0.0270740465635712,-0.0216331681327954,0.0285688056679124));
#11615=CARTESIAN_POINT('',(-0.0271564213896342,-0.0222843204784429,0.0270020971574473));
#11616=CARTESIAN_POINT('',(-0.0270743492210234,-0.0216368631003573,0.0254340498906468));
#11617=CARTESIAN_POINT('',(-0.0269924537282101,-0.0200674956102557,0.024783095851849));
#11618=CARTESIAN_POINT('',(-0.0270742456814544,-0.0185004728735361,0.0254335667019573));
#11619=CARTESIAN_POINT('',(-0.0270197349692197,-0.0200678864024859,0.025));
#11620=CARTESIAN_POINT('',(-6.93889390390723E-18,-6.93889390390723E-18,
0.045));
#11621=CARTESIAN_POINT('',(-6.68978202279295E-18,-0.00206788640248596,0.045));
#11622=CARTESIAN_POINT('',(-6.93889390390723E-18,-6.93889390390723E-18,
0.045));
#11623=CARTESIAN_POINT('',(0.0489762052181537,-6.93889390390723E-18,0.045));
#11624=CARTESIAN_POINT('',(0.0489762052181537,-0.0350411959898818,0.045));
#11625=CARTESIAN_POINT('',(0.0453762052181537,-0.0200678864024859,0.045));
#11626=CARTESIAN_POINT('',(0.0489762052181537,-0.00509457681509012,0.045));
#11627=CARTESIAN_POINT('',(0.0489762052181537,-6.93889390390723E-18,0.045));
#11628=CARTESIAN_POINT('',(-6.93889390390723E-18,-6.93889390390723E-18,
0.045));
#11629=CARTESIAN_POINT('',(-6.93889390390723E-18,-0.0380678864024859,0.045));
#11630=CARTESIAN_POINT('',(-6.93889390390723E-18,-6.93889390390723E-18,
0.045));
#11631=CARTESIAN_POINT('',(0.0417762052181537,-6.93889390390723E-18,0.045));
#11632=CARTESIAN_POINT('',(0.0417762052181537,-0.00509457681509012,0.045));
#11633=CARTESIAN_POINT('',(0.0453762052181537,-0.0200678864024859,0.045));
#11634=CARTESIAN_POINT('',(0.0417762052181537,-0.0350411959898818,0.045));
#11635=CARTESIAN_POINT('',(0.0417762052181537,-6.93889390390723E-18,0.045));
#11636=CARTESIAN_POINT('',(-6.93889390390723E-18,-6.93889390390723E-18,
0.045));
#11637=CARTESIAN_POINT('',(-6.93889390390723E-18,-0.00206788640248598,0.045));
#11638=CARTESIAN_POINT('',(-6.93889390390723E-18,-6.93889390390723E-18,
0.045));
#11639=CARTESIAN_POINT('',(-0.0417762052181537,-6.93889390390723E-18,0.045));
#11640=CARTESIAN_POINT('',(-0.0417762052181537,-0.0350411959898818,0.045));
#11641=CARTESIAN_POINT('',(-0.0453762052181537,-0.020067886402486,0.045));
#11642=CARTESIAN_POINT('',(-0.0417762052181537,-0.00509457681509014,0.045));
#11643=CARTESIAN_POINT('',(-0.0417762052181537,-6.93889390390723E-18,0.045));
#11644=CARTESIAN_POINT('',(-6.93889390390723E-18,-6.93889390390723E-18,
0.045));
#11645=CARTESIAN_POINT('',(-6.93889390390723E-18,-0.038067886402486,0.045));
#11646=CARTESIAN_POINT('',(-6.93889390390723E-18,-6.93889390390723E-18,
0.045));
#11647=CARTESIAN_POINT('',(-0.0489762052181537,-6.93889390390723E-18,0.045));
#11648=CARTESIAN_POINT('',(-0.0489762052181537,-0.00509457681509014,0.045));
#11649=CARTESIAN_POINT('',(-0.0453762052181537,-0.020067886402486,0.045));
#11650=CARTESIAN_POINT('',(-0.0489762052181537,-0.0350411959898818,0.045));
#11651=CARTESIAN_POINT('',(-0.0489762052181537,-6.93889390390723E-18,0.045));
#11652=CARTESIAN_POINT('',(-6.93889390390723E-18,-6.93889390390723E-18,
0.045));
#11653=CARTESIAN_POINT('',(-6.93889390390723E-18,0.018932113597514,0.045));
#11654=CARTESIAN_POINT('',(-6.93889390390723E-18,-6.93889390390723E-18,
0.045));
#11655=CARTESIAN_POINT('',(0.0036,-6.28837260041593E-18,0.045));
#11656=CARTESIAN_POINT('',(0.0036,-0.0140411959898818,0.045));
#11657=CARTESIAN_POINT('',(-5.20417042793042E-18,0.000932113597514034,0.045));
#11658=CARTESIAN_POINT('',(0.0036,0.0159054231849098,0.045));
#11659=CARTESIAN_POINT('',(0.0036,-6.28837260041593E-18,0.045));
#11660=CARTESIAN_POINT('',(-6.93889390390723E-18,-6.93889390390723E-18,
0.045));
#11661=CARTESIAN_POINT('',(-6.93889390390723E-18,-0.0170678864024859,0.045));
#11662=CARTESIAN_POINT('',(-6.93889390390723E-18,-6.93889390390723E-18,
0.045));
#11663=CARTESIAN_POINT('',(-0.0036,-7.58941520739853E-18,0.045));
#11664=CARTESIAN_POINT('',(-0.0036,0.0159054231849098,0.045));
#11665=CARTESIAN_POINT('',(-5.20417042793042E-18,0.000932113597514034,0.045));
#11666=CARTESIAN_POINT('',(-0.0036,-0.0140411959898818,0.045));
#11667=CARTESIAN_POINT('',(-0.0036,-7.58941520739853E-18,0.045));
#11668=CARTESIAN_POINT('',(-6.93889390390723E-18,-6.93889390390723E-18,
0.045));
#11669=CARTESIAN_POINT('',(-6.93889390390723E-18,-0.023067886402486,0.045));
#11670=CARTESIAN_POINT('',(-6.93889390390723E-18,-6.93889390390723E-18,
0.045));
#11671=CARTESIAN_POINT('',(0.0036,-6.28837260041593E-18,0.045));
#11672=CARTESIAN_POINT('',(0.0036,-0.0560411959898818,0.045));
#11673=CARTESIAN_POINT('',(0.,-0.041067886402486,0.045));
#11674=CARTESIAN_POINT('',(0.0036,-0.0260945768150901,0.045));
#11675=CARTESIAN_POINT('',(0.0036,-6.28837260041593E-18,0.045));
#11676=CARTESIAN_POINT('',(-6.93889390390723E-18,-6.93889390390723E-18,
0.045));
#11677=CARTESIAN_POINT('',(-6.93889390390723E-18,-0.0590678864024859,0.045));
#11678=CARTESIAN_POINT('',(-6.93889390390723E-18,-6.93889390390723E-18,
0.045));
#11679=CARTESIAN_POINT('',(-0.0036,-7.58941520739853E-18,0.045));
#11680=CARTESIAN_POINT('',(-0.0036,-0.0260945768150901,0.045));
#11681=CARTESIAN_POINT('',(0.,-0.041067886402486,0.045));
#11682=CARTESIAN_POINT('',(-0.0036,-0.0560411959898818,0.045));
#11683=CARTESIAN_POINT('',(-0.0036,-7.58941520739853E-18,0.045));
#11684=CARTESIAN_POINT('',(-6.93889390390723E-18,-6.93889390390723E-18,
0.045));
#11685=CARTESIAN_POINT('',(-0.0683498713282225,-0.0675422863405995,0.045));
#11686=CARTESIAN_POINT('',(-0.0693109458140369,-0.0675427369546328,0.045));
#11687=CARTESIAN_POINT('',(-0.07118378115104,-0.0673677284093747,0.045));
#11688=CARTESIAN_POINT('',(-0.0747932761549221,-0.0662949478849527,0.045));
#11689=CARTESIAN_POINT('',(-0.0787062468936612,-0.0637063652067723,0.045));
#11690=CARTESIAN_POINT('',(-0.0812949625214697,-0.0597929358521061,0.045));
#11691=CARTESIAN_POINT('',(-0.0823677257262664,-0.0561843700334867,0.045));
#11692=CARTESIAN_POINT('',(-0.0825427370767303,-0.0543112062249786,0.045));
#11693=CARTESIAN_POINT('',(-0.0825422863405995,-0.0533498713282224,0.045));
#11694=CARTESIAN_POINT('',(-0.0683498713282225,-0.0675422863405995,0.045));
#11695=CARTESIAN_POINT('',(-0.0825422863405995,-0.0533498713282224,0.045));
#11696=CARTESIAN_POINT('',(-0.0825422863405995,2.20508189884655E-19,0.045));
#11697=CARTESIAN_POINT('',(-0.0825422863405995,0.0533498713282224,0.045));
#11698=CARTESIAN_POINT('',(-0.0825422863405995,0.0533498713282224,0.045));
#11699=CARTESIAN_POINT('',(-0.0825427369546327,0.0543109458140503,0.045));
#11700=CARTESIAN_POINT('',(-0.0823677284093743,0.0561837811510705,0.045));
#11701=CARTESIAN_POINT('',(-0.0812949478849547,0.0597932761549045,0.045));
#11702=CARTESIAN_POINT('',(-0.0787063652067563,0.0637062468936673,0.045));
#11703=CARTESIAN_POINT('',(-0.0747929358521519,0.0662949625214689,0.045));
#11704=CARTESIAN_POINT('',(-0.0711843700334074,0.0673677257262665,0.045));
#11705=CARTESIAN_POINT('',(-0.0693112062249436,0.0675427370767302,0.045));
#11706=CARTESIAN_POINT('',(-0.0683498713282225,0.0675422863405995,0.045));
#11707=CARTESIAN_POINT('',(-0.0683498713282225,0.0675422863405995,0.045));
#11708=CARTESIAN_POINT('',(-6.93889390390723E-18,0.0675422863405995,0.045));
#11709=CARTESIAN_POINT('',(0.0683498713282225,0.0675422863405995,0.045));
#11710=CARTESIAN_POINT('',(0.0683498713282225,0.0675422863405995,0.045));
#11711=CARTESIAN_POINT('',(0.0693109458140989,0.0675427369546328,0.045));
#11712=CARTESIAN_POINT('',(0.0711837811511801,0.0673677284093743,0.045));
#11713=CARTESIAN_POINT('',(0.0747932761548411,0.0662949478849551,0.045));
#11714=CARTESIAN_POINT('',(0.0787062468936894,0.0637063652067522,0.045));
#11715=CARTESIAN_POINT('',(0.0812949625214661,0.0597929358521636,0.045));
#11716=CARTESIAN_POINT('',(0.0823677257262671,0.0561843700333871,0.045));
#11717=CARTESIAN_POINT('',(0.0825427370767303,0.0543112062249346,0.045));
#11718=CARTESIAN_POINT('',(0.0825422863405995,0.0533498713282225,0.045));
#11719=CARTESIAN_POINT('',(0.0825422863405995,0.0533498713282224,0.045));
#11720=CARTESIAN_POINT('',(0.0825422863405995,-0.0534533989462634,0.045));
#11721=CARTESIAN_POINT('',(0.0825422863405995,-0.0533498713282224,0.045));
#11722=CARTESIAN_POINT('',(0.0825422863405995,-0.0533498713282224,0.045));
#11723=CARTESIAN_POINT('',(0.0825427369546328,-0.0543109458140898,0.045));
#11724=CARTESIAN_POINT('',(0.0823677284093747,-0.0561837811511598,0.045));
#11725=CARTESIAN_POINT('',(0.0812949478849531,-0.0597932761548528,0.045));
#11726=CARTESIAN_POINT('',(0.0787063652067682,-0.0637062468936853,0.045));
#11727=CARTESIAN_POINT('',(0.0747929358521178,-0.0662949625214667,0.045));
#11728=CARTESIAN_POINT('',(0.0711843700334663,-0.067367725726267,0.045));
#11729=CARTESIAN_POINT('',(0.0693112062249697,-0.0675427370767303,0.045));
#11730=CARTESIAN_POINT('',(0.0683498713282225,-0.0675422863405995,0.045));
#11731=CARTESIAN_POINT('',(0.0683498713282225,-0.0675422863405995,0.045));
#11732=CARTESIAN_POINT('',(-0.0684533989462634,-0.0675422863405995,0.045));
#11733=CARTESIAN_POINT('',(0.0707322274181391,0.0557322274181391,0.045));
#11734=CARTESIAN_POINT('',(0.0724822274181391,0.0557322274181391,0.045));
#11735=CARTESIAN_POINT('',(0.0707322274181391,-0.0557322274181391,0.045));
#11736=CARTESIAN_POINT('',(0.0724822274181391,-0.0557322274181391,0.045));
#11737=CARTESIAN_POINT('',(-0.0707322274181391,-0.055732227418139,0.045));
#11738=CARTESIAN_POINT('',(-0.0689822274181391,-0.055732227418139,0.045));
#11739=CARTESIAN_POINT('',(-0.0707322274181391,0.0557322274181391,0.045));
#11740=CARTESIAN_POINT('',(-0.0689822274181391,0.0557322274181391,0.045));
#11741=CARTESIAN_POINT('',(-0.065,0.00125,0.045));
#11742=CARTESIAN_POINT('',(0.065,-0.01,0.045));
#11743=CARTESIAN_POINT('',(0.0529422863405995,0.0479422863405995,0.045));
#11744=CARTESIAN_POINT('',(0.0439422863405995,0.0479422863405995,0.045));
#11745=CARTESIAN_POINT('',(0.02605,0.0260622863405995,0.045));
#11746=CARTESIAN_POINT('',(0.02355,0.0260622863405995,0.045));
#11747=CARTESIAN_POINT('',(0.02605,0.0594222863405995,0.045));
#11748=CARTESIAN_POINT('',(0.02355,0.0594222863405995,0.045));
#11749=CARTESIAN_POINT('',(-0.03155,0.0594222863405995,0.045));
#11750=CARTESIAN_POINT('',(-0.03405,0.0594222863405995,0.045));
#11751=CARTESIAN_POINT('',(-0.03155,0.0260622863405995,0.045));
#11752=CARTESIAN_POINT('',(-0.03405,0.0260622863405995,0.045));
#11753=CARTESIAN_POINT('',(-0.047,0.00943211359751403,0.045));
#11754=CARTESIAN_POINT('',(-0.047,0.00857581705353951,0.045));
#11755=CARTESIAN_POINT('',(-0.0467360165869109,0.00774970721342081,0.045));
#11756=CARTESIAN_POINT('',(-0.0465,0.00693211359751403,0.045));
#11757=CARTESIAN_POINT('',(-0.0465,0.00693211359751403,0.045));
#11758=CARTESIAN_POINT('',(-0.04,0.00693211359751403,0.045));
#11759=CARTESIAN_POINT('',(-0.0405,0.00693211359751403,0.045));
#11760=CARTESIAN_POINT('',(-0.04,0.00943211359751403,0.045));
#11761=CARTESIAN_POINT('',(-0.04,0.00857581705353951,0.045));
#11762=CARTESIAN_POINT('',(-0.0402639834130889,0.00774970721342077,0.045));
#11763=CARTESIAN_POINT('',(-0.0405,0.00693211359751403,0.045));
#11764=CARTESIAN_POINT('',(-0.04,0.00943211359751403,0.045));
#11765=CARTESIAN_POINT('',(-0.04,0.019432113597514,0.045));
#11766=CARTESIAN_POINT('',(-0.04,0.029432113597514,0.045));
#11767=CARTESIAN_POINT('',(-0.04,0.029432113597514,0.045));
#11768=CARTESIAN_POINT('',(-0.04,0.0302884101414886,0.045));
#11769=CARTESIAN_POINT('',(-0.0402639834130891,0.0311145199816073,0.045));
#11770=CARTESIAN_POINT('',(-0.0405,0.0319321135975141,0.045));
#11771=CARTESIAN_POINT('',(-0.0405,0.0319321135975141,0.045));
#11772=CARTESIAN_POINT('',(8.887788123283E-18,0.031932113597514,0.045));
#11773=CARTESIAN_POINT('',(-0.0465,0.0319321135975141,0.045));
#11774=CARTESIAN_POINT('',(-0.047,0.029432113597514,0.045));
#11775=CARTESIAN_POINT('',(-0.047,0.0302884101414886,0.045));
#11776=CARTESIAN_POINT('',(-0.0467360165869109,0.0311145199816073,0.045));
#11777=CARTESIAN_POINT('',(-0.0465,0.0319321135975141,0.045));
#11778=CARTESIAN_POINT('',(-0.01625,0.0552422863405995,0.045));
#11779=CARTESIAN_POINT('',(-0.01625,0.0586422863405995,0.045));
#11780=CARTESIAN_POINT('',(-0.01965,0.0552422863405995,0.045));
#11781=CARTESIAN_POINT('',(-0.01965,0.0302422863405995,0.045));
#11782=CARTESIAN_POINT('',(-0.01965,0.0302422863405995,0.045));
#11783=CARTESIAN_POINT('',(-0.01625,0.0302422863405995,0.045));
#11784=CARTESIAN_POINT('',(-0.01625,0.0268422863405995,0.045));
#11785=CARTESIAN_POINT('',(0.01625,0.0268422863405995,0.045));
#11786=CARTESIAN_POINT('',(0.01625,0.0268422863405995,0.045));
#11787=CARTESIAN_POINT('',(0.01625,0.0302422863405995,0.045));
#11788=CARTESIAN_POINT('',(0.01965,0.0302422863405995,0.045));
#11789=CARTESIAN_POINT('',(0.01965,-1.35364389947996E-17,0.045));
#11790=CARTESIAN_POINT('',(0.01965,0.0552422863405995,0.045));
#11791=CARTESIAN_POINT('',(0.01625,0.0552422863405995,0.045));
#11792=CARTESIAN_POINT('',(0.01625,0.0586422863405995,0.045));
#11793=CARTESIAN_POINT('',(3.63026462076727E-18,0.0586422863405995,0.045));
#11794=CARTESIAN_POINT('',(0.,-0.041067886402486,0.025));
#11795=CARTESIAN_POINT('',(0.,-0.041067886402486,0.0496));
#11796=CARTESIAN_POINT('',(0.015,-0.041067886402486,0.0496));
#11797=CARTESIAN_POINT('',(-0.0036,-0.0556294797218999,0.025));
#11798=CARTESIAN_POINT('',(-0.0036,-0.0556294797218999,0.0454));
#11799=CARTESIAN_POINT('',(-0.0036,-0.0556294797218999,0.0475));
#11800=CARTESIAN_POINT('',(0.,-0.041067886402486,0.0454));
#11801=CARTESIAN_POINT('',(-0.0036,-0.026506293083072,0.0454));
#11802=CARTESIAN_POINT('',(-0.0036,-0.026506293083072,0.025));
#11803=CARTESIAN_POINT('',(-0.0036,-0.026506293083072,0.0475));
#11804=CARTESIAN_POINT('',(0.,-0.041067886402486,0.0475));
#11805=CARTESIAN_POINT('',(0.0036,-0.026506293083072,0.0475));
#11806=CARTESIAN_POINT('',(0.0036,-0.026506293083072,0.025));
#11807=CARTESIAN_POINT('',(0.0036,-0.026506293083072,0.0454));
#11808=CARTESIAN_POINT('',(0.,-0.041067886402486,0.0454));
#11809=CARTESIAN_POINT('',(0.0036,-0.0556294797218999,0.0454));
#11810=CARTESIAN_POINT('',(0.0036,-0.0556294797218999,0.025));
#11811=CARTESIAN_POINT('',(0.0036,-0.0556294797218999,0.0475));
#11812=CARTESIAN_POINT('',(0.,-0.041067886402486,0.0475));
#11813=CARTESIAN_POINT('',(0.0529422863405995,0.0479422863405995,0.025));
#11814=CARTESIAN_POINT('',(0.0529422863405995,0.0479422863405995,0.0475));
#11815=CARTESIAN_POINT('',(0.0499422863405995,0.0479422863405995,0.0475));
#11816=CARTESIAN_POINT('',(0.,0.0650678864024859,0.048));
#11817=CARTESIAN_POINT('',(0.0675108506607281,0.0650678864024859,0.048));
#11818=CARTESIAN_POINT('',(0.0675108506607281,0.0669997380550641,0.0485176380902051));
#11819=CARTESIAN_POINT('',(0.0671136529841078,0.0669997380550641,0.0485176380902051));
#11820=CARTESIAN_POINT('',(-0.0675108506607281,0.0669997380550641,0.048517638090205));
#11821=CARTESIAN_POINT('',(-0.0675108506607281,0.0650678864024859,0.048));
#11822=CARTESIAN_POINT('',(0.0800678864024859,0.08,0.048));
#11823=CARTESIAN_POINT('',(0.0800678864024859,-0.052510850660728,0.048));
#11824=CARTESIAN_POINT('',(0.0819997380550641,-0.052510850660728,0.048517638090205));
#11825=CARTESIAN_POINT('',(0.0819997380550641,0.08,0.0485176380902051));
#11826=CARTESIAN_POINT('',(0.0819997380550641,0.0525108506607281,0.0485176380902051));
#11827=CARTESIAN_POINT('',(0.0800678864024859,0.0525108506607281,0.048));
#11828=CARTESIAN_POINT('',(-0.0800678864024859,6.94478211071183E-18,0.048));
#11829=CARTESIAN_POINT('',(-0.080067886402486,-0.0525108506607281,0.048));
#11830=CARTESIAN_POINT('',(-0.0819997380550641,-0.0525108506607281,0.0485176380902051));
#11831=CARTESIAN_POINT('',(-0.0800678864024859,0.0525108506607281,0.048));
#11832=CARTESIAN_POINT('',(-0.0819997380550641,0.0525108506607281,0.0485176380902051));
#11833=CARTESIAN_POINT('',(-0.0819997380550641,0.0521136529841078,0.0485176380902051));
#11834=CARTESIAN_POINT('',(0.,-0.0650678864024859,0.048));
#11835=CARTESIAN_POINT('',(0.0675108506607281,-0.0650678864024859,0.048));
#11836=CARTESIAN_POINT('',(0.0675108506607281,-0.0669997380550641,0.048517638090205));
#11837=CARTESIAN_POINT('',(-0.0675108506607281,-0.0650678864024859,0.048));
#11838=CARTESIAN_POINT('',(-0.0675108506607281,-0.0669997380550641,0.0485176380902051));
#11839=CARTESIAN_POINT('',(0.,-0.0669997380550641,0.0485176380902051));
#11840=CARTESIAN_POINT('',(-0.0819997380550641,-0.0525108506607281,0.048517638090205));
#11841=CARTESIAN_POINT('',(-0.0816025403784439,-0.0525108506607281,0.05));
#11842=CARTESIAN_POINT('',(-0.080067886402486,-0.0525108506607281,0.05));
#11843=CARTESIAN_POINT('',(-0.0819834848214806,-0.0544362334850036,0.0485782959837259));
#11844=CARTESIAN_POINT('',(-0.0815532480050738,-0.054364022905856,0.0500000000000029));
#11845=CARTESIAN_POINT('',(-0.080067886402486,-0.0541936019108785,0.05));
#11846=CARTESIAN_POINT('',(-0.0812173509024224,-0.0582432714813447,0.0486749132257882));
#11847=CARTESIAN_POINT('',(-0.0807770095252933,-0.0580342904944665,0.0499999999999986));
#11848=CARTESIAN_POINT('',(-0.0794263403830232,-0.0575154715514199,0.05));
#11849=CARTESIAN_POINT('',(-0.0780278257067105,-0.0630278257067095,0.0487255913471293));
#11850=CARTESIAN_POINT('',(-0.077668783248893,-0.0626687832489046,0.0500000000000007));
#11851=CARTESIAN_POINT('',(-0.0766738538202009,-0.0616738538202001,0.05));
#11852=CARTESIAN_POINT('',(-0.0732432714813442,-0.0662173509024255,0.0486749132257777));
#11853=CARTESIAN_POINT('',(-0.0730342904944851,-0.0657770095252803,0.0499999999999986));
#11854=CARTESIAN_POINT('',(-0.0725154715514221,-0.0644263403830284,0.05));
#11855=CARTESIAN_POINT('',(-0.0694362334850037,-0.066983484821474,0.0485782959837506));
#11856=CARTESIAN_POINT('',(-0.0693640229058366,-0.0665532480050933,0.0500000000000029));
#11857=CARTESIAN_POINT('',(-0.0691936019108727,-0.0650678864024743,0.05));
#11858=CARTESIAN_POINT('',(-0.0675108506607281,-0.0669997380550641,0.048517638090205));
#11859=CARTESIAN_POINT('',(-0.0675108506607281,-0.0666025403784439,0.05));
#11860=CARTESIAN_POINT('',(-0.0675108506607281,-0.065067886402486,0.05));
#11861=CARTESIAN_POINT('',(-0.0666092960571549,-0.0516092960571549,0.048));
#11862=CARTESIAN_POINT('',(-0.0675108506607281,0.0669997380550641,0.0485176380902051));
#11863=CARTESIAN_POINT('',(-0.0675108506607281,0.0666025403784439,0.05));
#11864=CARTESIAN_POINT('',(-0.0675108506607281,0.065067886402486,0.05));
#11865=CARTESIAN_POINT('',(-0.0694362334850153,0.0669834848214784,0.0485782959837343));
#11866=CARTESIAN_POINT('',(-0.0693640229058654,0.0665532480050842,0.0500000000000073));
#11867=CARTESIAN_POINT('',(-0.0691936019108843,0.0650678864024743,0.05));
#11868=CARTESIAN_POINT('',(-0.0732432714813391,0.0662173509024234,0.0486749132257851));
#11869=CARTESIAN_POINT('',(-0.0730342904944656,0.0657770095252861,0.0499999999999964));
#11870=CARTESIAN_POINT('',(-0.0725154715514169,0.0644263403830283,0.05));
#11871=CARTESIAN_POINT('',(-0.0780278257067116,0.0630278257067102,0.0487255913471279));
#11872=CARTESIAN_POINT('',(-0.0776687832489031,0.0626687832489003,0.0500000000000018));
#11873=CARTESIAN_POINT('',(-0.0766738538202022,0.0616738538202001,0.05));
#11874=CARTESIAN_POINT('',(-0.0812173509024227,0.0582432714813443,0.0486749132257863));
#11875=CARTESIAN_POINT('',(-0.0807770095252805,0.0580342904944711,0.0499999999999964));
#11876=CARTESIAN_POINT('',(-0.0794263403830228,0.0575154715514198,0.05));
#11877=CARTESIAN_POINT('',(-0.0819834848214792,0.0544362334850037,0.0485782959837313));
#11878=CARTESIAN_POINT('',(-0.0815532480050959,0.0543640229058538,0.0500000000000073));
#11879=CARTESIAN_POINT('',(-0.080067886402486,0.0541936019108785,0.05));
#11880=CARTESIAN_POINT('',(-0.0819997380550641,0.0525108506607281,0.0485176380902051));
#11881=CARTESIAN_POINT('',(-0.0816025403784439,0.0525108506607281,0.05));
#11882=CARTESIAN_POINT('',(-0.080067886402486,0.0525108506607281,0.05));
#11883=CARTESIAN_POINT('',(-0.0666092960571549,0.0516092960571549,0.048));
#11884=CARTESIAN_POINT('',(0.0675108506607281,-0.0669997380550641,0.048517638090205));
#11885=CARTESIAN_POINT('',(0.0675108506607281,-0.0666025403784439,0.05));
#11886=CARTESIAN_POINT('',(0.0675108506607281,-0.065067886402486,0.05));
#11887=CARTESIAN_POINT('',(0.0694362334850036,-0.0669834848214775,0.0485782959837376));
#11888=CARTESIAN_POINT('',(0.0693640229058711,-0.0665532480050106,0.0500000000000029));
#11889=CARTESIAN_POINT('',(0.0691936019108843,-0.0650678864024743,0.05));
#11890=CARTESIAN_POINT('',(0.0732432714813447,-0.0662173509024238,0.0486749132257825));
#11891=CARTESIAN_POINT('',(0.0730342904944645,-0.0657770095253223,0.049999999999998));
#11892=CARTESIAN_POINT('',(0.0725154715514168,-0.0644263403830284,0.05));
#11893=CARTESIAN_POINT('',(0.0780278257067094,-0.0630278257067099,0.0487255913471318));
#11894=CARTESIAN_POINT('',(0.077668783248897,-0.0626687832488841,0.0500000000000026));
#11895=CARTESIAN_POINT('',(0.0766738538202024,-0.0616738538202,0.05));
#11896=CARTESIAN_POINT('',(0.0812173509024266,-0.0582432714813443,0.0486749132257732));
#11897=CARTESIAN_POINT('',(0.0807770095253121,-0.05803429049449,0.0499999999999913));
#11898=CARTESIAN_POINT('',(0.0794263403830228,-0.0575154715514198,0.05));
#11899=CARTESIAN_POINT('',(0.0819834848214717,-0.0544362334850036,0.0485782959837594));
#11900=CARTESIAN_POINT('',(0.0815532480050224,-0.0543640229058362,0.0500000000000189));
#11901=CARTESIAN_POINT('',(0.080067886402486,-0.0541936019108784,0.05));
#11902=CARTESIAN_POINT('',(0.0819997380550641,-0.052510850660728,0.048517638090205));
#11903=CARTESIAN_POINT('',(0.0816025403784439,-0.052510850660728,0.05));
#11904=CARTESIAN_POINT('',(0.080067886402486,-0.052510850660728,0.05));
#11905=CARTESIAN_POINT('',(0.0666092960571549,-0.0516092960571549,0.048));
#11906=CARTESIAN_POINT('',(0.0819997380550641,0.0525108506607281,0.048517638090205));
#11907=CARTESIAN_POINT('',(0.0816025403784439,0.0525108506607281,0.05));
#11908=CARTESIAN_POINT('',(0.080067886402486,0.0525108506607281,0.05));
#11909=CARTESIAN_POINT('',(0.0819834848214806,0.0544362334850036,0.0485782959837259));
#11910=CARTESIAN_POINT('',(0.0815532480050738,0.054364022905856,0.0500000000000029));
#11911=CARTESIAN_POINT('',(0.080067886402486,0.0541936019108785,0.05));
#11912=CARTESIAN_POINT('',(0.0812173509024224,0.0582432714813447,0.0486749132257882));
#11913=CARTESIAN_POINT('',(0.0807770095252933,0.0580342904944665,0.0499999999999986));
#11914=CARTESIAN_POINT('',(0.0794263403830232,0.0575154715514199,0.05));
#11915=CARTESIAN_POINT('',(0.0780278257067105,0.0630278257067095,0.0487255913471293));
#11916=CARTESIAN_POINT('',(0.077668783248893,0.0626687832489046,0.0500000000000007));
#11917=CARTESIAN_POINT('',(0.0766738538202009,0.0616738538202001,0.05));
#11918=CARTESIAN_POINT('',(0.0732432714813442,0.0662173509024255,0.0486749132257777));
#11919=CARTESIAN_POINT('',(0.0730342904944851,0.0657770095252803,0.0499999999999986));
#11920=CARTESIAN_POINT('',(0.0725154715514221,0.0644263403830284,0.05));
#11921=CARTESIAN_POINT('',(0.0694362334850037,0.066983484821474,0.0485782959837506));
#11922=CARTESIAN_POINT('',(0.0693640229058366,0.0665532480050933,0.0500000000000029));
#11923=CARTESIAN_POINT('',(0.0691936019108727,0.0650678864024743,0.05));
#11924=CARTESIAN_POINT('',(0.0675108506607281,0.0669997380550641,0.048517638090205));
#11925=CARTESIAN_POINT('',(0.0675108506607281,0.0666025403784439,0.05));
#11926=CARTESIAN_POINT('',(0.0675108506607281,0.065067886402486,0.05));
#11927=CARTESIAN_POINT('',(0.0666092960571549,0.0516092960571549,0.048));
#11928=CARTESIAN_POINT('',(-0.0754564864534416,-0.0604564864534416,0.0149818359368226));
#11929=CARTESIAN_POINT('',(-0.0825121776542162,-0.0530232902598802,0.0466051874703591));
#11930=CARTESIAN_POINT('',(-0.0828387587225585,-0.0533498713282224,0.0453863703305156));
#11931=CARTESIAN_POINT('',(-0.0828387587225585,-0.0533498713282224,0.0453863703305156));
#11932=CARTESIAN_POINT('',(-0.0828374945115443,-0.0543568490831977,0.045391088430252));
#11933=CARTESIAN_POINT('',(-0.0826887829703734,-0.055825565546571,0.0453979834975358));
#11934=CARTESIAN_POINT('',(-0.0822262519620339,-0.0576718978575151,0.0454043995916394));
#11935=CARTESIAN_POINT('',(-0.0817757729875845,-0.0589533038327283,0.045408102150382));
#11936=CARTESIAN_POINT('',(-0.0811612298134227,-0.060275305558878,0.0454117677700508));
#11937=CARTESIAN_POINT('',(-0.08019438875182,-0.0618963821554219,0.0454151446552543));
#11938=CARTESIAN_POINT('',(-0.0787102404333253,-0.0637103811677542,0.0454160577299938));
#11939=CARTESIAN_POINT('',(-0.076896620624463,-0.0651942050175748,0.0454151397235486));
#11940=CARTESIAN_POINT('',(-0.075275507330355,-0.0661611321206558,0.0454117770263121));
#11941=CARTESIAN_POINT('',(-0.0739532206577599,-0.0667758079398331,0.0454081022500842));
#11942=CARTESIAN_POINT('',(-0.0726720287859114,-0.067226209845806,0.0454043899365694));
#11943=CARTESIAN_POINT('',(-0.0708257054012886,-0.0676887653855657,0.0453979778194572));
#11944=CARTESIAN_POINT('',(-0.0693569380986993,-0.0678374943997897,0.0453910888473258));
#11945=CARTESIAN_POINT('',(-0.0683498713282225,-0.0678387587225585,0.0453863703305156));
#11946=CARTESIAN_POINT('',(-0.0683498713282225,-0.0678387587225585,0.0453863703305156));
#11947=CARTESIAN_POINT('',(-0.0814207498814363,-0.0809096372757723,-0.00339481252964092));
#11948=CARTESIAN_POINT('',(0.0713756746342873,-0.0563756746342873,0.030211632982034));
#11949=CARTESIAN_POINT('',(0.0754564864534416,-0.0749453738477776,0.0188641216133604));
#11950=CARTESIAN_POINT('',(0.0683498713282225,-0.0678387587225585,0.0453863703305156));
#11951=CARTESIAN_POINT('',(0.0683498713282225,-0.0678387587225585,0.0453863703305156));
#11952=CARTESIAN_POINT('',(0.0693568490834427,-0.067837494511544,0.0453910884302532));
#11953=CARTESIAN_POINT('',(0.0708255655469801,-0.0676887829703137,0.0453979834975198));
#11954=CARTESIAN_POINT('',(0.0726718978578346,-0.0672262519619368,0.0454043995916136));
#11955=CARTESIAN_POINT('',(0.0739533038326541,-0.0667757729876092,0.0454081021503795));
#11956=CARTESIAN_POINT('',(0.0752753055588551,-0.0661612298134211,0.0454117677700869));
#11957=CARTESIAN_POINT('',(0.0768963821553416,-0.0651943887518553,0.0454151446553081));
#11958=CARTESIAN_POINT('',(0.0787103811678499,-0.0637102404332142,0.0454160577299887));
#11959=CARTESIAN_POINT('',(0.0801942050173681,-0.061896620624761,0.0454151397235102));
#11960=CARTESIAN_POINT('',(0.0811611321205475,-0.0602755073305916,0.0454117770262992));
#11961=CARTESIAN_POINT('',(0.0817758079398564,-0.0589532206577157,0.045408102250086));
#11962=CARTESIAN_POINT('',(0.0822262098458215,-0.0576720287858513,0.0454043899365753));
#11963=CARTESIAN_POINT('',(0.0826887653855845,-0.055825705401181,0.0453979778194612));
#11964=CARTESIAN_POINT('',(0.0828374943997898,-0.0543569380986407,0.0453910888473255));
#11965=CARTESIAN_POINT('',(0.0828387587225585,-0.0533498713282224,0.0453863703305156));
#11966=CARTESIAN_POINT('',(0.0828387587225585,-0.0533498713282224,0.0453863703305156));
#11967=CARTESIAN_POINT('',(0.0858645620286233,-0.0563756746342873,0.0340939186585718));
#11968=CARTESIAN_POINT('',(0.,-0.08,0.));
#11969=CARTESIAN_POINT('',(0.0684533989462635,-0.0678387587225585,0.0453863703305156));
#11970=CARTESIAN_POINT('',(-0.0814207498814363,0.0664207498814363,-0.00727709820617874));
#11971=CARTESIAN_POINT('',(-0.0754564864534416,0.0749453738477776,0.0188641216133604));
#11972=CARTESIAN_POINT('',(-0.0683498713282225,0.0678387587225585,0.0453863703305156));
#11973=CARTESIAN_POINT('',(-0.0683498713282224,0.0678387587225585,0.0453863703305156));
#11974=CARTESIAN_POINT('',(-0.0693568490832548,0.0678374945115442,0.0453910884302523));
#11975=CARTESIAN_POINT('',(-0.0708255655466685,0.0676887829703584,0.0453979834975321));
#11976=CARTESIAN_POINT('',(-0.072671897857586,0.0672262519620128,0.0454043995916334));
#11977=CARTESIAN_POINT('',(-0.0739533038327244,0.0667757729875838,0.0454081021503812));
#11978=CARTESIAN_POINT('',(-0.0752753055588221,0.0661612298134458,0.0454117677700602));
#11979=CARTESIAN_POINT('',(-0.0768963821553406,0.0651943887518735,0.0454151446552726));
#11980=CARTESIAN_POINT('',(-0.0787103811678073,0.0637102404332698,0.0454160577299931));
#11981=CARTESIAN_POINT('',(-0.0801942050174964,0.0618966206245759,0.0454151397235326));
#11982=CARTESIAN_POINT('',(-0.0811611321206167,0.0602755073304417,0.0454117770263062));
#11983=CARTESIAN_POINT('',(-0.0817758079398406,0.0589532206577464,0.045408102250085));
#11984=CARTESIAN_POINT('',(-0.082226209845815,0.0576720287858782,0.0454043899365725));
#11985=CARTESIAN_POINT('',(-0.0826887653855746,0.055825705401235,0.0453979778194592));
#11986=CARTESIAN_POINT('',(-0.0828374943997897,0.0543569380986694,0.0453910888473257));
#11987=CARTESIAN_POINT('',(-0.0828387587225584,0.0533498713282225,0.0453863703305156));
#11988=CARTESIAN_POINT('',(-0.0828387587225584,0.0533498713282223,0.045386370330516));
#11989=CARTESIAN_POINT('',(-0.0959096372757723,0.0664207498814363,-0.00339481252964093));
#11990=CARTESIAN_POINT('',(-0.095,0.08,0.));
#11991=CARTESIAN_POINT('',(-0.0828387587225585,0.08,0.0453863703305156));
#11992=CARTESIAN_POINT('',(0.0754564864534416,0.0604564864534416,0.0149818359368226));
#11993=CARTESIAN_POINT('',(0.0825121776542162,0.0530232902598802,0.0466051874703591));
#11994=CARTESIAN_POINT('',(0.0828387587225585,0.0533498713282224,0.0453863703305156));
#11995=CARTESIAN_POINT('',(0.0828387587225585,0.0533498713282224,0.0453863703305156));
#11996=CARTESIAN_POINT('',(0.0828374945115442,0.054356849083255,0.0453910884302523));
#11997=CARTESIAN_POINT('',(0.0826887829703596,0.0558255655466663,0.0453979834975322));
#11998=CARTESIAN_POINT('',(0.0822262519620108,0.0576718978575905,0.0454043995916334));
#11999=CARTESIAN_POINT('',(0.0817757729875915,0.0589533038327082,0.0454081021503815));
#12000=CARTESIAN_POINT('',(0.0811612298134176,0.0602753055588828,0.045411767770059));
#12001=CARTESIAN_POINT('',(0.0801943887518198,0.0618963821554152,0.0454151446552658));
#12002=CARTESIAN_POINT('',(0.078710240433301,0.0637103811677738,0.0454160577299923));
#12003=CARTESIAN_POINT('',(0.0768966206245364,0.0651942050175226,0.0454151397235419));
#12004=CARTESIAN_POINT('',(0.0752755073304156,0.0661611321206273,0.045411777026311));
#12005=CARTESIAN_POINT('',(0.0739532206577436,0.0667758079398408,0.0454081022500845));
#12006=CARTESIAN_POINT('',(0.0726720287859157,0.067226209845804,0.0454043899365693));
#12007=CARTESIAN_POINT('',(0.070825705401286,0.0676887653855669,0.0453979778194572));
#12008=CARTESIAN_POINT('',(0.0693569380986993,0.0678374943997897,0.0453910888473258));
#12009=CARTESIAN_POINT('',(0.0683498713282225,0.0678387587225585,0.0453863703305156));
#12010=CARTESIAN_POINT('',(0.0683498713282224,0.0678387587225585,0.0453863703305156));
#12011=CARTESIAN_POINT('',(0.0814207498814363,0.0809096372757723,-0.00339481252964092));
#12012=CARTESIAN_POINT('',(0.095,0.08,0.));
#12013=CARTESIAN_POINT('',(0.0828387587225585,0.0534533989462635,0.0453863703305156));
#12014=CARTESIAN_POINT('',(0.,0.08,0.));
#12015=CARTESIAN_POINT('',(0.,0.0678387587225585,0.0453863703305156));
#12016=CARTESIAN_POINT('',(-2.08166817117217E-17,0.0272422863405995,0.025));
#12017=CARTESIAN_POINT('',(0.01625,0.0272422863405995,0.025));
#12018=CARTESIAN_POINT('',(0.01625,0.0272422863405995,0.047));
#12019=CARTESIAN_POINT('',(0.01625,0.0272422863405995,0.0454));
#12020=CARTESIAN_POINT('',(-0.01625,0.0272422863405995,0.0454));
#12021=CARTESIAN_POINT('',(-0.01625,0.0272422863405995,0.0454));
#12022=CARTESIAN_POINT('',(-0.01625,0.0272422863405995,0.05));
#12023=CARTESIAN_POINT('',(-0.01625,0.0272422863405995,0.047));
#12024=CARTESIAN_POINT('',(-2.08166817117217E-17,0.0272422863405995,0.047));
#12025=CARTESIAN_POINT('',(0.01925,0.0427422863405995,0.025));
#12026=CARTESIAN_POINT('',(0.01925,0.0552422863405995,0.045));
#12027=CARTESIAN_POINT('',(0.01925,0.0552422863405995,0.047));
#12028=CARTESIAN_POINT('',(0.01925,0.0552422863405995,0.0454));
#12029=CARTESIAN_POINT('',(0.01925,0.0427422863405995,0.0454));
#12030=CARTESIAN_POINT('',(0.01925,0.0302422863405995,0.0454));
#12031=CARTESIAN_POINT('',(0.01925,0.0302422863405995,0.025));
#12032=CARTESIAN_POINT('',(0.01925,0.0302422863405995,0.047));
#12033=CARTESIAN_POINT('',(0.01925,0.0552422863405995,0.047));
#12034=CARTESIAN_POINT('',(-6.93889390390723E-18,0.0582422863405995,0.025));
#12035=CARTESIAN_POINT('',(-0.01625,0.0582422863405995,0.025));
#12036=CARTESIAN_POINT('',(-0.01625,0.0582422863405995,0.047));
#12037=CARTESIAN_POINT('',(-0.01625,0.0582422863405995,0.0454));
#12038=CARTESIAN_POINT('',(-6.93889390390723E-18,0.0582422863405995,0.0454));
#12039=CARTESIAN_POINT('',(0.01625,0.0582422863405995,0.0454));
#12040=CARTESIAN_POINT('',(0.01625,0.0582422863405995,0.05));
#12041=CARTESIAN_POINT('',(0.01625,0.0582422863405995,0.047));
#12042=CARTESIAN_POINT('',(-0.01625,0.0582422863405995,0.047));
#12043=CARTESIAN_POINT('',(-0.01925,0.0427422863405995,0.025));
#12044=CARTESIAN_POINT('',(-0.01925,0.0302422863405995,0.045));
#12045=CARTESIAN_POINT('',(-0.01925,0.0302422863405995,0.047));
#12046=CARTESIAN_POINT('',(-0.01925,0.0302422863405995,0.0454));
#12047=CARTESIAN_POINT('',(-0.01925,0.0552422863405995,0.0454));
#12048=CARTESIAN_POINT('',(-0.01925,0.0552422863405995,0.0454));
#12049=CARTESIAN_POINT('',(-0.01925,0.0552422863405995,0.025));
#12050=CARTESIAN_POINT('',(-0.01925,0.0552422863405995,0.047));
#12051=CARTESIAN_POINT('',(-0.01925,0.0427422863405995,0.047));
#12052=CARTESIAN_POINT('',(-5.20417042793042E-18,0.000932113597514034,0.025));
#12053=CARTESIAN_POINT('',(-5.20417042793042E-18,0.000932113597514034,0.0496));
#12054=CARTESIAN_POINT('',(0.015,0.000932113597514034,0.0496));
#12055=CARTESIAN_POINT('',(-0.0036,-0.0136294797218999,0.025));
#12056=CARTESIAN_POINT('',(-0.0036,-0.0136294797218999,0.0454));
#12057=CARTESIAN_POINT('',(-0.0036,-0.0136294797218999,0.0475));
#12058=CARTESIAN_POINT('',(-5.20417042793042E-18,0.000932113597514034,0.0454));
#12059=CARTESIAN_POINT('',(-0.0036,0.0154937069169279,0.0454));
#12060=CARTESIAN_POINT('',(-0.0036,0.0154937069169279,0.025));
#12061=CARTESIAN_POINT('',(-0.0036,0.0154937069169279,0.0475));
#12062=CARTESIAN_POINT('',(-5.20417042793042E-18,0.000932113597514034,0.0475));
#12063=CARTESIAN_POINT('',(0.0036,0.0154937069169279,0.0475));
#12064=CARTESIAN_POINT('',(0.0036,0.0154937069169279,0.025));
#12065=CARTESIAN_POINT('',(0.0036,0.0154937069169279,0.0454));
#12066=CARTESIAN_POINT('',(-5.20417042793042E-18,0.000932113597514034,0.0454));
#12067=CARTESIAN_POINT('',(0.0036,-0.0136294797218999,0.0454));
#12068=CARTESIAN_POINT('',(0.0036,-0.0136294797218999,0.025));
#12069=CARTESIAN_POINT('',(0.0036,-0.0136294797218999,0.0475));
#12070=CARTESIAN_POINT('',(-5.20417042793042E-18,0.000932113597514034,0.0475));
#12071=CARTESIAN_POINT('',(0.0453762052181537,-0.0200678864024859,0.025));
#12072=CARTESIAN_POINT('',(0.0453762052181537,-0.0200678864024859,0.0496));
#12073=CARTESIAN_POINT('',(0.0603762052181537,-0.0200678864024859,0.0496));
#12074=CARTESIAN_POINT('',(0.0417762052181537,-0.0346294797218999,0.025));
#12075=CARTESIAN_POINT('',(0.0417762052181537,-0.0346294797218999,0.0454));
#12076=CARTESIAN_POINT('',(0.0417762052181537,-0.0346294797218999,0.0475));
#12077=CARTESIAN_POINT('',(0.0453762052181537,-0.0200678864024859,0.0454));
#12078=CARTESIAN_POINT('',(0.0417762052181537,-0.00550629308307204,0.0454));
#12079=CARTESIAN_POINT('',(0.0417762052181537,-0.00550629308307204,0.025));
#12080=CARTESIAN_POINT('',(0.0417762052181537,-0.00550629308307204,0.0475));
#12081=CARTESIAN_POINT('',(0.0453762052181537,-0.0200678864024859,0.0475));
#12082=CARTESIAN_POINT('',(0.0489762052181537,-0.00550629308307204,0.0475));
#12083=CARTESIAN_POINT('',(0.0489762052181537,-0.00550629308307204,0.025));
#12084=CARTESIAN_POINT('',(0.0489762052181537,-0.00550629308307204,0.0454));
#12085=CARTESIAN_POINT('',(0.0453762052181537,-0.0200678864024859,0.0454));
#12086=CARTESIAN_POINT('',(0.0489762052181537,-0.0346294797218999,0.0454));
#12087=CARTESIAN_POINT('',(0.0489762052181537,-0.0346294797218999,0.025));
#12088=CARTESIAN_POINT('',(0.0489762052181537,-0.0346294797218999,0.0475));
#12089=CARTESIAN_POINT('',(0.0453762052181537,-0.0200678864024859,0.0475));
#12090=CARTESIAN_POINT('',(-0.0453762052181537,-0.020067886402486,0.025));
#12091=CARTESIAN_POINT('',(-0.0453762052181537,-0.020067886402486,0.0496));
#12092=CARTESIAN_POINT('',(-0.0303762052181537,-0.020067886402486,0.0496));
#12093=CARTESIAN_POINT('',(-0.0489762052181537,-0.0346294797218999,0.025));
#12094=CARTESIAN_POINT('',(-0.0489762052181537,-0.0346294797218999,0.0454));
#12095=CARTESIAN_POINT('',(-0.0489762052181537,-0.0346294797218999,0.0475));
#12096=CARTESIAN_POINT('',(-0.0453762052181537,-0.020067886402486,0.0454));
#12097=CARTESIAN_POINT('',(-0.0489762052181537,-0.00550629308307206,0.0454));
#12098=CARTESIAN_POINT('',(-0.0489762052181537,-0.00550629308307206,0.025));
#12099=CARTESIAN_POINT('',(-0.0489762052181537,-0.00550629308307206,0.0475));
#12100=CARTESIAN_POINT('',(-0.0453762052181537,-0.020067886402486,0.0475));
#12101=CARTESIAN_POINT('',(-0.0417762052181537,-0.00550629308307206,0.0475));
#12102=CARTESIAN_POINT('',(-0.0417762052181537,-0.00550629308307206,0.025));
#12103=CARTESIAN_POINT('',(-0.0417762052181537,-0.00550629308307206,0.0454));
#12104=CARTESIAN_POINT('',(-0.0453762052181537,-0.020067886402486,0.0454));
#12105=CARTESIAN_POINT('',(-0.0417762052181537,-0.0346294797218999,0.0454));
#12106=CARTESIAN_POINT('',(-0.0417762052181537,-0.0346294797218999,0.025));
#12107=CARTESIAN_POINT('',(-0.0417762052181537,-0.0346294797218999,0.0475));
#12108=CARTESIAN_POINT('',(-0.0453762052181537,-0.020067886402486,0.0475));
#12109=CARTESIAN_POINT('',(-1.38777878078145E-17,0.,0.0475));
#12110=CARTESIAN_POINT('',(0.0529422863405995,0.0479422863405995,0.0475));
#12111=CARTESIAN_POINT('',(0.0439422863405995,0.0479422863405995,0.0475));
#12112=CARTESIAN_POINT('',(0.0529422863405995,0.0479422863405995,0.0475));
#12113=CARTESIAN_POINT('',(0.02605,0.0260622863405995,0.0417));
#12114=CARTESIAN_POINT('',(0.02605,0.0260622863405995,0.0417));
#12115=CARTESIAN_POINT('',(0.02355,0.0260622863405995,0.0417));
#12116=CARTESIAN_POINT('',(-1.38777878078145E-17,0.,0.0417));
#12117=CARTESIAN_POINT('',(0.02605,0.0260622863405995,0.0417));
#12118=CARTESIAN_POINT('',(0.02455,0.0260622863405995,0.0417));
#12119=CARTESIAN_POINT('',(0.02605,0.0594222863405995,0.0417));
#12120=CARTESIAN_POINT('',(0.02605,0.0594222863405995,0.0417));
#12121=CARTESIAN_POINT('',(0.02355,0.0594222863405995,0.0417));
#12122=CARTESIAN_POINT('',(-1.38777878078145E-17,0.,0.0417));
#12123=CARTESIAN_POINT('',(0.02605,0.0594222863405995,0.0417));
#12124=CARTESIAN_POINT('',(0.02455,0.0594222863405995,0.0417));
#12125=CARTESIAN_POINT('',(-0.03155,0.0594222863405995,0.0417));
#12126=CARTESIAN_POINT('',(-0.03155,0.0594222863405995,0.0417));
#12127=CARTESIAN_POINT('',(-0.03405,0.0594222863405995,0.0417));
#12128=CARTESIAN_POINT('',(-1.38777878078145E-17,0.,0.0417));
#12129=CARTESIAN_POINT('',(-0.03155,0.0594222863405995,0.0417));
#12130=CARTESIAN_POINT('',(-0.03305,0.0594222863405995,0.0417));
#12131=CARTESIAN_POINT('',(-0.03155,0.0260622863405995,0.0417));
#12132=CARTESIAN_POINT('',(-0.03155,0.0260622863405995,0.0417));
#12133=CARTESIAN_POINT('',(-0.03405,0.0260622863405995,0.0417));
#12134=CARTESIAN_POINT('',(-1.38777878078145E-17,0.,0.0417));
#12135=CARTESIAN_POINT('',(-0.03155,0.0260622863405995,0.0417));
#12136=CARTESIAN_POINT('',(-0.03305,0.0260622863405995,0.0417));
#12137=CARTESIAN_POINT('',(-0.03155,0.0260622863405995,0.0387));
#12138=CARTESIAN_POINT('',(-0.03155,0.0260622863405995,0.0387));
#12139=CARTESIAN_POINT('',(-0.03305,0.0260622863405995,0.0387));
#12140=CARTESIAN_POINT('',(-0.00325,0.0432422863405994,0.0387));
#12141=CARTESIAN_POINT('',(-0.03155,0.0594222863405995,0.0387));
#12142=CARTESIAN_POINT('',(-0.03155,0.0594222863405995,0.0387));
#12143=CARTESIAN_POINT('',(-0.03305,0.0594222863405995,0.0387));
#12144=CARTESIAN_POINT('',(-0.00325,0.0432422863405994,0.0387));
#12145=CARTESIAN_POINT('',(0.02605,0.0594222863405995,0.0387));
#12146=CARTESIAN_POINT('',(0.02605,0.0594222863405995,0.0387));
#12147=CARTESIAN_POINT('',(0.02455,0.0594222863405995,0.0387));
#12148=CARTESIAN_POINT('',(-0.00325,0.0432422863405994,0.0387));
#12149=CARTESIAN_POINT('',(0.02605,0.0260622863405995,0.0387));
#12150=CARTESIAN_POINT('',(0.02605,0.0260622863405995,0.0387));
#12151=CARTESIAN_POINT('',(0.02455,0.0260622863405995,0.0387));
#12152=CARTESIAN_POINT('',(-0.00325,0.0432422863405994,0.0387));
#12153=CARTESIAN_POINT('',(-1.38777878078145E-17,-1.38777878078145E-17,
0.047));
#12154=CARTESIAN_POINT('',(-0.0417762052181537,-0.020067886402486,0.047));
#12155=CARTESIAN_POINT('',(-0.0417762052181537,-0.00345343486173387,0.047));
#12156=CARTESIAN_POINT('',(-0.0417762052181537,-0.00206788640248598,0.047));
#12157=CARTESIAN_POINT('',(-0.0453762052181537,-0.020067886402486,0.047));
#12158=CARTESIAN_POINT('',(-0.0489762052181537,-0.00345343486173387,0.047));
#12159=CARTESIAN_POINT('',(-0.0489762052181537,-0.020067886402486,0.047));
#12160=CARTESIAN_POINT('',(-0.0489762052181537,-0.00206788640248598,0.047));
#12161=CARTESIAN_POINT('',(-0.0453762052181537,-0.00206788640248598,0.047));
#12162=CARTESIAN_POINT('',(-0.0489762052181537,-0.020067886402486,0.022));
#12163=CARTESIAN_POINT('',(-0.0489762052181537,-0.00550629308307206,0.0454));
#12164=CARTESIAN_POINT('',(-0.0489762052181537,-0.00536900149383862,0.0452667210474271));
#12165=CARTESIAN_POINT('',(-0.0489762052181537,-0.00523176414921449,0.045133386261384));
#12166=CARTESIAN_POINT('',(-0.0489762052181537,-0.00509457681509015,0.045));
#12167=CARTESIAN_POINT('',(-0.0489762052181537,-0.00206788640248598,0.022));
#12168=CARTESIAN_POINT('',(-0.0489762052181537,-0.00345343486173387,0.047));
#12169=CARTESIAN_POINT('',(-0.0489762052181537,-0.00413760023200786,0.0471671622410335));
#12170=CARTESIAN_POINT('',(-0.0489762052181537,-0.00482187016048954,0.0473338951957145));
#12171=CARTESIAN_POINT('',(-0.0489762052181537,-0.00550629308307206,0.0475));
#12172=CARTESIAN_POINT('',(-0.0417762052181537,-0.020067886402486,0.022));
#12173=CARTESIAN_POINT('',(-0.0417762052181537,-0.00509457681509014,0.045));
#12174=CARTESIAN_POINT('',(-0.0417762052181537,-0.00523176414921448,0.045133386261384));
#12175=CARTESIAN_POINT('',(-0.0417762052181537,-0.00536900149383862,0.0452667210474271));
#12176=CARTESIAN_POINT('',(-0.0417762052181537,-0.00550629308307206,0.0454));
#12177=CARTESIAN_POINT('',(-0.0417762052181537,-0.00550629308307206,0.0475));
#12178=CARTESIAN_POINT('',(-0.0417762052181537,-0.00482187016048954,0.0473338951957145));
#12179=CARTESIAN_POINT('',(-0.0417762052181537,-0.00413760023200786,0.0471671622410335));
#12180=CARTESIAN_POINT('',(-0.0417762052181537,-0.00345343486173387,0.047));
#12181=CARTESIAN_POINT('',(-0.0417762052181537,-0.00206788640248598,0.022));
#12182=CARTESIAN_POINT('',(-0.0453762052181537,-0.00206788640248598,0.022));
#12183=CARTESIAN_POINT('',(-0.0453762052181537,-0.038067886402486,0.022));
#12184=CARTESIAN_POINT('',(-0.0489762052181537,-0.038067886402486,0.022));
#12185=CARTESIAN_POINT('',(-0.0489762052181537,-0.038067886402486,0.047));
#12186=CARTESIAN_POINT('',(-0.0453762052181537,-0.038067886402486,0.047));
#12187=CARTESIAN_POINT('',(-0.0417762052181537,-0.038067886402486,0.047));
#12188=CARTESIAN_POINT('',(-0.0417762052181537,-0.038067886402486,0.022));
#12189=CARTESIAN_POINT('',(-0.0417762052181537,-0.020067886402486,0.022));
#12190=CARTESIAN_POINT('',(-0.0417762052181537,-0.0346294797218999,0.0454));
#12191=CARTESIAN_POINT('',(-0.0417762052181537,-0.0347667713111333,0.0452667210474271));
#12192=CARTESIAN_POINT('',(-0.0417762052181537,-0.0349040086557575,0.045133386261384));
#12193=CARTESIAN_POINT('',(-0.0417762052181537,-0.0350411959898818,0.045));
#12194=CARTESIAN_POINT('',(-0.0417762052181537,-0.020067886402486,0.047));
#12195=CARTESIAN_POINT('',(-0.0417762052181537,-0.0366823379432381,0.047));
#12196=CARTESIAN_POINT('',(-0.0417762052181537,-0.0366823379432381,0.047));
#12197=CARTESIAN_POINT('',(-0.0417762052181537,-0.0359981725729641,0.0471671622410335));
#12198=CARTESIAN_POINT('',(-0.0417762052181537,-0.0353139026444824,0.0473338951957145));
#12199=CARTESIAN_POINT('',(-0.0417762052181537,-0.0346294797218999,0.0475));
#12200=CARTESIAN_POINT('',(-0.0489762052181537,-0.020067886402486,0.022));
#12201=CARTESIAN_POINT('',(-0.0489762052181537,-0.0350411959898818,0.045));
#12202=CARTESIAN_POINT('',(-0.0489762052181537,-0.0349040086557575,0.045133386261384));
#12203=CARTESIAN_POINT('',(-0.0489762052181537,-0.0347667713111333,0.0452667210474271));
#12204=CARTESIAN_POINT('',(-0.0489762052181537,-0.0346294797218999,0.0454));
#12205=CARTESIAN_POINT('',(-0.0489762052181537,-0.0346294797218999,0.0475));
#12206=CARTESIAN_POINT('',(-0.0489762052181537,-0.0353139026444824,0.0473338951957145));
#12207=CARTESIAN_POINT('',(-0.0489762052181537,-0.0359981725729641,0.0471671622410335));
#12208=CARTESIAN_POINT('',(-0.0489762052181537,-0.0366823379432381,0.047));
#12209=CARTESIAN_POINT('',(-0.0489762052181537,-0.0366823379432381,0.047));
#12210=CARTESIAN_POINT('',(-0.0489762052181537,-0.020067886402486,0.047));
#12211=CARTESIAN_POINT('',(-1.38777878078145E-17,-1.38777878078145E-17,
0.047));
#12212=CARTESIAN_POINT('',(-0.0453762052181537,-0.020067886402486,0.047));
#12213=CARTESIAN_POINT('',(-1.38777878078145E-17,-1.38777878078145E-17,
0.047));
#12214=CARTESIAN_POINT('',(0.0489762052181537,-0.0200678864024859,0.047));
#12215=CARTESIAN_POINT('',(0.0489762052181537,-0.00345343486173385,0.047));
#12216=CARTESIAN_POINT('',(0.0489762052181537,-0.00206788640248595,0.047));
#12217=CARTESIAN_POINT('',(0.0453762052181537,-0.0200678864024859,0.047));
#12218=CARTESIAN_POINT('',(0.0417762052181537,-0.00345343486173385,0.047));
#12219=CARTESIAN_POINT('',(0.0417762052181537,-0.0200678864024859,0.047));
#12220=CARTESIAN_POINT('',(0.0417762052181537,-0.00206788640248595,0.047));
#12221=CARTESIAN_POINT('',(0.0453762052181537,-0.00206788640248595,0.047));
#12222=CARTESIAN_POINT('',(0.0417762052181537,-0.0200678864024859,0.022));
#12223=CARTESIAN_POINT('',(0.0417762052181537,-0.00550629308307204,0.0454));
#12224=CARTESIAN_POINT('',(0.0417762052181537,-0.0053690014938386,0.0452667210474271));
#12225=CARTESIAN_POINT('',(0.0417762052181537,-0.00523176414921446,0.045133386261384));
#12226=CARTESIAN_POINT('',(0.0417762052181537,-0.00509457681509012,0.045));
#12227=CARTESIAN_POINT('',(0.0417762052181537,-0.00206788640248595,0.022));
#12228=CARTESIAN_POINT('',(0.0417762052181537,-0.00345343486173385,0.047));
#12229=CARTESIAN_POINT('',(0.0417762052181537,-0.00413760023200784,0.0471671622410335));
#12230=CARTESIAN_POINT('',(0.0417762052181537,-0.00482187016048952,0.0473338951957145));
#12231=CARTESIAN_POINT('',(0.0417762052181537,-0.00550629308307204,0.0475));
#12232=CARTESIAN_POINT('',(0.0489762052181537,-0.0200678864024859,0.022));
#12233=CARTESIAN_POINT('',(0.0489762052181537,-0.00509457681509012,0.045));
#12234=CARTESIAN_POINT('',(0.0489762052181537,-0.00523176414921446,0.045133386261384));
#12235=CARTESIAN_POINT('',(0.0489762052181537,-0.0053690014938386,0.0452667210474271));
#12236=CARTESIAN_POINT('',(0.0489762052181537,-0.00550629308307204,0.0454));
#12237=CARTESIAN_POINT('',(0.0489762052181537,-0.00550629308307204,0.0475));
#12238=CARTESIAN_POINT('',(0.0489762052181537,-0.00482187016048952,0.0473338951957145));
#12239=CARTESIAN_POINT('',(0.0489762052181537,-0.00413760023200784,0.0471671622410335));
#12240=CARTESIAN_POINT('',(0.0489762052181537,-0.00345343486173385,0.047));
#12241=CARTESIAN_POINT('',(0.0489762052181537,-0.00206788640248595,0.022));
#12242=CARTESIAN_POINT('',(0.0453762052181537,-0.00206788640248595,0.022));
#12243=CARTESIAN_POINT('',(0.0453762052181537,-0.0380678864024859,0.022));
#12244=CARTESIAN_POINT('',(0.0417762052181537,-0.0380678864024859,0.022));
#12245=CARTESIAN_POINT('',(0.0417762052181537,-0.0380678864024859,0.047));
#12246=CARTESIAN_POINT('',(0.0453762052181537,-0.0380678864024859,0.047));
#12247=CARTESIAN_POINT('',(0.0489762052181537,-0.0380678864024859,0.047));
#12248=CARTESIAN_POINT('',(0.0489762052181537,-0.0380678864024859,0.022));
#12249=CARTESIAN_POINT('',(0.0489762052181537,-0.0200678864024859,0.022));
#12250=CARTESIAN_POINT('',(0.0489762052181537,-0.0346294797218999,0.0454));
#12251=CARTESIAN_POINT('',(0.0489762052181537,-0.0347667713111333,0.0452667210474271));
#12252=CARTESIAN_POINT('',(0.0489762052181537,-0.0349040086557575,0.045133386261384));
#12253=CARTESIAN_POINT('',(0.0489762052181537,-0.0350411959898818,0.045));
#12254=CARTESIAN_POINT('',(0.0489762052181537,-0.0200678864024859,0.047));
#12255=CARTESIAN_POINT('',(0.0489762052181537,-0.0366823379432381,0.047));
#12256=CARTESIAN_POINT('',(0.0489762052181537,-0.0366823379432381,0.047));
#12257=CARTESIAN_POINT('',(0.0489762052181537,-0.0359981725729641,0.0471671622410335));
#12258=CARTESIAN_POINT('',(0.0489762052181537,-0.0353139026444824,0.0473338951957145));
#12259=CARTESIAN_POINT('',(0.0489762052181537,-0.0346294797218999,0.0475));
#12260=CARTESIAN_POINT('',(0.0417762052181537,-0.0200678864024859,0.022));
#12261=CARTESIAN_POINT('',(0.0417762052181537,-0.0350411959898818,0.045));
#12262=CARTESIAN_POINT('',(0.0417762052181537,-0.0349040086557575,0.045133386261384));
#12263=CARTESIAN_POINT('',(0.0417762052181537,-0.0347667713111333,0.0452667210474271));
#12264=CARTESIAN_POINT('',(0.0417762052181537,-0.0346294797218999,0.0454));
#12265=CARTESIAN_POINT('',(0.0417762052181537,-0.0346294797218999,0.0475));
#12266=CARTESIAN_POINT('',(0.0417762052181537,-0.0353139026444824,0.0473338951957145));
#12267=CARTESIAN_POINT('',(0.0417762052181537,-0.0359981725729641,0.0471671622410335));
#12268=CARTESIAN_POINT('',(0.0417762052181537,-0.0366823379432381,0.047));
#12269=CARTESIAN_POINT('',(0.0417762052181537,-0.0366823379432381,0.047));
#12270=CARTESIAN_POINT('',(0.0417762052181537,-0.0200678864024859,0.047));
#12271=CARTESIAN_POINT('',(-1.38777878078145E-17,-1.38777878078145E-17,
0.047));
#12272=CARTESIAN_POINT('',(0.0453762052181537,-0.0200678864024859,0.047));
#12273=CARTESIAN_POINT('',(-1.38777878078145E-17,-1.38777878078145E-17,
0.047));
#12274=CARTESIAN_POINT('',(0.0036,0.000932113597514037,0.047));
#12275=CARTESIAN_POINT('',(0.0036,0.0175465651382662,0.047));
#12276=CARTESIAN_POINT('',(0.0036,0.018932113597514,0.047));
#12277=CARTESIAN_POINT('',(-5.20417042793042E-18,0.000932113597514034,0.047));
#12278=CARTESIAN_POINT('',(-0.0036,0.0175465651382662,0.047));
#12279=CARTESIAN_POINT('',(-0.0036,0.000932113597514037,0.047));
#12280=CARTESIAN_POINT('',(-0.0036,0.018932113597514,0.047));
#12281=CARTESIAN_POINT('',(-7.37257477290143E-18,0.018932113597514,0.047));
#12282=CARTESIAN_POINT('',(-0.0036,0.000932113597514037,0.022));
#12283=CARTESIAN_POINT('',(-0.0036,0.0154937069169279,0.0454));
#12284=CARTESIAN_POINT('',(-0.0036,0.0156309985061614,0.0452667210474271));
#12285=CARTESIAN_POINT('',(-0.0036,0.0157682358507855,0.045133386261384));
#12286=CARTESIAN_POINT('',(-0.0036,0.0159054231849098,0.045));
#12287=CARTESIAN_POINT('',(-0.0036,0.018932113597514,0.022));
#12288=CARTESIAN_POINT('',(-0.0036,0.0175465651382662,0.047));
#12289=CARTESIAN_POINT('',(-0.0036,0.0168623997679922,0.0471671622410335));
#12290=CARTESIAN_POINT('',(-0.0036,0.0161781298395105,0.0473338951957145));
#12291=CARTESIAN_POINT('',(-0.0036,0.0154937069169279,0.0475));
#12292=CARTESIAN_POINT('',(0.0036,0.000932113597514037,0.022));
#12293=CARTESIAN_POINT('',(0.0036,0.0159054231849098,0.045));
#12294=CARTESIAN_POINT('',(0.0036,0.0157682358507855,0.045133386261384));
#12295=CARTESIAN_POINT('',(0.0036,0.0156309985061614,0.0452667210474271));
#12296=CARTESIAN_POINT('',(0.0036,0.0154937069169279,0.0454));
#12297=CARTESIAN_POINT('',(0.0036,0.0154937069169279,0.0475));
#12298=CARTESIAN_POINT('',(0.0036,0.0161781298395105,0.0473338951957145));
#12299=CARTESIAN_POINT('',(0.0036,0.0168623997679922,0.0471671622410335));
#12300=CARTESIAN_POINT('',(0.0036,0.0175465651382662,0.047));
#12301=CARTESIAN_POINT('',(0.0036,0.018932113597514,0.022));
#12302=CARTESIAN_POINT('',(-7.37257477290143E-18,0.018932113597514,0.022));
#12303=CARTESIAN_POINT('',(-4.33680868994202E-19,-0.0170678864024859,0.022));
#12304=CARTESIAN_POINT('',(-0.0036,-0.0170678864024859,0.022));
#12305=CARTESIAN_POINT('',(-0.0036,-0.0170678864024859,0.047));
#12306=CARTESIAN_POINT('',(-4.33680868994202E-19,-0.0170678864024859,0.047));
#12307=CARTESIAN_POINT('',(0.0036,-0.0170678864024859,0.047));
#12308=CARTESIAN_POINT('',(0.0036,-0.0170678864024859,0.022));
#12309=CARTESIAN_POINT('',(0.0036,0.000932113597514037,0.022));
#12310=CARTESIAN_POINT('',(0.0036,-0.0136294797218999,0.0454));
#12311=CARTESIAN_POINT('',(0.0036,-0.0137667713111333,0.0452667210474271));
#12312=CARTESIAN_POINT('',(0.0036,-0.0139040086557575,0.045133386261384));
#12313=CARTESIAN_POINT('',(0.0036,-0.0140411959898818,0.045));
#12314=CARTESIAN_POINT('',(0.0036,0.000932113597514037,0.047));
#12315=CARTESIAN_POINT('',(0.0036,-0.015682337943238,0.047));
#12316=CARTESIAN_POINT('',(0.0036,-0.015682337943238,0.047));
#12317=CARTESIAN_POINT('',(0.0036,-0.0149981725729641,0.0471671622410335));
#12318=CARTESIAN_POINT('',(0.0036,-0.0143139026444824,0.0473338951957145));
#12319=CARTESIAN_POINT('',(0.0036,-0.0136294797218999,0.0475));
#12320=CARTESIAN_POINT('',(-0.0036,0.000932113597514037,0.022));
#12321=CARTESIAN_POINT('',(-0.0036,-0.0140411959898818,0.045));
#12322=CARTESIAN_POINT('',(-0.0036,-0.0139040086557575,0.045133386261384));
#12323=CARTESIAN_POINT('',(-0.0036,-0.0137667713111333,0.0452667210474271));
#12324=CARTESIAN_POINT('',(-0.0036,-0.0136294797218999,0.0454));
#12325=CARTESIAN_POINT('',(-0.0036,-0.0136294797218999,0.0475));
#12326=CARTESIAN_POINT('',(-0.0036,-0.0143139026444824,0.0473338951957145));
#12327=CARTESIAN_POINT('',(-0.0036,-0.0149981725729641,0.0471671622410335));
#12328=CARTESIAN_POINT('',(-0.0036,-0.015682337943238,0.047));
#12329=CARTESIAN_POINT('',(-0.0036,-0.015682337943238,0.047));
#12330=CARTESIAN_POINT('',(-0.0036,0.000932113597514037,0.047));
#12331=CARTESIAN_POINT('',(-1.38777878078145E-17,-1.38777878078145E-17,
0.047));
#12332=CARTESIAN_POINT('',(-5.20417042793042E-18,0.000932113597514034,0.047));
#12333=CARTESIAN_POINT('',(-1.38777878078145E-17,-1.38777878078145E-17,
0.047));
#12334=CARTESIAN_POINT('',(0.0036,-0.041067886402486,0.047));
#12335=CARTESIAN_POINT('',(0.0036,-0.0244534348617339,0.047));
#12336=CARTESIAN_POINT('',(0.0036,-0.023067886402486,0.047));
#12337=CARTESIAN_POINT('',(0.,-0.041067886402486,0.047));
#12338=CARTESIAN_POINT('',(-0.0036,-0.0244534348617339,0.047));
#12339=CARTESIAN_POINT('',(-0.0036,-0.041067886402486,0.047));
#12340=CARTESIAN_POINT('',(-0.0036,-0.023067886402486,0.047));
#12341=CARTESIAN_POINT('',(-4.33680868994202E-18,-0.023067886402486,0.047));
#12342=CARTESIAN_POINT('',(0.0036,-0.041067886402486,0.022));
#12343=CARTESIAN_POINT('',(0.0036,-0.0260945768150901,0.045));
#12344=CARTESIAN_POINT('',(0.0036,-0.0262317641492144,0.045133386261384));
#12345=CARTESIAN_POINT('',(0.0036,-0.0263690014938386,0.0452667210474271));
#12346=CARTESIAN_POINT('',(0.0036,-0.026506293083072,0.0454));
#12347=CARTESIAN_POINT('',(0.0036,-0.026506293083072,0.0475));
#12348=CARTESIAN_POINT('',(0.0036,-0.0258218701604895,0.0473338951957145));
#12349=CARTESIAN_POINT('',(0.0036,-0.0251376002320078,0.0471671622410335));
#12350=CARTESIAN_POINT('',(0.0036,-0.0244534348617339,0.047));
#12351=CARTESIAN_POINT('',(0.0036,-0.023067886402486,0.022));
#12352=CARTESIAN_POINT('',(-0.0036,-0.041067886402486,0.022));
#12353=CARTESIAN_POINT('',(-0.0036,-0.026506293083072,0.0454));
#12354=CARTESIAN_POINT('',(-0.0036,-0.0263690014938386,0.0452667210474271));
#12355=CARTESIAN_POINT('',(-0.0036,-0.0262317641492144,0.045133386261384));
#12356=CARTESIAN_POINT('',(-0.0036,-0.0260945768150901,0.045));
#12357=CARTESIAN_POINT('',(-0.0036,-0.023067886402486,0.022));
#12358=CARTESIAN_POINT('',(-0.0036,-0.0244534348617339,0.047));
#12359=CARTESIAN_POINT('',(-0.0036,-0.0251376002320078,0.0471671622410335));
#12360=CARTESIAN_POINT('',(-0.0036,-0.0258218701604895,0.0473338951957145));
#12361=CARTESIAN_POINT('',(-0.0036,-0.026506293083072,0.0475));
#12362=CARTESIAN_POINT('',(-4.33680868994202E-18,-0.023067886402486,0.022));
#12363=CARTESIAN_POINT('',(1.7347234759768E-18,-0.0590678864024859,0.022));
#12364=CARTESIAN_POINT('',(-0.0036,-0.0590678864024859,0.022));
#12365=CARTESIAN_POINT('',(-0.0036,-0.0590678864024859,0.047));
#12366=CARTESIAN_POINT('',(1.7347234759768E-18,-0.0590678864024859,0.047));
#12367=CARTESIAN_POINT('',(0.0036,-0.0590678864024859,0.047));
#12368=CARTESIAN_POINT('',(0.0036,-0.0590678864024859,0.022));
#12369=CARTESIAN_POINT('',(-0.0036,-0.041067886402486,0.022));
#12370=CARTESIAN_POINT('',(-0.0036,-0.0560411959898818,0.045));
#12371=CARTESIAN_POINT('',(-0.0036,-0.0559040086557575,0.045133386261384));
#12372=CARTESIAN_POINT('',(-0.0036,-0.0557667713111333,0.0452667210474271));
#12373=CARTESIAN_POINT('',(-0.0036,-0.0556294797218999,0.0454));
#12374=CARTESIAN_POINT('',(-0.0036,-0.0556294797218999,0.0475));
#12375=CARTESIAN_POINT('',(-0.0036,-0.0563139026444824,0.0473338951957145));
#12376=CARTESIAN_POINT('',(-0.0036,-0.056998172572964,0.0471671622410335));
#12377=CARTESIAN_POINT('',(-0.0036,-0.057682337943238,0.047));
#12378=CARTESIAN_POINT('',(-0.0036,-0.057682337943238,0.047));
#12379=CARTESIAN_POINT('',(-0.0036,-0.041067886402486,0.047));
#12380=CARTESIAN_POINT('',(0.0036,-0.041067886402486,0.022));
#12381=CARTESIAN_POINT('',(0.0036,-0.0556294797218999,0.0454));
#12382=CARTESIAN_POINT('',(0.0036,-0.0557667713111333,0.0452667210474271));
#12383=CARTESIAN_POINT('',(0.0036,-0.0559040086557575,0.045133386261384));
#12384=CARTESIAN_POINT('',(0.0036,-0.0560411959898818,0.045));
#12385=CARTESIAN_POINT('',(0.0036,-0.041067886402486,0.047));
#12386=CARTESIAN_POINT('',(0.0036,-0.057682337943238,0.047));
#12387=CARTESIAN_POINT('',(0.0036,-0.057682337943238,0.047));
#12388=CARTESIAN_POINT('',(0.0036,-0.056998172572964,0.0471671622410335));
#12389=CARTESIAN_POINT('',(0.0036,-0.0563139026444824,0.0473338951957145));
#12390=CARTESIAN_POINT('',(0.0036,-0.0556294797218999,0.0475));
#12391=CARTESIAN_POINT('',(-1.38777878078145E-17,-1.38777878078145E-17,
0.047));
#12392=CARTESIAN_POINT('',(0.,-0.041067886402486,0.047));
#12393=CARTESIAN_POINT('',(0.,-0.041067886402486,0.0475));
#12394=CARTESIAN_POINT('',(0.,-0.041067886402486,0.0475));
#12395=CARTESIAN_POINT('',(-5.20417042793042E-18,0.000932113597514034,0.0475));
#12396=CARTESIAN_POINT('',(-5.20417042793042E-18,0.000932113597514034,0.0475));
#12397=CARTESIAN_POINT('',(0.0453762052181537,-0.0200678864024859,0.0475));
#12398=CARTESIAN_POINT('',(0.0453762052181537,-0.0200678864024859,0.0475));
#12399=CARTESIAN_POINT('',(-0.0453762052181537,-0.020067886402486,0.0475));
#12400=CARTESIAN_POINT('',(-0.0453762052181537,-0.020067886402486,0.0475));
#12401=CARTESIAN_POINT('',(-1.38777878078145E-17,0.,0.022));
#12402=CARTESIAN_POINT('',(-1.38777878078145E-17,0.,0.022));
#12403=CARTESIAN_POINT('',(-0.065,0.,0.022));
#12404=CARTESIAN_POINT('',(-0.01625,0.0302422863405995,0.025));
#12405=CARTESIAN_POINT('',(-0.01625,0.0302422863405995,0.0454));
#12406=CARTESIAN_POINT('',(-0.01625,0.0302422863405995,0.047));
#12407=CARTESIAN_POINT('',(0.01625,0.0302422863405995,0.025));
#12408=CARTESIAN_POINT('',(0.01625,0.0302422863405995,0.0454));
#12409=CARTESIAN_POINT('',(0.01625,0.0302422863405995,0.047));
#12410=CARTESIAN_POINT('',(0.01625,0.0552422863405995,0.025));
#12411=CARTESIAN_POINT('',(0.01625,0.0552422863405995,0.0454));
#12412=CARTESIAN_POINT('',(0.01625,0.0552422863405995,0.047));
#12413=CARTESIAN_POINT('',(-0.01625,0.0552422863405995,0.025));
#12414=CARTESIAN_POINT('',(-0.01625,0.0552422863405995,0.0454));
#12415=CARTESIAN_POINT('',(-0.01625,0.0552422863405995,0.047));
#12416=CARTESIAN_POINT('',(0.01925,0.0427422863405995,0.047));
#12417=CARTESIAN_POINT('',(0.01925,0.0552422863405995,0.047));
#12418=CARTESIAN_POINT('',(0.02225,0.0302422863405995,0.05));
#12419=CARTESIAN_POINT('',(0.01625,0.0302422863405995,0.05));
#12420=CARTESIAN_POINT('',(0.01625,0.0242422863405994,0.05));
#12421=CARTESIAN_POINT('',(0.01625,0.0552422863405995,0.05));
#12422=CARTESIAN_POINT('',(0.01625,0.0582422863405995,0.047));
#12423=CARTESIAN_POINT('',(4.36921176378076E-18,0.0242422863405995,0.05));
#12424=CARTESIAN_POINT('',(-0.01625,0.0242422863405995,0.05));
#12425=CARTESIAN_POINT('',(-6.93889390390723E-18,0.0582422863405995,0.047));
#12426=CARTESIAN_POINT('',(-0.01625,0.0582422863405995,0.047));
#12427=CARTESIAN_POINT('',(-0.01625,0.0302422863405995,0.05));
#12428=CARTESIAN_POINT('',(-0.02225,0.0302422863405995,0.05));
#12429=CARTESIAN_POINT('',(-0.01625,0.0552422863405995,0.05));
#12430=CARTESIAN_POINT('',(-0.01925,0.0552422863405995,0.047));
#12431=CARTESIAN_POINT('',(-0.02225,7.47050271106141E-18,0.05));
#12432=CARTESIAN_POINT('',(-0.0228762052181537,-0.020067886402486,0.027));
#12433=CARTESIAN_POINT('',(0.0025,-0.041067886402486,0.027));
#12434=CARTESIAN_POINT('',(0.0025,0.000932113597514037,0.027));
#12435=CARTESIAN_POINT('',(0.0478762052181537,-0.0200678864024859,0.027));
#12436=CARTESIAN_POINT('',(-0.04,0.019432113597514,0.03));
#12437=CARTESIAN_POINT('',(-0.04,0.00693211359751403,0.039));
#12438=CARTESIAN_POINT('',(-0.04,0.013432113597514,0.039));
#12439=CARTESIAN_POINT('',(-0.04,0.013432113597514,0.03));
#12440=CARTESIAN_POINT('',(-0.04,0.014932113597514,0.03));
#12441=CARTESIAN_POINT('',(-0.04,0.014932113597514,0.0315));
#12442=CARTESIAN_POINT('',(-0.04,0.023932113597514,0.0315));
#12443=CARTESIAN_POINT('',(-0.04,0.023932113597514,0.0315));
#12444=CARTESIAN_POINT('',(-0.04,0.0239321135975141,0.03));
#12445=CARTESIAN_POINT('',(-0.04,0.025432113597514,0.03));
#12446=CARTESIAN_POINT('',(-0.04,0.025432113597514,0.039));
#12447=CARTESIAN_POINT('',(-0.04,0.0319321135975141,0.039));
#12448=CARTESIAN_POINT('',(-0.0435,0.012932113597514,0.03));
#12449=CARTESIAN_POINT('',(-0.044,0.012932113597514,0.03225));
#12450=CARTESIAN_POINT('',(-0.043,0.012932113597514,0.03225));
#12451=CARTESIAN_POINT('',(-0.044,0.012932113597514,0.03225));
#12452=CARTESIAN_POINT('',(-0.044,0.012932113597514,0.034));
#12453=CARTESIAN_POINT('',(-0.044,0.012932113597514,0.03575));
#12454=CARTESIAN_POINT('',(-0.0435,0.012932113597514,0.03575));
#12455=CARTESIAN_POINT('',(-0.043,0.012932113597514,0.03575));
#12456=CARTESIAN_POINT('',(-0.043,0.012932113597514,0.034));
#12457=CARTESIAN_POINT('',(-0.0405,0.012932113597514,0.039));
#12458=CARTESIAN_POINT('',(-0.0405,0.012932113597514,0.039));
#12459=CARTESIAN_POINT('',(-0.047,0.012932113597514,0.039));
#12460=CARTESIAN_POINT('',(-0.0465,0.012932113597514,0.039));
#12461=CARTESIAN_POINT('',(-0.0465,0.012932113597514,0.03));
#12462=CARTESIAN_POINT('',(-0.0435,0.025932113597514,0.03));
#12463=CARTESIAN_POINT('',(-0.044,0.025932113597514,0.03575));
#12464=CARTESIAN_POINT('',(-0.043,0.025932113597514,0.03575));
#12465=CARTESIAN_POINT('',(-0.044,0.025932113597514,0.03575));
#12466=CARTESIAN_POINT('',(-0.044,0.025932113597514,0.034));
#12467=CARTESIAN_POINT('',(-0.044,0.025932113597514,0.03225));
#12468=CARTESIAN_POINT('',(-0.0435,0.025932113597514,0.03225));
#12469=CARTESIAN_POINT('',(-0.043,0.025932113597514,0.03225));
#12470=CARTESIAN_POINT('',(-0.043,0.025932113597514,0.034));
#12471=CARTESIAN_POINT('',(-0.0435,0.025932113597514,0.039));
#12472=CARTESIAN_POINT('',(-0.0465,0.025932113597514,0.039));
#12473=CARTESIAN_POINT('',(-0.0405,0.025932113597514,0.039));
#12474=CARTESIAN_POINT('',(-0.0405,0.025932113597514,0.03));
#12475=CARTESIAN_POINT('',(-0.0465,0.025932113597514,0.039));
#12476=CARTESIAN_POINT('',(-0.037,0.014932113597514,0.03));
#12477=CARTESIAN_POINT('',(-0.037,0.014932113597514,0.031));
#12478=CARTESIAN_POINT('',(-0.0405,0.014932113597514,0.031));
#12479=CARTESIAN_POINT('',(-0.0465,0.014932113597514,0.031));
#12480=CARTESIAN_POINT('',(-0.0405,0.014932113597514,0.03));
#12481=CARTESIAN_POINT('',(-0.0465,0.014932113597514,0.03));
#12482=CARTESIAN_POINT('',(-0.037,0.019432113597514,0.031));
#12483=CARTESIAN_POINT('',(-0.037,0.023932113597514,0.031));
#12484=CARTESIAN_POINT('',(-0.0405,0.0239321135975141,0.031));
#12485=CARTESIAN_POINT('',(-0.0465,0.0239321135975141,0.031));
#12486=CARTESIAN_POINT('',(-0.0405,0.014932113597514,0.031));
#12487=CARTESIAN_POINT('',(-0.0465,0.019432113597514,0.031));
#12488=CARTESIAN_POINT('',(-0.037,0.0239321135975141,0.03));
#12489=CARTESIAN_POINT('',(-0.0405,0.0239321135975141,0.03));
#12490=CARTESIAN_POINT('',(-0.0465,0.0239321135975141,0.03));
#12491=CARTESIAN_POINT('',(-0.043,0.00093211359751403,0.034));
#12492=CARTESIAN_POINT('',(-0.043,0.00093211359751403,0.03275));
#12493=CARTESIAN_POINT('',(-0.043,0.013432113597514,0.03275));
#12494=CARTESIAN_POINT('',(-0.043,0.025432113597514,0.03275));
#12495=CARTESIAN_POINT('',(-0.043,0.013432113597514,0.034));
#12496=CARTESIAN_POINT('',(-0.043,0.013432113597514,0.03525));
#12497=CARTESIAN_POINT('',(-0.043,0.00093211359751403,0.03525));
#12498=CARTESIAN_POINT('',(-0.043,0.025432113597514,0.03525));
#12499=CARTESIAN_POINT('',(-0.043,0.025432113597514,0.034));
#12500=CARTESIAN_POINT('',(-0.0435,0.00093211359751403,0.03525));
#12501=CARTESIAN_POINT('',(-0.0435,0.013432113597514,0.03525));
#12502=CARTESIAN_POINT('',(-0.044,0.013432113597514,0.03525));
#12503=CARTESIAN_POINT('',(-0.044,0.00093211359751403,0.03525));
#12504=CARTESIAN_POINT('',(-0.044,0.025432113597514,0.03525));
#12505=CARTESIAN_POINT('',(-0.043,0.025432113597514,0.03525));
#12506=CARTESIAN_POINT('',(-0.044,0.00093211359751403,0.034));
#12507=CARTESIAN_POINT('',(-0.044,0.013432113597514,0.034));
#12508=CARTESIAN_POINT('',(-0.044,0.013432113597514,0.03275));
#12509=CARTESIAN_POINT('',(-0.044,0.00093211359751403,0.03275));
#12510=CARTESIAN_POINT('',(-0.044,0.025432113597514,0.03275));
#12511=CARTESIAN_POINT('',(-0.044,0.025432113597514,0.034));
#12512=CARTESIAN_POINT('',(-0.0435,0.00093211359751403,0.03275));
#12513=CARTESIAN_POINT('',(-0.043,0.013432113597514,0.03275));
#12514=CARTESIAN_POINT('',(-0.0435,0.025432113597514,0.03275));
#12515=CARTESIAN_POINT('',(-0.0435,0.00093211359751403,0.03275));
#12516=CARTESIAN_POINT('',(-0.044,0.00093211359751403,0.03275));
#12517=CARTESIAN_POINT('',(-0.044,0.00093211359751403,0.03275));
#12518=CARTESIAN_POINT('',(-0.0435,0.00093211359751403,0.03275));
#12519=CARTESIAN_POINT('',(-0.043,0.00093211359751403,0.03275));
#12520=CARTESIAN_POINT('',(-0.043,0.00093211359751403,0.03275));
#12521=CARTESIAN_POINT('',(-0.044,0.00093211359751403,0.034));
#12522=CARTESIAN_POINT('',(-0.044,0.00093211359751403,0.03525));
#12523=CARTESIAN_POINT('',(-0.044,0.00093211359751403,0.03525));
#12524=CARTESIAN_POINT('',(-0.044,0.00093211359751403,0.034));
#12525=CARTESIAN_POINT('',(-0.0435,0.00093211359751403,0.03525));
#12526=CARTESIAN_POINT('',(-0.043,0.00093211359751403,0.03525));
#12527=CARTESIAN_POINT('',(-0.043,0.00093211359751403,0.03525));
#12528=CARTESIAN_POINT('',(-0.0435,0.00093211359751403,0.03525));
#12529=CARTESIAN_POINT('',(-0.043,0.00093211359751403,0.034));
#12530=CARTESIAN_POINT('',(-0.043,0.00093211359751403,0.034));
#12531=CARTESIAN_POINT('',(-0.0435,0.00093211359751403,0.0375));
#12532=CARTESIAN_POINT('',(-0.0435,0.00693211359751403,0.039));
#12533=CARTESIAN_POINT('',(-0.0405,0.00693211359751403,0.039));
#12534=CARTESIAN_POINT('',(-0.0465,0.00693211359751403,0.039));
#12535=CARTESIAN_POINT('',(8.887788123283E-18,0.031932113597514,0.039));
#12536=CARTESIAN_POINT('',(-0.0405,0.0319321135975141,0.039));
#12537=CARTESIAN_POINT('',(-0.0465,0.0319321135975141,0.039));
#12538=CARTESIAN_POINT('',(-0.043,0.013432113597514,0.034));
#12539=CARTESIAN_POINT('',(-0.043,0.013432113597514,0.03225));
#12540=CARTESIAN_POINT('',(-0.043,0.013432113597514,0.03575));
#12541=CARTESIAN_POINT('',(-0.0435,0.013432113597514,0.03575));
#12542=CARTESIAN_POINT('',(-0.044,0.013432113597514,0.03575));
#12543=CARTESIAN_POINT('',(-0.0435,0.013432113597514,0.03225));
#12544=CARTESIAN_POINT('',(-0.044,0.013432113597514,0.03225));
#12545=CARTESIAN_POINT('',(-0.044,0.013432113597514,0.034));
#12546=CARTESIAN_POINT('',(-0.043,0.025432113597514,0.034));
#12547=CARTESIAN_POINT('',(-0.043,0.025432113597514,0.03225));
#12548=CARTESIAN_POINT('',(-0.043,0.025432113597514,0.03575));
#12549=CARTESIAN_POINT('',(-0.0435,0.025432113597514,0.03575));
#12550=CARTESIAN_POINT('',(-0.044,0.025432113597514,0.03575));
#12551=CARTESIAN_POINT('',(-0.0435,0.025432113597514,0.03225));
#12552=CARTESIAN_POINT('',(-0.044,0.025432113597514,0.03225));
#12553=CARTESIAN_POINT('',(-0.044,0.025432113597514,0.034));
#12554=CARTESIAN_POINT('',(-0.0405,0.00693211359751403,0.039));
#12555=CARTESIAN_POINT('',(-0.0405,0.013432113597514,0.039));
#12556=CARTESIAN_POINT('',(-0.0405,0.013432113597514,0.03));
#12557=CARTESIAN_POINT('',(-0.0405,0.014932113597514,0.03));
#12558=CARTESIAN_POINT('',(-0.0405,0.014932113597514,0.0315));
#12559=CARTESIAN_POINT('',(-0.0405,0.019432113597514,0.0315));
#12560=CARTESIAN_POINT('',(-0.0405,0.023932113597514,0.0315));
#12561=CARTESIAN_POINT('',(-0.0405,0.0239321135975141,0.03));
#12562=CARTESIAN_POINT('',(-0.0465,0.0239321135975141,0.03));
#12563=CARTESIAN_POINT('',(-0.0465,0.023932113597514,0.0315));
#12564=CARTESIAN_POINT('',(-0.0465,0.019432113597514,0.0315));
#12565=CARTESIAN_POINT('',(-0.0465,0.014932113597514,0.0315));
#12566=CARTESIAN_POINT('',(-0.0465,0.014932113597514,0.03));
#12567=CARTESIAN_POINT('',(-0.0465,0.013432113597514,0.03));
#12568=CARTESIAN_POINT('',(-0.0465,0.013432113597514,0.039));
#12569=CARTESIAN_POINT('',(-0.0465,0.00693211359751403,0.039));
#12570=CARTESIAN_POINT('',(-0.0405,0.025432113597514,0.03));
#12571=CARTESIAN_POINT('',(-0.0405,0.025432113597514,0.039));
#12572=CARTESIAN_POINT('',(-0.0405,0.0319321135975141,0.039));
#12573=CARTESIAN_POINT('',(-0.0465,0.025432113597514,0.03));
#12574=CARTESIAN_POINT('',(-0.0465,0.025432113597514,0.039));
#12575=CARTESIAN_POINT('',(-0.0465,0.0319321135975141,0.039));
#12576=CARTESIAN_POINT('',(0.01965,-1.35364389947996E-17,0.045));
#12577=CARTESIAN_POINT('',(0.01965,0.0552422863405995,0.045));
#12578=CARTESIAN_POINT('',(0.01925,0.0302422863405995,0.0454));
#12579=CARTESIAN_POINT('',(0.01625,0.0302422863405995,0.045));
#12580=CARTESIAN_POINT('',(0.01625,0.0272422863405995,0.0454));
#12581=CARTESIAN_POINT('',(0.01625,0.0552422863405995,0.045));
#12582=CARTESIAN_POINT('',(0.01625,0.0586422863405995,0.045));
#12583=CARTESIAN_POINT('',(-2.08166817117217E-17,0.0272422863405995,0.0454));
#12584=CARTESIAN_POINT('',(-0.01625,0.0272422863405995,0.0454));
#12585=CARTESIAN_POINT('',(3.63026462076727E-18,0.0586422863405995,0.045));
#12586=CARTESIAN_POINT('',(-0.01625,0.0586422863405995,0.045));
#12587=CARTESIAN_POINT('',(-0.01625,0.0302422863405995,0.045));
#12588=CARTESIAN_POINT('',(-0.01925,0.0302422863405995,0.0454));
#12589=CARTESIAN_POINT('',(-0.01625,0.0552422863405995,0.045));
#12590=CARTESIAN_POINT('',(-0.01965,0.0552422863405995,0.045));
#12591=CARTESIAN_POINT('',(-0.01925,0.0427422863405995,0.0454));
#12592=CARTESIAN_POINT('',(0.065,-0.01,-0.003));
#12593=CARTESIAN_POINT('',(-0.065,0.00125,-0.003));
#12594=CARTESIAN_POINT('',(-0.0707322274181391,0.0557322274181391,0.05));
#12595=CARTESIAN_POINT('',(-0.0707322274181391,0.0557322274181391,0.04839));
#12596=CARTESIAN_POINT('',(-0.0724822274181391,0.0557322274181391,0.04839));
#12597=CARTESIAN_POINT('',(-0.0707322274181391,0.0557322274181391,0.05));
#12598=CARTESIAN_POINT('',(-0.0707322274181391,-0.055732227418139,0.05));
#12599=CARTESIAN_POINT('',(-0.0707322274181391,-0.055732227418139,0.04839));
#12600=CARTESIAN_POINT('',(-0.0724822274181391,-0.055732227418139,0.04839));
#12601=CARTESIAN_POINT('',(-0.0707322274181391,-0.055732227418139,0.05));
#12602=CARTESIAN_POINT('',(0.0707322274181391,-0.0557322274181391,0.05));
#12603=CARTESIAN_POINT('',(0.0707322274181391,-0.0557322274181391,0.04839));
#12604=CARTESIAN_POINT('',(0.0689822274181391,-0.0557322274181391,0.04839));
#12605=CARTESIAN_POINT('',(0.0707322274181391,-0.0557322274181391,0.05));
#12606=CARTESIAN_POINT('',(0.0707322274181391,0.0557322274181391,0.05));
#12607=CARTESIAN_POINT('',(0.0707322274181391,0.0557322274181391,0.04839));
#12608=CARTESIAN_POINT('',(0.0689822274181391,0.0557322274181391,0.04839));
#12609=CARTESIAN_POINT('',(0.0707322274181391,0.0557322274181391,0.05));
#12610=CARTESIAN_POINT('',(0.0825422863405995,-1.40982959976991E-17,0.045));
#12611=CARTESIAN_POINT('',(0.0828387587225585,-0.0533498713282224,0.0453863703305156));
#12612=CARTESIAN_POINT('',(0.0827399345952388,-0.0533498713282224,0.0452575802203438));
#12613=CARTESIAN_POINT('',(0.0826411104679192,-0.0533498713282224,0.0451287901101719));
#12614=CARTESIAN_POINT('',(0.0825422863405995,-0.0533498713282224,0.045));
#12615=CARTESIAN_POINT('',(0.0825422863405995,0.0533498713282225,0.045));
#12616=CARTESIAN_POINT('',(0.0826411104679192,0.0533498713282225,0.0451287901101719));
#12617=CARTESIAN_POINT('',(0.0827399345952388,0.0533498713282225,0.0452575802203437));
#12618=CARTESIAN_POINT('',(0.0828387587225585,0.0533498713282225,0.0453863703305156));
#12619=CARTESIAN_POINT('',(0.0828387587225585,0.0533498713282224,0.0453863703305156));
#12620=CARTESIAN_POINT('',(0.0828371734406833,0.0552892177999565,0.0453956845717281));
#12621=CARTESIAN_POINT('',(0.0824642935833343,0.0572031013873108,0.0454030917179367));
#12622=CARTESIAN_POINT('',(0.0810325643252638,0.0607170381951244,0.0454131002698028));
#12623=CARTESIAN_POINT('',(0.0799735932591587,0.062315099011345,0.0454156915137569));
#12624=CARTESIAN_POINT('',(0.077315099011345,0.0649735932591587,0.0454156915137569));
#12625=CARTESIAN_POINT('',(0.0757170381951244,0.0660325643252638,0.0454131002698028));
#12626=CARTESIAN_POINT('',(0.0722031013873108,0.0674642935833343,0.0454030917179367));
#12627=CARTESIAN_POINT('',(0.0702892177999565,0.0678371734406834,0.0453956845717281));
#12628=CARTESIAN_POINT('',(0.0683498713282224,0.0678387587225585,0.0453863703305156));
#12629=CARTESIAN_POINT('',(0.0825422863405995,0.0533498713282224,0.045));
#12630=CARTESIAN_POINT('',(0.0825431781722232,0.0552519794650188,0.045));
#12631=CARTESIAN_POINT('',(0.0821798723295955,0.0571286451912246,0.045));
#12632=CARTESIAN_POINT('',(0.0807800660995005,0.0605733065478634,0.045));
#12633=CARTESIAN_POINT('',(0.0797434438710943,0.0621393478718559,0.045));
#12634=CARTESIAN_POINT('',(0.077139347871856,0.0647434438710943,0.045));
#12635=CARTESIAN_POINT('',(0.0755733065478635,0.0657800660995005,0.045));
#12636=CARTESIAN_POINT('',(0.0721286451912245,0.0671798723295955,0.045));
#12637=CARTESIAN_POINT('',(0.0702519794650188,0.0675431781722232,0.045));
#12638=CARTESIAN_POINT('',(0.0683498713282225,0.0675422863405995,0.045));
#12639=CARTESIAN_POINT('',(0.0683498713282224,0.0678387587225585,0.0453863703305156));
#12640=CARTESIAN_POINT('',(0.0683498713282224,0.0677399345952388,0.0452575802203437));
#12641=CARTESIAN_POINT('',(0.0683498713282224,0.0676411104679192,0.0451287901101718));
#12642=CARTESIAN_POINT('',(0.0683498713282224,0.0675422863405995,0.045));
#12643=CARTESIAN_POINT('',(0.0683498713282225,-0.0678387587225585,0.0453863703305156));
#12644=CARTESIAN_POINT('',(0.0702892177999565,-0.0678371734406834,0.0453956845717281));
#12645=CARTESIAN_POINT('',(0.0722031013873108,-0.0674642935833343,0.0454030917179367));
#12646=CARTESIAN_POINT('',(0.0757170381951244,-0.0660325643252639,0.0454131002698028));
#12647=CARTESIAN_POINT('',(0.077315099011345,-0.0649735932591587,0.0454156915137569));
#12648=CARTESIAN_POINT('',(0.0799735932591587,-0.062315099011345,0.0454156915137569));
#12649=CARTESIAN_POINT('',(0.0810325643252638,-0.0607170381951243,0.0454131002698028));
#12650=CARTESIAN_POINT('',(0.0824642935833343,-0.0572031013873108,0.0454030917179367));
#12651=CARTESIAN_POINT('',(0.0828371734406834,-0.0552892177999565,0.0453956845717281));
#12652=CARTESIAN_POINT('',(0.0828387587225585,-0.0533498713282224,0.0453863703305156));
#12653=CARTESIAN_POINT('',(0.0683498713282225,-0.0675422863405995,0.045));
#12654=CARTESIAN_POINT('',(0.0702519794650188,-0.0675431781722232,0.045));
#12655=CARTESIAN_POINT('',(0.0721286451912246,-0.0671798723295955,0.045));
#12656=CARTESIAN_POINT('',(0.0755733065478634,-0.0657800660995005,0.045));
#12657=CARTESIAN_POINT('',(0.077139347871856,-0.0647434438710942,0.045));
#12658=CARTESIAN_POINT('',(0.0797434438710943,-0.062139347871856,0.045));
#12659=CARTESIAN_POINT('',(0.0807800660995005,-0.0605733065478634,0.045));
#12660=CARTESIAN_POINT('',(0.0821798723295955,-0.0571286451912246,0.045));
#12661=CARTESIAN_POINT('',(0.0825431781722232,-0.0552519794650188,0.045));
#12662=CARTESIAN_POINT('',(0.0825422863405995,-0.0533498713282224,0.045));
#12663=CARTESIAN_POINT('',(0.0683498713282224,-0.0675422863405995,0.045));
#12664=CARTESIAN_POINT('',(0.0683498713282224,-0.0676411104679192,0.0451287901101719));
#12665=CARTESIAN_POINT('',(0.0683498713282224,-0.0677399345952388,0.0452575802203438));
#12666=CARTESIAN_POINT('',(0.0683498713282224,-0.0678387587225585,0.0453863703305156));
#12667=CARTESIAN_POINT('',(0.,0.0678387587225585,0.0453863703305156));
#12668=CARTESIAN_POINT('',(-0.0683498713282224,0.0675422863405995,0.045));
#12669=CARTESIAN_POINT('',(-0.0683498713282224,0.0676411104679192,0.0451287901101718));
#12670=CARTESIAN_POINT('',(-0.0683498713282224,0.0677399345952388,0.0452575802203437));
#12671=CARTESIAN_POINT('',(-0.0683498713282224,0.0678387587225585,0.0453863703305156));
#12672=CARTESIAN_POINT('',(-6.93889390390723E-18,-0.0675422863405995,0.045));
#12673=CARTESIAN_POINT('',(-0.0683498713282224,-0.0678387587225585,0.0453863703305156));
#12674=CARTESIAN_POINT('',(-0.0683498713282224,-0.0677399345952388,0.0452575802203437));
#12675=CARTESIAN_POINT('',(-0.0683498713282224,-0.0676411104679191,0.0451287901101719));
#12676=CARTESIAN_POINT('',(-0.0683498713282224,-0.0675422863405995,0.045));
#12677=CARTESIAN_POINT('',(-0.0683498713282225,0.0678387587225585,0.0453863703305156));
#12678=CARTESIAN_POINT('',(-0.0702892177999566,0.0678371734406834,0.0453956845717281));
#12679=CARTESIAN_POINT('',(-0.0722031013873108,0.0674642935833343,0.0454030917179367));
#12680=CARTESIAN_POINT('',(-0.0757170381951244,0.0660325643252638,0.0454131002698028));
#12681=CARTESIAN_POINT('',(-0.0773150990113449,0.0649735932591587,0.0454156915137569));
#12682=CARTESIAN_POINT('',(-0.0799735932591587,0.062315099011345,0.0454156915137569));
#12683=CARTESIAN_POINT('',(-0.0810325643252639,0.0607170381951244,0.0454131002698028));
#12684=CARTESIAN_POINT('',(-0.0824642935833343,0.0572031013873108,0.0454030917179367));
#12685=CARTESIAN_POINT('',(-0.0828371734406834,0.0552892177999565,0.0453956845717281));
#12686=CARTESIAN_POINT('',(-0.0828387587225585,0.0533498713282224,0.0453863703305156));
#12687=CARTESIAN_POINT('',(-0.0683498713282225,0.0675422863405995,0.045));
#12688=CARTESIAN_POINT('',(-0.0702519794650188,0.0675431781722232,0.045));
#12689=CARTESIAN_POINT('',(-0.0721286451912246,0.0671798723295955,0.045));
#12690=CARTESIAN_POINT('',(-0.0755733065478634,0.0657800660995005,0.045));
#12691=CARTESIAN_POINT('',(-0.077139347871856,0.0647434438710942,0.045));
#12692=CARTESIAN_POINT('',(-0.0797434438710942,0.062139347871856,0.045));
#12693=CARTESIAN_POINT('',(-0.0807800660995005,0.0605733065478634,0.045));
#12694=CARTESIAN_POINT('',(-0.0821798723295955,0.0571286451912246,0.045));
#12695=CARTESIAN_POINT('',(-0.0825431781722231,0.0552519794650188,0.045));
#12696=CARTESIAN_POINT('',(-0.0825422863405995,0.0533498713282224,0.045));
#12697=CARTESIAN_POINT('',(-0.0828387587225585,0.0533498713282224,0.0453863703305156));
#12698=CARTESIAN_POINT('',(-0.0827399345952388,0.0533498713282224,0.0452575802203437));
#12699=CARTESIAN_POINT('',(-0.0826411104679192,0.0533498713282224,0.0451287901101718));
#12700=CARTESIAN_POINT('',(-0.0825422863405995,0.0533498713282224,0.045));
#12701=CARTESIAN_POINT('',(-0.0828387587225585,-0.0533498713282224,0.0453863703305156));
#12702=CARTESIAN_POINT('',(-0.0828371734406834,-0.0552892177999565,0.0453956845717281));
#12703=CARTESIAN_POINT('',(-0.0824642935833343,-0.0572031013873108,0.0454030917179367));
#12704=CARTESIAN_POINT('',(-0.0810325643252638,-0.0607170381951244,0.0454131002698028));
#12705=CARTESIAN_POINT('',(-0.0799735932591587,-0.0623150990113449,0.0454156915137569));
#12706=CARTESIAN_POINT('',(-0.077315099011345,-0.0649735932591587,0.0454156915137569));
#12707=CARTESIAN_POINT('',(-0.0757170381951244,-0.0660325643252638,0.0454131002698028));
#12708=CARTESIAN_POINT('',(-0.0722031013873108,-0.0674642935833343,0.0454030917179367));
#12709=CARTESIAN_POINT('',(-0.0702892177999565,-0.0678371734406834,0.0453956845717281));
#12710=CARTESIAN_POINT('',(-0.0683498713282225,-0.0678387587225585,0.0453863703305156));
#12711=CARTESIAN_POINT('',(-0.0825422863405995,-0.0533498713282224,0.045));
#12712=CARTESIAN_POINT('',(-0.0825431781722232,-0.0552519794650188,0.045));
#12713=CARTESIAN_POINT('',(-0.0821798723295955,-0.0571286451912246,0.045));
#12714=CARTESIAN_POINT('',(-0.0807800660995005,-0.0605733065478634,0.045));
#12715=CARTESIAN_POINT('',(-0.0797434438710943,-0.062139347871856,0.045));
#12716=CARTESIAN_POINT('',(-0.077139347871856,-0.0647434438710942,0.045));
#12717=CARTESIAN_POINT('',(-0.0755733065478635,-0.0657800660995005,0.045));
#12718=CARTESIAN_POINT('',(-0.0721286451912245,-0.0671798723295954,0.045));
#12719=CARTESIAN_POINT('',(-0.0702519794650188,-0.0675431781722232,0.045));
#12720=CARTESIAN_POINT('',(-0.0683498713282225,-0.0675422863405995,0.045));
#12721=CARTESIAN_POINT('',(-0.0825422863405995,-0.0533498713282224,0.045));
#12722=CARTESIAN_POINT('',(-0.0826411104679192,-0.0533498713282224,0.0451287901101718));
#12723=CARTESIAN_POINT('',(-0.0827399345952388,-0.0533498713282224,0.0452575802203437));
#12724=CARTESIAN_POINT('',(-0.0828387587225585,-0.0533498713282224,0.0453863703305156));
#12725=CARTESIAN_POINT('',(-0.0828387587225585,0.08,0.0453863703305156));
#12726=CARTESIAN_POINT('',(-0.0401257904472118,0.0412798779593346,0.049));
#12727=CARTESIAN_POINT('',(-0.0401257904472118,0.0412798779593346,0.05));
#12728=CARTESIAN_POINT('',(-0.0393228353442395,0.0412798779593346,0.05));
#12729=CARTESIAN_POINT('',(-0.040928745550184,0.0412798779593346,0.05));
#12730=CARTESIAN_POINT('',(-0.040928745550184,0.0412798779593346,0.049));
#12731=CARTESIAN_POINT('',(-0.040928745550184,0.0412798779593346,0.049));
#12732=CARTESIAN_POINT('',(-0.0401257904472118,0.0412798779593346,0.049));
#12733=CARTESIAN_POINT('',(-0.0393228353442395,0.0412798779593346,0.049));
#12734=CARTESIAN_POINT('',(-0.0393228353442395,0.0412798779593346,0.049));
#12735=CARTESIAN_POINT('',(-0.0408281978863127,0.0416492658308618,0.049));
#12736=CARTESIAN_POINT('',(-0.0408281978863127,0.0416492658308618,0.05));
#12737=CARTESIAN_POINT('',(-0.0407275914324108,0.0420186369523974,0.05));
#12738=CARTESIAN_POINT('',(-0.0407276502224414,0.0420186537023889,0.049));
#12739=CARTESIAN_POINT('',(-0.0407275914324108,0.0420186369523974,0.049));
#12740=CARTESIAN_POINT('',(-0.0408281978863127,0.0416492658308618,0.049));
#12741=CARTESIAN_POINT('',(-0.0882515131269603,0.0555587776642959,0.0490000000000023));
#12742=CARTESIAN_POINT('',(-0.0882515131269603,0.0555587776642959,0.05));
#12743=CARTESIAN_POINT('',(-0.0401529199978407,0.0442278498915612,0.05));
#12744=CARTESIAN_POINT('',(-0.0401529199978407,0.0442278498915612,0.049));
#12745=CARTESIAN_POINT('',(-0.0401529199978407,0.0442278498915612,0.049));
#12746=CARTESIAN_POINT('',(-0.0882515131269603,0.0555587776642959,0.049));
#12747=CARTESIAN_POINT('',(-0.0401343476952008,0.0442278498915612,0.049));
#12748=CARTESIAN_POINT('',(-0.0401343476952008,0.0442278498915612,0.05));
#12749=CARTESIAN_POINT('',(-0.0401158069912246,0.0442278498915612,0.05));
#12750=CARTESIAN_POINT('',(-0.0401158069912246,0.0442278498915612,0.049));
#12751=CARTESIAN_POINT('',(-0.0401158069912246,0.0442278498915612,0.049));
#12752=CARTESIAN_POINT('',(-0.0401343476952008,0.0442278498915612,0.049));
#12753=CARTESIAN_POINT('',(-0.0401158069912246,0.0442278498915612,0.049));
#12754=CARTESIAN_POINT('',(-0.0401158069912246,0.0442278498915612,0.05));
#12755=CARTESIAN_POINT('',(-0.0399161378714801,0.0434976313964959,0.049));
#12756=CARTESIAN_POINT('',(-0.0399161378714801,0.0434976313964959,0.05));
#12757=CARTESIAN_POINT('',(-0.0397335832477138,0.042721774245489,0.049));
#12758=CARTESIAN_POINT('',(-0.0397335832477138,0.042721774245489,0.05));
#12759=CARTESIAN_POINT('',(-0.039522504463984,0.0420186537023889,0.049));
#12760=CARTESIAN_POINT('',(-0.039522504463984,0.0420186537023889,0.05));
#12761=CARTESIAN_POINT('',(-0.0401158069912246,0.0442278498915612,0.05));
#12762=CARTESIAN_POINT('',(-0.0399161378714801,0.0434976313964959,0.05));
#12763=CARTESIAN_POINT('',(-0.0397335832477138,0.042721774245489,0.05));
#12764=CARTESIAN_POINT('',(-0.039522504463984,0.0420186537023889,0.05));
#12765=CARTESIAN_POINT('',(-0.039522504463984,0.0420186537023889,0.05));
#12766=CARTESIAN_POINT('',(-0.039522504463984,0.0420186537023889,0.049));
#12767=CARTESIAN_POINT('',(-0.039522504463984,0.0420186537023889,0.049));
#12768=CARTESIAN_POINT('',(-0.0401158069912246,0.0442278498915612,0.049));
#12769=CARTESIAN_POINT('',(-0.0399161378714801,0.0434976313964959,0.049));
#12770=CARTESIAN_POINT('',(-0.0397335832477138,0.042721774245489,0.049));
#12771=CARTESIAN_POINT('',(-0.039522504463984,0.0420186537023889,0.049));
#12772=CARTESIAN_POINT('',(-0.0387929990729177,0.0393630544097881,0.049));
#12773=CARTESIAN_POINT('',(-0.0385555354412217,0.038495919946898,0.049));
#12774=CARTESIAN_POINT('',(-0.0385555354412217,0.038495919946898,0.049));
#12775=CARTESIAN_POINT('',(-0.0387929990729177,0.0393630544097881,0.049));
#12776=CARTESIAN_POINT('',(-0.0390304627046138,0.0402301888726782,0.049));
#12777=CARTESIAN_POINT('',(-0.0390304627046138,0.0402301888726782,0.049));
#12778=CARTESIAN_POINT('',(-0.0378481362741271,0.038495919946898,0.049));
#12779=CARTESIAN_POINT('',(-0.0371407371070327,0.038495919946898,0.049));
#12780=CARTESIAN_POINT('',(-0.0371407371070327,0.038495919946898,0.049));
#12781=CARTESIAN_POINT('',(-0.0378481362741271,0.038495919946898,0.049));
#12782=CARTESIAN_POINT('',(-0.0382267944976425,0.0418731804865752,0.049));
#12783=CARTESIAN_POINT('',(-0.0393128518882523,0.0452504410262523,0.049));
#12784=CARTESIAN_POINT('',(-0.0393128518882523,0.0452504410262523,0.049));
#12785=CARTESIAN_POINT('',(-0.0382267944976425,0.0418731804865752,0.049));
#12786=CARTESIAN_POINT('',(-0.0401072497432355,0.0452504410262523,0.049));
#12787=CARTESIAN_POINT('',(-0.0409016475982187,0.0452504410262523,0.049));
#12788=CARTESIAN_POINT('',(-0.0409016475982187,0.0452504410262523,0.049));
#12789=CARTESIAN_POINT('',(-0.0401072497432355,0.0452504410262523,0.049));
#12790=CARTESIAN_POINT('',(-0.041983426364834,0.0418731804865752,0.049));
#12791=CARTESIAN_POINT('',(-0.0430652051314493,0.038495919946898,0.049));
#12792=CARTESIAN_POINT('',(-0.0430652051314493,0.038495919946898,0.049));
#12793=CARTESIAN_POINT('',(-0.041983426364834,0.0418731804865752,0.049));
#12794=CARTESIAN_POINT('',(-0.0423806252923256,0.038495919946898,0.049));
#12795=CARTESIAN_POINT('',(-0.0416960454532019,0.038495919946898,0.049));
#12796=CARTESIAN_POINT('',(-0.0416960454532019,0.038495919946898,0.049));
#12797=CARTESIAN_POINT('',(-0.0423806252923256,0.038495919946898,0.049));
#12798=CARTESIAN_POINT('',(-0.0414585818215058,0.0393630544097881,0.049));
#12799=CARTESIAN_POINT('',(-0.0412211181898098,0.0402301888726782,0.049));
#12800=CARTESIAN_POINT('',(-0.0412211181898098,0.0402301888726782,0.049));
#12801=CARTESIAN_POINT('',(-0.0414585818215058,0.0393630544097881,0.049));
#12802=CARTESIAN_POINT('',(-0.0401257904472118,0.0402301888726782,0.049));
#12803=CARTESIAN_POINT('',(-0.0401257904472118,0.0402301888726782,0.049));
#12804=CARTESIAN_POINT('',(-0.0394226699041118,0.0416492658308618,0.049));
#12805=CARTESIAN_POINT('',(-0.0394226699041118,0.0416492658308618,0.05));
#12806=CARTESIAN_POINT('',(-0.0394226699041118,0.0416492658308618,0.049));
#12807=CARTESIAN_POINT('',(-1.38777878078145E-17,-1.38777878078145E-17,
0.049));
#12808=CARTESIAN_POINT('',(-0.0530686280306449,0.0431510628529395,0.049));
#12809=CARTESIAN_POINT('',(-0.0530686280306449,0.0431510628529395,0.05));
#12810=CARTESIAN_POINT('',(-0.0530686280306449,0.0421199144702593,0.05));
#12811=CARTESIAN_POINT('',(-0.0530686280306449,0.0441822112356196,0.05));
#12812=CARTESIAN_POINT('',(-0.0530686280306449,0.0441822112356196,0.049));
#12813=CARTESIAN_POINT('',(-0.0530686280306449,0.0441822112356196,0.049));
#12814=CARTESIAN_POINT('',(-0.0530686280306449,0.0431510628529395,0.049));
#12815=CARTESIAN_POINT('',(-0.0530686280306449,0.0421199144702593,0.049));
#12816=CARTESIAN_POINT('',(-0.0530686280306449,0.0421199144702593,0.049));
#12817=CARTESIAN_POINT('',(-0.0526307821752054,0.0441822112356196,0.049));
#12818=CARTESIAN_POINT('',(-0.0526307821752054,0.0441822112356196,0.05));
#12819=CARTESIAN_POINT('',(-0.0521929363197658,0.0441822112356196,0.05));
#12820=CARTESIAN_POINT('',(-0.0521929363197658,0.0441822112356196,0.049));
#12821=CARTESIAN_POINT('',(-0.0521929363197658,0.0441822112356196,0.049));
#12822=CARTESIAN_POINT('',(-0.0526307821752054,0.0441822112356196,0.049));
#12823=CARTESIAN_POINT('',(-0.0521929363197658,0.0441822112356196,0.049));
#12824=CARTESIAN_POINT('',(-0.0521929363197658,0.0441822112356196,0.05));
#12825=CARTESIAN_POINT('',(-0.0513258018568758,0.0441822112356196,0.049));
#12826=CARTESIAN_POINT('',(-0.0513258018568758,0.0441822112356196,0.05));
#12827=CARTESIAN_POINT('',(-0.0508508745934837,0.0439354772519355,0.049));
#12828=CARTESIAN_POINT('',(-0.0508508745934837,0.0439354772519355,0.05));
#12829=CARTESIAN_POINT('',(-0.0508508745934837,0.0432052587568701,0.049));
#12830=CARTESIAN_POINT('',(-0.0508508745934837,0.0432052587568701,0.05));
#12831=CARTESIAN_POINT('',(-0.0521929363197658,0.0441822112356196,0.05));
#12832=CARTESIAN_POINT('',(-0.0513258018568758,0.0441822112356196,0.05));
#12833=CARTESIAN_POINT('',(-0.0508508745934837,0.0439354772519355,0.05));
#12834=CARTESIAN_POINT('',(-0.0508508745934837,0.0432052587568701,0.05));
#12835=CARTESIAN_POINT('',(-0.0508508745934837,0.0432052587568701,0.05));
#12836=CARTESIAN_POINT('',(-0.0508508745934837,0.0432052587568701,0.049));
#12837=CARTESIAN_POINT('',(-0.0508508745934837,0.0432052587568701,0.049));
#12838=CARTESIAN_POINT('',(-0.0521929363197658,0.0441822112356196,0.049));
#12839=CARTESIAN_POINT('',(-0.0513258018568758,0.0441822112356196,0.049));
#12840=CARTESIAN_POINT('',(-0.0508508745934837,0.0439354772519355,0.049));
#12841=CARTESIAN_POINT('',(-0.0508508745934837,0.0432052587568701,0.049));
#12842=CARTESIAN_POINT('',(-0.0508508745934837,0.0432052587568701,0.049));
#12843=CARTESIAN_POINT('',(-0.0508508745934837,0.0432052587568701,0.05));
#12844=CARTESIAN_POINT('',(-0.0508508745934837,0.042485023717792,0.049));
#12845=CARTESIAN_POINT('',(-0.0508508745934837,0.042485023717792,0.05));
#12846=CARTESIAN_POINT('',(-0.0513258018568758,0.0421199144702593,0.049));
#12847=CARTESIAN_POINT('',(-0.0513258018568758,0.0421199144702593,0.05));
#12848=CARTESIAN_POINT('',(-0.0521929363197658,0.0421199144702593,0.049));
#12849=CARTESIAN_POINT('',(-0.0521929363197658,0.0421199144702593,0.05));
#12850=CARTESIAN_POINT('',(-0.0508508745934837,0.0432052587568701,0.05));
#12851=CARTESIAN_POINT('',(-0.0508508745934837,0.042485023717792,0.05));
#12852=CARTESIAN_POINT('',(-0.0513258018568758,0.0421199144702593,0.05));
#12853=CARTESIAN_POINT('',(-0.0521929363197658,0.0421199144702593,0.05));
#12854=CARTESIAN_POINT('',(-0.0521929363197658,0.0421199144702593,0.05));
#12855=CARTESIAN_POINT('',(-0.0521929363197658,0.0421199144702593,0.049));
#12856=CARTESIAN_POINT('',(-0.0521929363197658,0.0421199144702593,0.049));
#12857=CARTESIAN_POINT('',(-0.0508508745934837,0.0432052587568701,0.049));
#12858=CARTESIAN_POINT('',(-0.0508508745934837,0.042485023717792,0.049));
#12859=CARTESIAN_POINT('',(-0.0513258018568758,0.0421199144702593,0.049));
#12860=CARTESIAN_POINT('',(-0.0521929363197658,0.0421199144702593,0.049));
#12861=CARTESIAN_POINT('',(-0.0499880187545881,0.038495919946898,0.049));
#12862=CARTESIAN_POINT('',(-0.049234980931552,0.038495919946898,0.049));
#12863=CARTESIAN_POINT('',(-0.049234980931552,0.038495919946898,0.049));
#12864=CARTESIAN_POINT('',(-0.0499880187545881,0.038495919946898,0.049));
#12865=CARTESIAN_POINT('',(-0.0507410565776242,0.038495919946898,0.049));
#12866=CARTESIAN_POINT('',(-0.0507410565776242,0.038495919946898,0.049));
#12867=CARTESIAN_POINT('',(-0.0500251001625407,0.0398786286011282,0.049));
#12868=CARTESIAN_POINT('',(-0.0508152193935293,0.0412613372553583,0.049));
#12869=CARTESIAN_POINT('',(-0.0508152193935293,0.0412613372553583,0.049));
#12870=CARTESIAN_POINT('',(-0.0500251001625407,0.0398786286011282,0.049));
#12871=CARTESIAN_POINT('',(-0.0508152193935293,0.0412613372553583,0.049));
#12872=CARTESIAN_POINT('',(-0.0508152193935293,0.0412613372553583,0.05));
#12873=CARTESIAN_POINT('',(-0.0500393622425224,0.0415622671429732,0.049));
#12874=CARTESIAN_POINT('',(-0.0500393622425224,0.0415622671429732,0.05));
#12875=CARTESIAN_POINT('',(-0.0495273535711778,0.0421926510781662,0.049));
#12876=CARTESIAN_POINT('',(-0.0495273535711778,0.0421926510781662,0.05));
#12877=CARTESIAN_POINT('',(-0.0495273535711778,0.0432052587568701,0.049));
#12878=CARTESIAN_POINT('',(-0.0495273535711778,0.0432052587568701,0.05));
#12879=CARTESIAN_POINT('',(-0.0495273535711778,0.0432052587568701,0.049));
#12880=CARTESIAN_POINT('',(-0.0495273535711778,0.0432052587568701,0.049));
#12881=CARTESIAN_POINT('',(-0.0508152193935293,0.0412613372553583,0.049));
#12882=CARTESIAN_POINT('',(-0.0500393622425224,0.0415622671429732,0.049));
#12883=CARTESIAN_POINT('',(-0.0495273535711778,0.0421926510781662,0.049));
#12884=CARTESIAN_POINT('',(-0.0495273535711778,0.0432052587568701,0.049));
#12885=CARTESIAN_POINT('',(-0.0495273535711778,0.0432052587568701,0.049));
#12886=CARTESIAN_POINT('',(-0.0495273535711778,0.0432052587568701,0.05));
#12887=CARTESIAN_POINT('',(-0.0495273535711778,0.0447569730588839,0.049));
#12888=CARTESIAN_POINT('',(-0.0495273535711778,0.0447569730588839,0.05));
#12889=CARTESIAN_POINT('',(-0.0506497792657411,0.0452504410262523,0.049));
#12890=CARTESIAN_POINT('',(-0.0506497792657411,0.0452504410262523,0.05));
#12891=CARTESIAN_POINT('',(-0.0520645775999301,0.0452504410262523,0.049));
#12892=CARTESIAN_POINT('',(-0.0520645775999301,0.0452504410262523,0.05));
#12893=CARTESIAN_POINT('',(-0.0520645775999301,0.0452504410262523,0.049));
#12894=CARTESIAN_POINT('',(-0.0520645775999301,0.0452504410262523,0.049));
#12895=CARTESIAN_POINT('',(-0.0495273535711778,0.0432052587568701,0.049));
#12896=CARTESIAN_POINT('',(-0.0495273535711778,0.0447569730588839,0.049));
#12897=CARTESIAN_POINT('',(-0.0506497792657411,0.0452504410262523,0.049));
#12898=CARTESIAN_POINT('',(-0.0520645775999301,0.0452504410262523,0.049));
#12899=CARTESIAN_POINT('',(-0.0532426254064222,0.0452504410262523,0.049));
#12900=CARTESIAN_POINT('',(-0.0544206732129143,0.0452504410262523,0.049));
#12901=CARTESIAN_POINT('',(-0.0544206732129143,0.0452504410262523,0.049));
#12902=CARTESIAN_POINT('',(-0.0532426254064222,0.0452504410262523,0.049));
#12903=CARTESIAN_POINT('',(-0.0544206732129143,0.0418731804865752,0.049));
#12904=CARTESIAN_POINT('',(-0.0544206732129143,0.038495919946898,0.049));
#12905=CARTESIAN_POINT('',(-0.0544206732129143,0.038495919946898,0.049));
#12906=CARTESIAN_POINT('',(-0.0544206732129143,0.0418731804865752,0.049));
#12907=CARTESIAN_POINT('',(-0.0537446506217796,0.038495919946898,0.049));
#12908=CARTESIAN_POINT('',(-0.053068628030645,0.038495919946898,0.049));
#12909=CARTESIAN_POINT('',(-0.053068628030645,0.038495919946898,0.049));
#12910=CARTESIAN_POINT('',(-0.0537446506217796,0.038495919946898,0.049));
#12911=CARTESIAN_POINT('',(-0.053068628030645,0.0397738023132624,0.049));
#12912=CARTESIAN_POINT('',(-0.0530686280306449,0.0410516846796267,0.049));
#12913=CARTESIAN_POINT('',(-0.0530686280306449,0.0410516846796267,0.049));
#12914=CARTESIAN_POINT('',(-0.053068628030645,0.0397738023132624,0.049));
#12915=CARTESIAN_POINT('',(-0.0525986924952465,0.0410516846796267,0.049));
#12916=CARTESIAN_POINT('',(-0.052128756959848,0.0410516846796267,0.049));
#12917=CARTESIAN_POINT('',(-0.052128756959848,0.0410516846796267,0.049));
#12918=CARTESIAN_POINT('',(-0.0525986924952465,0.0410516846796267,0.049));
#12919=CARTESIAN_POINT('',(-0.0514349067687361,0.0397738023132624,0.049));
#12920=CARTESIAN_POINT('',(-0.0514349067687361,0.0397738023132624,0.049));
#12921=CARTESIAN_POINT('',(-0.0526307821752054,0.0421199144702593,0.049));
#12922=CARTESIAN_POINT('',(-0.0526307821752054,0.0421199144702593,0.05));
#12923=CARTESIAN_POINT('',(-0.0526307821752054,0.0421199144702593,0.049));
#12924=CARTESIAN_POINT('',(-1.38777878078145E-17,-1.38777878078145E-17,
0.049));
#12925=CARTESIAN_POINT('',(-0.0581986982000785,0.0412798779593346,0.049));
#12926=CARTESIAN_POINT('',(-0.0581986982000785,0.0412798779593346,0.05));
#12927=CARTESIAN_POINT('',(-0.0573957430971062,0.0412798779593346,0.05));
#12928=CARTESIAN_POINT('',(-0.0590016533030507,0.0412798779593346,0.05));
#12929=CARTESIAN_POINT('',(-0.0590016533030507,0.0412798779593346,0.049));
#12930=CARTESIAN_POINT('',(-0.0590016533030507,0.0412798779593346,0.049));
#12931=CARTESIAN_POINT('',(-0.0581986982000785,0.0412798779593346,0.049));
#12932=CARTESIAN_POINT('',(-0.0573957430971062,0.0412798779593346,0.049));
#12933=CARTESIAN_POINT('',(-0.0573957430971062,0.0412798779593346,0.049));
#12934=CARTESIAN_POINT('',(-0.0589011056391794,0.0416492658308618,0.049));
#12935=CARTESIAN_POINT('',(-0.0589011056391794,0.0416492658308618,0.05));
#12936=CARTESIAN_POINT('',(-0.0588004991852775,0.0420186369523974,0.05));
#12937=CARTESIAN_POINT('',(-0.0588005579753081,0.0420186537023889,0.049));
#12938=CARTESIAN_POINT('',(-0.0588004991852775,0.0420186369523974,0.049));
#12939=CARTESIAN_POINT('',(-0.0589011056391794,0.0416492658308618,0.049));
#12940=CARTESIAN_POINT('',(-0.106324420879893,0.0555587776643127,0.0490000000000023));
#12941=CARTESIAN_POINT('',(-0.106324420879893,0.0555587776643127,0.05));
#12942=CARTESIAN_POINT('',(-0.0582258277507074,0.0442278498915612,0.05));
#12943=CARTESIAN_POINT('',(-0.0582258277507074,0.0442278498915612,0.049));
#12944=CARTESIAN_POINT('',(-0.0582258277507074,0.0442278498915612,0.049));
#12945=CARTESIAN_POINT('',(-0.106324420879893,0.0555587776643127,0.049));
#12946=CARTESIAN_POINT('',(-0.0582072554480675,0.0442278498915612,0.049));
#12947=CARTESIAN_POINT('',(-0.0582072554480675,0.0442278498915612,0.05));
#12948=CARTESIAN_POINT('',(-0.0581887147440912,0.0442278498915612,0.05));
#12949=CARTESIAN_POINT('',(-0.0581887147440912,0.0442278498915612,0.049));
#12950=CARTESIAN_POINT('',(-0.0581887147440912,0.0442278498915612,0.049));
#12951=CARTESIAN_POINT('',(-0.0582072554480675,0.0442278498915612,0.049));
#12952=CARTESIAN_POINT('',(-0.0581887147440912,0.0442278498915612,0.049));
#12953=CARTESIAN_POINT('',(-0.0581887147440912,0.0442278498915612,0.05));
#12954=CARTESIAN_POINT('',(-0.0579890456243468,0.0434976313964959,0.049));
#12955=CARTESIAN_POINT('',(-0.0579890456243468,0.0434976313964959,0.05));
#12956=CARTESIAN_POINT('',(-0.0578064910005805,0.042721774245489,0.049));
#12957=CARTESIAN_POINT('',(-0.0578064910005805,0.042721774245489,0.05));
#12958=CARTESIAN_POINT('',(-0.0575954122168507,0.0420186537023889,0.049));
#12959=CARTESIAN_POINT('',(-0.0575954122168507,0.0420186537023889,0.05));
#12960=CARTESIAN_POINT('',(-0.0581887147440912,0.0442278498915612,0.05));
#12961=CARTESIAN_POINT('',(-0.0579890456243468,0.0434976313964959,0.05));
#12962=CARTESIAN_POINT('',(-0.0578064910005805,0.042721774245489,0.05));
#12963=CARTESIAN_POINT('',(-0.0575954122168507,0.0420186537023889,0.05));
#12964=CARTESIAN_POINT('',(-0.0575954122168507,0.0420186537023889,0.05));
#12965=CARTESIAN_POINT('',(-0.0575954122168507,0.0420186537023889,0.049));
#12966=CARTESIAN_POINT('',(-0.0575954122168507,0.0420186537023889,0.049));
#12967=CARTESIAN_POINT('',(-0.0581887147440912,0.0442278498915612,0.049));
#12968=CARTESIAN_POINT('',(-0.0579890456243468,0.0434976313964959,0.049));
#12969=CARTESIAN_POINT('',(-0.0578064910005805,0.042721774245489,0.049));
#12970=CARTESIAN_POINT('',(-0.0575954122168507,0.0420186537023889,0.049));
#12971=CARTESIAN_POINT('',(-0.0568659068257844,0.0393630544097881,0.049));
#12972=CARTESIAN_POINT('',(-0.0566284431940884,0.038495919946898,0.049));
#12973=CARTESIAN_POINT('',(-0.0566284431940884,0.038495919946898,0.049));
#12974=CARTESIAN_POINT('',(-0.0568659068257844,0.0393630544097881,0.049));
#12975=CARTESIAN_POINT('',(-0.0571033704574805,0.0402301888726782,0.049));
#12976=CARTESIAN_POINT('',(-0.0571033704574805,0.0402301888726782,0.049));
#12977=CARTESIAN_POINT('',(-0.0559210440269939,0.038495919946898,0.049));
#12978=CARTESIAN_POINT('',(-0.0552136448598993,0.038495919946898,0.049));
#12979=CARTESIAN_POINT('',(-0.0552136448598993,0.038495919946898,0.049));
#12980=CARTESIAN_POINT('',(-0.0559210440269939,0.038495919946898,0.049));
#12981=CARTESIAN_POINT('',(-0.0562997022505092,0.0418731804865752,0.049));
#12982=CARTESIAN_POINT('',(-0.057385759641119,0.0452504410262523,0.049));
#12983=CARTESIAN_POINT('',(-0.057385759641119,0.0452504410262523,0.049));
#12984=CARTESIAN_POINT('',(-0.0562997022505092,0.0418731804865752,0.049));
#12985=CARTESIAN_POINT('',(-0.0581801574961022,0.0452504410262523,0.049));
#12986=CARTESIAN_POINT('',(-0.0589745553510854,0.0452504410262523,0.049));
#12987=CARTESIAN_POINT('',(-0.0589745553510854,0.0452504410262523,0.049));
#12988=CARTESIAN_POINT('',(-0.0581801574961022,0.0452504410262523,0.049));
#12989=CARTESIAN_POINT('',(-0.0600563341177007,0.0418731804865752,0.049));
#12990=CARTESIAN_POINT('',(-0.061138112884316,0.038495919946898,0.049));
#12991=CARTESIAN_POINT('',(-0.061138112884316,0.038495919946898,0.049));
#12992=CARTESIAN_POINT('',(-0.0600563341177007,0.0418731804865752,0.049));
#12993=CARTESIAN_POINT('',(-0.0604535330451923,0.038495919946898,0.049));
#12994=CARTESIAN_POINT('',(-0.0597689532060685,0.038495919946898,0.049));
#12995=CARTESIAN_POINT('',(-0.0597689532060685,0.038495919946898,0.049));
#12996=CARTESIAN_POINT('',(-0.0604535330451923,0.038495919946898,0.049));
#12997=CARTESIAN_POINT('',(-0.0595314895743725,0.0393630544097881,0.049));
#12998=CARTESIAN_POINT('',(-0.0592940259426764,0.0402301888726782,0.049));
#12999=CARTESIAN_POINT('',(-0.0592940259426764,0.0402301888726782,0.049));
#13000=CARTESIAN_POINT('',(-0.0595314895743725,0.0393630544097881,0.049));
#13001=CARTESIAN_POINT('',(-0.0581986982000785,0.0402301888726782,0.049));
#13002=CARTESIAN_POINT('',(-0.0581986982000785,0.0402301888726782,0.049));
#13003=CARTESIAN_POINT('',(-0.0574955776569785,0.0416492658308618,0.049));
#13004=CARTESIAN_POINT('',(-0.0574955776569785,0.0416492658308618,0.05));
#13005=CARTESIAN_POINT('',(-0.0574955776569785,0.0416492658308618,0.049));
#13006=CARTESIAN_POINT('',(-1.38777878078145E-17,-1.38777878078145E-17,
0.049));
#13007=CARTESIAN_POINT('',(-0.0688610291944307,0.0418731804865752,0.049));
#13008=CARTESIAN_POINT('',(-0.0688610291944307,0.038495919946898,0.049));
#13009=CARTESIAN_POINT('',(-0.0688610291944307,0.038495919946898,0.049));
#13010=CARTESIAN_POINT('',(-0.0688610291944307,0.0418731804865752,0.049));
#13011=CARTESIAN_POINT('',(-0.0688610291944307,0.0452504410262523,0.049));
#13012=CARTESIAN_POINT('',(-0.0688610291944307,0.0452504410262523,0.049));
#13013=CARTESIAN_POINT('',(-0.0678976256916638,0.038495919946898,0.049));
#13014=CARTESIAN_POINT('',(-0.066934222188897,0.038495919946898,0.049));
#13015=CARTESIAN_POINT('',(-0.066934222188897,0.038495919946898,0.049));
#13016=CARTESIAN_POINT('',(-0.0678976256916638,0.038495919946898,0.049));
#13017=CARTESIAN_POINT('',(-0.066934222188897,0.038495919946898,0.049));
#13018=CARTESIAN_POINT('',(-0.066934222188897,0.038495919946898,0.05));
#13019=CARTESIAN_POINT('',(-0.0649446620314436,0.038495919946898,0.049));
#13020=CARTESIAN_POINT('',(-0.0649446620314436,0.038495919946898,0.05));
#13021=CARTESIAN_POINT('',(-0.0636667796650793,0.0396283290974486,0.049));
#13022=CARTESIAN_POINT('',(-0.0636667796650793,0.0396283290974486,0.05));
#13023=CARTESIAN_POINT('',(-0.0636667796650793,0.0419002784385405,0.049));
#13024=CARTESIAN_POINT('',(-0.0636667796650793,0.0419002784385405,0.05));
#13025=CARTESIAN_POINT('',(-0.0636667796650793,0.0419002784385405,0.049));
#13026=CARTESIAN_POINT('',(-0.0636667796650793,0.0419002784385405,0.049));
#13027=CARTESIAN_POINT('',(-0.066934222188897,0.038495919946898,0.049));
#13028=CARTESIAN_POINT('',(-0.0649446620314436,0.038495919946898,0.049));
#13029=CARTESIAN_POINT('',(-0.0636667796650793,0.0396283290974486,0.049));
#13030=CARTESIAN_POINT('',(-0.0636667796650793,0.0419002784385405,0.049));
#13031=CARTESIAN_POINT('',(-0.0636667796650793,0.0419002784385405,0.049));
#13032=CARTESIAN_POINT('',(-0.0636667796650793,0.0419002784385405,0.05));
#13033=CARTESIAN_POINT('',(-0.0636667796650793,0.0441822112356196,0.049));
#13034=CARTESIAN_POINT('',(-0.0636667796650793,0.0441822112356196,0.05));
#13035=CARTESIAN_POINT('',(-0.0649446620314436,0.0452504410262523,0.049));
#13036=CARTESIAN_POINT('',(-0.0649446620314436,0.0452504410262523,0.05));
#13037=CARTESIAN_POINT('',(-0.0670069587968039,0.0452504410262523,0.049));
#13038=CARTESIAN_POINT('',(-0.0670069587968039,0.0452504410262523,0.05));
#13039=CARTESIAN_POINT('',(-0.0670069587968039,0.0452504410262523,0.049));
#13040=CARTESIAN_POINT('',(-0.0670069587968039,0.0452504410262523,0.049));
#13041=CARTESIAN_POINT('',(-0.0636667796650793,0.0419002784385405,0.049));
#13042=CARTESIAN_POINT('',(-0.0636667796650793,0.0441822112356196,0.049));
#13043=CARTESIAN_POINT('',(-0.0649446620314436,0.0452504410262523,0.049));
#13044=CARTESIAN_POINT('',(-0.0670069587968039,0.0452504410262523,0.049));
#13045=CARTESIAN_POINT('',(-0.0672993314364297,0.039582690441507,0.049));
#13046=CARTESIAN_POINT('',(-0.0672993314364297,0.039582690441507,0.05));
#13047=CARTESIAN_POINT('',(-0.067089678860698,0.039582690441507,0.05));
#13048=CARTESIAN_POINT('',(-0.0675089840121613,0.039582690441507,0.05));
#13049=CARTESIAN_POINT('',(-0.0675089840121613,0.039582690441507,0.049));
#13050=CARTESIAN_POINT('',(-0.0675089840121613,0.039582690441507,0.049));
#13051=CARTESIAN_POINT('',(-0.0672993314364297,0.039582690441507,0.049));
#13052=CARTESIAN_POINT('',(-0.067089678860698,0.039582690441507,0.049));
#13053=CARTESIAN_POINT('',(-0.067089678860698,0.039582690441507,0.049));
#13054=CARTESIAN_POINT('',(-0.0675089840121613,0.0418781722145688,0.049));
#13055=CARTESIAN_POINT('',(-0.0675089840121613,0.0418781722145688,0.05));
#13056=CARTESIAN_POINT('',(-0.0675089840121613,0.0441736539876305,0.05));
#13057=CARTESIAN_POINT('',(-0.0675089840121613,0.0441736539876305,0.049));
#13058=CARTESIAN_POINT('',(-0.0675089840121613,0.0441736539876305,0.049));
#13059=CARTESIAN_POINT('',(-0.0675089840121613,0.0418781722145688,0.049));
#13060=CARTESIAN_POINT('',(-0.0672993314364297,0.0441736539876305,0.049));
#13061=CARTESIAN_POINT('',(-0.0672993314364297,0.0441736539876305,0.05));
#13062=CARTESIAN_POINT('',(-0.067089678860698,0.0441736539876305,0.05));
#13063=CARTESIAN_POINT('',(-0.067089678860698,0.0441736539876305,0.049));
#13064=CARTESIAN_POINT('',(-0.067089678860698,0.0441736539876305,0.049));
#13065=CARTESIAN_POINT('',(-0.0672993314364297,0.0441736539876305,0.049));
#13066=CARTESIAN_POINT('',(-0.067089678860698,0.0441736539876305,0.049));
#13067=CARTESIAN_POINT('',(-0.067089678860698,0.0441736539876305,0.05));
#13068=CARTESIAN_POINT('',(-0.06583033719831,0.0441736539876305,0.049));
#13069=CARTESIAN_POINT('',(-0.06583033719831,0.0441736539876305,0.05));
#13070=CARTESIAN_POINT('',(-0.0650444965913158,0.0435532535084247,0.049));
#13071=CARTESIAN_POINT('',(-0.0650444965913158,0.0435532535084247,0.05));
#13072=CARTESIAN_POINT('',(-0.0650444965913158,0.0419002784385405,0.049));
#13073=CARTESIAN_POINT('',(-0.0650444965913158,0.0419002784385405,0.05));
#13074=CARTESIAN_POINT('',(-0.067089678860698,0.0441736539876305,0.05));
#13075=CARTESIAN_POINT('',(-0.06583033719831,0.0441736539876305,0.05));
#13076=CARTESIAN_POINT('',(-0.0650444965913158,0.0435532535084247,0.05));
#13077=CARTESIAN_POINT('',(-0.0650444965913158,0.0419002784385405,0.05));
#13078=CARTESIAN_POINT('',(-0.0650444965913158,0.0419002784385405,0.05));
#13079=CARTESIAN_POINT('',(-0.0650444965913158,0.0419002784385405,0.049));
#13080=CARTESIAN_POINT('',(-0.0650444965913158,0.0419002784385405,0.049));
#13081=CARTESIAN_POINT('',(-0.067089678860698,0.0441736539876305,0.049));
#13082=CARTESIAN_POINT('',(-0.06583033719831,0.0441736539876305,0.049));
#13083=CARTESIAN_POINT('',(-0.0650444965913158,0.0435532535084247,0.049));
#13084=CARTESIAN_POINT('',(-0.0650444965913158,0.0419002784385405,0.049));
#13085=CARTESIAN_POINT('',(-0.0650444965913158,0.0419002784385405,0.049));
#13086=CARTESIAN_POINT('',(-0.0650444965913158,0.0419002784385405,0.05));
#13087=CARTESIAN_POINT('',(-0.0650444965913158,0.0402572868246435,0.049));
#13088=CARTESIAN_POINT('',(-0.0650444965913158,0.0402572868246435,0.05));
#13089=CARTESIAN_POINT('',(-0.06583033719831,0.039582690441507,0.049));
#13090=CARTESIAN_POINT('',(-0.06583033719831,0.039582690441507,0.05));
#13091=CARTESIAN_POINT('',(-0.067089678860698,0.039582690441507,0.049));
#13092=CARTESIAN_POINT('',(-0.067089678860698,0.039582690441507,0.05));
#13093=CARTESIAN_POINT('',(-0.0650444965913158,0.0419002784385405,0.05));
#13094=CARTESIAN_POINT('',(-0.0650444965913158,0.0402572868246435,0.05));
#13095=CARTESIAN_POINT('',(-0.06583033719831,0.039582690441507,0.05));
#13096=CARTESIAN_POINT('',(-0.067089678860698,0.039582690441507,0.05));
#13097=CARTESIAN_POINT('',(-0.0650444965913158,0.0419002784385405,0.049));
#13098=CARTESIAN_POINT('',(-0.0650444965913158,0.0402572868246435,0.049));
#13099=CARTESIAN_POINT('',(-0.06583033719831,0.039582690441507,0.049));
#13100=CARTESIAN_POINT('',(-0.067089678860698,0.039582690441507,0.049));
#13101=CARTESIAN_POINT('',(-0.0679339939956173,0.0452504410262523,0.049));
#13102=CARTESIAN_POINT('',(-0.0679339939956173,0.0452504410262523,0.049));
#13103=CARTESIAN_POINT('',(-1.38777878078145E-17,-1.38777878078145E-17,
0.049));
#13104=CARTESIAN_POINT('',(0.,0.,0.05));
#13105=CARTESIAN_POINT('',(0.0399898123822661,0.0448114269655995,0.049));
#13106=CARTESIAN_POINT('',(0.0399898123822661,0.0444422863405995,0.049));
#13107=CARTESIAN_POINT('',(0.0399898123822661,0.0444422863405995,0.049));
#13108=CARTESIAN_POINT('',(0.0399898123822661,0.0448114269655995,0.049));
#13109=CARTESIAN_POINT('',(0.0399898123822661,0.0451805675905995,0.049));
#13110=CARTESIAN_POINT('',(0.0399898123822661,0.0451805675905995,0.049));
#13111=CARTESIAN_POINT('',(0.0419441309586551,0.0444422863405995,0.049));
#13112=CARTESIAN_POINT('',(0.0438984495350439,0.0444422863405995,0.049));
#13113=CARTESIAN_POINT('',(0.0438984495350439,0.0444422863405995,0.049));
#13114=CARTESIAN_POINT('',(0.0419441309586551,0.0444422863405995,0.049));
#13115=CARTESIAN_POINT('',(0.0438984495350439,0.0448114269655995,0.049));
#13116=CARTESIAN_POINT('',(0.0438984495350439,0.0451805675905995,0.049));
#13117=CARTESIAN_POINT('',(0.0438984495350439,0.0451805675905995,0.049));
#13118=CARTESIAN_POINT('',(0.0438984495350439,0.0448114269655995,0.049));
#13119=CARTESIAN_POINT('',(0.0431837142919884,0.0451805675905995,0.049));
#13120=CARTESIAN_POINT('',(0.0424689790489328,0.0451805675905995,0.049));
#13121=CARTESIAN_POINT('',(0.0424689790489328,0.0451805675905995,0.049));
#13122=CARTESIAN_POINT('',(0.0431837142919884,0.0451805675905995,0.049));
#13123=CARTESIAN_POINT('',(0.0424689790489328,0.0483744695003217,0.049));
#13124=CARTESIAN_POINT('',(0.0424689790489328,0.0515683714100439,0.049));
#13125=CARTESIAN_POINT('',(0.0424689790489328,0.0515683714100439,0.049));
#13126=CARTESIAN_POINT('',(0.0424689790489328,0.0483744695003217,0.049));
#13127=CARTESIAN_POINT('',(0.042128701271155,0.0515683714100439,0.049));
#13128=CARTESIAN_POINT('',(0.0417884234933772,0.0515683714100439,0.049));
#13129=CARTESIAN_POINT('',(0.0417884234933772,0.0515683714100439,0.049));
#13130=CARTESIAN_POINT('',(0.042128701271155,0.0515683714100439,0.049));
#13131=CARTESIAN_POINT('',(0.0417884234933772,0.0515683714100439,0.049));
#13132=CARTESIAN_POINT('',(0.0417884234933772,0.0515683714100439,0.05));
#13133=CARTESIAN_POINT('',(0.0413995346044884,0.0513450641183773,0.049));
#13134=CARTESIAN_POINT('',(0.0413995346044884,0.0513450641183773,0.05));
#13135=CARTESIAN_POINT('',(0.0409422863405995,0.051179482521155,0.049));
#13136=CARTESIAN_POINT('',(0.0409422863405995,0.051179482521155,0.05));
#13137=CARTESIAN_POINT('',(0.0403103418961551,0.0510625120350439,0.049));
#13138=CARTESIAN_POINT('',(0.0403103418961551,0.0510625120350439,0.05));
#13139=CARTESIAN_POINT('',(0.0403103418961551,0.0510625120350439,0.049));
#13140=CARTESIAN_POINT('',(0.0403103418961551,0.0510625120350439,0.049));
#13141=CARTESIAN_POINT('',(0.0417884234933772,0.0515683714100439,0.049));
#13142=CARTESIAN_POINT('',(0.0413995346044884,0.0513450641183773,0.049));
#13143=CARTESIAN_POINT('',(0.0409422863405995,0.051179482521155,0.049));
#13144=CARTESIAN_POINT('',(0.0403103418961551,0.0510625120350439,0.049));
#13145=CARTESIAN_POINT('',(0.0403103418961551,0.0507807195003217,0.049));
#13146=CARTESIAN_POINT('',(0.0403103418961551,0.0504989269655995,0.049));
#13147=CARTESIAN_POINT('',(0.0403103418961551,0.0504989269655995,0.049));
#13148=CARTESIAN_POINT('',(0.0403103418961551,0.0507807195003217,0.049));
#13149=CARTESIAN_POINT('',(0.0409422863405995,0.0504989269655995,0.049));
#13150=CARTESIAN_POINT('',(0.041574230785044,0.0504989269655995,0.049));
#13151=CARTESIAN_POINT('',(0.041574230785044,0.0504989269655995,0.049));
#13152=CARTESIAN_POINT('',(0.0409422863405995,0.0504989269655995,0.049));
#13153=CARTESIAN_POINT('',(0.041574230785044,0.0478397472780995,0.049));
#13154=CARTESIAN_POINT('',(0.041574230785044,0.0451805675905995,0.049));
#13155=CARTESIAN_POINT('',(0.041574230785044,0.0451805675905995,0.049));
#13156=CARTESIAN_POINT('',(0.041574230785044,0.0478397472780995,0.049));
#13157=CARTESIAN_POINT('',(0.040782021583655,0.0451805675905995,0.049));
#13158=CARTESIAN_POINT('',(0.040782021583655,0.0451805675905995,0.049));
#13159=CARTESIAN_POINT('',(-1.38777878078145E-17,-1.38777878078145E-17,
0.049));
#13160=CARTESIAN_POINT('',(0.0618706717572662,0.0447050901600439,0.049));
#13161=CARTESIAN_POINT('',(0.0618706717572662,0.0444422863405994,0.049));
#13162=CARTESIAN_POINT('',(0.0618706717572662,0.0444422863405994,0.049));
#13163=CARTESIAN_POINT('',(0.0618706717572662,0.0447050901600439,0.049));
#13164=CARTESIAN_POINT('',(0.0618706717572662,0.0449678939794884,0.049));
#13165=CARTESIAN_POINT('',(0.0618706717572662,0.0449678939794884,0.049));
#13166=CARTESIAN_POINT('',(0.0641113401600439,0.0444422863405994,0.049));
#13167=CARTESIAN_POINT('',(0.0663520085628217,0.0444422863405994,0.049));
#13168=CARTESIAN_POINT('',(0.0663520085628217,0.0444422863405994,0.049));
#13169=CARTESIAN_POINT('',(0.0641113401600439,0.0444422863405994,0.049));
#13170=CARTESIAN_POINT('',(0.0663520085628217,0.0448266179378217,0.049));
#13171=CARTESIAN_POINT('',(0.0663520085628217,0.0452109495350439,0.049));
#13172=CARTESIAN_POINT('',(0.0663520085628217,0.0452109495350439,0.049));
#13173=CARTESIAN_POINT('',(0.0663520085628217,0.0448266179378217,0.049));
#13174=CARTESIAN_POINT('',(0.0653653549169884,0.0452109495350439,0.049));
#13175=CARTESIAN_POINT('',(0.064378701271155,0.0452109495350439,0.049));
#13176=CARTESIAN_POINT('',(0.064378701271155,0.0452109495350439,0.049));
#13177=CARTESIAN_POINT('',(0.0653653549169884,0.0452109495350439,0.049));
#13178=CARTESIAN_POINT('',(0.064378701271155,0.0452109495350439,0.049));
#13179=CARTESIAN_POINT('',(0.064378701271155,0.0452109495350439,0.05));
#13180=CARTESIAN_POINT('',(0.0640186752294884,0.0452109495350439,0.049));
#13181=CARTESIAN_POINT('',(0.0640186752294884,0.0452109495350439,0.05));
#13182=CARTESIAN_POINT('',(0.0635811752294884,0.0451714530072661,0.049));
#13183=CARTESIAN_POINT('',(0.0635811752294884,0.0451714530072661,0.05));
#13184=CARTESIAN_POINT('',(0.0632120346044884,0.0451425901600439,0.049));
#13185=CARTESIAN_POINT('',(0.0632120346044884,0.0451425901600439,0.05));
#13186=CARTESIAN_POINT('',(0.0632120346044884,0.0451425901600439,0.049));
#13187=CARTESIAN_POINT('',(0.0632120346044884,0.0451425901600439,0.049));
#13188=CARTESIAN_POINT('',(0.064378701271155,0.0452109495350439,0.049));
#13189=CARTESIAN_POINT('',(0.0640186752294884,0.0452109495350439,0.049));
#13190=CARTESIAN_POINT('',(0.0635811752294884,0.0451714530072661,0.049));
#13191=CARTESIAN_POINT('',(0.0632120346044884,0.0451425901600439,0.049));
#13192=CARTESIAN_POINT('',(0.0632120346044884,0.0451425901600439,0.049));
#13193=CARTESIAN_POINT('',(0.0632120346044884,0.0451425901600439,0.05));
#13194=CARTESIAN_POINT('',(0.064884560646155,0.0467270085628217,0.049));
#13195=CARTESIAN_POINT('',(0.064884560646155,0.0467270085628217,0.05));
#13196=CARTESIAN_POINT('',(0.0660026162017106,0.0481762273128217,0.049));
#13197=CARTESIAN_POINT('',(0.0660026162017106,0.0481762273128217,0.05));
#13198=CARTESIAN_POINT('',(0.0660026162017106,0.0495950641183772,0.049));
#13199=CARTESIAN_POINT('',(0.0660026162017106,0.0495950641183772,0.05));
#13200=CARTESIAN_POINT('',(0.0660026162017106,0.0495950641183772,0.049));
#13201=CARTESIAN_POINT('',(0.0660026162017106,0.0495950641183772,0.049));
#13202=CARTESIAN_POINT('',(0.0632120346044884,0.0451425901600439,0.049));
#13203=CARTESIAN_POINT('',(0.064884560646155,0.0467270085628217,0.049));
#13204=CARTESIAN_POINT('',(0.0660026162017106,0.0481762273128217,0.049));
#13205=CARTESIAN_POINT('',(0.0660026162017106,0.0495950641183772,0.049));
#13206=CARTESIAN_POINT('',(0.0660026162017106,0.0495950641183772,0.049));
#13207=CARTESIAN_POINT('',(0.0660026162017106,0.0495950641183772,0.05));
#13208=CARTESIAN_POINT('',(0.0660026162017106,0.0508680675905995,0.049));
#13209=CARTESIAN_POINT('',(0.0660026162017106,0.0508680675905995,0.05));
#13210=CARTESIAN_POINT('',(0.0652050901600439,0.0517050901600439,0.049));
#13211=CARTESIAN_POINT('',(0.0652050901600439,0.0517050901600439,0.05));
#13212=CARTESIAN_POINT('',(0.0639305675905995,0.0517050901600439,0.049));
#13213=CARTESIAN_POINT('',(0.0639305675905995,0.0517050901600439,0.05));
#13214=CARTESIAN_POINT('',(0.0639305675905995,0.0517050901600439,0.049));
#13215=CARTESIAN_POINT('',(0.0639305675905995,0.0517050901600439,0.049));
#13216=CARTESIAN_POINT('',(0.0660026162017106,0.0495950641183772,0.049));
#13217=CARTESIAN_POINT('',(0.0660026162017106,0.0508680675905995,0.049));
#13218=CARTESIAN_POINT('',(0.0652050901600439,0.0517050901600439,0.049));
#13219=CARTESIAN_POINT('',(0.0639305675905995,0.0517050901600439,0.049));
#13220=CARTESIAN_POINT('',(0.0639305675905995,0.0517050901600439,0.049));
#13221=CARTESIAN_POINT('',(0.0639305675905995,0.0517050901600439,0.05));
#13222=CARTESIAN_POINT('',(0.0630267047433773,0.0517050901600439,0.049));
#13223=CARTESIAN_POINT('',(0.0630267047433773,0.0517050901600439,0.05));
#13224=CARTESIAN_POINT('',(0.0624145085628217,0.0512873384239328,0.049));
#13225=CARTESIAN_POINT('',(0.0624145085628217,0.0512873384239328,0.05));
#13226=CARTESIAN_POINT('',(0.0618311752294884,0.0506553939794883,0.049));
#13227=CARTESIAN_POINT('',(0.0618311752294884,0.0506553939794883,0.05));
#13228=CARTESIAN_POINT('',(0.0618311752294884,0.0506553939794883,0.049));
#13229=CARTESIAN_POINT('',(0.0618311752294884,0.0506553939794883,0.049));
#13230=CARTESIAN_POINT('',(0.0639305675905995,0.0517050901600439,0.049));
#13231=CARTESIAN_POINT('',(0.0630267047433773,0.0517050901600439,0.049));
#13232=CARTESIAN_POINT('',(0.0624145085628217,0.0512873384239328,0.049));
#13233=CARTESIAN_POINT('',(0.0618311752294884,0.0506553939794883,0.049));
#13234=CARTESIAN_POINT('',(0.062088662208655,0.0504024642919883,0.049));
#13235=CARTESIAN_POINT('',(0.0623461491878217,0.0501495346044883,0.049));
#13236=CARTESIAN_POINT('',(0.0623461491878217,0.0501495346044883,0.049));
#13237=CARTESIAN_POINT('',(0.062088662208655,0.0504024642919883,0.049));
#13238=CARTESIAN_POINT('',(0.0623461491878217,0.0501495346044883,0.049));
#13239=CARTESIAN_POINT('',(0.0623461491878217,0.0501495346044883,0.05));
#13240=CARTESIAN_POINT('',(0.0627350380767106,0.0506158974517106,0.049));
#13241=CARTESIAN_POINT('',(0.0627350380767106,0.0506158974517106,0.05));
#13242=CARTESIAN_POINT('',(0.0632408974517106,0.0509759234933772,0.049));
#13243=CARTESIAN_POINT('',(0.0632408974517106,0.0509759234933772,0.05));
#13244=CARTESIAN_POINT('',(0.0638242307850439,0.0509759234933772,0.049));
#13245=CARTESIAN_POINT('',(0.0638242307850439,0.0509759234933772,0.05));
#13246=CARTESIAN_POINT('',(0.0638242307850439,0.0509759234933772,0.049));
#13247=CARTESIAN_POINT('',(0.0638242307850439,0.0509759234933772,0.049));
#13248=CARTESIAN_POINT('',(0.0623461491878217,0.0501495346044883,0.049));
#13249=CARTESIAN_POINT('',(0.0627350380767106,0.0506158974517106,0.049));
#13250=CARTESIAN_POINT('',(0.0632408974517106,0.0509759234933772,0.049));
#13251=CARTESIAN_POINT('',(0.0638242307850439,0.0509759234933772,0.049));
#13252=CARTESIAN_POINT('',(0.0638242307850439,0.0509759234933772,0.049));
#13253=CARTESIAN_POINT('',(0.0638242307850439,0.0509759234933772,0.05));
#13254=CARTESIAN_POINT('',(0.0647083453683773,0.0509759234933772,0.049));
#13255=CARTESIAN_POINT('',(0.0647083453683773,0.0509759234933772,0.05));
#13256=CARTESIAN_POINT('',(0.0651367307850439,0.0503819564794883,0.049));
#13257=CARTESIAN_POINT('',(0.0651367307850439,0.0503819564794883,0.05));
#13258=CARTESIAN_POINT('',(0.0651367307850439,0.049566201271155,0.049));
#13259=CARTESIAN_POINT('',(0.0651367307850439,0.049566201271155,0.05));
#13260=CARTESIAN_POINT('',(0.0651367307850439,0.049566201271155,0.049));
#13261=CARTESIAN_POINT('',(0.0651367307850439,0.049566201271155,0.049));
#13262=CARTESIAN_POINT('',(0.0638242307850439,0.0509759234933772,0.049));
#13263=CARTESIAN_POINT('',(0.0647083453683773,0.0509759234933772,0.049));
#13264=CARTESIAN_POINT('',(0.0651367307850439,0.0503819564794883,0.049));
#13265=CARTESIAN_POINT('',(0.0651367307850439,0.049566201271155,0.049));
#13266=CARTESIAN_POINT('',(0.0651367307850439,0.049566201271155,0.049));
#13267=CARTESIAN_POINT('',(0.0651367307850439,0.049566201271155,0.05));
#13268=CARTESIAN_POINT('',(0.0651367307850439,0.0483402898128217,0.049));
#13269=CARTESIAN_POINT('',(0.0651367307850439,0.0483402898128217,0.05));
#13270=CARTESIAN_POINT('',(0.0641067828683773,0.0469214530072661,0.049));
#13271=CARTESIAN_POINT('',(0.0641067828683773,0.0469214530072661,0.05));
#13272=CARTESIAN_POINT('',(0.0618706717572662,0.0449678939794884,0.049));
#13273=CARTESIAN_POINT('',(0.0618706717572662,0.0449678939794884,0.05));
#13274=CARTESIAN_POINT('',(0.0651367307850439,0.049566201271155,0.049));
#13275=CARTESIAN_POINT('',(0.0651367307850439,0.0483402898128217,0.049));
#13276=CARTESIAN_POINT('',(0.0641067828683773,0.0469214530072661,0.049));
#13277=CARTESIAN_POINT('',(0.0618706717572662,0.0449678939794884,0.049));
#13278=CARTESIAN_POINT('',(-1.38777878078145E-17,-1.38777878078145E-17,
0.049));
#13279=CARTESIAN_POINT('',(-0.0298299949083904,0.0418731804865752,0.049));
#13280=CARTESIAN_POINT('',(-0.0298299949083904,0.038495919946898,0.049));
#13281=CARTESIAN_POINT('',(-0.0298299949083904,0.038495919946898,0.049));
#13282=CARTESIAN_POINT('',(-0.0298299949083904,0.0418731804865752,0.049));
#13283=CARTESIAN_POINT('',(-0.0298299949083904,0.0452504410262523,0.049));
#13284=CARTESIAN_POINT('',(-0.0298299949083904,0.0452504410262523,0.049));
#13285=CARTESIAN_POINT('',(-0.0277077974071068,0.038495919946898,0.049));
#13286=CARTESIAN_POINT('',(-0.0255855999058232,0.038495919946898,0.049));
#13287=CARTESIAN_POINT('',(-0.0255855999058232,0.038495919946898,0.049));
#13288=CARTESIAN_POINT('',(-0.0277077974071068,0.038495919946898,0.049));
#13289=CARTESIAN_POINT('',(-0.0255855999058232,0.0390621245221733,0.049));
#13290=CARTESIAN_POINT('',(-0.0255855999058232,0.0396283290974485,0.049));
#13291=CARTESIAN_POINT('',(-0.0255855999058232,0.0396283290974485,0.049));
#13292=CARTESIAN_POINT('',(-0.0255855999058232,0.0390621245221733,0.049));
#13293=CARTESIAN_POINT('',(-0.0270317748159721,0.0396283290974485,0.049));
#13294=CARTESIAN_POINT('',(-0.028477949726121,0.0396283290974485,0.049));
#13295=CARTESIAN_POINT('',(-0.028477949726121,0.0396283290974485,0.049));
#13296=CARTESIAN_POINT('',(-0.0270317748159721,0.0396283290974485,0.049));
#13297=CARTESIAN_POINT('',(-0.028477949726121,0.0405318318642921,0.049));
#13298=CARTESIAN_POINT('',(-0.028477949726121,0.0414353346311356,0.049));
#13299=CARTESIAN_POINT('',(-0.028477949726121,0.0414353346311356,0.049));
#13300=CARTESIAN_POINT('',(-0.028477949726121,0.0405318318642921,0.049));
#13301=CARTESIAN_POINT('',(-0.0272913446716399,0.0414353346311356,0.049));
#13302=CARTESIAN_POINT('',(-0.0261047396171587,0.0414353346311356,0.049));
#13303=CARTESIAN_POINT('',(-0.0261047396171587,0.0414353346311356,0.049));
#13304=CARTESIAN_POINT('',(-0.0272913446716399,0.0414353346311356,0.049));
#13305=CARTESIAN_POINT('',(-0.0261047396171587,0.0420008261024118,0.049));
#13306=CARTESIAN_POINT('',(-0.0261047396171587,0.042566317573688,0.049));
#13307=CARTESIAN_POINT('',(-0.0261047396171587,0.042566317573688,0.049));
#13308=CARTESIAN_POINT('',(-0.0261047396171587,0.0420008261024118,0.049));
#13309=CARTESIAN_POINT('',(-0.0272913446716399,0.042566317573688,0.049));
#13310=CARTESIAN_POINT('',(-0.028477949726121,0.042566317573688,0.049));
#13311=CARTESIAN_POINT('',(-0.028477949726121,0.042566317573688,0.049));
#13312=CARTESIAN_POINT('',(-0.0272913446716399,0.042566317573688,0.049));
#13313=CARTESIAN_POINT('',(-0.028477949726121,0.0433471664526884,0.049));
#13314=CARTESIAN_POINT('',(-0.028477949726121,0.0441280153316889,0.049));
#13315=CARTESIAN_POINT('',(-0.028477949726121,0.0441280153316889,0.049));
#13316=CARTESIAN_POINT('',(-0.028477949726121,0.0433471664526884,0.049));
#13317=CARTESIAN_POINT('',(-0.0270816920959082,0.0441280153316889,0.049));
#13318=CARTESIAN_POINT('',(-0.0256854344656954,0.0441280153316889,0.049));
#13319=CARTESIAN_POINT('',(-0.0256854344656954,0.0441280153316889,0.049));
#13320=CARTESIAN_POINT('',(-0.0270816920959082,0.0441280153316889,0.049));
#13321=CARTESIAN_POINT('',(-0.0256854344656954,0.0446892281789706,0.049));
#13322=CARTESIAN_POINT('',(-0.0256854344656954,0.0452504410262523,0.049));
#13323=CARTESIAN_POINT('',(-0.0256854344656954,0.0452504410262523,0.049));
#13324=CARTESIAN_POINT('',(-0.0256854344656954,0.0446892281789706,0.049));
#13325=CARTESIAN_POINT('',(-0.0277577146870429,0.0452504410262523,0.049));
#13326=CARTESIAN_POINT('',(-0.0277577146870429,0.0452504410262523,0.049));
#13327=CARTESIAN_POINT('',(-1.38777878078145E-17,-1.38777878078145E-17,
0.049));
#13328=CARTESIAN_POINT('',(-0.048531860388452,0.0418460825346098,0.049));
#13329=CARTESIAN_POINT('',(-0.048531860388452,0.0418460825346098,0.05));
#13330=CARTESIAN_POINT('',(-0.048531860388452,0.039591247689496,0.049));
#13331=CARTESIAN_POINT('',(-0.048531860388452,0.039591247689496,0.05));
#13332=CARTESIAN_POINT('',(-0.0471455862142265,0.0383675612270623,0.049));
#13333=CARTESIAN_POINT('',(-0.0471455862142265,0.0383675612270623,0.05));
#13334=CARTESIAN_POINT('',(-0.0454384152404116,0.0383675612270623,0.049));
#13335=CARTESIAN_POINT('',(-0.0454384152404116,0.0383675612270623,0.05));
#13336=CARTESIAN_POINT('',(-0.0454384152404116,0.0383675612270623,0.049));
#13337=CARTESIAN_POINT('',(-0.0454384152404116,0.0383675612270623,0.049));
#13338=CARTESIAN_POINT('',(-0.048531860388452,0.0418460825346098,0.049));
#13339=CARTESIAN_POINT('',(-0.048531860388452,0.039591247689496,0.049));
#13340=CARTESIAN_POINT('',(-0.0471455862142265,0.0383675612270623,0.049));
#13341=CARTESIAN_POINT('',(-0.0454384152404116,0.0383675612270623,0.049));
#13342=CARTESIAN_POINT('',(-0.048531860388452,0.0418460825346098,0.049));
#13343=CARTESIAN_POINT('',(-0.048531860388452,0.0418460825346098,0.049));
#13344=CARTESIAN_POINT('',(-0.0454384152404116,0.0383675612270623,0.049));
#13345=CARTESIAN_POINT('',(-0.0454384152404116,0.0383675612270623,0.05));
#13346=CARTESIAN_POINT('',(-0.0445612973215344,0.0383675612270623,0.049));
#13347=CARTESIAN_POINT('',(-0.0445612973215344,0.0383675612270623,0.05));
#13348=CARTESIAN_POINT('',(-0.0438410622824563,0.0387155559786169,0.049));
#13349=CARTESIAN_POINT('',(-0.0438410622824563,0.0387155559786169,0.05));
#13350=CARTESIAN_POINT('',(-0.04328341495517,0.0393630544097881,0.049));
#13351=CARTESIAN_POINT('',(-0.04328341495517,0.0393630544097881,0.05));
#13352=CARTESIAN_POINT('',(-0.04328341495517,0.0393630544097881,0.049));
#13353=CARTESIAN_POINT('',(-0.04328341495517,0.0393630544097881,0.049));
#13354=CARTESIAN_POINT('',(-0.0549703714907713,0.062857068438129,0.049));
#13355=CARTESIAN_POINT('',(-0.0436399669547137,0.0397830726652505,0.049));
#13356=CARTESIAN_POINT('',(-0.0439965189542573,0.0402030909207129,0.049));
#13357=CARTESIAN_POINT('',(-0.0439965189542573,0.0402030909207129,0.049));
#13358=CARTESIAN_POINT('',(-0.0436399669547137,0.0397830726652505,0.049));
#13359=CARTESIAN_POINT('',(-0.0439965189542573,0.0402030909207129,0.049));
#13360=CARTESIAN_POINT('',(-0.0439965189542573,0.0402030909207129,0.05));
#13361=CARTESIAN_POINT('',(-0.0443616282017899,0.0398108837212149,0.049));
#13362=CARTESIAN_POINT('',(-0.0443616282017899,0.0398108837212149,0.05));
#13363=CARTESIAN_POINT('',(-0.0448180147612057,0.0395370517855654,0.049));
#13364=CARTESIAN_POINT('',(-0.0448180147612057,0.0395370517855654,0.05));
#13365=CARTESIAN_POINT('',(-0.04539277658447,0.0395370517855654,0.049));
#13366=CARTESIAN_POINT('',(-0.04539277658447,0.0395370517855654,0.05));
#13367=CARTESIAN_POINT('',(-0.04539277658447,0.0395370517855654,0.049));
#13368=CARTESIAN_POINT('',(-0.04539277658447,0.0395370517855654,0.049));
#13369=CARTESIAN_POINT('',(-0.0439965189542573,0.0402030909207129,0.049));
#13370=CARTESIAN_POINT('',(-0.0443616282017899,0.0398108837212149,0.049));
#13371=CARTESIAN_POINT('',(-0.0448180147612057,0.0395370517855654,0.049));
#13372=CARTESIAN_POINT('',(-0.04539277658447,0.0395370517855654,0.049));
#13373=CARTESIAN_POINT('',(-0.04539277658447,0.0395370517855654,0.049));
#13374=CARTESIAN_POINT('',(-0.04539277658447,0.0395370517855654,0.05));
#13375=CARTESIAN_POINT('',(-0.0464610063751027,0.0395370517855654,0.049));
#13376=CARTESIAN_POINT('',(-0.0464610063751027,0.0395370517855654,0.05));
#13377=CARTESIAN_POINT('',(-0.0471541434622155,0.0404213007444335,0.049));
#13378=CARTESIAN_POINT('',(-0.0471541434622155,0.0404213007444335,0.05));
#13379=CARTESIAN_POINT('',(-0.0471541434622155,0.0418917211905514,0.049));
#13380=CARTESIAN_POINT('',(-0.0471541434622155,0.0418917211905514,0.05));
#13381=CARTESIAN_POINT('',(-0.0471541434622155,0.0418917211905514,0.049));
#13382=CARTESIAN_POINT('',(-0.0471541434622155,0.0418917211905514,0.049));
#13383=CARTESIAN_POINT('',(-0.04539277658447,0.0395370517855654,0.049));
#13384=CARTESIAN_POINT('',(-0.0464610063751027,0.0395370517855654,0.049));
#13385=CARTESIAN_POINT('',(-0.0471541434622155,0.0404213007444335,0.049));
#13386=CARTESIAN_POINT('',(-0.0471541434622155,0.0418917211905514,0.049));
#13387=CARTESIAN_POINT('',(-0.0471541434622155,0.0418917211905514,0.049));
#13388=CARTESIAN_POINT('',(-0.0471541434622155,0.0418917211905514,0.05));
#13389=CARTESIAN_POINT('',(-0.0471541434622155,0.0433421747246948,0.049));
#13390=CARTESIAN_POINT('',(-0.0471541434622155,0.0433421747246948,0.05));
#13391=CARTESIAN_POINT('',(-0.0463868435591976,0.0442192926435722,0.049));
#13392=CARTESIAN_POINT('',(-0.0463868435591976,0.0442192926435722,0.05));
#13393=CARTESIAN_POINT('',(-0.0453656786325047,0.0442192926435722,0.049));
#13394=CARTESIAN_POINT('',(-0.0453656786325047,0.0442192926435722,0.05));
#13395=CARTESIAN_POINT('',(-0.0453656786325047,0.0442192926435722,0.049));
#13396=CARTESIAN_POINT('',(-0.0453656786325047,0.0442192926435722,0.049));
#13397=CARTESIAN_POINT('',(-0.0471541434622155,0.0418917211905514,0.049));
#13398=CARTESIAN_POINT('',(-0.0471541434622155,0.0433421747246948,0.049));
#13399=CARTESIAN_POINT('',(-0.0463868435591976,0.0442192926435722,0.049));
#13400=CARTESIAN_POINT('',(-0.0453656786325047,0.0442192926435722,0.049));
#13401=CARTESIAN_POINT('',(-0.0453656786325047,0.0442192926435722,0.049));
#13402=CARTESIAN_POINT('',(-0.0453656786325047,0.0442192926435722,0.05));
#13403=CARTESIAN_POINT('',(-0.0448536699611601,0.0442192926435722,0.049));
#13404=CARTESIAN_POINT('',(-0.0448536699611601,0.0442192926435722,0.05));
#13405=CARTESIAN_POINT('',(-0.0444614627616621,0.043981115907877,0.049));
#13406=CARTESIAN_POINT('',(-0.0444614627616621,0.043981115907877,0.05));
#13407=CARTESIAN_POINT('',(-0.0441234514660947,0.0436530880682969,0.049));
#13408=CARTESIAN_POINT('',(-0.0441234514660947,0.0436530880682969,0.05));
#13409=CARTESIAN_POINT('',(-0.0441234514660947,0.0436530880682969,0.049));
#13410=CARTESIAN_POINT('',(-0.0441234514660947,0.0436530880682969,0.049));
#13411=CARTESIAN_POINT('',(-0.0453656786325047,0.0442192926435722,0.049));
#13412=CARTESIAN_POINT('',(-0.0448536699611601,0.0442192926435722,0.049));
#13413=CARTESIAN_POINT('',(-0.0444614627616621,0.043981115907877,0.049));
#13414=CARTESIAN_POINT('',(-0.0441234514660947,0.0436530880682969,0.049));
#13415=CARTESIAN_POINT('',(-0.0437676125705503,0.0440823766757474,0.049));
#13416=CARTESIAN_POINT('',(-0.0434117736750057,0.0445116652831979,0.049));
#13417=CARTESIAN_POINT('',(-0.0434117736750057,0.0445116652831979,0.049));
#13418=CARTESIAN_POINT('',(-0.0437676125705503,0.0440823766757474,0.049));
#13419=CARTESIAN_POINT('',(-0.0434117736750057,0.0445116652831979,0.049));
#13420=CARTESIAN_POINT('',(-0.0434117736750057,0.0445116652831979,0.05));
#13421=CARTESIAN_POINT('',(-0.0438496195304453,0.0449680518426138,0.049));
#13422=CARTESIAN_POINT('',(-0.0438496195304453,0.0449680518426138,0.05));
#13423=CARTESIAN_POINT('',(-0.044534199369569,0.045378799746088,0.049));
#13424=CARTESIAN_POINT('',(-0.044534199369569,0.045378799746088,0.05));
#13425=CARTESIAN_POINT('',(-0.04539277658447,0.045378799746088,0.049));
#13426=CARTESIAN_POINT('',(-0.04539277658447,0.045378799746088,0.05));
#13427=CARTESIAN_POINT('',(-0.04539277658447,0.045378799746088,0.049));
#13428=CARTESIAN_POINT('',(-0.04539277658447,0.045378799746088,0.049));
#13429=CARTESIAN_POINT('',(-0.0434117736750057,0.0445116652831979,0.049));
#13430=CARTESIAN_POINT('',(-0.0438496195304453,0.0449680518426138,0.049));
#13431=CARTESIAN_POINT('',(-0.044534199369569,0.045378799746088,0.049));
#13432=CARTESIAN_POINT('',(-0.04539277658447,0.045378799746088,0.049));
#13433=CARTESIAN_POINT('',(-0.04539277658447,0.045378799746088,0.049));
#13434=CARTESIAN_POINT('',(-0.04539277658447,0.045378799746088,0.05));
#13435=CARTESIAN_POINT('',(-0.0470999475582849,0.045378799746088,0.049));
#13436=CARTESIAN_POINT('',(-0.0470999475582849,0.045378799746088,0.05));
#13437=CARTESIAN_POINT('',(-0.048531860388452,0.0440723932197601,0.049));
#13438=CARTESIAN_POINT('',(-0.048531860388452,0.0440723932197601,0.05));
#13439=CARTESIAN_POINT('',(-0.048531860388452,0.0418460825346098,0.049));
#13440=CARTESIAN_POINT('',(-0.048531860388452,0.0418460825346098,0.05));
#13441=CARTESIAN_POINT('',(-0.04539277658447,0.045378799746088,0.049));
#13442=CARTESIAN_POINT('',(-0.0470999475582849,0.045378799746088,0.049));
#13443=CARTESIAN_POINT('',(-0.048531860388452,0.0440723932197601,0.049));
#13444=CARTESIAN_POINT('',(-0.048531860388452,0.0418460825346098,0.049));
#13445=CARTESIAN_POINT('',(-1.38777878078145E-17,-1.38777878078145E-17,
0.049));
#13446=CARTESIAN_POINT('',(-0.0363477654600476,0.0418731804865752,0.049));
#13447=CARTESIAN_POINT('',(-0.0363477654600476,0.038495919946898,0.049));
#13448=CARTESIAN_POINT('',(-0.0363477654600476,0.038495919946898,0.049));
#13449=CARTESIAN_POINT('',(-0.0363477654600476,0.0418731804865752,0.049));
#13450=CARTESIAN_POINT('',(-0.0363477654600476,0.0452504410262523,0.049));
#13451=CARTESIAN_POINT('',(-0.0363477654600476,0.0452504410262523,0.049));
#13452=CARTESIAN_POINT('',(-0.0353843619572808,0.038495919946898,0.049));
#13453=CARTESIAN_POINT('',(-0.0344209584545139,0.038495919946898,0.049));
#13454=CARTESIAN_POINT('',(-0.0344209584545139,0.038495919946898,0.049));
#13455=CARTESIAN_POINT('',(-0.0353843619572808,0.038495919946898,0.049));
#13456=CARTESIAN_POINT('',(-0.0344209584545139,0.038495919946898,0.049));
#13457=CARTESIAN_POINT('',(-0.0344209584545139,0.038495919946898,0.05));
#13458=CARTESIAN_POINT('',(-0.0324313982970606,0.038495919946898,0.049));
#13459=CARTESIAN_POINT('',(-0.0324313982970606,0.038495919946898,0.05));
#13460=CARTESIAN_POINT('',(-0.0311535159306963,0.0396283290974485,0.049));
#13461=CARTESIAN_POINT('',(-0.0311535159306963,0.0396283290974485,0.05));
#13462=CARTESIAN_POINT('',(-0.0311535159306963,0.0419002784385404,0.049));
#13463=CARTESIAN_POINT('',(-0.0311535159306963,0.0419002784385404,0.05));
#13464=CARTESIAN_POINT('',(-0.0311535159306963,0.0419002784385404,0.049));
#13465=CARTESIAN_POINT('',(-0.0311535159306963,0.0419002784385404,0.049));
#13466=CARTESIAN_POINT('',(-0.0344209584545139,0.038495919946898,0.049));
#13467=CARTESIAN_POINT('',(-0.0324313982970606,0.038495919946898,0.049));
#13468=CARTESIAN_POINT('',(-0.0311535159306963,0.0396283290974485,0.049));
#13469=CARTESIAN_POINT('',(-0.0311535159306963,0.0419002784385404,0.049));
#13470=CARTESIAN_POINT('',(-0.0311535159306963,0.0419002784385404,0.049));
#13471=CARTESIAN_POINT('',(-0.0311535159306963,0.0419002784385404,0.05));
#13472=CARTESIAN_POINT('',(-0.0311535159306963,0.0441822112356196,0.049));
#13473=CARTESIAN_POINT('',(-0.0311535159306963,0.0441822112356196,0.05));
#13474=CARTESIAN_POINT('',(-0.0324313982970606,0.0452504410262523,0.049));
#13475=CARTESIAN_POINT('',(-0.0324313982970606,0.0452504410262523,0.05));
#13476=CARTESIAN_POINT('',(-0.0344936950624209,0.0452504410262523,0.049));
#13477=CARTESIAN_POINT('',(-0.0344936950624209,0.0452504410262523,0.05));
#13478=CARTESIAN_POINT('',(-0.0344936950624209,0.0452504410262523,0.049));
#13479=CARTESIAN_POINT('',(-0.0344936950624209,0.0452504410262523,0.049));
#13480=CARTESIAN_POINT('',(-0.0311535159306963,0.0419002784385404,0.049));
#13481=CARTESIAN_POINT('',(-0.0311535159306963,0.0441822112356196,0.049));
#13482=CARTESIAN_POINT('',(-0.0324313982970606,0.0452504410262523,0.049));
#13483=CARTESIAN_POINT('',(-0.0344936950624209,0.0452504410262523,0.049));
#13484=CARTESIAN_POINT('',(-0.0347860677020466,0.039582690441507,0.049));
#13485=CARTESIAN_POINT('',(-0.0347860677020466,0.039582690441507,0.05));
#13486=CARTESIAN_POINT('',(-0.034576415126315,0.039582690441507,0.05));
#13487=CARTESIAN_POINT('',(-0.0349957202777782,0.039582690441507,0.05));
#13488=CARTESIAN_POINT('',(-0.0349957202777782,0.039582690441507,0.049));
#13489=CARTESIAN_POINT('',(-0.0349957202777782,0.039582690441507,0.049));
#13490=CARTESIAN_POINT('',(-0.0347860677020466,0.039582690441507,0.049));
#13491=CARTESIAN_POINT('',(-0.034576415126315,0.039582690441507,0.049));
#13492=CARTESIAN_POINT('',(-0.034576415126315,0.039582690441507,0.049));
#13493=CARTESIAN_POINT('',(-0.0349957202777782,0.0418781722145687,0.049));
#13494=CARTESIAN_POINT('',(-0.0349957202777782,0.0418781722145687,0.05));
#13495=CARTESIAN_POINT('',(-0.0349957202777782,0.0441736539876305,0.05));
#13496=CARTESIAN_POINT('',(-0.0349957202777782,0.0441736539876305,0.049));
#13497=CARTESIAN_POINT('',(-0.0349957202777782,0.0441736539876305,0.049));
#13498=CARTESIAN_POINT('',(-0.0349957202777782,0.0418781722145687,0.049));
#13499=CARTESIAN_POINT('',(-0.0347860677020466,0.0441736539876305,0.049));
#13500=CARTESIAN_POINT('',(-0.0347860677020466,0.0441736539876305,0.05));
#13501=CARTESIAN_POINT('',(-0.034576415126315,0.0441736539876305,0.05));
#13502=CARTESIAN_POINT('',(-0.034576415126315,0.0441736539876305,0.049));
#13503=CARTESIAN_POINT('',(-0.034576415126315,0.0441736539876305,0.049));
#13504=CARTESIAN_POINT('',(-0.0347860677020466,0.0441736539876305,0.049));
#13505=CARTESIAN_POINT('',(-0.034576415126315,0.0441736539876305,0.049));
#13506=CARTESIAN_POINT('',(-0.034576415126315,0.0441736539876305,0.05));
#13507=CARTESIAN_POINT('',(-0.0333170734639269,0.0441736539876305,0.049));
#13508=CARTESIAN_POINT('',(-0.0333170734639269,0.0441736539876305,0.05));
#13509=CARTESIAN_POINT('',(-0.0325312328569328,0.0435532535084246,0.049));
#13510=CARTESIAN_POINT('',(-0.0325312328569328,0.0435532535084246,0.05));
#13511=CARTESIAN_POINT('',(-0.0325312328569328,0.0419002784385404,0.049));
#13512=CARTESIAN_POINT('',(-0.0325312328569328,0.0419002784385404,0.05));
#13513=CARTESIAN_POINT('',(-0.034576415126315,0.0441736539876305,0.05));
#13514=CARTESIAN_POINT('',(-0.0333170734639269,0.0441736539876305,0.05));
#13515=CARTESIAN_POINT('',(-0.0325312328569328,0.0435532535084246,0.05));
#13516=CARTESIAN_POINT('',(-0.0325312328569328,0.0419002784385404,0.05));
#13517=CARTESIAN_POINT('',(-0.0325312328569328,0.0419002784385404,0.05));
#13518=CARTESIAN_POINT('',(-0.0325312328569328,0.0419002784385404,0.049));
#13519=CARTESIAN_POINT('',(-0.0325312328569328,0.0419002784385404,0.049));
#13520=CARTESIAN_POINT('',(-0.034576415126315,0.0441736539876305,0.049));
#13521=CARTESIAN_POINT('',(-0.0333170734639269,0.0441736539876305,0.049));
#13522=CARTESIAN_POINT('',(-0.0325312328569328,0.0435532535084246,0.049));
#13523=CARTESIAN_POINT('',(-0.0325312328569328,0.0419002784385404,0.049));
#13524=CARTESIAN_POINT('',(-0.0325312328569328,0.0419002784385404,0.049));
#13525=CARTESIAN_POINT('',(-0.0325312328569328,0.0419002784385404,0.05));
#13526=CARTESIAN_POINT('',(-0.0325312328569328,0.0402572868246435,0.049));
#13527=CARTESIAN_POINT('',(-0.0325312328569328,0.0402572868246435,0.05));
#13528=CARTESIAN_POINT('',(-0.0333170734639269,0.039582690441507,0.049));
#13529=CARTESIAN_POINT('',(-0.0333170734639269,0.039582690441507,0.05));
#13530=CARTESIAN_POINT('',(-0.034576415126315,0.039582690441507,0.049));
#13531=CARTESIAN_POINT('',(-0.034576415126315,0.039582690441507,0.05));
#13532=CARTESIAN_POINT('',(-0.0325312328569328,0.0419002784385404,0.05));
#13533=CARTESIAN_POINT('',(-0.0325312328569328,0.0402572868246435,0.05));
#13534=CARTESIAN_POINT('',(-0.0333170734639269,0.039582690441507,0.05));
#13535=CARTESIAN_POINT('',(-0.034576415126315,0.039582690441507,0.05));
#13536=CARTESIAN_POINT('',(-0.0325312328569328,0.0419002784385404,0.049));
#13537=CARTESIAN_POINT('',(-0.0325312328569328,0.0402572868246435,0.049));
#13538=CARTESIAN_POINT('',(-0.0333170734639269,0.039582690441507,0.049));
#13539=CARTESIAN_POINT('',(-0.034576415126315,0.039582690441507,0.049));
#13540=CARTESIAN_POINT('',(-0.0354207302612342,0.0452504410262523,0.049));
#13541=CARTESIAN_POINT('',(-0.0354207302612342,0.0452504410262523,0.049));
#13542=CARTESIAN_POINT('',(-1.38777878078145E-17,-1.38777878078145E-17,
0.049));
#13543=CARTESIAN_POINT('',(0.,0.,0.05));
#13544=CARTESIAN_POINT('',(-0.0743191272034443,0.0390393051942025,0.049));
#13545=CARTESIAN_POINT('',(-0.0743191272034443,0.038495919946898,0.049));
#13546=CARTESIAN_POINT('',(-0.0743191272034443,0.038495919946898,0.049));
#13547=CARTESIAN_POINT('',(-0.0743191272034443,0.0390393051942025,0.049));
#13548=CARTESIAN_POINT('',(-0.0743191272034443,0.039582690441507,0.049));
#13549=CARTESIAN_POINT('',(-0.0743191272034443,0.039582690441507,0.049));
#13550=CARTESIAN_POINT('',(-0.0722882070140439,0.038495919946898,0.049));
#13551=CARTESIAN_POINT('',(-0.0702572868246435,0.038495919946898,0.049));
#13552=CARTESIAN_POINT('',(-0.0702572868246435,0.038495919946898,0.049));
#13553=CARTESIAN_POINT('',(-0.0722882070140439,0.038495919946898,0.049));
#13554=CARTESIAN_POINT('',(-0.0702572868246435,0.0390393051942025,0.049));
#13555=CARTESIAN_POINT('',(-0.0702572868246435,0.039582690441507,0.049));
#13556=CARTESIAN_POINT('',(-0.0702572868246435,0.039582690441507,0.049));
#13557=CARTESIAN_POINT('',(-0.0702572868246435,0.0390393051942025,0.049));
#13558=CARTESIAN_POINT('',(-0.0708919493838311,0.039582690441507,0.049));
#13559=CARTESIAN_POINT('',(-0.0715266119430187,0.039582690441507,0.049));
#13560=CARTESIAN_POINT('',(-0.0715266119430187,0.039582690441507,0.049));
#13561=CARTESIAN_POINT('',(-0.0708919493838311,0.039582690441507,0.049));
#13562=CARTESIAN_POINT('',(-0.0715266119430187,0.0424165657338796,0.049));
#13563=CARTESIAN_POINT('',(-0.0715266119430187,0.0452504410262523,0.049));
#13564=CARTESIAN_POINT('',(-0.0715266119430187,0.0452504410262523,0.049));
#13565=CARTESIAN_POINT('',(-0.0715266119430187,0.0424165657338796,0.049));
#13566=CARTESIAN_POINT('',(-0.0720236454303825,0.0452504410262523,0.049));
#13567=CARTESIAN_POINT('',(-0.0725206789177463,0.0452504410262523,0.049));
#13568=CARTESIAN_POINT('',(-0.0725206789177463,0.0452504410262523,0.049));
#13569=CARTESIAN_POINT('',(-0.0720236454303825,0.0452504410262523,0.049));
#13570=CARTESIAN_POINT('',(-0.0725206789177463,0.0452504410262523,0.049));
#13571=CARTESIAN_POINT('',(-0.0725206789177463,0.0452504410262523,0.05));
#13572=CARTESIAN_POINT('',(-0.0729499675251968,0.0449851663385918,0.049));
#13573=CARTESIAN_POINT('',(-0.0729499675251968,0.0449851663385918,0.05));
#13574=CARTESIAN_POINT('',(-0.0734163375405999,0.0448125951708127,0.049));
#13575=CARTESIAN_POINT('',(-0.0734163375405999,0.0448125951708127,0.05));
#13576=CARTESIAN_POINT('',(-0.0740909339237364,0.044684236450977,0.049));
#13577=CARTESIAN_POINT('',(-0.0740909339237364,0.044684236450977,0.05));
#13578=CARTESIAN_POINT('',(-0.0740909339237364,0.044684236450977,0.049));
#13579=CARTESIAN_POINT('',(-0.0740909339237364,0.044684236450977,0.049));
#13580=CARTESIAN_POINT('',(-0.0725206789177463,0.0452504410262523,0.049));
#13581=CARTESIAN_POINT('',(-0.0729499675251968,0.0449851663385918,0.049));
#13582=CARTESIAN_POINT('',(-0.0734163375405999,0.0448125951708127,0.049));
#13583=CARTESIAN_POINT('',(-0.0740909339237364,0.044684236450977,0.049));
#13584=CARTESIAN_POINT('',(-0.0740909339237364,0.0442692099235083,0.049));
#13585=CARTESIAN_POINT('',(-0.0740909339237364,0.0438541833960395,0.049));
#13586=CARTESIAN_POINT('',(-0.0740909339237364,0.0438541833960395,0.049));
#13587=CARTESIAN_POINT('',(-0.0740909339237364,0.0442692099235083,0.049));
#13588=CARTESIAN_POINT('',(-0.0734798037965187,0.0438541833960395,0.049));
#13589=CARTESIAN_POINT('',(-0.0728686736693009,0.0438541833960395,0.049));
#13590=CARTESIAN_POINT('',(-0.0728686736693009,0.0438541833960395,0.049));
#13591=CARTESIAN_POINT('',(-0.0734798037965187,0.0438541833960395,0.049));
#13592=CARTESIAN_POINT('',(-0.0728686736693009,0.0417184369187732,0.049));
#13593=CARTESIAN_POINT('',(-0.0728686736693009,0.039582690441507,0.049));
#13594=CARTESIAN_POINT('',(-0.0728686736693009,0.039582690441507,0.049));
#13595=CARTESIAN_POINT('',(-0.0728686736693009,0.0417184369187732,0.049));
#13596=CARTESIAN_POINT('',(-0.0735939004363726,0.039582690441507,0.049));
#13597=CARTESIAN_POINT('',(-0.0735939004363726,0.039582690441507,0.049));
#13598=CARTESIAN_POINT('',(-1.38777878078145E-17,-1.38777878078145E-17,
0.049));
#13599=CARTESIAN_POINT('',(0.,0.,0.05));
#13600=CARTESIAN_POINT('',(0.,0.,0.05));
#13601=CARTESIAN_POINT('',(0.,0.,0.05));
#13602=CARTESIAN_POINT('',(0.,-0.041067886402486,0.045));
#13603=CARTESIAN_POINT('',(0.,-0.041067886402486,0.045));
#13604=CARTESIAN_POINT('',(-5.20417042793042E-18,0.000932113597514034,0.045));
#13605=CARTESIAN_POINT('',(-5.20417042793042E-18,0.000932113597514034,0.045));
#13606=CARTESIAN_POINT('',(0.0453762052181537,-0.0200678864024859,0.045));
#13607=CARTESIAN_POINT('',(0.0453762052181537,-0.0200678864024859,0.045));
#13608=CARTESIAN_POINT('',(-0.0453762052181537,-0.020067886402486,0.045));
#13609=CARTESIAN_POINT('',(-0.0453762052181537,-0.020067886402486,0.045));
#13610=CARTESIAN_POINT('',(0.,-0.041067886402486,0.0496));
#13611=CARTESIAN_POINT('',(-5.20417042793042E-18,0.000932113597514034,0.0496));
#13612=CARTESIAN_POINT('',(0.0453762052181537,-0.0200678864024859,0.0496));
#13613=CARTESIAN_POINT('',(-0.0453762052181537,-0.020067886402486,0.0496));
#13614=CARTESIAN_POINT('',(0.,0.,0.));
#13615=CARTESIAN_POINT('',(-1.38777878078145E-17,-1.38777878078145E-17,
0.049));
#13616=CARTESIAN_POINT('',(0.0399898123822661,0.0448114269655995,0.049));
#13617=CARTESIAN_POINT('',(0.0399898123822661,0.0444422863405995,0.049));
#13618=CARTESIAN_POINT('',(0.0399898123822661,0.0451805675905995,0.049));
#13619=CARTESIAN_POINT('',(0.040782021583655,0.0451805675905995,0.049));
#13620=CARTESIAN_POINT('',(0.041574230785044,0.0451805675905995,0.049));
#13621=CARTESIAN_POINT('',(0.041574230785044,0.0478397472780995,0.049));
#13622=CARTESIAN_POINT('',(0.041574230785044,0.0504989269655995,0.049));
#13623=CARTESIAN_POINT('',(0.0409422863405995,0.0504989269655995,0.049));
#13624=CARTESIAN_POINT('',(0.0403103418961551,0.0504989269655995,0.049));
#13625=CARTESIAN_POINT('',(0.0403103418961551,0.0507807195003217,0.049));
#13626=CARTESIAN_POINT('',(0.0403103418961551,0.0510625120350439,0.049));
#13627=CARTESIAN_POINT('',(0.0417884234933772,0.0515683714100439,0.049));
#13628=CARTESIAN_POINT('',(0.0413995346044884,0.0513450641183773,0.049));
#13629=CARTESIAN_POINT('',(0.0409422863405995,0.051179482521155,0.049));
#13630=CARTESIAN_POINT('',(0.0403103418961551,0.0510625120350439,0.049));
#13631=CARTESIAN_POINT('',(0.0417884234933772,0.0515683714100439,0.049));
#13632=CARTESIAN_POINT('',(0.042128701271155,0.0515683714100439,0.049));
#13633=CARTESIAN_POINT('',(0.0424689790489328,0.0515683714100439,0.049));
#13634=CARTESIAN_POINT('',(0.0424689790489328,0.0483744695003217,0.049));
#13635=CARTESIAN_POINT('',(0.0424689790489328,0.0451805675905995,0.049));
#13636=CARTESIAN_POINT('',(0.0431837142919884,0.0451805675905995,0.049));
#13637=CARTESIAN_POINT('',(0.0438984495350439,0.0451805675905995,0.049));
#13638=CARTESIAN_POINT('',(0.0438984495350439,0.0448114269655995,0.049));
#13639=CARTESIAN_POINT('',(0.0438984495350439,0.0444422863405995,0.049));
#13640=CARTESIAN_POINT('',(0.0419441309586551,0.0444422863405995,0.049));
#13641=CARTESIAN_POINT('',(-1.38777878078145E-17,-1.38777878078145E-17,
0.05));
#13642=CARTESIAN_POINT('',(0.0399898123822661,0.0448114269655995,0.05));
#13643=CARTESIAN_POINT('',(0.0399898123822661,0.0451805675905995,0.05));
#13644=CARTESIAN_POINT('',(0.0399898123822661,0.0444422863405995,0.05));
#13645=CARTESIAN_POINT('',(0.0419441309586551,0.0444422863405995,0.05));
#13646=CARTESIAN_POINT('',(0.0438984495350439,0.0444422863405995,0.05));
#13647=CARTESIAN_POINT('',(0.0438984495350439,0.0448114269655995,0.05));
#13648=CARTESIAN_POINT('',(0.0438984495350439,0.0451805675905995,0.05));
#13649=CARTESIAN_POINT('',(0.0431837142919884,0.0451805675905995,0.05));
#13650=CARTESIAN_POINT('',(0.0424689790489328,0.0451805675905995,0.05));
#13651=CARTESIAN_POINT('',(0.0424689790489328,0.0483744695003217,0.05));
#13652=CARTESIAN_POINT('',(0.0424689790489328,0.0515683714100439,0.05));
#13653=CARTESIAN_POINT('',(0.042128701271155,0.0515683714100439,0.05));
#13654=CARTESIAN_POINT('',(0.0417884234933772,0.0515683714100439,0.05));
#13655=CARTESIAN_POINT('',(0.0417884234933772,0.0515683714100439,0.05));
#13656=CARTESIAN_POINT('',(0.0413995346044884,0.0513450641183773,0.05));
#13657=CARTESIAN_POINT('',(0.0409422863405995,0.051179482521155,0.05));
#13658=CARTESIAN_POINT('',(0.0403103418961551,0.0510625120350439,0.05));
#13659=CARTESIAN_POINT('',(0.0403103418961551,0.0510625120350439,0.05));
#13660=CARTESIAN_POINT('',(0.0403103418961551,0.0507807195003217,0.05));
#13661=CARTESIAN_POINT('',(0.0403103418961551,0.0504989269655995,0.05));
#13662=CARTESIAN_POINT('',(0.0409422863405995,0.0504989269655995,0.05));
#13663=CARTESIAN_POINT('',(0.041574230785044,0.0504989269655995,0.05));
#13664=CARTESIAN_POINT('',(0.041574230785044,0.0478397472780995,0.05));
#13665=CARTESIAN_POINT('',(0.041574230785044,0.0451805675905995,0.05));
#13666=CARTESIAN_POINT('',(0.040782021583655,0.0451805675905995,0.05));
#13667=CARTESIAN_POINT('',(0.040782021583655,0.0451805675905995,0.048998));
#13668=CARTESIAN_POINT('',(0.0399898123822661,0.0451805675905995,0.048998));
#13669=CARTESIAN_POINT('',(0.041574230785044,0.0451805675905995,0.048998));
#13670=CARTESIAN_POINT('',(0.041574230785044,0.0478397472780995,0.048998));
#13671=CARTESIAN_POINT('',(0.041574230785044,0.0504989269655995,0.048998));
#13672=CARTESIAN_POINT('',(0.0409422863405995,0.0504989269655995,0.048998));
#13673=CARTESIAN_POINT('',(0.0403103418961551,0.0504989269655995,0.048998));
#13674=CARTESIAN_POINT('',(0.0403103418961551,0.0507807195003217,0.048998));
#13675=CARTESIAN_POINT('',(0.0403103418961551,0.0510625120350439,0.048998));
#13676=CARTESIAN_POINT('',(0.0417884234933772,0.0515683714100439,0.049));
#13677=CARTESIAN_POINT('',(0.0417884234933772,0.0515683714100439,0.05));
#13678=CARTESIAN_POINT('',(0.0413995346044884,0.0513450641183773,0.049));
#13679=CARTESIAN_POINT('',(0.0413995346044884,0.0513450641183773,0.05));
#13680=CARTESIAN_POINT('',(0.0409422863405995,0.051179482521155,0.049));
#13681=CARTESIAN_POINT('',(0.0409422863405995,0.051179482521155,0.05));
#13682=CARTESIAN_POINT('',(0.0403103418961551,0.0510625120350439,0.049));
#13683=CARTESIAN_POINT('',(0.0403103418961551,0.0510625120350439,0.05));
#13684=CARTESIAN_POINT('',(0.0417884234933772,0.0515683714100439,0.048998));
#13685=CARTESIAN_POINT('',(0.042128701271155,0.0515683714100439,0.048998));
#13686=CARTESIAN_POINT('',(0.0424689790489328,0.0515683714100439,0.048998));
#13687=CARTESIAN_POINT('',(0.0424689790489328,0.0483744695003217,0.048998));
#13688=CARTESIAN_POINT('',(0.0424689790489328,0.0451805675905995,0.048998));
#13689=CARTESIAN_POINT('',(0.0431837142919884,0.0451805675905995,0.048998));
#13690=CARTESIAN_POINT('',(0.0438984495350439,0.0451805675905995,0.048998));
#13691=CARTESIAN_POINT('',(0.0438984495350439,0.0448114269655995,0.048998));
#13692=CARTESIAN_POINT('',(0.0438984495350439,0.0444422863405995,0.048998));
#13693=CARTESIAN_POINT('',(0.0419441309586551,0.0444422863405995,0.048998));
#13694=CARTESIAN_POINT('',(0.0399898123822661,0.0444422863405995,0.048998));
#13695=CARTESIAN_POINT('',(0.0399898123822661,0.0448114269655995,0.048998));
#13696=CARTESIAN_POINT('',(0.,0.,0.));
#13697=CARTESIAN_POINT('',(-1.38777878078145E-17,-1.38777878078145E-17,
0.049));
#13698=CARTESIAN_POINT('',(-0.0743191272034443,0.0390393051942025,0.049));
#13699=CARTESIAN_POINT('',(-0.0743191272034443,0.038495919946898,0.049));
#13700=CARTESIAN_POINT('',(-0.0743191272034443,0.039582690441507,0.049));
#13701=CARTESIAN_POINT('',(-0.0735939004363726,0.039582690441507,0.049));
#13702=CARTESIAN_POINT('',(-0.0728686736693009,0.039582690441507,0.049));
#13703=CARTESIAN_POINT('',(-0.0728686736693009,0.0417184369187732,0.049));
#13704=CARTESIAN_POINT('',(-0.0728686736693009,0.0438541833960395,0.049));
#13705=CARTESIAN_POINT('',(-0.0734798037965187,0.0438541833960395,0.049));
#13706=CARTESIAN_POINT('',(-0.0740909339237364,0.0438541833960395,0.049));
#13707=CARTESIAN_POINT('',(-0.0740909339237364,0.0442692099235083,0.049));
#13708=CARTESIAN_POINT('',(-0.0740909339237364,0.044684236450977,0.049));
#13709=CARTESIAN_POINT('',(-0.0725206789177463,0.0452504410262523,0.049));
#13710=CARTESIAN_POINT('',(-0.0729499675251968,0.0449851663385918,0.049));
#13711=CARTESIAN_POINT('',(-0.0734163375405999,0.0448125951708127,0.049));
#13712=CARTESIAN_POINT('',(-0.0740909339237364,0.044684236450977,0.049));
#13713=CARTESIAN_POINT('',(-0.0725206789177463,0.0452504410262523,0.049));
#13714=CARTESIAN_POINT('',(-0.0720236454303825,0.0452504410262523,0.049));
#13715=CARTESIAN_POINT('',(-0.0715266119430187,0.0452504410262523,0.049));
#13716=CARTESIAN_POINT('',(-0.0715266119430187,0.0424165657338796,0.049));
#13717=CARTESIAN_POINT('',(-0.0715266119430187,0.039582690441507,0.049));
#13718=CARTESIAN_POINT('',(-0.0708919493838311,0.039582690441507,0.049));
#13719=CARTESIAN_POINT('',(-0.0702572868246435,0.039582690441507,0.049));
#13720=CARTESIAN_POINT('',(-0.0702572868246435,0.0390393051942025,0.049));
#13721=CARTESIAN_POINT('',(-0.0702572868246435,0.038495919946898,0.049));
#13722=CARTESIAN_POINT('',(-0.0722882070140439,0.038495919946898,0.049));
#13723=CARTESIAN_POINT('',(-1.38777878078145E-17,-1.38777878078145E-17,
0.05));
#13724=CARTESIAN_POINT('',(-0.0743191272034443,0.0390393051942025,0.05));
#13725=CARTESIAN_POINT('',(-0.0743191272034443,0.039582690441507,0.05));
#13726=CARTESIAN_POINT('',(-0.0743191272034443,0.038495919946898,0.05));
#13727=CARTESIAN_POINT('',(-0.0722882070140439,0.038495919946898,0.05));
#13728=CARTESIAN_POINT('',(-0.0702572868246435,0.038495919946898,0.05));
#13729=CARTESIAN_POINT('',(-0.0702572868246435,0.0390393051942025,0.05));
#13730=CARTESIAN_POINT('',(-0.0702572868246435,0.039582690441507,0.05));
#13731=CARTESIAN_POINT('',(-0.0708919493838311,0.039582690441507,0.05));
#13732=CARTESIAN_POINT('',(-0.0715266119430187,0.039582690441507,0.05));
#13733=CARTESIAN_POINT('',(-0.0715266119430187,0.0424165657338796,0.05));
#13734=CARTESIAN_POINT('',(-0.0715266119430187,0.0452504410262523,0.05));
#13735=CARTESIAN_POINT('',(-0.0720236454303825,0.0452504410262523,0.05));
#13736=CARTESIAN_POINT('',(-0.0725206789177463,0.0452504410262523,0.05));
#13737=CARTESIAN_POINT('',(-0.0725206789177463,0.0452504410262523,0.05));
#13738=CARTESIAN_POINT('',(-0.0729499675251968,0.0449851663385918,0.05));
#13739=CARTESIAN_POINT('',(-0.0734163375405999,0.0448125951708127,0.05));
#13740=CARTESIAN_POINT('',(-0.0740909339237364,0.044684236450977,0.05));
#13741=CARTESIAN_POINT('',(-0.0740909339237364,0.044684236450977,0.05));
#13742=CARTESIAN_POINT('',(-0.0740909339237364,0.0442692099235083,0.05));
#13743=CARTESIAN_POINT('',(-0.0740909339237364,0.0438541833960395,0.05));
#13744=CARTESIAN_POINT('',(-0.0734798037965187,0.0438541833960395,0.05));
#13745=CARTESIAN_POINT('',(-0.0728686736693009,0.0438541833960395,0.05));
#13746=CARTESIAN_POINT('',(-0.0728686736693009,0.0417184369187732,0.05));
#13747=CARTESIAN_POINT('',(-0.0728686736693009,0.039582690441507,0.05));
#13748=CARTESIAN_POINT('',(-0.0735939004363726,0.039582690441507,0.05));
#13749=CARTESIAN_POINT('',(-0.0735939004363726,0.039582690441507,0.048998));
#13750=CARTESIAN_POINT('',(-0.0743191272034443,0.039582690441507,0.048998));
#13751=CARTESIAN_POINT('',(-0.0728686736693009,0.039582690441507,0.048998));
#13752=CARTESIAN_POINT('',(-0.0728686736693009,0.0417184369187732,0.048998));
#13753=CARTESIAN_POINT('',(-0.0728686736693009,0.0438541833960395,0.048998));
#13754=CARTESIAN_POINT('',(-0.0734798037965187,0.0438541833960395,0.048998));
#13755=CARTESIAN_POINT('',(-0.0740909339237364,0.0438541833960395,0.048998));
#13756=CARTESIAN_POINT('',(-0.0740909339237364,0.0442692099235083,0.048998));
#13757=CARTESIAN_POINT('',(-0.0740909339237364,0.044684236450977,0.048998));
#13758=CARTESIAN_POINT('',(-0.0725206789177463,0.0452504410262523,0.049));
#13759=CARTESIAN_POINT('',(-0.0725206789177463,0.0452504410262523,0.05));
#13760=CARTESIAN_POINT('',(-0.0729499675251968,0.0449851663385918,0.049));
#13761=CARTESIAN_POINT('',(-0.0729499675251968,0.0449851663385918,0.05));
#13762=CARTESIAN_POINT('',(-0.0734163375405999,0.0448125951708127,0.049));
#13763=CARTESIAN_POINT('',(-0.0734163375405999,0.0448125951708127,0.05));
#13764=CARTESIAN_POINT('',(-0.0740909339237364,0.044684236450977,0.049));
#13765=CARTESIAN_POINT('',(-0.0740909339237364,0.044684236450977,0.05));
#13766=CARTESIAN_POINT('',(-0.0725206789177463,0.0452504410262523,0.048998));
#13767=CARTESIAN_POINT('',(-0.0720236454303825,0.0452504410262523,0.048998));
#13768=CARTESIAN_POINT('',(-0.0715266119430187,0.0452504410262523,0.048998));
#13769=CARTESIAN_POINT('',(-0.0715266119430187,0.0424165657338796,0.048998));
#13770=CARTESIAN_POINT('',(-0.0715266119430187,0.039582690441507,0.048998));
#13771=CARTESIAN_POINT('',(-0.0708919493838311,0.039582690441507,0.048998));
#13772=CARTESIAN_POINT('',(-0.0702572868246435,0.039582690441507,0.048998));
#13773=CARTESIAN_POINT('',(-0.0702572868246435,0.0390393051942025,0.048998));
#13774=CARTESIAN_POINT('',(-0.0702572868246435,0.038495919946898,0.048998));
#13775=CARTESIAN_POINT('',(-0.0722882070140439,0.038495919946898,0.048998));
#13776=CARTESIAN_POINT('',(-0.0743191272034443,0.038495919946898,0.048998));
#13777=CARTESIAN_POINT('',(-0.0743191272034443,0.0390393051942025,0.048998));
#13778=CARTESIAN_POINT('',(0.,0.,0.));
#13779=CARTESIAN_POINT('',(-1.38777878078145E-17,-1.38777878078145E-17,
0.049));
#13780=CARTESIAN_POINT('',(-0.0672993314364297,0.039582690441507,0.049));
#13781=CARTESIAN_POINT('',(-0.0675089840121613,0.039582690441507,0.049));
#13782=CARTESIAN_POINT('',(-0.067089678860698,0.039582690441507,0.049));
#13783=CARTESIAN_POINT('',(-0.0650444965913158,0.0419002784385405,0.049));
#13784=CARTESIAN_POINT('',(-0.0650444965913158,0.0402572868246435,0.049));
#13785=CARTESIAN_POINT('',(-0.06583033719831,0.039582690441507,0.049));
#13786=CARTESIAN_POINT('',(-0.067089678860698,0.039582690441507,0.049));
#13787=CARTESIAN_POINT('',(-0.0650444965913158,0.0419002784385405,0.049));
#13788=CARTESIAN_POINT('',(-0.067089678860698,0.0441736539876305,0.049));
#13789=CARTESIAN_POINT('',(-0.06583033719831,0.0441736539876305,0.049));
#13790=CARTESIAN_POINT('',(-0.0650444965913158,0.0435532535084247,0.049));
#13791=CARTESIAN_POINT('',(-0.0650444965913158,0.0419002784385405,0.049));
#13792=CARTESIAN_POINT('',(-0.067089678860698,0.0441736539876305,0.049));
#13793=CARTESIAN_POINT('',(-0.0672993314364297,0.0441736539876305,0.049));
#13794=CARTESIAN_POINT('',(-0.0675089840121613,0.0441736539876305,0.049));
#13795=CARTESIAN_POINT('',(-0.0675089840121613,0.0418781722145688,0.049));
#13796=CARTESIAN_POINT('',(-0.0688610291944307,0.0418731804865752,0.049));
#13797=CARTESIAN_POINT('',(-0.0688610291944307,0.038495919946898,0.049));
#13798=CARTESIAN_POINT('',(-0.0688610291944307,0.0452504410262523,0.049));
#13799=CARTESIAN_POINT('',(-0.0679339939956173,0.0452504410262523,0.049));
#13800=CARTESIAN_POINT('',(-0.0670069587968039,0.0452504410262523,0.049));
#13801=CARTESIAN_POINT('',(-0.0636667796650793,0.0419002784385405,0.049));
#13802=CARTESIAN_POINT('',(-0.0636667796650793,0.0441822112356196,0.049));
#13803=CARTESIAN_POINT('',(-0.0649446620314436,0.0452504410262523,0.049));
#13804=CARTESIAN_POINT('',(-0.0670069587968039,0.0452504410262523,0.049));
#13805=CARTESIAN_POINT('',(-0.0636667796650793,0.0419002784385405,0.049));
#13806=CARTESIAN_POINT('',(-0.066934222188897,0.038495919946898,0.049));
#13807=CARTESIAN_POINT('',(-0.0649446620314436,0.038495919946898,0.049));
#13808=CARTESIAN_POINT('',(-0.0636667796650793,0.0396283290974486,0.049));
#13809=CARTESIAN_POINT('',(-0.0636667796650793,0.0419002784385405,0.049));
#13810=CARTESIAN_POINT('',(-0.066934222188897,0.038495919946898,0.049));
#13811=CARTESIAN_POINT('',(-0.0678976256916638,0.038495919946898,0.049));
#13812=CARTESIAN_POINT('',(-1.38777878078145E-17,-1.38777878078145E-17,
0.05));
#13813=CARTESIAN_POINT('',(-0.0672993314364297,0.039582690441507,0.05));
#13814=CARTESIAN_POINT('',(-0.067089678860698,0.039582690441507,0.05));
#13815=CARTESIAN_POINT('',(-0.0675089840121613,0.039582690441507,0.05));
#13816=CARTESIAN_POINT('',(-0.0675089840121613,0.0418781722145688,0.05));
#13817=CARTESIAN_POINT('',(-0.0675089840121613,0.0441736539876305,0.05));
#13818=CARTESIAN_POINT('',(-0.0672993314364297,0.0441736539876305,0.05));
#13819=CARTESIAN_POINT('',(-0.067089678860698,0.0441736539876305,0.05));
#13820=CARTESIAN_POINT('',(-0.067089678860698,0.0441736539876305,0.05));
#13821=CARTESIAN_POINT('',(-0.06583033719831,0.0441736539876305,0.05));
#13822=CARTESIAN_POINT('',(-0.0650444965913158,0.0435532535084247,0.05));
#13823=CARTESIAN_POINT('',(-0.0650444965913158,0.0419002784385405,0.05));
#13824=CARTESIAN_POINT('',(-0.0650444965913158,0.0419002784385405,0.05));
#13825=CARTESIAN_POINT('',(-0.0650444965913158,0.0419002784385405,0.05));
#13826=CARTESIAN_POINT('',(-0.0650444965913158,0.0402572868246435,0.05));
#13827=CARTESIAN_POINT('',(-0.06583033719831,0.039582690441507,0.05));
#13828=CARTESIAN_POINT('',(-0.067089678860698,0.039582690441507,0.05));
#13829=CARTESIAN_POINT('',(-0.0688610291944307,0.0418731804865752,0.05));
#13830=CARTESIAN_POINT('',(-0.0688610291944307,0.0452504410262523,0.05));
#13831=CARTESIAN_POINT('',(-0.0688610291944307,0.038495919946898,0.05));
#13832=CARTESIAN_POINT('',(-0.0678976256916638,0.038495919946898,0.05));
#13833=CARTESIAN_POINT('',(-0.066934222188897,0.038495919946898,0.05));
#13834=CARTESIAN_POINT('',(-0.066934222188897,0.038495919946898,0.05));
#13835=CARTESIAN_POINT('',(-0.0649446620314436,0.038495919946898,0.05));
#13836=CARTESIAN_POINT('',(-0.0636667796650793,0.0396283290974486,0.05));
#13837=CARTESIAN_POINT('',(-0.0636667796650793,0.0419002784385405,0.05));
#13838=CARTESIAN_POINT('',(-0.0636667796650793,0.0419002784385405,0.05));
#13839=CARTESIAN_POINT('',(-0.0636667796650793,0.0419002784385405,0.05));
#13840=CARTESIAN_POINT('',(-0.0636667796650793,0.0441822112356196,0.05));
#13841=CARTESIAN_POINT('',(-0.0649446620314436,0.0452504410262523,0.05));
#13842=CARTESIAN_POINT('',(-0.0670069587968039,0.0452504410262523,0.05));
#13843=CARTESIAN_POINT('',(-0.0670069587968039,0.0452504410262523,0.05));
#13844=CARTESIAN_POINT('',(-0.0679339939956173,0.0452504410262523,0.05));
#13845=CARTESIAN_POINT('',(-0.0679339939956173,0.0452504410262523,0.048998));
#13846=CARTESIAN_POINT('',(-0.0688610291944307,0.0452504410262523,0.048998));
#13847=CARTESIAN_POINT('',(-0.0670069587968039,0.0452504410262523,0.048998));
#13848=CARTESIAN_POINT('',(-0.0650444965913158,0.0419002784385405,0.049));
#13849=CARTESIAN_POINT('',(-0.0650444965913158,0.0419002784385405,0.05));
#13850=CARTESIAN_POINT('',(-0.0650444965913158,0.0402572868246435,0.049));
#13851=CARTESIAN_POINT('',(-0.0650444965913158,0.0402572868246435,0.05));
#13852=CARTESIAN_POINT('',(-0.06583033719831,0.039582690441507,0.049));
#13853=CARTESIAN_POINT('',(-0.06583033719831,0.039582690441507,0.05));
#13854=CARTESIAN_POINT('',(-0.067089678860698,0.039582690441507,0.049));
#13855=CARTESIAN_POINT('',(-0.067089678860698,0.039582690441507,0.05));
#13856=CARTESIAN_POINT('',(-0.067089678860698,0.039582690441507,0.048998));
#13857=CARTESIAN_POINT('',(-0.0650444965913158,0.0419002784385405,0.048998));
#13858=CARTESIAN_POINT('',(-0.067089678860698,0.0441736539876305,0.049));
#13859=CARTESIAN_POINT('',(-0.067089678860698,0.0441736539876305,0.05));
#13860=CARTESIAN_POINT('',(-0.06583033719831,0.0441736539876305,0.049));
#13861=CARTESIAN_POINT('',(-0.06583033719831,0.0441736539876305,0.05));
#13862=CARTESIAN_POINT('',(-0.0650444965913158,0.0435532535084247,0.049));
#13863=CARTESIAN_POINT('',(-0.0650444965913158,0.0435532535084247,0.05));
#13864=CARTESIAN_POINT('',(-0.0650444965913158,0.0419002784385405,0.049));
#13865=CARTESIAN_POINT('',(-0.0650444965913158,0.0419002784385405,0.05));
#13866=CARTESIAN_POINT('',(-0.067089678860698,0.0441736539876305,0.048998));
#13867=CARTESIAN_POINT('',(-0.0672993314364297,0.0441736539876305,0.048998));
#13868=CARTESIAN_POINT('',(-0.0675089840121613,0.0441736539876305,0.048998));
#13869=CARTESIAN_POINT('',(-0.0675089840121613,0.0418781722145688,0.048998));
#13870=CARTESIAN_POINT('',(-0.0675089840121613,0.039582690441507,0.048998));
#13871=CARTESIAN_POINT('',(-0.0672993314364297,0.039582690441507,0.048998));
#13872=CARTESIAN_POINT('',(-0.0636667796650793,0.0419002784385405,0.049));
#13873=CARTESIAN_POINT('',(-0.0636667796650793,0.0419002784385405,0.05));
#13874=CARTESIAN_POINT('',(-0.0636667796650793,0.0441822112356196,0.049));
#13875=CARTESIAN_POINT('',(-0.0636667796650793,0.0441822112356196,0.05));
#13876=CARTESIAN_POINT('',(-0.0649446620314436,0.0452504410262523,0.049));
#13877=CARTESIAN_POINT('',(-0.0649446620314436,0.0452504410262523,0.05));
#13878=CARTESIAN_POINT('',(-0.0670069587968039,0.0452504410262523,0.049));
#13879=CARTESIAN_POINT('',(-0.0670069587968039,0.0452504410262523,0.05));
#13880=CARTESIAN_POINT('',(-0.0636667796650793,0.0419002784385405,0.048998));
#13881=CARTESIAN_POINT('',(-0.066934222188897,0.038495919946898,0.049));
#13882=CARTESIAN_POINT('',(-0.066934222188897,0.038495919946898,0.05));
#13883=CARTESIAN_POINT('',(-0.0649446620314436,0.038495919946898,0.049));
#13884=CARTESIAN_POINT('',(-0.0649446620314436,0.038495919946898,0.05));
#13885=CARTESIAN_POINT('',(-0.0636667796650793,0.0396283290974486,0.049));
#13886=CARTESIAN_POINT('',(-0.0636667796650793,0.0396283290974486,0.05));
#13887=CARTESIAN_POINT('',(-0.0636667796650793,0.0419002784385405,0.049));
#13888=CARTESIAN_POINT('',(-0.0636667796650793,0.0419002784385405,0.05));
#13889=CARTESIAN_POINT('',(-0.066934222188897,0.038495919946898,0.048998));
#13890=CARTESIAN_POINT('',(-0.0678976256916638,0.038495919946898,0.048998));
#13891=CARTESIAN_POINT('',(-0.0688610291944307,0.038495919946898,0.048998));
#13892=CARTESIAN_POINT('',(-0.0688610291944307,0.0418731804865752,0.048998));
#13893=CARTESIAN_POINT('',(0.,0.,0.));
#13894=CARTESIAN_POINT('',(-1.38777878078145E-17,-1.38777878078145E-17,
0.049));
#13895=CARTESIAN_POINT('',(-0.0568659068257844,0.0393630544097881,0.049));
#13896=CARTESIAN_POINT('',(-0.0566284431940884,0.038495919946898,0.049));
#13897=CARTESIAN_POINT('',(-0.0571033704574805,0.0402301888726782,0.049));
#13898=CARTESIAN_POINT('',(-0.0581986982000785,0.0402301888726782,0.049));
#13899=CARTESIAN_POINT('',(-0.0592940259426764,0.0402301888726782,0.049));
#13900=CARTESIAN_POINT('',(-0.0595314895743725,0.0393630544097881,0.049));
#13901=CARTESIAN_POINT('',(-0.0597689532060685,0.038495919946898,0.049));
#13902=CARTESIAN_POINT('',(-0.0604535330451923,0.038495919946898,0.049));
#13903=CARTESIAN_POINT('',(-0.061138112884316,0.038495919946898,0.049));
#13904=CARTESIAN_POINT('',(-0.0600563341177007,0.0418731804865752,0.049));
#13905=CARTESIAN_POINT('',(-0.0589745553510854,0.0452504410262523,0.049));
#13906=CARTESIAN_POINT('',(-0.0581801574961022,0.0452504410262523,0.049));
#13907=CARTESIAN_POINT('',(-0.057385759641119,0.0452504410262523,0.049));
#13908=CARTESIAN_POINT('',(-0.0562997022505092,0.0418731804865752,0.049));
#13909=CARTESIAN_POINT('',(-0.0552136448598993,0.038495919946898,0.049));
#13910=CARTESIAN_POINT('',(-0.0559210440269939,0.038495919946898,0.049));
#13911=CARTESIAN_POINT('',(-0.0581986982000785,0.0412798779593346,0.049));
#13912=CARTESIAN_POINT('',(-0.0590016533030507,0.0412798779593346,0.049));
#13913=CARTESIAN_POINT('',(-0.0573957430971062,0.0412798779593346,0.049));
#13914=CARTESIAN_POINT('',(-0.0574955776569785,0.0416492658308618,0.049));
#13915=CARTESIAN_POINT('',(-0.0575954122168507,0.0420186537023889,0.049));
#13916=CARTESIAN_POINT('',(-0.0581887147440912,0.0442278498915612,0.049));
#13917=CARTESIAN_POINT('',(-0.0579890456243468,0.0434976313964959,0.049));
#13918=CARTESIAN_POINT('',(-0.0578064910005805,0.042721774245489,0.049));
#13919=CARTESIAN_POINT('',(-0.0575954122168507,0.0420186537023889,0.049));
#13920=CARTESIAN_POINT('',(-0.0581887147440912,0.0442278498915612,0.049));
#13921=CARTESIAN_POINT('',(-0.0582072554480675,0.0442278498915612,0.049));
#13922=CARTESIAN_POINT('',(-0.0582258277507074,0.0442278498915612,0.049));
#13923=CARTESIAN_POINT('',(-0.106324420879893,0.0555587776643127,0.049));
#13924=CARTESIAN_POINT('',(-0.0588004991852775,0.0420186369523974,0.049));
#13925=CARTESIAN_POINT('',(-0.0589011056391794,0.0416492658308618,0.049));
#13926=CARTESIAN_POINT('',(-1.38777878078145E-17,-1.38777878078145E-17,
0.05));
#13927=CARTESIAN_POINT('',(-0.0568659068257844,0.0393630544097881,0.05));
#13928=CARTESIAN_POINT('',(-0.0571033704574805,0.0402301888726782,0.05));
#13929=CARTESIAN_POINT('',(-0.0566284431940884,0.038495919946898,0.05));
#13930=CARTESIAN_POINT('',(-0.0559210440269939,0.038495919946898,0.05));
#13931=CARTESIAN_POINT('',(-0.0552136448598993,0.038495919946898,0.05));
#13932=CARTESIAN_POINT('',(-0.0562997022505092,0.0418731804865752,0.05));
#13933=CARTESIAN_POINT('',(-0.057385759641119,0.0452504410262523,0.05));
#13934=CARTESIAN_POINT('',(-0.0581801574961022,0.0452504410262523,0.05));
#13935=CARTESIAN_POINT('',(-0.0589745553510854,0.0452504410262523,0.05));
#13936=CARTESIAN_POINT('',(-0.0600563341177007,0.0418731804865752,0.05));
#13937=CARTESIAN_POINT('',(-0.061138112884316,0.038495919946898,0.05));
#13938=CARTESIAN_POINT('',(-0.0604535330451923,0.038495919946898,0.05));
#13939=CARTESIAN_POINT('',(-0.0597689532060685,0.038495919946898,0.05));
#13940=CARTESIAN_POINT('',(-0.0595314895743725,0.0393630544097881,0.05));
#13941=CARTESIAN_POINT('',(-0.0592940259426764,0.0402301888726782,0.05));
#13942=CARTESIAN_POINT('',(-0.0581986982000785,0.0402301888726782,0.05));
#13943=CARTESIAN_POINT('',(-0.0581986982000785,0.0412798779593346,0.05));
#13944=CARTESIAN_POINT('',(-0.0573957430971062,0.0412798779593346,0.05));
#13945=CARTESIAN_POINT('',(-0.0590016533030507,0.0412798779593346,0.05));
#13946=CARTESIAN_POINT('',(-0.0589011056391794,0.0416492658308618,0.05));
#13947=CARTESIAN_POINT('',(-0.0588004991852775,0.0420186369523974,0.05));
#13948=CARTESIAN_POINT('',(-0.106324420879893,0.0555587776643127,0.05));
#13949=CARTESIAN_POINT('',(-0.0582258277507074,0.0442278498915612,0.05));
#13950=CARTESIAN_POINT('',(-0.0582072554480675,0.0442278498915612,0.05));
#13951=CARTESIAN_POINT('',(-0.0581887147440912,0.0442278498915612,0.05));
#13952=CARTESIAN_POINT('',(-0.0581887147440912,0.0442278498915612,0.05));
#13953=CARTESIAN_POINT('',(-0.0579890456243468,0.0434976313964959,0.05));
#13954=CARTESIAN_POINT('',(-0.0578064910005805,0.042721774245489,0.05));
#13955=CARTESIAN_POINT('',(-0.0575954122168507,0.0420186537023889,0.05));
#13956=CARTESIAN_POINT('',(-0.0575954122168507,0.0420186537023889,0.05));
#13957=CARTESIAN_POINT('',(-0.0574955776569785,0.0416492658308618,0.05));
#13958=CARTESIAN_POINT('',(-0.0574955776569785,0.0416492658308618,0.048998));
#13959=CARTESIAN_POINT('',(-0.0573957430971062,0.0412798779593346,0.048998));
#13960=CARTESIAN_POINT('',(-0.0575954122168507,0.0420186537023889,0.048998));
#13961=CARTESIAN_POINT('',(-0.0581986982000785,0.0402301888726782,0.048998));
#13962=CARTESIAN_POINT('',(-0.0571033704574805,0.0402301888726782,0.048998));
#13963=CARTESIAN_POINT('',(-0.0592940259426764,0.0402301888726782,0.048998));
#13964=CARTESIAN_POINT('',(-0.0595314895743725,0.0393630544097881,0.048998));
#13965=CARTESIAN_POINT('',(-0.0597689532060685,0.038495919946898,0.048998));
#13966=CARTESIAN_POINT('',(-0.0604535330451923,0.038495919946898,0.048998));
#13967=CARTESIAN_POINT('',(-0.061138112884316,0.038495919946898,0.048998));
#13968=CARTESIAN_POINT('',(-0.0600563341177007,0.0418731804865752,0.048998));
#13969=CARTESIAN_POINT('',(-0.0589745553510854,0.0452504410262523,0.048998));
#13970=CARTESIAN_POINT('',(-0.0581801574961022,0.0452504410262523,0.048998));
#13971=CARTESIAN_POINT('',(-0.057385759641119,0.0452504410262523,0.048998));
#13972=CARTESIAN_POINT('',(-0.0562997022505092,0.0418731804865752,0.048998));
#13973=CARTESIAN_POINT('',(-0.0552136448598993,0.038495919946898,0.048998));
#13974=CARTESIAN_POINT('',(-0.0559210440269939,0.038495919946898,0.048998));
#13975=CARTESIAN_POINT('',(-0.0566284431940884,0.038495919946898,0.048998));
#13976=CARTESIAN_POINT('',(-0.0568659068257844,0.0393630544097881,0.048998));
#13977=CARTESIAN_POINT('',(-0.0581887147440912,0.0442278498915612,0.049));
#13978=CARTESIAN_POINT('',(-0.0581887147440912,0.0442278498915612,0.05));
#13979=CARTESIAN_POINT('',(-0.0579890456243468,0.0434976313964959,0.049));
#13980=CARTESIAN_POINT('',(-0.0579890456243468,0.0434976313964959,0.05));
#13981=CARTESIAN_POINT('',(-0.0578064910005805,0.042721774245489,0.049));
#13982=CARTESIAN_POINT('',(-0.0578064910005805,0.042721774245489,0.05));
#13983=CARTESIAN_POINT('',(-0.0575954122168507,0.0420186537023889,0.049));
#13984=CARTESIAN_POINT('',(-0.0575954122168507,0.0420186537023889,0.05));
#13985=CARTESIAN_POINT('',(-0.0581887147440912,0.0442278498915612,0.048998));
#13986=CARTESIAN_POINT('',(-0.0582072554480675,0.0442278498915612,0.048998));
#13987=CARTESIAN_POINT('',(-0.0582258277507074,0.0442278498915612,0.049));
#13988=CARTESIAN_POINT('',(-0.106324420879893,0.0555587776643127,0.0489979999999877));
#13989=CARTESIAN_POINT('',(-0.0588005579753081,0.0420186537023889,0.048998));
#13990=CARTESIAN_POINT('',(-0.0589011056391794,0.0416492658308618,0.048998));
#13991=CARTESIAN_POINT('',(-0.0590016533030507,0.0412798779593346,0.048998));
#13992=CARTESIAN_POINT('',(-0.0581986982000785,0.0412798779593346,0.048998));
#13993=CARTESIAN_POINT('',(0.,0.,0.));
#13994=CARTESIAN_POINT('',(-1.38777878078145E-17,-1.38777878078145E-17,
0.049));
#13995=CARTESIAN_POINT('',(-0.0499880187545881,0.038495919946898,0.049));
#13996=CARTESIAN_POINT('',(-0.049234980931552,0.038495919946898,0.049));
#13997=CARTESIAN_POINT('',(-0.0507410565776242,0.038495919946898,0.049));
#13998=CARTESIAN_POINT('',(-0.0514349067687361,0.0397738023132624,0.049));
#13999=CARTESIAN_POINT('',(-0.052128756959848,0.0410516846796267,0.049));
#14000=CARTESIAN_POINT('',(-0.0525986924952465,0.0410516846796267,0.049));
#14001=CARTESIAN_POINT('',(-0.0530686280306449,0.0410516846796267,0.049));
#14002=CARTESIAN_POINT('',(-0.053068628030645,0.0397738023132624,0.049));
#14003=CARTESIAN_POINT('',(-0.053068628030645,0.038495919946898,0.049));
#14004=CARTESIAN_POINT('',(-0.0537446506217796,0.038495919946898,0.049));
#14005=CARTESIAN_POINT('',(-0.0544206732129143,0.038495919946898,0.049));
#14006=CARTESIAN_POINT('',(-0.0544206732129143,0.0418731804865752,0.049));
#14007=CARTESIAN_POINT('',(-0.0544206732129143,0.0452504410262523,0.049));
#14008=CARTESIAN_POINT('',(-0.0532426254064222,0.0452504410262523,0.049));
#14009=CARTESIAN_POINT('',(-0.0520645775999301,0.0452504410262523,0.049));
#14010=CARTESIAN_POINT('',(-0.0495273535711778,0.0432052587568701,0.049));
#14011=CARTESIAN_POINT('',(-0.0495273535711778,0.0447569730588839,0.049));
#14012=CARTESIAN_POINT('',(-0.0506497792657411,0.0452504410262523,0.049));
#14013=CARTESIAN_POINT('',(-0.0520645775999301,0.0452504410262523,0.049));
#14014=CARTESIAN_POINT('',(-0.0495273535711778,0.0432052587568701,0.049));
#14015=CARTESIAN_POINT('',(-0.0508152193935293,0.0412613372553583,0.049));
#14016=CARTESIAN_POINT('',(-0.0500393622425224,0.0415622671429732,0.049));
#14017=CARTESIAN_POINT('',(-0.0495273535711778,0.0421926510781662,0.049));
#14018=CARTESIAN_POINT('',(-0.0495273535711778,0.0432052587568701,0.049));
#14019=CARTESIAN_POINT('',(-0.0508152193935293,0.0412613372553583,0.049));
#14020=CARTESIAN_POINT('',(-0.0500251001625407,0.0398786286011282,0.049));
#14021=CARTESIAN_POINT('',(-0.0530686280306449,0.0431510628529395,0.049));
#14022=CARTESIAN_POINT('',(-0.0530686280306449,0.0441822112356196,0.049));
#14023=CARTESIAN_POINT('',(-0.0530686280306449,0.0421199144702593,0.049));
#14024=CARTESIAN_POINT('',(-0.0526307821752054,0.0421199144702593,0.049));
#14025=CARTESIAN_POINT('',(-0.0521929363197658,0.0421199144702593,0.049));
#14026=CARTESIAN_POINT('',(-0.0508508745934837,0.0432052587568701,0.049));
#14027=CARTESIAN_POINT('',(-0.0508508745934837,0.042485023717792,0.049));
#14028=CARTESIAN_POINT('',(-0.0513258018568758,0.0421199144702593,0.049));
#14029=CARTESIAN_POINT('',(-0.0521929363197658,0.0421199144702593,0.049));
#14030=CARTESIAN_POINT('',(-0.0508508745934837,0.0432052587568701,0.049));
#14031=CARTESIAN_POINT('',(-0.0521929363197658,0.0441822112356196,0.049));
#14032=CARTESIAN_POINT('',(-0.0513258018568758,0.0441822112356196,0.049));
#14033=CARTESIAN_POINT('',(-0.0508508745934837,0.0439354772519355,0.049));
#14034=CARTESIAN_POINT('',(-0.0508508745934837,0.0432052587568701,0.049));
#14035=CARTESIAN_POINT('',(-0.0521929363197658,0.0441822112356196,0.049));
#14036=CARTESIAN_POINT('',(-0.0526307821752054,0.0441822112356196,0.049));
#14037=CARTESIAN_POINT('',(-1.38777878078145E-17,-1.38777878078145E-17,
0.05));
#14038=CARTESIAN_POINT('',(-0.0499880187545881,0.038495919946898,0.05));
#14039=CARTESIAN_POINT('',(-0.0507410565776242,0.038495919946898,0.05));
#14040=CARTESIAN_POINT('',(-0.049234980931552,0.038495919946898,0.05));
#14041=CARTESIAN_POINT('',(-0.0500251001625407,0.0398786286011282,0.05));
#14042=CARTESIAN_POINT('',(-0.0508152193935293,0.0412613372553583,0.05));
#14043=CARTESIAN_POINT('',(-0.0508152193935293,0.0412613372553583,0.05));
#14044=CARTESIAN_POINT('',(-0.0500393622425224,0.0415622671429732,0.05));
#14045=CARTESIAN_POINT('',(-0.0495273535711778,0.0421926510781662,0.05));
#14046=CARTESIAN_POINT('',(-0.0495273535711778,0.0432052587568701,0.05));
#14047=CARTESIAN_POINT('',(-0.0495273535711778,0.0432052587568701,0.05));
#14048=CARTESIAN_POINT('',(-0.0495273535711778,0.0432052587568701,0.05));
#14049=CARTESIAN_POINT('',(-0.0495273535711778,0.0447569730588839,0.05));
#14050=CARTESIAN_POINT('',(-0.0506497792657411,0.0452504410262523,0.05));
#14051=CARTESIAN_POINT('',(-0.0520645775999301,0.0452504410262523,0.05));
#14052=CARTESIAN_POINT('',(-0.0520645775999301,0.0452504410262523,0.05));
#14053=CARTESIAN_POINT('',(-0.0532426254064222,0.0452504410262523,0.05));
#14054=CARTESIAN_POINT('',(-0.0544206732129143,0.0452504410262523,0.05));
#14055=CARTESIAN_POINT('',(-0.0544206732129143,0.0418731804865752,0.05));
#14056=CARTESIAN_POINT('',(-0.0544206732129143,0.038495919946898,0.05));
#14057=CARTESIAN_POINT('',(-0.0537446506217796,0.038495919946898,0.05));
#14058=CARTESIAN_POINT('',(-0.053068628030645,0.038495919946898,0.05));
#14059=CARTESIAN_POINT('',(-0.053068628030645,0.0397738023132624,0.05));
#14060=CARTESIAN_POINT('',(-0.0530686280306449,0.0410516846796267,0.05));
#14061=CARTESIAN_POINT('',(-0.0525986924952465,0.0410516846796267,0.05));
#14062=CARTESIAN_POINT('',(-0.052128756959848,0.0410516846796267,0.05));
#14063=CARTESIAN_POINT('',(-0.0514349067687361,0.0397738023132624,0.05));
#14064=CARTESIAN_POINT('',(-0.0530686280306449,0.0431510628529395,0.05));
#14065=CARTESIAN_POINT('',(-0.0530686280306449,0.0421199144702593,0.05));
#14066=CARTESIAN_POINT('',(-0.0530686280306449,0.0441822112356196,0.05));
#14067=CARTESIAN_POINT('',(-0.0526307821752054,0.0441822112356196,0.05));
#14068=CARTESIAN_POINT('',(-0.0521929363197658,0.0441822112356196,0.05));
#14069=CARTESIAN_POINT('',(-0.0521929363197658,0.0441822112356196,0.05));
#14070=CARTESIAN_POINT('',(-0.0513258018568758,0.0441822112356196,0.05));
#14071=CARTESIAN_POINT('',(-0.0508508745934837,0.0439354772519355,0.05));
#14072=CARTESIAN_POINT('',(-0.0508508745934837,0.0432052587568701,0.05));
#14073=CARTESIAN_POINT('',(-0.0508508745934837,0.0432052587568701,0.05));
#14074=CARTESIAN_POINT('',(-0.0508508745934837,0.0432052587568701,0.05));
#14075=CARTESIAN_POINT('',(-0.0508508745934837,0.042485023717792,0.05));
#14076=CARTESIAN_POINT('',(-0.0513258018568758,0.0421199144702593,0.05));
#14077=CARTESIAN_POINT('',(-0.0521929363197658,0.0421199144702593,0.05));
#14078=CARTESIAN_POINT('',(-0.0521929363197658,0.0421199144702593,0.05));
#14079=CARTESIAN_POINT('',(-0.0526307821752054,0.0421199144702593,0.05));
#14080=CARTESIAN_POINT('',(-0.0526307821752054,0.0421199144702593,0.048998));
#14081=CARTESIAN_POINT('',(-0.0530686280306449,0.0421199144702593,0.048998));
#14082=CARTESIAN_POINT('',(-0.0521929363197658,0.0421199144702593,0.048998));
#14083=CARTESIAN_POINT('',(-0.0514349067687361,0.0397738023132624,0.048998));
#14084=CARTESIAN_POINT('',(-0.0507410565776242,0.038495919946898,0.048998));
#14085=CARTESIAN_POINT('',(-0.052128756959848,0.0410516846796267,0.048998));
#14086=CARTESIAN_POINT('',(-0.0525986924952465,0.0410516846796267,0.048998));
#14087=CARTESIAN_POINT('',(-0.0530686280306449,0.0410516846796267,0.048998));
#14088=CARTESIAN_POINT('',(-0.053068628030645,0.0397738023132624,0.048998));
#14089=CARTESIAN_POINT('',(-0.053068628030645,0.038495919946898,0.048998));
#14090=CARTESIAN_POINT('',(-0.0537446506217796,0.038495919946898,0.048998));
#14091=CARTESIAN_POINT('',(-0.0544206732129143,0.038495919946898,0.048998));
#14092=CARTESIAN_POINT('',(-0.0544206732129143,0.0418731804865752,0.048998));
#14093=CARTESIAN_POINT('',(-0.0544206732129143,0.0452504410262523,0.048998));
#14094=CARTESIAN_POINT('',(-0.0532426254064222,0.0452504410262523,0.048998));
#14095=CARTESIAN_POINT('',(-0.0520645775999301,0.0452504410262523,0.048998));
#14096=CARTESIAN_POINT('',(-0.0495273535711778,0.0432052587568701,0.049));
#14097=CARTESIAN_POINT('',(-0.0495273535711778,0.0432052587568701,0.05));
#14098=CARTESIAN_POINT('',(-0.0495273535711778,0.0447569730588839,0.049));
#14099=CARTESIAN_POINT('',(-0.0495273535711778,0.0447569730588839,0.05));
#14100=CARTESIAN_POINT('',(-0.0506497792657411,0.0452504410262523,0.049));
#14101=CARTESIAN_POINT('',(-0.0506497792657411,0.0452504410262523,0.05));
#14102=CARTESIAN_POINT('',(-0.0520645775999301,0.0452504410262523,0.049));
#14103=CARTESIAN_POINT('',(-0.0520645775999301,0.0452504410262523,0.05));
#14104=CARTESIAN_POINT('',(-0.0495273535711778,0.0432052587568701,0.048998));
#14105=CARTESIAN_POINT('',(-0.0508152193935293,0.0412613372553583,0.049));
#14106=CARTESIAN_POINT('',(-0.0508152193935293,0.0412613372553583,0.05));
#14107=CARTESIAN_POINT('',(-0.0500393622425224,0.0415622671429732,0.049));
#14108=CARTESIAN_POINT('',(-0.0500393622425224,0.0415622671429732,0.05));
#14109=CARTESIAN_POINT('',(-0.0495273535711778,0.0421926510781662,0.049));
#14110=CARTESIAN_POINT('',(-0.0495273535711778,0.0421926510781662,0.05));
#14111=CARTESIAN_POINT('',(-0.0495273535711778,0.0432052587568701,0.049));
#14112=CARTESIAN_POINT('',(-0.0495273535711778,0.0432052587568701,0.05));
#14113=CARTESIAN_POINT('',(-0.0508152193935293,0.0412613372553583,0.048998));
#14114=CARTESIAN_POINT('',(-0.0500251001625407,0.0398786286011282,0.048998));
#14115=CARTESIAN_POINT('',(-0.049234980931552,0.038495919946898,0.048998));
#14116=CARTESIAN_POINT('',(-0.0499880187545881,0.038495919946898,0.048998));
#14117=CARTESIAN_POINT('',(-0.0508508745934837,0.0432052587568701,0.049));
#14118=CARTESIAN_POINT('',(-0.0508508745934837,0.0432052587568701,0.05));
#14119=CARTESIAN_POINT('',(-0.0508508745934837,0.042485023717792,0.049));
#14120=CARTESIAN_POINT('',(-0.0508508745934837,0.042485023717792,0.05));
#14121=CARTESIAN_POINT('',(-0.0513258018568758,0.0421199144702593,0.049));
#14122=CARTESIAN_POINT('',(-0.0513258018568758,0.0421199144702593,0.05));
#14123=CARTESIAN_POINT('',(-0.0521929363197658,0.0421199144702593,0.049));
#14124=CARTESIAN_POINT('',(-0.0521929363197658,0.0421199144702593,0.05));
#14125=CARTESIAN_POINT('',(-0.0508508745934837,0.0432052587568701,0.048998));
#14126=CARTESIAN_POINT('',(-0.0521929363197658,0.0441822112356196,0.049));
#14127=CARTESIAN_POINT('',(-0.0521929363197658,0.0441822112356196,0.05));
#14128=CARTESIAN_POINT('',(-0.0513258018568758,0.0441822112356196,0.049));
#14129=CARTESIAN_POINT('',(-0.0513258018568758,0.0441822112356196,0.05));
#14130=CARTESIAN_POINT('',(-0.0508508745934837,0.0439354772519355,0.049));
#14131=CARTESIAN_POINT('',(-0.0508508745934837,0.0439354772519355,0.05));
#14132=CARTESIAN_POINT('',(-0.0508508745934837,0.0432052587568701,0.049));
#14133=CARTESIAN_POINT('',(-0.0508508745934837,0.0432052587568701,0.05));
#14134=CARTESIAN_POINT('',(-0.0521929363197658,0.0441822112356196,0.048998));
#14135=CARTESIAN_POINT('',(-0.0526307821752054,0.0441822112356196,0.048998));
#14136=CARTESIAN_POINT('',(-0.0530686280306449,0.0441822112356196,0.048998));
#14137=CARTESIAN_POINT('',(-0.0530686280306449,0.0431510628529395,0.048998));
#14138=CARTESIAN_POINT('',(0.,0.,0.));
#14139=CARTESIAN_POINT('',(-1.38777878078145E-17,-1.38777878078145E-17,
0.049));
#14140=CARTESIAN_POINT('',(-0.048531860388452,0.0418460825346098,0.049));
#14141=CARTESIAN_POINT('',(-0.048531860388452,0.039591247689496,0.049));
#14142=CARTESIAN_POINT('',(-0.0471455862142265,0.0383675612270623,0.049));
#14143=CARTESIAN_POINT('',(-0.0454384152404116,0.0383675612270623,0.049));
#14144=CARTESIAN_POINT('',(-0.0454384152404116,0.0383675612270623,0.049));
#14145=CARTESIAN_POINT('',(-0.048531860388452,0.0418460825346098,0.049));
#14146=CARTESIAN_POINT('',(-0.04539277658447,0.045378799746088,0.049));
#14147=CARTESIAN_POINT('',(-0.0470999475582849,0.045378799746088,0.049));
#14148=CARTESIAN_POINT('',(-0.048531860388452,0.0440723932197601,0.049));
#14149=CARTESIAN_POINT('',(-0.048531860388452,0.0418460825346098,0.049));
#14150=CARTESIAN_POINT('',(-0.04539277658447,0.045378799746088,0.049));
#14151=CARTESIAN_POINT('',(-0.0434117736750057,0.0445116652831979,0.049));
#14152=CARTESIAN_POINT('',(-0.0438496195304453,0.0449680518426138,0.049));
#14153=CARTESIAN_POINT('',(-0.044534199369569,0.045378799746088,0.049));
#14154=CARTESIAN_POINT('',(-0.04539277658447,0.045378799746088,0.049));
#14155=CARTESIAN_POINT('',(-0.0434117736750057,0.0445116652831979,0.049));
#14156=CARTESIAN_POINT('',(-0.0437676125705503,0.0440823766757474,0.049));
#14157=CARTESIAN_POINT('',(-0.0441234514660947,0.0436530880682969,0.049));
#14158=CARTESIAN_POINT('',(-0.0453656786325047,0.0442192926435722,0.049));
#14159=CARTESIAN_POINT('',(-0.0448536699611601,0.0442192926435722,0.049));
#14160=CARTESIAN_POINT('',(-0.0444614627616621,0.043981115907877,0.049));
#14161=CARTESIAN_POINT('',(-0.0441234514660947,0.0436530880682969,0.049));
#14162=CARTESIAN_POINT('',(-0.0453656786325047,0.0442192926435722,0.049));
#14163=CARTESIAN_POINT('',(-0.0471541434622155,0.0418917211905514,0.049));
#14164=CARTESIAN_POINT('',(-0.0471541434622155,0.0433421747246948,0.049));
#14165=CARTESIAN_POINT('',(-0.0463868435591976,0.0442192926435722,0.049));
#14166=CARTESIAN_POINT('',(-0.0453656786325047,0.0442192926435722,0.049));
#14167=CARTESIAN_POINT('',(-0.0471541434622155,0.0418917211905514,0.049));
#14168=CARTESIAN_POINT('',(-0.04539277658447,0.0395370517855654,0.049));
#14169=CARTESIAN_POINT('',(-0.0464610063751027,0.0395370517855654,0.049));
#14170=CARTESIAN_POINT('',(-0.0471541434622155,0.0404213007444335,0.049));
#14171=CARTESIAN_POINT('',(-0.0471541434622155,0.0418917211905514,0.049));
#14172=CARTESIAN_POINT('',(-0.04539277658447,0.0395370517855654,0.049));
#14173=CARTESIAN_POINT('',(-0.0439965189542573,0.0402030909207129,0.049));
#14174=CARTESIAN_POINT('',(-0.0443616282017899,0.0398108837212149,0.049));
#14175=CARTESIAN_POINT('',(-0.0448180147612057,0.0395370517855654,0.049));
#14176=CARTESIAN_POINT('',(-0.04539277658447,0.0395370517855654,0.049));
#14177=CARTESIAN_POINT('',(-0.0439965189542573,0.0402030909207129,0.049));
#14178=CARTESIAN_POINT('',(-0.0436399669547137,0.0397830726652505,0.049));
#14179=CARTESIAN_POINT('',(-0.04328341495517,0.0393630544097881,0.049));
#14180=CARTESIAN_POINT('',(-0.0549703714907713,0.062857068438129,0.049));
#14181=CARTESIAN_POINT('',(-1.38777878078145E-17,-1.38777878078145E-17,
0.05));
#14182=CARTESIAN_POINT('',(-0.048531860388452,0.0418460825346098,0.05));
#14183=CARTESIAN_POINT('',(-0.048531860388452,0.039591247689496,0.05));
#14184=CARTESIAN_POINT('',(-0.0471455862142265,0.0383675612270623,0.05));
#14185=CARTESIAN_POINT('',(-0.0454384152404116,0.0383675612270623,0.05));
#14186=CARTESIAN_POINT('',(-0.048531860388452,0.0418460825346098,0.05));
#14187=CARTESIAN_POINT('',(-0.0454384152404116,0.0383675612270623,0.05));
#14188=CARTESIAN_POINT('',(-0.0549703714907713,0.062857068438129,0.05));
#14189=CARTESIAN_POINT('',(-0.04328341495517,0.0393630544097881,0.05));
#14190=CARTESIAN_POINT('',(-0.0436399669547137,0.0397830726652505,0.05));
#14191=CARTESIAN_POINT('',(-0.0439965189542573,0.0402030909207129,0.05));
#14192=CARTESIAN_POINT('',(-0.0439965189542573,0.0402030909207129,0.05));
#14193=CARTESIAN_POINT('',(-0.0443616282017899,0.0398108837212149,0.05));
#14194=CARTESIAN_POINT('',(-0.0448180147612057,0.0395370517855654,0.05));
#14195=CARTESIAN_POINT('',(-0.04539277658447,0.0395370517855654,0.05));
#14196=CARTESIAN_POINT('',(-0.04539277658447,0.0395370517855654,0.05));
#14197=CARTESIAN_POINT('',(-0.04539277658447,0.0395370517855654,0.05));
#14198=CARTESIAN_POINT('',(-0.0464610063751027,0.0395370517855654,0.05));
#14199=CARTESIAN_POINT('',(-0.0471541434622155,0.0404213007444335,0.05));
#14200=CARTESIAN_POINT('',(-0.0471541434622155,0.0418917211905514,0.05));
#14201=CARTESIAN_POINT('',(-0.0471541434622155,0.0418917211905514,0.05));
#14202=CARTESIAN_POINT('',(-0.0471541434622155,0.0418917211905514,0.05));
#14203=CARTESIAN_POINT('',(-0.0471541434622155,0.0433421747246948,0.05));
#14204=CARTESIAN_POINT('',(-0.0463868435591976,0.0442192926435722,0.05));
#14205=CARTESIAN_POINT('',(-0.0453656786325047,0.0442192926435722,0.05));
#14206=CARTESIAN_POINT('',(-0.0453656786325047,0.0442192926435722,0.05));
#14207=CARTESIAN_POINT('',(-0.0453656786325047,0.0442192926435722,0.05));
#14208=CARTESIAN_POINT('',(-0.0448536699611601,0.0442192926435722,0.05));
#14209=CARTESIAN_POINT('',(-0.0444614627616621,0.043981115907877,0.05));
#14210=CARTESIAN_POINT('',(-0.0441234514660947,0.0436530880682969,0.05));
#14211=CARTESIAN_POINT('',(-0.0441234514660947,0.0436530880682969,0.05));
#14212=CARTESIAN_POINT('',(-0.0437676125705503,0.0440823766757474,0.05));
#14213=CARTESIAN_POINT('',(-0.0434117736750057,0.0445116652831979,0.05));
#14214=CARTESIAN_POINT('',(-0.0434117736750057,0.0445116652831979,0.05));
#14215=CARTESIAN_POINT('',(-0.0438496195304453,0.0449680518426138,0.05));
#14216=CARTESIAN_POINT('',(-0.044534199369569,0.045378799746088,0.05));
#14217=CARTESIAN_POINT('',(-0.04539277658447,0.045378799746088,0.05));
#14218=CARTESIAN_POINT('',(-0.04539277658447,0.045378799746088,0.05));
#14219=CARTESIAN_POINT('',(-0.04539277658447,0.045378799746088,0.05));
#14220=CARTESIAN_POINT('',(-0.0470999475582849,0.045378799746088,0.05));
#14221=CARTESIAN_POINT('',(-0.048531860388452,0.0440723932197601,0.05));
#14222=CARTESIAN_POINT('',(-0.048531860388452,0.0418460825346098,0.05));
#14223=CARTESIAN_POINT('',(-0.04539277658447,0.045378799746088,0.049));
#14224=CARTESIAN_POINT('',(-0.04539277658447,0.045378799746088,0.05));
#14225=CARTESIAN_POINT('',(-0.0470999475582849,0.045378799746088,0.049));
#14226=CARTESIAN_POINT('',(-0.0470999475582849,0.045378799746088,0.05));
#14227=CARTESIAN_POINT('',(-0.048531860388452,0.0440723932197601,0.049));
#14228=CARTESIAN_POINT('',(-0.048531860388452,0.0440723932197601,0.05));
#14229=CARTESIAN_POINT('',(-0.048531860388452,0.0418460825346098,0.049));
#14230=CARTESIAN_POINT('',(-0.048531860388452,0.0418460825346098,0.05));
#14231=CARTESIAN_POINT('',(-0.048531860388452,0.0418460825346098,0.048998));
#14232=CARTESIAN_POINT('',(-0.04539277658447,0.045378799746088,0.048998));
#14233=CARTESIAN_POINT('',(-0.0434117736750057,0.0445116652831979,0.049));
#14234=CARTESIAN_POINT('',(-0.0434117736750057,0.0445116652831979,0.05));
#14235=CARTESIAN_POINT('',(-0.0438496195304453,0.0449680518426138,0.049));
#14236=CARTESIAN_POINT('',(-0.0438496195304453,0.0449680518426138,0.05));
#14237=CARTESIAN_POINT('',(-0.044534199369569,0.045378799746088,0.049));
#14238=CARTESIAN_POINT('',(-0.044534199369569,0.045378799746088,0.05));
#14239=CARTESIAN_POINT('',(-0.04539277658447,0.045378799746088,0.049));
#14240=CARTESIAN_POINT('',(-0.04539277658447,0.045378799746088,0.05));
#14241=CARTESIAN_POINT('',(-0.0434117736750057,0.0445116652831979,0.048998));
#14242=CARTESIAN_POINT('',(-0.0437676125705503,0.0440823766757474,0.048998));
#14243=CARTESIAN_POINT('',(-0.0441234514660947,0.0436530880682969,0.048998));
#14244=CARTESIAN_POINT('',(-0.0453656786325047,0.0442192926435722,0.049));
#14245=CARTESIAN_POINT('',(-0.0453656786325047,0.0442192926435722,0.05));
#14246=CARTESIAN_POINT('',(-0.0448536699611601,0.0442192926435722,0.049));
#14247=CARTESIAN_POINT('',(-0.0448536699611601,0.0442192926435722,0.05));
#14248=CARTESIAN_POINT('',(-0.0444614627616621,0.043981115907877,0.049));
#14249=CARTESIAN_POINT('',(-0.0444614627616621,0.043981115907877,0.05));
#14250=CARTESIAN_POINT('',(-0.0441234514660947,0.0436530880682969,0.049));
#14251=CARTESIAN_POINT('',(-0.0441234514660947,0.0436530880682969,0.05));
#14252=CARTESIAN_POINT('',(-0.0453656786325047,0.0442192926435722,0.048998));
#14253=CARTESIAN_POINT('',(-0.0471541434622155,0.0418917211905514,0.049));
#14254=CARTESIAN_POINT('',(-0.0471541434622155,0.0418917211905514,0.05));
#14255=CARTESIAN_POINT('',(-0.0471541434622155,0.0433421747246948,0.049));
#14256=CARTESIAN_POINT('',(-0.0471541434622155,0.0433421747246948,0.05));
#14257=CARTESIAN_POINT('',(-0.0463868435591976,0.0442192926435722,0.049));
#14258=CARTESIAN_POINT('',(-0.0463868435591976,0.0442192926435722,0.05));
#14259=CARTESIAN_POINT('',(-0.0453656786325047,0.0442192926435722,0.049));
#14260=CARTESIAN_POINT('',(-0.0453656786325047,0.0442192926435722,0.05));
#14261=CARTESIAN_POINT('',(-0.0471541434622155,0.0418917211905514,0.048998));
#14262=CARTESIAN_POINT('',(-0.04539277658447,0.0395370517855654,0.049));
#14263=CARTESIAN_POINT('',(-0.04539277658447,0.0395370517855654,0.05));
#14264=CARTESIAN_POINT('',(-0.0464610063751027,0.0395370517855654,0.049));
#14265=CARTESIAN_POINT('',(-0.0464610063751027,0.0395370517855654,0.05));
#14266=CARTESIAN_POINT('',(-0.0471541434622155,0.0404213007444335,0.049));
#14267=CARTESIAN_POINT('',(-0.0471541434622155,0.0404213007444335,0.05));
#14268=CARTESIAN_POINT('',(-0.0471541434622155,0.0418917211905514,0.049));
#14269=CARTESIAN_POINT('',(-0.0471541434622155,0.0418917211905514,0.05));
#14270=CARTESIAN_POINT('',(-0.04539277658447,0.0395370517855654,0.048998));
#14271=CARTESIAN_POINT('',(-0.0439965189542573,0.0402030909207129,0.049));
#14272=CARTESIAN_POINT('',(-0.0439965189542573,0.0402030909207129,0.05));
#14273=CARTESIAN_POINT('',(-0.0443616282017899,0.0398108837212149,0.049));
#14274=CARTESIAN_POINT('',(-0.0443616282017899,0.0398108837212149,0.05));
#14275=CARTESIAN_POINT('',(-0.0448180147612057,0.0395370517855654,0.049));
#14276=CARTESIAN_POINT('',(-0.0448180147612057,0.0395370517855654,0.05));
#14277=CARTESIAN_POINT('',(-0.04539277658447,0.0395370517855654,0.049));
#14278=CARTESIAN_POINT('',(-0.04539277658447,0.0395370517855654,0.05));
#14279=CARTESIAN_POINT('',(-0.0439965189542573,0.0402030909207129,0.048998));
#14280=CARTESIAN_POINT('',(-0.0436399669547137,0.0397830726652505,0.048998));
#14281=CARTESIAN_POINT('',(-0.04328341495517,0.0393630544097881,0.048998));
#14282=CARTESIAN_POINT('',(-0.0454384152404116,0.0383675612270623,0.049));
#14283=CARTESIAN_POINT('',(-0.0454384152404116,0.0383675612270623,0.05));
#14284=CARTESIAN_POINT('',(-0.0445612973215344,0.0383675612270623,0.049));
#14285=CARTESIAN_POINT('',(-0.0445612973215344,0.0383675612270623,0.05));
#14286=CARTESIAN_POINT('',(-0.0438410622824563,0.0387155559786169,0.049));
#14287=CARTESIAN_POINT('',(-0.0438410622824563,0.0387155559786169,0.05));
#14288=CARTESIAN_POINT('',(-0.04328341495517,0.0393630544097881,0.049));
#14289=CARTESIAN_POINT('',(-0.04328341495517,0.0393630544097881,0.05));
#14290=CARTESIAN_POINT('',(-0.0454384152404116,0.0383675612270623,0.048998));
#14291=CARTESIAN_POINT('',(-0.048531860388452,0.0418460825346098,0.049));
#14292=CARTESIAN_POINT('',(-0.048531860388452,0.0418460825346098,0.05));
#14293=CARTESIAN_POINT('',(-0.048531860388452,0.039591247689496,0.049));
#14294=CARTESIAN_POINT('',(-0.048531860388452,0.039591247689496,0.05));
#14295=CARTESIAN_POINT('',(-0.0471455862142265,0.0383675612270623,0.049));
#14296=CARTESIAN_POINT('',(-0.0471455862142265,0.0383675612270623,0.05));
#14297=CARTESIAN_POINT('',(-0.0454384152404116,0.0383675612270623,0.049));
#14298=CARTESIAN_POINT('',(-0.0454384152404116,0.0383675612270623,0.05));
#14299=CARTESIAN_POINT('',(0.,0.,0.));
#14300=CARTESIAN_POINT('',(-1.38777878078145E-17,-1.38777878078145E-17,
0.049));
#14301=CARTESIAN_POINT('',(-0.0387929990729177,0.0393630544097881,0.049));
#14302=CARTESIAN_POINT('',(-0.0385555354412217,0.038495919946898,0.049));
#14303=CARTESIAN_POINT('',(-0.0390304627046138,0.0402301888726782,0.049));
#14304=CARTESIAN_POINT('',(-0.0401257904472118,0.0402301888726782,0.049));
#14305=CARTESIAN_POINT('',(-0.0412211181898098,0.0402301888726782,0.049));
#14306=CARTESIAN_POINT('',(-0.0414585818215058,0.0393630544097881,0.049));
#14307=CARTESIAN_POINT('',(-0.0416960454532019,0.038495919946898,0.049));
#14308=CARTESIAN_POINT('',(-0.0423806252923256,0.038495919946898,0.049));
#14309=CARTESIAN_POINT('',(-0.0430652051314493,0.038495919946898,0.049));
#14310=CARTESIAN_POINT('',(-0.041983426364834,0.0418731804865752,0.049));
#14311=CARTESIAN_POINT('',(-0.0409016475982187,0.0452504410262523,0.049));
#14312=CARTESIAN_POINT('',(-0.0401072497432355,0.0452504410262523,0.049));
#14313=CARTESIAN_POINT('',(-0.0393128518882523,0.0452504410262523,0.049));
#14314=CARTESIAN_POINT('',(-0.0382267944976425,0.0418731804865752,0.049));
#14315=CARTESIAN_POINT('',(-0.0371407371070327,0.038495919946898,0.049));
#14316=CARTESIAN_POINT('',(-0.0378481362741271,0.038495919946898,0.049));
#14317=CARTESIAN_POINT('',(-0.0401257904472118,0.0412798779593346,0.049));
#14318=CARTESIAN_POINT('',(-0.040928745550184,0.0412798779593346,0.049));
#14319=CARTESIAN_POINT('',(-0.0393228353442395,0.0412798779593346,0.049));
#14320=CARTESIAN_POINT('',(-0.0394226699041118,0.0416492658308618,0.049));
#14321=CARTESIAN_POINT('',(-0.039522504463984,0.0420186537023889,0.049));
#14322=CARTESIAN_POINT('',(-0.0401158069912246,0.0442278498915612,0.049));
#14323=CARTESIAN_POINT('',(-0.0399161378714801,0.0434976313964959,0.049));
#14324=CARTESIAN_POINT('',(-0.0397335832477138,0.042721774245489,0.049));
#14325=CARTESIAN_POINT('',(-0.039522504463984,0.0420186537023889,0.049));
#14326=CARTESIAN_POINT('',(-0.0401158069912246,0.0442278498915612,0.049));
#14327=CARTESIAN_POINT('',(-0.0401343476952008,0.0442278498915612,0.049));
#14328=CARTESIAN_POINT('',(-0.0401529199978407,0.0442278498915612,0.049));
#14329=CARTESIAN_POINT('',(-0.0882515131269603,0.0555587776642959,0.049));
#14330=CARTESIAN_POINT('',(-0.0407275914324108,0.0420186369523974,0.049));
#14331=CARTESIAN_POINT('',(-0.0408281978863127,0.0416492658308618,0.049));
#14332=CARTESIAN_POINT('',(-1.38777878078145E-17,-1.38777878078145E-17,
0.05));
#14333=CARTESIAN_POINT('',(-0.0387929990729177,0.0393630544097881,0.05));
#14334=CARTESIAN_POINT('',(-0.0390304627046138,0.0402301888726782,0.05));
#14335=CARTESIAN_POINT('',(-0.0385555354412217,0.038495919946898,0.05));
#14336=CARTESIAN_POINT('',(-0.0378481362741271,0.038495919946898,0.05));
#14337=CARTESIAN_POINT('',(-0.0371407371070327,0.038495919946898,0.05));
#14338=CARTESIAN_POINT('',(-0.0382267944976425,0.0418731804865752,0.05));
#14339=CARTESIAN_POINT('',(-0.0393128518882523,0.0452504410262523,0.05));
#14340=CARTESIAN_POINT('',(-0.0401072497432355,0.0452504410262523,0.05));
#14341=CARTESIAN_POINT('',(-0.0409016475982187,0.0452504410262523,0.05));
#14342=CARTESIAN_POINT('',(-0.041983426364834,0.0418731804865752,0.05));
#14343=CARTESIAN_POINT('',(-0.0430652051314493,0.038495919946898,0.05));
#14344=CARTESIAN_POINT('',(-0.0423806252923256,0.038495919946898,0.05));
#14345=CARTESIAN_POINT('',(-0.0416960454532019,0.038495919946898,0.05));
#14346=CARTESIAN_POINT('',(-0.0414585818215058,0.0393630544097881,0.05));
#14347=CARTESIAN_POINT('',(-0.0412211181898098,0.0402301888726782,0.05));
#14348=CARTESIAN_POINT('',(-0.0401257904472118,0.0402301888726782,0.05));
#14349=CARTESIAN_POINT('',(-0.0401257904472118,0.0412798779593346,0.05));
#14350=CARTESIAN_POINT('',(-0.0393228353442395,0.0412798779593346,0.05));
#14351=CARTESIAN_POINT('',(-0.040928745550184,0.0412798779593346,0.05));
#14352=CARTESIAN_POINT('',(-0.0408281978863127,0.0416492658308618,0.05));
#14353=CARTESIAN_POINT('',(-0.0407275914324108,0.0420186369523974,0.05));
#14354=CARTESIAN_POINT('',(-0.0882515131269603,0.0555587776642959,0.05));
#14355=CARTESIAN_POINT('',(-0.0401529199978407,0.0442278498915612,0.05));
#14356=CARTESIAN_POINT('',(-0.0401343476952008,0.0442278498915612,0.05));
#14357=CARTESIAN_POINT('',(-0.0401158069912246,0.0442278498915612,0.05));
#14358=CARTESIAN_POINT('',(-0.0401158069912246,0.0442278498915612,0.05));
#14359=CARTESIAN_POINT('',(-0.0399161378714801,0.0434976313964959,0.05));
#14360=CARTESIAN_POINT('',(-0.0397335832477138,0.042721774245489,0.05));
#14361=CARTESIAN_POINT('',(-0.039522504463984,0.0420186537023889,0.05));
#14362=CARTESIAN_POINT('',(-0.039522504463984,0.0420186537023889,0.05));
#14363=CARTESIAN_POINT('',(-0.0394226699041118,0.0416492658308618,0.05));
#14364=CARTESIAN_POINT('',(-0.0394226699041118,0.0416492658308618,0.048998));
#14365=CARTESIAN_POINT('',(-0.0393228353442395,0.0412798779593346,0.048998));
#14366=CARTESIAN_POINT('',(-0.039522504463984,0.0420186537023889,0.048998));
#14367=CARTESIAN_POINT('',(-0.0401257904472118,0.0402301888726782,0.048998));
#14368=CARTESIAN_POINT('',(-0.0390304627046138,0.0402301888726782,0.048998));
#14369=CARTESIAN_POINT('',(-0.0412211181898098,0.0402301888726782,0.048998));
#14370=CARTESIAN_POINT('',(-0.0414585818215058,0.0393630544097881,0.048998));
#14371=CARTESIAN_POINT('',(-0.0416960454532019,0.038495919946898,0.048998));
#14372=CARTESIAN_POINT('',(-0.0423806252923256,0.038495919946898,0.048998));
#14373=CARTESIAN_POINT('',(-0.0430652051314493,0.038495919946898,0.048998));
#14374=CARTESIAN_POINT('',(-0.041983426364834,0.0418731804865752,0.048998));
#14375=CARTESIAN_POINT('',(-0.0409016475982187,0.0452504410262523,0.048998));
#14376=CARTESIAN_POINT('',(-0.0401072497432355,0.0452504410262523,0.048998));
#14377=CARTESIAN_POINT('',(-0.0393128518882523,0.0452504410262523,0.048998));
#14378=CARTESIAN_POINT('',(-0.0382267944976425,0.0418731804865752,0.048998));
#14379=CARTESIAN_POINT('',(-0.0371407371070327,0.038495919946898,0.048998));
#14380=CARTESIAN_POINT('',(-0.0378481362741271,0.038495919946898,0.048998));
#14381=CARTESIAN_POINT('',(-0.0385555354412217,0.038495919946898,0.048998));
#14382=CARTESIAN_POINT('',(-0.0387929990729177,0.0393630544097881,0.048998));
#14383=CARTESIAN_POINT('',(-0.0401158069912246,0.0442278498915612,0.049));
#14384=CARTESIAN_POINT('',(-0.0401158069912246,0.0442278498915612,0.05));
#14385=CARTESIAN_POINT('',(-0.0399161378714801,0.0434976313964959,0.049));
#14386=CARTESIAN_POINT('',(-0.0399161378714801,0.0434976313964959,0.05));
#14387=CARTESIAN_POINT('',(-0.0397335832477138,0.042721774245489,0.049));
#14388=CARTESIAN_POINT('',(-0.0397335832477138,0.042721774245489,0.05));
#14389=CARTESIAN_POINT('',(-0.039522504463984,0.0420186537023889,0.049));
#14390=CARTESIAN_POINT('',(-0.039522504463984,0.0420186537023889,0.05));
#14391=CARTESIAN_POINT('',(-0.0401158069912246,0.0442278498915612,0.048998));
#14392=CARTESIAN_POINT('',(-0.0401343476952008,0.0442278498915612,0.048998));
#14393=CARTESIAN_POINT('',(-0.0401529199978407,0.0442278498915612,0.049));
#14394=CARTESIAN_POINT('',(-0.0882515131269603,0.0555587776642959,0.0489979999999877));
#14395=CARTESIAN_POINT('',(-0.0407276502224414,0.0420186537023889,0.048998));
#14396=CARTESIAN_POINT('',(-0.0408281978863127,0.0416492658308618,0.048998));
#14397=CARTESIAN_POINT('',(-0.040928745550184,0.0412798779593346,0.048998));
#14398=CARTESIAN_POINT('',(-0.0401257904472118,0.0412798779593346,0.048998));
#14399=CARTESIAN_POINT('',(0.,0.,0.));
#14400=CARTESIAN_POINT('',(-1.38777878078145E-17,-1.38777878078145E-17,
0.049));
#14401=CARTESIAN_POINT('',(-0.0347860677020466,0.039582690441507,0.049));
#14402=CARTESIAN_POINT('',(-0.0349957202777782,0.039582690441507,0.049));
#14403=CARTESIAN_POINT('',(-0.034576415126315,0.039582690441507,0.049));
#14404=CARTESIAN_POINT('',(-0.0325312328569328,0.0419002784385404,0.049));
#14405=CARTESIAN_POINT('',(-0.0325312328569328,0.0402572868246435,0.049));
#14406=CARTESIAN_POINT('',(-0.0333170734639269,0.039582690441507,0.049));
#14407=CARTESIAN_POINT('',(-0.034576415126315,0.039582690441507,0.049));
#14408=CARTESIAN_POINT('',(-0.0325312328569328,0.0419002784385404,0.049));
#14409=CARTESIAN_POINT('',(-0.034576415126315,0.0441736539876305,0.049));
#14410=CARTESIAN_POINT('',(-0.0333170734639269,0.0441736539876305,0.049));
#14411=CARTESIAN_POINT('',(-0.0325312328569328,0.0435532535084246,0.049));
#14412=CARTESIAN_POINT('',(-0.0325312328569328,0.0419002784385404,0.049));
#14413=CARTESIAN_POINT('',(-0.034576415126315,0.0441736539876305,0.049));
#14414=CARTESIAN_POINT('',(-0.0347860677020466,0.0441736539876305,0.049));
#14415=CARTESIAN_POINT('',(-0.0349957202777782,0.0441736539876305,0.049));
#14416=CARTESIAN_POINT('',(-0.0349957202777782,0.0418781722145687,0.049));
#14417=CARTESIAN_POINT('',(-0.0363477654600476,0.0418731804865752,0.049));
#14418=CARTESIAN_POINT('',(-0.0363477654600476,0.038495919946898,0.049));
#14419=CARTESIAN_POINT('',(-0.0363477654600476,0.0452504410262523,0.049));
#14420=CARTESIAN_POINT('',(-0.0354207302612342,0.0452504410262523,0.049));
#14421=CARTESIAN_POINT('',(-0.0344936950624209,0.0452504410262523,0.049));
#14422=CARTESIAN_POINT('',(-0.0311535159306963,0.0419002784385404,0.049));
#14423=CARTESIAN_POINT('',(-0.0311535159306963,0.0441822112356196,0.049));
#14424=CARTESIAN_POINT('',(-0.0324313982970606,0.0452504410262523,0.049));
#14425=CARTESIAN_POINT('',(-0.0344936950624209,0.0452504410262523,0.049));
#14426=CARTESIAN_POINT('',(-0.0311535159306963,0.0419002784385404,0.049));
#14427=CARTESIAN_POINT('',(-0.0344209584545139,0.038495919946898,0.049));
#14428=CARTESIAN_POINT('',(-0.0324313982970606,0.038495919946898,0.049));
#14429=CARTESIAN_POINT('',(-0.0311535159306963,0.0396283290974485,0.049));
#14430=CARTESIAN_POINT('',(-0.0311535159306963,0.0419002784385404,0.049));
#14431=CARTESIAN_POINT('',(-0.0344209584545139,0.038495919946898,0.049));
#14432=CARTESIAN_POINT('',(-0.0353843619572808,0.038495919946898,0.049));
#14433=CARTESIAN_POINT('',(-1.38777878078145E-17,-1.38777878078145E-17,
0.05));
#14434=CARTESIAN_POINT('',(-0.0347860677020466,0.039582690441507,0.05));
#14435=CARTESIAN_POINT('',(-0.034576415126315,0.039582690441507,0.05));
#14436=CARTESIAN_POINT('',(-0.0349957202777782,0.039582690441507,0.05));
#14437=CARTESIAN_POINT('',(-0.0349957202777782,0.0418781722145687,0.05));
#14438=CARTESIAN_POINT('',(-0.0349957202777782,0.0441736539876305,0.05));
#14439=CARTESIAN_POINT('',(-0.0347860677020466,0.0441736539876305,0.05));
#14440=CARTESIAN_POINT('',(-0.034576415126315,0.0441736539876305,0.05));
#14441=CARTESIAN_POINT('',(-0.034576415126315,0.0441736539876305,0.05));
#14442=CARTESIAN_POINT('',(-0.0333170734639269,0.0441736539876305,0.05));
#14443=CARTESIAN_POINT('',(-0.0325312328569328,0.0435532535084246,0.05));
#14444=CARTESIAN_POINT('',(-0.0325312328569328,0.0419002784385404,0.05));
#14445=CARTESIAN_POINT('',(-0.0325312328569328,0.0419002784385404,0.05));
#14446=CARTESIAN_POINT('',(-0.0325312328569328,0.0419002784385404,0.05));
#14447=CARTESIAN_POINT('',(-0.0325312328569328,0.0402572868246435,0.05));
#14448=CARTESIAN_POINT('',(-0.0333170734639269,0.039582690441507,0.05));
#14449=CARTESIAN_POINT('',(-0.034576415126315,0.039582690441507,0.05));
#14450=CARTESIAN_POINT('',(-0.0363477654600476,0.0418731804865752,0.05));
#14451=CARTESIAN_POINT('',(-0.0363477654600476,0.0452504410262523,0.05));
#14452=CARTESIAN_POINT('',(-0.0363477654600476,0.038495919946898,0.05));
#14453=CARTESIAN_POINT('',(-0.0353843619572808,0.038495919946898,0.05));
#14454=CARTESIAN_POINT('',(-0.0344209584545139,0.038495919946898,0.05));
#14455=CARTESIAN_POINT('',(-0.0344209584545139,0.038495919946898,0.05));
#14456=CARTESIAN_POINT('',(-0.0324313982970606,0.038495919946898,0.05));
#14457=CARTESIAN_POINT('',(-0.0311535159306963,0.0396283290974485,0.05));
#14458=CARTESIAN_POINT('',(-0.0311535159306963,0.0419002784385404,0.05));
#14459=CARTESIAN_POINT('',(-0.0311535159306963,0.0419002784385404,0.05));
#14460=CARTESIAN_POINT('',(-0.0311535159306963,0.0419002784385404,0.05));
#14461=CARTESIAN_POINT('',(-0.0311535159306963,0.0441822112356196,0.05));
#14462=CARTESIAN_POINT('',(-0.0324313982970606,0.0452504410262523,0.05));
#14463=CARTESIAN_POINT('',(-0.0344936950624209,0.0452504410262523,0.05));
#14464=CARTESIAN_POINT('',(-0.0344936950624209,0.0452504410262523,0.05));
#14465=CARTESIAN_POINT('',(-0.0354207302612342,0.0452504410262523,0.05));
#14466=CARTESIAN_POINT('',(-0.0354207302612342,0.0452504410262523,0.048998));
#14467=CARTESIAN_POINT('',(-0.0363477654600476,0.0452504410262523,0.048998));
#14468=CARTESIAN_POINT('',(-0.0344936950624209,0.0452504410262523,0.048998));
#14469=CARTESIAN_POINT('',(-0.0325312328569328,0.0419002784385404,0.049));
#14470=CARTESIAN_POINT('',(-0.0325312328569328,0.0419002784385404,0.05));
#14471=CARTESIAN_POINT('',(-0.0325312328569328,0.0402572868246435,0.049));
#14472=CARTESIAN_POINT('',(-0.0325312328569328,0.0402572868246435,0.05));
#14473=CARTESIAN_POINT('',(-0.0333170734639269,0.039582690441507,0.049));
#14474=CARTESIAN_POINT('',(-0.0333170734639269,0.039582690441507,0.05));
#14475=CARTESIAN_POINT('',(-0.034576415126315,0.039582690441507,0.049));
#14476=CARTESIAN_POINT('',(-0.034576415126315,0.039582690441507,0.05));
#14477=CARTESIAN_POINT('',(-0.034576415126315,0.039582690441507,0.048998));
#14478=CARTESIAN_POINT('',(-0.0325312328569328,0.0419002784385404,0.048998));
#14479=CARTESIAN_POINT('',(-0.034576415126315,0.0441736539876305,0.049));
#14480=CARTESIAN_POINT('',(-0.034576415126315,0.0441736539876305,0.05));
#14481=CARTESIAN_POINT('',(-0.0333170734639269,0.0441736539876305,0.049));
#14482=CARTESIAN_POINT('',(-0.0333170734639269,0.0441736539876305,0.05));
#14483=CARTESIAN_POINT('',(-0.0325312328569328,0.0435532535084246,0.049));
#14484=CARTESIAN_POINT('',(-0.0325312328569328,0.0435532535084246,0.05));
#14485=CARTESIAN_POINT('',(-0.0325312328569328,0.0419002784385404,0.049));
#14486=CARTESIAN_POINT('',(-0.0325312328569328,0.0419002784385404,0.05));
#14487=CARTESIAN_POINT('',(-0.034576415126315,0.0441736539876305,0.048998));
#14488=CARTESIAN_POINT('',(-0.0347860677020466,0.0441736539876305,0.048998));
#14489=CARTESIAN_POINT('',(-0.0349957202777782,0.0441736539876305,0.048998));
#14490=CARTESIAN_POINT('',(-0.0349957202777782,0.0418781722145687,0.048998));
#14491=CARTESIAN_POINT('',(-0.0349957202777782,0.039582690441507,0.048998));
#14492=CARTESIAN_POINT('',(-0.0347860677020466,0.039582690441507,0.048998));
#14493=CARTESIAN_POINT('',(-0.0311535159306963,0.0419002784385404,0.049));
#14494=CARTESIAN_POINT('',(-0.0311535159306963,0.0419002784385404,0.05));
#14495=CARTESIAN_POINT('',(-0.0311535159306963,0.0441822112356196,0.049));
#14496=CARTESIAN_POINT('',(-0.0311535159306963,0.0441822112356196,0.05));
#14497=CARTESIAN_POINT('',(-0.0324313982970606,0.0452504410262523,0.049));
#14498=CARTESIAN_POINT('',(-0.0324313982970606,0.0452504410262523,0.05));
#14499=CARTESIAN_POINT('',(-0.0344936950624209,0.0452504410262523,0.049));
#14500=CARTESIAN_POINT('',(-0.0344936950624209,0.0452504410262523,0.05));
#14501=CARTESIAN_POINT('',(-0.0311535159306963,0.0419002784385404,0.048998));
#14502=CARTESIAN_POINT('',(-0.0344209584545139,0.038495919946898,0.049));
#14503=CARTESIAN_POINT('',(-0.0344209584545139,0.038495919946898,0.05));
#14504=CARTESIAN_POINT('',(-0.0324313982970606,0.038495919946898,0.049));
#14505=CARTESIAN_POINT('',(-0.0324313982970606,0.038495919946898,0.05));
#14506=CARTESIAN_POINT('',(-0.0311535159306963,0.0396283290974485,0.049));
#14507=CARTESIAN_POINT('',(-0.0311535159306963,0.0396283290974485,0.05));
#14508=CARTESIAN_POINT('',(-0.0311535159306963,0.0419002784385404,0.049));
#14509=CARTESIAN_POINT('',(-0.0311535159306963,0.0419002784385404,0.05));
#14510=CARTESIAN_POINT('',(-0.0344209584545139,0.038495919946898,0.048998));
#14511=CARTESIAN_POINT('',(-0.0353843619572808,0.038495919946898,0.048998));
#14512=CARTESIAN_POINT('',(-0.0363477654600476,0.038495919946898,0.048998));
#14513=CARTESIAN_POINT('',(-0.0363477654600476,0.0418731804865752,0.048998));
#14514=CARTESIAN_POINT('',(0.,0.,0.));
#14515=CARTESIAN_POINT('',(-1.38777878078145E-17,-1.38777878078145E-17,
0.049));
#14516=CARTESIAN_POINT('',(-0.0298299949083904,0.0418731804865752,0.049));
#14517=CARTESIAN_POINT('',(-0.0298299949083904,0.038495919946898,0.049));
#14518=CARTESIAN_POINT('',(-0.0298299949083904,0.0452504410262523,0.049));
#14519=CARTESIAN_POINT('',(-0.0277577146870429,0.0452504410262523,0.049));
#14520=CARTESIAN_POINT('',(-0.0256854344656954,0.0452504410262523,0.049));
#14521=CARTESIAN_POINT('',(-0.0256854344656954,0.0446892281789706,0.049));
#14522=CARTESIAN_POINT('',(-0.0256854344656954,0.0441280153316889,0.049));
#14523=CARTESIAN_POINT('',(-0.0270816920959082,0.0441280153316889,0.049));
#14524=CARTESIAN_POINT('',(-0.028477949726121,0.0441280153316889,0.049));
#14525=CARTESIAN_POINT('',(-0.028477949726121,0.0433471664526884,0.049));
#14526=CARTESIAN_POINT('',(-0.028477949726121,0.042566317573688,0.049));
#14527=CARTESIAN_POINT('',(-0.0272913446716399,0.042566317573688,0.049));
#14528=CARTESIAN_POINT('',(-0.0261047396171587,0.042566317573688,0.049));
#14529=CARTESIAN_POINT('',(-0.0261047396171587,0.0420008261024118,0.049));
#14530=CARTESIAN_POINT('',(-0.0261047396171587,0.0414353346311356,0.049));
#14531=CARTESIAN_POINT('',(-0.0272913446716399,0.0414353346311356,0.049));
#14532=CARTESIAN_POINT('',(-0.028477949726121,0.0414353346311356,0.049));
#14533=CARTESIAN_POINT('',(-0.028477949726121,0.0405318318642921,0.049));
#14534=CARTESIAN_POINT('',(-0.028477949726121,0.0396283290974485,0.049));
#14535=CARTESIAN_POINT('',(-0.0270317748159721,0.0396283290974485,0.049));
#14536=CARTESIAN_POINT('',(-0.0255855999058232,0.0396283290974485,0.049));
#14537=CARTESIAN_POINT('',(-0.0255855999058232,0.0390621245221733,0.049));
#14538=CARTESIAN_POINT('',(-0.0255855999058232,0.038495919946898,0.049));
#14539=CARTESIAN_POINT('',(-0.0277077974071068,0.038495919946898,0.049));
#14540=CARTESIAN_POINT('',(-1.38777878078145E-17,-1.38777878078145E-17,
0.05));
#14541=CARTESIAN_POINT('',(-0.0298299949083904,0.0418731804865752,0.05));
#14542=CARTESIAN_POINT('',(-0.0298299949083904,0.0452504410262523,0.05));
#14543=CARTESIAN_POINT('',(-0.0298299949083904,0.038495919946898,0.05));
#14544=CARTESIAN_POINT('',(-0.0277077974071068,0.038495919946898,0.05));
#14545=CARTESIAN_POINT('',(-0.0255855999058232,0.038495919946898,0.05));
#14546=CARTESIAN_POINT('',(-0.0255855999058232,0.0390621245221733,0.05));
#14547=CARTESIAN_POINT('',(-0.0255855999058232,0.0396283290974485,0.05));
#14548=CARTESIAN_POINT('',(-0.0270317748159721,0.0396283290974485,0.05));
#14549=CARTESIAN_POINT('',(-0.028477949726121,0.0396283290974485,0.05));
#14550=CARTESIAN_POINT('',(-0.028477949726121,0.0405318318642921,0.05));
#14551=CARTESIAN_POINT('',(-0.028477949726121,0.0414353346311356,0.05));
#14552=CARTESIAN_POINT('',(-0.0272913446716399,0.0414353346311356,0.05));
#14553=CARTESIAN_POINT('',(-0.0261047396171587,0.0414353346311356,0.05));
#14554=CARTESIAN_POINT('',(-0.0261047396171587,0.0420008261024118,0.05));
#14555=CARTESIAN_POINT('',(-0.0261047396171587,0.042566317573688,0.05));
#14556=CARTESIAN_POINT('',(-0.0272913446716399,0.042566317573688,0.05));
#14557=CARTESIAN_POINT('',(-0.028477949726121,0.042566317573688,0.05));
#14558=CARTESIAN_POINT('',(-0.028477949726121,0.0433471664526884,0.05));
#14559=CARTESIAN_POINT('',(-0.028477949726121,0.0441280153316889,0.05));
#14560=CARTESIAN_POINT('',(-0.0270816920959082,0.0441280153316889,0.05));
#14561=CARTESIAN_POINT('',(-0.0256854344656954,0.0441280153316889,0.05));
#14562=CARTESIAN_POINT('',(-0.0256854344656954,0.0446892281789706,0.05));
#14563=CARTESIAN_POINT('',(-0.0256854344656954,0.0452504410262523,0.05));
#14564=CARTESIAN_POINT('',(-0.0277577146870429,0.0452504410262523,0.05));
#14565=CARTESIAN_POINT('',(-0.0277577146870429,0.0452504410262523,0.048998));
#14566=CARTESIAN_POINT('',(-0.0298299949083904,0.0452504410262523,0.048998));
#14567=CARTESIAN_POINT('',(-0.0256854344656954,0.0452504410262523,0.048998));
#14568=CARTESIAN_POINT('',(-0.0256854344656954,0.0446892281789706,0.048998));
#14569=CARTESIAN_POINT('',(-0.0256854344656954,0.0441280153316889,0.048998));
#14570=CARTESIAN_POINT('',(-0.0270816920959082,0.0441280153316889,0.048998));
#14571=CARTESIAN_POINT('',(-0.028477949726121,0.0441280153316889,0.048998));
#14572=CARTESIAN_POINT('',(-0.028477949726121,0.0433471664526884,0.048998));
#14573=CARTESIAN_POINT('',(-0.028477949726121,0.042566317573688,0.048998));
#14574=CARTESIAN_POINT('',(-0.0272913446716399,0.042566317573688,0.048998));
#14575=CARTESIAN_POINT('',(-0.0261047396171587,0.042566317573688,0.048998));
#14576=CARTESIAN_POINT('',(-0.0261047396171587,0.0420008261024118,0.048998));
#14577=CARTESIAN_POINT('',(-0.0261047396171587,0.0414353346311356,0.048998));
#14578=CARTESIAN_POINT('',(-0.0272913446716399,0.0414353346311356,0.048998));
#14579=CARTESIAN_POINT('',(-0.028477949726121,0.0414353346311356,0.048998));
#14580=CARTESIAN_POINT('',(-0.028477949726121,0.0405318318642921,0.048998));
#14581=CARTESIAN_POINT('',(-0.028477949726121,0.0396283290974485,0.048998));
#14582=CARTESIAN_POINT('',(-0.0270317748159721,0.0396283290974485,0.048998));
#14583=CARTESIAN_POINT('',(-0.0255855999058232,0.0396283290974485,0.048998));
#14584=CARTESIAN_POINT('',(-0.0255855999058232,0.0390621245221733,0.048998));
#14585=CARTESIAN_POINT('',(-0.0255855999058232,0.038495919946898,0.048998));
#14586=CARTESIAN_POINT('',(-0.0277077974071068,0.038495919946898,0.048998));
#14587=CARTESIAN_POINT('',(-0.0298299949083904,0.038495919946898,0.048998));
#14588=CARTESIAN_POINT('',(-0.0298299949083904,0.0418731804865752,0.048998));
#14589=CARTESIAN_POINT('',(0.,0.,0.));
#14590=CARTESIAN_POINT('',(-1.38777878078145E-17,-1.38777878078145E-17,
0.049));
#14591=CARTESIAN_POINT('',(0.0618706717572662,0.0447050901600439,0.049));
#14592=CARTESIAN_POINT('',(0.0618706717572662,0.0444422863405994,0.049));
#14593=CARTESIAN_POINT('',(0.0618706717572662,0.0449678939794884,0.049));
#14594=CARTESIAN_POINT('',(0.0651367307850439,0.049566201271155,0.049));
#14595=CARTESIAN_POINT('',(0.0651367307850439,0.0483402898128217,0.049));
#14596=CARTESIAN_POINT('',(0.0641067828683773,0.0469214530072661,0.049));
#14597=CARTESIAN_POINT('',(0.0618706717572662,0.0449678939794884,0.049));
#14598=CARTESIAN_POINT('',(0.0651367307850439,0.049566201271155,0.049));
#14599=CARTESIAN_POINT('',(0.0638242307850439,0.0509759234933772,0.049));
#14600=CARTESIAN_POINT('',(0.0647083453683773,0.0509759234933772,0.049));
#14601=CARTESIAN_POINT('',(0.0651367307850439,0.0503819564794883,0.049));
#14602=CARTESIAN_POINT('',(0.0651367307850439,0.049566201271155,0.049));
#14603=CARTESIAN_POINT('',(0.0638242307850439,0.0509759234933772,0.049));
#14604=CARTESIAN_POINT('',(0.0623461491878217,0.0501495346044883,0.049));
#14605=CARTESIAN_POINT('',(0.0627350380767106,0.0506158974517106,0.049));
#14606=CARTESIAN_POINT('',(0.0632408974517106,0.0509759234933772,0.049));
#14607=CARTESIAN_POINT('',(0.0638242307850439,0.0509759234933772,0.049));
#14608=CARTESIAN_POINT('',(0.0623461491878217,0.0501495346044883,0.049));
#14609=CARTESIAN_POINT('',(0.062088662208655,0.0504024642919883,0.049));
#14610=CARTESIAN_POINT('',(0.0618311752294884,0.0506553939794883,0.049));
#14611=CARTESIAN_POINT('',(0.0639305675905995,0.0517050901600439,0.049));
#14612=CARTESIAN_POINT('',(0.0630267047433773,0.0517050901600439,0.049));
#14613=CARTESIAN_POINT('',(0.0624145085628217,0.0512873384239328,0.049));
#14614=CARTESIAN_POINT('',(0.0618311752294884,0.0506553939794883,0.049));
#14615=CARTESIAN_POINT('',(0.0639305675905995,0.0517050901600439,0.049));
#14616=CARTESIAN_POINT('',(0.0660026162017106,0.0495950641183772,0.049));
#14617=CARTESIAN_POINT('',(0.0660026162017106,0.0508680675905995,0.049));
#14618=CARTESIAN_POINT('',(0.0652050901600439,0.0517050901600439,0.049));
#14619=CARTESIAN_POINT('',(0.0639305675905995,0.0517050901600439,0.049));
#14620=CARTESIAN_POINT('',(0.0660026162017106,0.0495950641183772,0.049));
#14621=CARTESIAN_POINT('',(0.0632120346044884,0.0451425901600439,0.049));
#14622=CARTESIAN_POINT('',(0.064884560646155,0.0467270085628217,0.049));
#14623=CARTESIAN_POINT('',(0.0660026162017106,0.0481762273128217,0.049));
#14624=CARTESIAN_POINT('',(0.0660026162017106,0.0495950641183772,0.049));
#14625=CARTESIAN_POINT('',(0.0632120346044884,0.0451425901600439,0.049));
#14626=CARTESIAN_POINT('',(0.064378701271155,0.0452109495350439,0.049));
#14627=CARTESIAN_POINT('',(0.0640186752294884,0.0452109495350439,0.049));
#14628=CARTESIAN_POINT('',(0.0635811752294884,0.0451714530072661,0.049));
#14629=CARTESIAN_POINT('',(0.0632120346044884,0.0451425901600439,0.049));
#14630=CARTESIAN_POINT('',(0.064378701271155,0.0452109495350439,0.049));
#14631=CARTESIAN_POINT('',(0.0653653549169884,0.0452109495350439,0.049));
#14632=CARTESIAN_POINT('',(0.0663520085628217,0.0452109495350439,0.049));
#14633=CARTESIAN_POINT('',(0.0663520085628217,0.0448266179378217,0.049));
#14634=CARTESIAN_POINT('',(0.0663520085628217,0.0444422863405994,0.049));
#14635=CARTESIAN_POINT('',(0.0641113401600439,0.0444422863405994,0.049));
#14636=CARTESIAN_POINT('',(-1.38777878078145E-17,-1.38777878078145E-17,
0.05));
#14637=CARTESIAN_POINT('',(0.0618706717572662,0.0447050901600439,0.05));
#14638=CARTESIAN_POINT('',(0.0618706717572662,0.0449678939794884,0.05));
#14639=CARTESIAN_POINT('',(0.0618706717572662,0.0444422863405994,0.05));
#14640=CARTESIAN_POINT('',(0.0641113401600439,0.0444422863405994,0.05));
#14641=CARTESIAN_POINT('',(0.0663520085628217,0.0444422863405994,0.05));
#14642=CARTESIAN_POINT('',(0.0663520085628217,0.0448266179378217,0.05));
#14643=CARTESIAN_POINT('',(0.0663520085628217,0.0452109495350439,0.05));
#14644=CARTESIAN_POINT('',(0.0653653549169884,0.0452109495350439,0.05));
#14645=CARTESIAN_POINT('',(0.064378701271155,0.0452109495350439,0.05));
#14646=CARTESIAN_POINT('',(0.064378701271155,0.0452109495350439,0.05));
#14647=CARTESIAN_POINT('',(0.0640186752294884,0.0452109495350439,0.05));
#14648=CARTESIAN_POINT('',(0.0635811752294884,0.0451714530072661,0.05));
#14649=CARTESIAN_POINT('',(0.0632120346044884,0.0451425901600439,0.05));
#14650=CARTESIAN_POINT('',(0.0632120346044884,0.0451425901600439,0.05));
#14651=CARTESIAN_POINT('',(0.0632120346044884,0.0451425901600439,0.05));
#14652=CARTESIAN_POINT('',(0.064884560646155,0.0467270085628217,0.05));
#14653=CARTESIAN_POINT('',(0.0660026162017106,0.0481762273128217,0.05));
#14654=CARTESIAN_POINT('',(0.0660026162017106,0.0495950641183772,0.05));
#14655=CARTESIAN_POINT('',(0.0660026162017106,0.0495950641183772,0.05));
#14656=CARTESIAN_POINT('',(0.0660026162017106,0.0495950641183772,0.05));
#14657=CARTESIAN_POINT('',(0.0660026162017106,0.0508680675905995,0.05));
#14658=CARTESIAN_POINT('',(0.0652050901600439,0.0517050901600439,0.05));
#14659=CARTESIAN_POINT('',(0.0639305675905995,0.0517050901600439,0.05));
#14660=CARTESIAN_POINT('',(0.0639305675905995,0.0517050901600439,0.05));
#14661=CARTESIAN_POINT('',(0.0639305675905995,0.0517050901600439,0.05));
#14662=CARTESIAN_POINT('',(0.0630267047433773,0.0517050901600439,0.05));
#14663=CARTESIAN_POINT('',(0.0624145085628217,0.0512873384239328,0.05));
#14664=CARTESIAN_POINT('',(0.0618311752294884,0.0506553939794883,0.05));
#14665=CARTESIAN_POINT('',(0.0618311752294884,0.0506553939794883,0.05));
#14666=CARTESIAN_POINT('',(0.062088662208655,0.0504024642919883,0.05));
#14667=CARTESIAN_POINT('',(0.0623461491878217,0.0501495346044883,0.05));
#14668=CARTESIAN_POINT('',(0.0623461491878217,0.0501495346044883,0.05));
#14669=CARTESIAN_POINT('',(0.0627350380767106,0.0506158974517106,0.05));
#14670=CARTESIAN_POINT('',(0.0632408974517106,0.0509759234933772,0.05));
#14671=CARTESIAN_POINT('',(0.0638242307850439,0.0509759234933772,0.05));
#14672=CARTESIAN_POINT('',(0.0638242307850439,0.0509759234933772,0.05));
#14673=CARTESIAN_POINT('',(0.0638242307850439,0.0509759234933772,0.05));
#14674=CARTESIAN_POINT('',(0.0647083453683773,0.0509759234933772,0.05));
#14675=CARTESIAN_POINT('',(0.0651367307850439,0.0503819564794883,0.05));
#14676=CARTESIAN_POINT('',(0.0651367307850439,0.049566201271155,0.05));
#14677=CARTESIAN_POINT('',(0.0651367307850439,0.049566201271155,0.05));
#14678=CARTESIAN_POINT('',(0.0651367307850439,0.049566201271155,0.05));
#14679=CARTESIAN_POINT('',(0.0651367307850439,0.0483402898128217,0.05));
#14680=CARTESIAN_POINT('',(0.0641067828683773,0.0469214530072661,0.05));
#14681=CARTESIAN_POINT('',(0.0618706717572662,0.0449678939794884,0.05));
#14682=CARTESIAN_POINT('',(0.0651367307850439,0.049566201271155,0.049));
#14683=CARTESIAN_POINT('',(0.0651367307850439,0.049566201271155,0.05));
#14684=CARTESIAN_POINT('',(0.0651367307850439,0.0483402898128217,0.049));
#14685=CARTESIAN_POINT('',(0.0651367307850439,0.0483402898128217,0.05));
#14686=CARTESIAN_POINT('',(0.0641067828683773,0.0469214530072661,0.049));
#14687=CARTESIAN_POINT('',(0.0641067828683773,0.0469214530072661,0.05));
#14688=CARTESIAN_POINT('',(0.0618706717572662,0.0449678939794884,0.049));
#14689=CARTESIAN_POINT('',(0.0618706717572662,0.0449678939794884,0.05));
#14690=CARTESIAN_POINT('',(0.0618706717572662,0.0449678939794884,0.048998));
#14691=CARTESIAN_POINT('',(0.0651367307850439,0.049566201271155,0.048998));
#14692=CARTESIAN_POINT('',(0.0638242307850439,0.0509759234933772,0.049));
#14693=CARTESIAN_POINT('',(0.0638242307850439,0.0509759234933772,0.05));
#14694=CARTESIAN_POINT('',(0.0647083453683773,0.0509759234933772,0.049));
#14695=CARTESIAN_POINT('',(0.0647083453683773,0.0509759234933772,0.05));
#14696=CARTESIAN_POINT('',(0.0651367307850439,0.0503819564794883,0.049));
#14697=CARTESIAN_POINT('',(0.0651367307850439,0.0503819564794883,0.05));
#14698=CARTESIAN_POINT('',(0.0651367307850439,0.049566201271155,0.049));
#14699=CARTESIAN_POINT('',(0.0651367307850439,0.049566201271155,0.05));
#14700=CARTESIAN_POINT('',(0.0638242307850439,0.0509759234933772,0.048998));
#14701=CARTESIAN_POINT('',(0.0623461491878217,0.0501495346044883,0.049));
#14702=CARTESIAN_POINT('',(0.0623461491878217,0.0501495346044883,0.05));
#14703=CARTESIAN_POINT('',(0.0627350380767106,0.0506158974517106,0.049));
#14704=CARTESIAN_POINT('',(0.0627350380767106,0.0506158974517106,0.05));
#14705=CARTESIAN_POINT('',(0.0632408974517106,0.0509759234933772,0.049));
#14706=CARTESIAN_POINT('',(0.0632408974517106,0.0509759234933772,0.05));
#14707=CARTESIAN_POINT('',(0.0638242307850439,0.0509759234933772,0.049));
#14708=CARTESIAN_POINT('',(0.0638242307850439,0.0509759234933772,0.05));
#14709=CARTESIAN_POINT('',(0.0623461491878217,0.0501495346044883,0.048998));
#14710=CARTESIAN_POINT('',(0.062088662208655,0.0504024642919883,0.048998));
#14711=CARTESIAN_POINT('',(0.0618311752294884,0.0506553939794883,0.048998));
#14712=CARTESIAN_POINT('',(0.0639305675905995,0.0517050901600439,0.049));
#14713=CARTESIAN_POINT('',(0.0639305675905995,0.0517050901600439,0.05));
#14714=CARTESIAN_POINT('',(0.0630267047433773,0.0517050901600439,0.049));
#14715=CARTESIAN_POINT('',(0.0630267047433773,0.0517050901600439,0.05));
#14716=CARTESIAN_POINT('',(0.0624145085628217,0.0512873384239328,0.049));
#14717=CARTESIAN_POINT('',(0.0624145085628217,0.0512873384239328,0.05));
#14718=CARTESIAN_POINT('',(0.0618311752294884,0.0506553939794883,0.049));
#14719=CARTESIAN_POINT('',(0.0618311752294884,0.0506553939794883,0.05));
#14720=CARTESIAN_POINT('',(0.0639305675905995,0.0517050901600439,0.048998));
#14721=CARTESIAN_POINT('',(0.0660026162017106,0.0495950641183772,0.049));
#14722=CARTESIAN_POINT('',(0.0660026162017106,0.0495950641183772,0.05));
#14723=CARTESIAN_POINT('',(0.0660026162017106,0.0508680675905995,0.049));
#14724=CARTESIAN_POINT('',(0.0660026162017106,0.0508680675905995,0.05));
#14725=CARTESIAN_POINT('',(0.0652050901600439,0.0517050901600439,0.049));
#14726=CARTESIAN_POINT('',(0.0652050901600439,0.0517050901600439,0.05));
#14727=CARTESIAN_POINT('',(0.0639305675905995,0.0517050901600439,0.049));
#14728=CARTESIAN_POINT('',(0.0639305675905995,0.0517050901600439,0.05));
#14729=CARTESIAN_POINT('',(0.0660026162017106,0.0495950641183772,0.048998));
#14730=CARTESIAN_POINT('',(0.0632120346044884,0.0451425901600439,0.049));
#14731=CARTESIAN_POINT('',(0.0632120346044884,0.0451425901600439,0.05));
#14732=CARTESIAN_POINT('',(0.064884560646155,0.0467270085628217,0.049));
#14733=CARTESIAN_POINT('',(0.064884560646155,0.0467270085628217,0.05));
#14734=CARTESIAN_POINT('',(0.0660026162017106,0.0481762273128217,0.049));
#14735=CARTESIAN_POINT('',(0.0660026162017106,0.0481762273128217,0.05));
#14736=CARTESIAN_POINT('',(0.0660026162017106,0.0495950641183772,0.049));
#14737=CARTESIAN_POINT('',(0.0660026162017106,0.0495950641183772,0.05));
#14738=CARTESIAN_POINT('',(0.0632120346044884,0.0451425901600439,0.048998));
#14739=CARTESIAN_POINT('',(0.064378701271155,0.0452109495350439,0.049));
#14740=CARTESIAN_POINT('',(0.064378701271155,0.0452109495350439,0.05));
#14741=CARTESIAN_POINT('',(0.0640186752294884,0.0452109495350439,0.049));
#14742=CARTESIAN_POINT('',(0.0640186752294884,0.0452109495350439,0.05));
#14743=CARTESIAN_POINT('',(0.0635811752294884,0.0451714530072661,0.049));
#14744=CARTESIAN_POINT('',(0.0635811752294884,0.0451714530072661,0.05));
#14745=CARTESIAN_POINT('',(0.0632120346044884,0.0451425901600439,0.049));
#14746=CARTESIAN_POINT('',(0.0632120346044884,0.0451425901600439,0.05));
#14747=CARTESIAN_POINT('',(0.064378701271155,0.0452109495350439,0.048998));
#14748=CARTESIAN_POINT('',(0.0653653549169884,0.0452109495350439,0.048998));
#14749=CARTESIAN_POINT('',(0.0663520085628217,0.0452109495350439,0.048998));
#14750=CARTESIAN_POINT('',(0.0663520085628217,0.0448266179378217,0.048998));
#14751=CARTESIAN_POINT('',(0.0663520085628217,0.0444422863405994,0.048998));
#14752=CARTESIAN_POINT('',(0.0641113401600439,0.0444422863405994,0.048998));
#14753=CARTESIAN_POINT('',(0.0618706717572662,0.0444422863405994,0.048998));
#14754=CARTESIAN_POINT('',(0.0618706717572662,0.0447050901600439,0.048998));
#14755=MECHANICAL_DESIGN_GEOMETRIC_PRESENTATION_REPRESENTATION('',(#8335),
#14766);
#14756=MECHANICAL_DESIGN_GEOMETRIC_PRESENTATION_REPRESENTATION('',(#8336),
#14767);
#14757=MECHANICAL_DESIGN_GEOMETRIC_PRESENTATION_REPRESENTATION('',(#8337),
#14768);
#14758=MECHANICAL_DESIGN_GEOMETRIC_PRESENTATION_REPRESENTATION('',(#8338),
#14769);
#14759=MECHANICAL_DESIGN_GEOMETRIC_PRESENTATION_REPRESENTATION('',(#8339),
#14770);
#14760=MECHANICAL_DESIGN_GEOMETRIC_PRESENTATION_REPRESENTATION('',(#8340),
#14771);
#14761=MECHANICAL_DESIGN_GEOMETRIC_PRESENTATION_REPRESENTATION('',(#8341),
#14772);
#14762=MECHANICAL_DESIGN_GEOMETRIC_PRESENTATION_REPRESENTATION('',(#8342),
#14773);
#14763=MECHANICAL_DESIGN_GEOMETRIC_PRESENTATION_REPRESENTATION('',(#8343),
#14774);
#14764=MECHANICAL_DESIGN_GEOMETRIC_PRESENTATION_REPRESENTATION('',(#8344),
#14775);
#14765=MECHANICAL_DESIGN_GEOMETRIC_PRESENTATION_REPRESENTATION('',(#8345),
#14776);
#14766=(
GEOMETRIC_REPRESENTATION_CONTEXT(3)
GLOBAL_UNCERTAINTY_ASSIGNED_CONTEXT((#14777))
GLOBAL_UNIT_ASSIGNED_CONTEXT((#14810,#14799,#14788))
REPRESENTATION_CONTEXT('Box_Cover','TOP_LEVEL_ASSEMBLY_PART')
);
#14767=(
GEOMETRIC_REPRESENTATION_CONTEXT(3)
GLOBAL_UNCERTAINTY_ASSIGNED_CONTEXT((#14778))
GLOBAL_UNIT_ASSIGNED_CONTEXT((#14811,#14800,#14789))
REPRESENTATION_CONTEXT('Text-2','TOP_LEVEL_ASSEMBLY_PART')
);
#14768=(
GEOMETRIC_REPRESENTATION_CONTEXT(3)
GLOBAL_UNCERTAINTY_ASSIGNED_CONTEXT((#14779))
GLOBAL_UNIT_ASSIGNED_CONTEXT((#14812,#14801,#14790))
REPRESENTATION_CONTEXT('Text-1','TOP_LEVEL_ASSEMBLY_PART')
);
#14769=(
GEOMETRIC_REPRESENTATION_CONTEXT(3)
GLOBAL_UNCERTAINTY_ASSIGNED_CONTEXT((#14780))
GLOBAL_UNIT_ASSIGNED_CONTEXT((#14813,#14802,#14791))
REPRESENTATION_CONTEXT('Text-D','TOP_LEVEL_ASSEMBLY_PART')
);
#14770=(
GEOMETRIC_REPRESENTATION_CONTEXT(3)
GLOBAL_UNCERTAINTY_ASSIGNED_CONTEXT((#14781))
GLOBAL_UNIT_ASSIGNED_CONTEXT((#14814,#14803,#14792))
REPRESENTATION_CONTEXT('Text-A','TOP_LEVEL_ASSEMBLY_PART')
);
#14771=(
GEOMETRIC_REPRESENTATION_CONTEXT(3)
GLOBAL_UNCERTAINTY_ASSIGNED_CONTEXT((#14782))
GLOBAL_UNIT_ASSIGNED_CONTEXT((#14815,#14804,#14793))
REPRESENTATION_CONTEXT('Text-R','TOP_LEVEL_ASSEMBLY_PART')
);
#14772=(
GEOMETRIC_REPRESENTATION_CONTEXT(3)
GLOBAL_UNCERTAINTY_ASSIGNED_CONTEXT((#14783))
GLOBAL_UNIT_ASSIGNED_CONTEXT((#14816,#14805,#14794))
REPRESENTATION_CONTEXT('Text-C','TOP_LEVEL_ASSEMBLY_PART')
);
#14773=(
GEOMETRIC_REPRESENTATION_CONTEXT(3)
GLOBAL_UNCERTAINTY_ASSIGNED_CONTEXT((#14784))
GLOBAL_UNIT_ASSIGNED_CONTEXT((#14817,#14806,#14795))
REPRESENTATION_CONTEXT('Text-A''','TOP_LEVEL_ASSEMBLY_PART')
);
#14774=(
GEOMETRIC_REPRESENTATION_CONTEXT(3)
GLOBAL_UNCERTAINTY_ASSIGNED_CONTEXT((#14785))
GLOBAL_UNIT_ASSIGNED_CONTEXT((#14818,#14807,#14796))
REPRESENTATION_CONTEXT('Text-D','TOP_LEVEL_ASSEMBLY_PART')
);
#14775=(
GEOMETRIC_REPRESENTATION_CONTEXT(3)
GLOBAL_UNCERTAINTY_ASSIGNED_CONTEXT((#14786))
GLOBAL_UNIT_ASSIGNED_CONTEXT((#14819,#14808,#14797))
REPRESENTATION_CONTEXT('Text-E','TOP_LEVEL_ASSEMBLY_PART')
);
#14776=(
GEOMETRIC_REPRESENTATION_CONTEXT(3)
GLOBAL_UNCERTAINTY_ASSIGNED_CONTEXT((#14787))
GLOBAL_UNIT_ASSIGNED_CONTEXT((#14820,#14809,#14798))
REPRESENTATION_CONTEXT('Text-1','TOP_LEVEL_ASSEMBLY_PART')
);
#14777=UNCERTAINTY_MEASURE_WITH_UNIT(LENGTH_MEASURE(2.E-5),#14810,
'DISTANCE_ACCURACY_VALUE','Maximum Tolerance applied to model');
#14778=UNCERTAINTY_MEASURE_WITH_UNIT(LENGTH_MEASURE(2.E-5),#14811,
'DISTANCE_ACCURACY_VALUE','Maximum Tolerance applied to model');
#14779=UNCERTAINTY_MEASURE_WITH_UNIT(LENGTH_MEASURE(2.E-5),#14812,
'DISTANCE_ACCURACY_VALUE','Maximum Tolerance applied to model');
#14780=UNCERTAINTY_MEASURE_WITH_UNIT(LENGTH_MEASURE(2.E-5),#14813,
'DISTANCE_ACCURACY_VALUE','Maximum Tolerance applied to model');
#14781=UNCERTAINTY_MEASURE_WITH_UNIT(LENGTH_MEASURE(2.E-5),#14814,
'DISTANCE_ACCURACY_VALUE','Maximum Tolerance applied to model');
#14782=UNCERTAINTY_MEASURE_WITH_UNIT(LENGTH_MEASURE(2.E-5),#14815,
'DISTANCE_ACCURACY_VALUE','Maximum Tolerance applied to model');
#14783=UNCERTAINTY_MEASURE_WITH_UNIT(LENGTH_MEASURE(2.E-5),#14816,
'DISTANCE_ACCURACY_VALUE','Maximum Tolerance applied to model');
#14784=UNCERTAINTY_MEASURE_WITH_UNIT(LENGTH_MEASURE(2.E-5),#14817,
'DISTANCE_ACCURACY_VALUE','Maximum Tolerance applied to model');
#14785=UNCERTAINTY_MEASURE_WITH_UNIT(LENGTH_MEASURE(2.E-5),#14818,
'DISTANCE_ACCURACY_VALUE','Maximum Tolerance applied to model');
#14786=UNCERTAINTY_MEASURE_WITH_UNIT(LENGTH_MEASURE(1.E-8),#14819,
'DISTANCE_ACCURACY_VALUE','Maximum Tolerance applied to model');
#14787=UNCERTAINTY_MEASURE_WITH_UNIT(LENGTH_MEASURE(2.E-5),#14820,
'DISTANCE_ACCURACY_VALUE','Maximum Tolerance applied to model');
#14788=(
NAMED_UNIT(*)
SI_UNIT($,.STERADIAN.)
SOLID_ANGLE_UNIT()
);
#14789=(
NAMED_UNIT(*)
SI_UNIT($,.STERADIAN.)
SOLID_ANGLE_UNIT()
);
#14790=(
NAMED_UNIT(*)
SI_UNIT($,.STERADIAN.)
SOLID_ANGLE_UNIT()
);
#14791=(
NAMED_UNIT(*)
SI_UNIT($,.STERADIAN.)
SOLID_ANGLE_UNIT()
);
#14792=(
NAMED_UNIT(*)
SI_UNIT($,.STERADIAN.)
SOLID_ANGLE_UNIT()
);
#14793=(
NAMED_UNIT(*)
SI_UNIT($,.STERADIAN.)
SOLID_ANGLE_UNIT()
);
#14794=(
NAMED_UNIT(*)
SI_UNIT($,.STERADIAN.)
SOLID_ANGLE_UNIT()
);
#14795=(
NAMED_UNIT(*)
SI_UNIT($,.STERADIAN.)
SOLID_ANGLE_UNIT()
);
#14796=(
NAMED_UNIT(*)
SI_UNIT($,.STERADIAN.)
SOLID_ANGLE_UNIT()
);
#14797=(
NAMED_UNIT(*)
SI_UNIT($,.STERADIAN.)
SOLID_ANGLE_UNIT()
);
#14798=(
NAMED_UNIT(*)
SI_UNIT($,.STERADIAN.)
SOLID_ANGLE_UNIT()
);
#14799=(
NAMED_UNIT(*)
PLANE_ANGLE_UNIT()
SI_UNIT($,.RADIAN.)
);
#14800=(
NAMED_UNIT(*)
PLANE_ANGLE_UNIT()
SI_UNIT($,.RADIAN.)
);
#14801=(
NAMED_UNIT(*)
PLANE_ANGLE_UNIT()
SI_UNIT($,.RADIAN.)
);
#14802=(
NAMED_UNIT(*)
PLANE_ANGLE_UNIT()
SI_UNIT($,.RADIAN.)
);
#14803=(
NAMED_UNIT(*)
PLANE_ANGLE_UNIT()
SI_UNIT($,.RADIAN.)
);
#14804=(
NAMED_UNIT(*)
PLANE_ANGLE_UNIT()
SI_UNIT($,.RADIAN.)
);
#14805=(
NAMED_UNIT(*)
PLANE_ANGLE_UNIT()
SI_UNIT($,.RADIAN.)
);
#14806=(
NAMED_UNIT(*)
PLANE_ANGLE_UNIT()
SI_UNIT($,.RADIAN.)
);
#14807=(
NAMED_UNIT(*)
PLANE_ANGLE_UNIT()
SI_UNIT($,.RADIAN.)
);
#14808=(
NAMED_UNIT(*)
PLANE_ANGLE_UNIT()
SI_UNIT($,.RADIAN.)
);
#14809=(
NAMED_UNIT(*)
PLANE_ANGLE_UNIT()
SI_UNIT($,.RADIAN.)
);
#14810=(
LENGTH_UNIT()
NAMED_UNIT(*)
SI_UNIT($,.METRE.)
);
#14811=(
LENGTH_UNIT()
NAMED_UNIT(*)
SI_UNIT($,.METRE.)
);
#14812=(
LENGTH_UNIT()
NAMED_UNIT(*)
SI_UNIT($,.METRE.)
);
#14813=(
LENGTH_UNIT()
NAMED_UNIT(*)
SI_UNIT($,.METRE.)
);
#14814=(
LENGTH_UNIT()
NAMED_UNIT(*)
SI_UNIT($,.METRE.)
);
#14815=(
LENGTH_UNIT()
NAMED_UNIT(*)
SI_UNIT($,.METRE.)
);
#14816=(
LENGTH_UNIT()
NAMED_UNIT(*)
SI_UNIT($,.METRE.)
);
#14817=(
LENGTH_UNIT()
NAMED_UNIT(*)
SI_UNIT($,.METRE.)
);
#14818=(
LENGTH_UNIT()
NAMED_UNIT(*)
SI_UNIT($,.METRE.)
);
#14819=(
LENGTH_UNIT()
NAMED_UNIT(*)
SI_UNIT($,.METRE.)
);
#14820=(
LENGTH_UNIT()
NAMED_UNIT(*)
SI_UNIT($,.METRE.)
);
#14821=PRODUCT_DEFINITION_SHAPE('','',#14832);
#14822=PRODUCT_DEFINITION_SHAPE('','',#14833);
#14823=PRODUCT_DEFINITION_SHAPE('','',#14834);
#14824=PRODUCT_DEFINITION_SHAPE('','',#14835);
#14825=PRODUCT_DEFINITION_SHAPE('','',#14836);
#14826=PRODUCT_DEFINITION_SHAPE('','',#14837);
#14827=PRODUCT_DEFINITION_SHAPE('','',#14838);
#14828=PRODUCT_DEFINITION_SHAPE('','',#14839);
#14829=PRODUCT_DEFINITION_SHAPE('','',#14840);
#14830=PRODUCT_DEFINITION_SHAPE('','',#14841);
#14831=PRODUCT_DEFINITION_SHAPE('','',#14842);
#14832=PRODUCT_DEFINITION('','',#14854,#14843);
#14833=PRODUCT_DEFINITION('','',#14855,#14844);
#14834=PRODUCT_DEFINITION('','',#14856,#14845);
#14835=PRODUCT_DEFINITION('','',#14857,#14846);
#14836=PRODUCT_DEFINITION('','',#14858,#14847);
#14837=PRODUCT_DEFINITION('','',#14859,#14848);
#14838=PRODUCT_DEFINITION('','',#14860,#14849);
#14839=PRODUCT_DEFINITION('','',#14861,#14850);
#14840=PRODUCT_DEFINITION('','',#14862,#14851);
#14841=PRODUCT_DEFINITION('','',#14863,#14852);
#14842=PRODUCT_DEFINITION('','',#14864,#14853);
#14843=PRODUCT_DEFINITION_CONTEXT('',#14920,'design');
#14844=PRODUCT_DEFINITION_CONTEXT('',#14921,'design');
#14845=PRODUCT_DEFINITION_CONTEXT('',#14922,'design');
#14846=PRODUCT_DEFINITION_CONTEXT('',#14923,'design');
#14847=PRODUCT_DEFINITION_CONTEXT('',#14924,'design');
#14848=PRODUCT_DEFINITION_CONTEXT('',#14925,'design');
#14849=PRODUCT_DEFINITION_CONTEXT('',#14926,'design');
#14850=PRODUCT_DEFINITION_CONTEXT('',#14927,'design');
#14851=PRODUCT_DEFINITION_CONTEXT('',#14928,'design');
#14852=PRODUCT_DEFINITION_CONTEXT('',#14929,'design');
#14853=PRODUCT_DEFINITION_CONTEXT('',#14930,'design');
#14854=PRODUCT_DEFINITION_FORMATION_WITH_SPECIFIED_SOURCE('','',#14876,
 .NOT_KNOWN.);
#14855=PRODUCT_DEFINITION_FORMATION_WITH_SPECIFIED_SOURCE('','',#14877,
 .NOT_KNOWN.);
#14856=PRODUCT_DEFINITION_FORMATION_WITH_SPECIFIED_SOURCE('','',#14878,
 .NOT_KNOWN.);
#14857=PRODUCT_DEFINITION_FORMATION_WITH_SPECIFIED_SOURCE('','',#14879,
 .NOT_KNOWN.);
#14858=PRODUCT_DEFINITION_FORMATION_WITH_SPECIFIED_SOURCE('','',#14880,
 .NOT_KNOWN.);
#14859=PRODUCT_DEFINITION_FORMATION_WITH_SPECIFIED_SOURCE('','',#14881,
 .NOT_KNOWN.);
#14860=PRODUCT_DEFINITION_FORMATION_WITH_SPECIFIED_SOURCE('','',#14882,
 .NOT_KNOWN.);
#14861=PRODUCT_DEFINITION_FORMATION_WITH_SPECIFIED_SOURCE('','',#14883,
 .NOT_KNOWN.);
#14862=PRODUCT_DEFINITION_FORMATION_WITH_SPECIFIED_SOURCE('','',#14884,
 .NOT_KNOWN.);
#14863=PRODUCT_DEFINITION_FORMATION_WITH_SPECIFIED_SOURCE('','',#14885,
 .NOT_KNOWN.);
#14864=PRODUCT_DEFINITION_FORMATION_WITH_SPECIFIED_SOURCE('','',#14886,
 .NOT_KNOWN.);
#14865=PRODUCT_RELATED_PRODUCT_CATEGORY('','',(#14876));
#14866=PRODUCT_RELATED_PRODUCT_CATEGORY('','',(#14877));
#14867=PRODUCT_RELATED_PRODUCT_CATEGORY('','',(#14878));
#14868=PRODUCT_RELATED_PRODUCT_CATEGORY('','',(#14879));
#14869=PRODUCT_RELATED_PRODUCT_CATEGORY('','',(#14880));
#14870=PRODUCT_RELATED_PRODUCT_CATEGORY('','',(#14881));
#14871=PRODUCT_RELATED_PRODUCT_CATEGORY('','',(#14882));
#14872=PRODUCT_RELATED_PRODUCT_CATEGORY('','',(#14883));
#14873=PRODUCT_RELATED_PRODUCT_CATEGORY('','',(#14884));
#14874=PRODUCT_RELATED_PRODUCT_CATEGORY('','',(#14885));
#14875=PRODUCT_RELATED_PRODUCT_CATEGORY('','',(#14886));
#14876=PRODUCT('Box_Cover','Box_Cover','Box_Cover',(#14898));
#14877=PRODUCT('Text-2','Text-2','Text-2',(#14899));
#14878=PRODUCT('Text-1','Text-1','Text-1',(#14900));
#14879=PRODUCT('Text-D','Text-D','Text-D',(#14901));
#14880=PRODUCT('Text-A','Text-A','Text-A',(#14902));
#14881=PRODUCT('Text-R','Text-R','Text-R',(#14903));
#14882=PRODUCT('Text-C','Text-C','Text-C',(#14904));
#14883=PRODUCT('Text-A''','Text-A''','Text-A''',(#14905));
#14884=PRODUCT('Text-D','Text-D','Text-D',(#14906));
#14885=PRODUCT('Text-E','Text-E','Text-E',(#14907));
#14886=PRODUCT('Text-1','Text-1','Text-1',(#14908));
#14887=PRODUCT_CATEGORY('','');
#14888=PRODUCT_CATEGORY('','');
#14889=PRODUCT_CATEGORY('','');
#14890=PRODUCT_CATEGORY('','');
#14891=PRODUCT_CATEGORY('','');
#14892=PRODUCT_CATEGORY('','');
#14893=PRODUCT_CATEGORY('','');
#14894=PRODUCT_CATEGORY('','');
#14895=PRODUCT_CATEGORY('','');
#14896=PRODUCT_CATEGORY('','');
#14897=PRODUCT_CATEGORY('','');
#14898=PRODUCT_CONTEXT('',#14920,'mechanical');
#14899=PRODUCT_CONTEXT('',#14921,'mechanical');
#14900=PRODUCT_CONTEXT('',#14922,'mechanical');
#14901=PRODUCT_CONTEXT('',#14923,'mechanical');
#14902=PRODUCT_CONTEXT('',#14924,'mechanical');
#14903=PRODUCT_CONTEXT('',#14925,'mechanical');
#14904=PRODUCT_CONTEXT('',#14926,'mechanical');
#14905=PRODUCT_CONTEXT('',#14927,'mechanical');
#14906=PRODUCT_CONTEXT('',#14928,'mechanical');
#14907=PRODUCT_CONTEXT('',#14929,'mechanical');
#14908=PRODUCT_CONTEXT('',#14930,'mechanical');
#14909=APPLICATION_PROTOCOL_DEFINITION('international standard',
'ap242_managed_model_based_3d_engineering',2020,#14920);
#14910=APPLICATION_PROTOCOL_DEFINITION('international standard',
'ap242_managed_model_based_3d_engineering',2020,#14921);
#14911=APPLICATION_PROTOCOL_DEFINITION('international standard',
'ap242_managed_model_based_3d_engineering',2020,#14922);
#14912=APPLICATION_PROTOCOL_DEFINITION('international standard',
'ap242_managed_model_based_3d_engineering',2020,#14923);
#14913=APPLICATION_PROTOCOL_DEFINITION('international standard',
'ap242_managed_model_based_3d_engineering',2020,#14924);
#14914=APPLICATION_PROTOCOL_DEFINITION('international standard',
'ap242_managed_model_based_3d_engineering',2020,#14925);
#14915=APPLICATION_PROTOCOL_DEFINITION('international standard',
'ap242_managed_model_based_3d_engineering',2020,#14926);
#14916=APPLICATION_PROTOCOL_DEFINITION('international standard',
'ap242_managed_model_based_3d_engineering',2020,#14927);
#14917=APPLICATION_PROTOCOL_DEFINITION('international standard',
'ap242_managed_model_based_3d_engineering',2020,#14928);
#14918=APPLICATION_PROTOCOL_DEFINITION('international standard',
'ap242_managed_model_based_3d_engineering',2020,#14929);
#14919=APPLICATION_PROTOCOL_DEFINITION('international standard',
'ap242_managed_model_based_3d_engineering',2020,#14930);
#14920=APPLICATION_CONTEXT('managed model based 3d engineering');
#14921=APPLICATION_CONTEXT('managed model based 3d engineering');
#14922=APPLICATION_CONTEXT('managed model based 3d engineering');
#14923=APPLICATION_CONTEXT('managed model based 3d engineering');
#14924=APPLICATION_CONTEXT('managed model based 3d engineering');
#14925=APPLICATION_CONTEXT('managed model based 3d engineering');
#14926=APPLICATION_CONTEXT('managed model based 3d engineering');
#14927=APPLICATION_CONTEXT('managed model based 3d engineering');
#14928=APPLICATION_CONTEXT('managed model based 3d engineering');
#14929=APPLICATION_CONTEXT('managed model based 3d engineering');
#14930=APPLICATION_CONTEXT('managed model based 3d engineering');
ENDSEC;
END-ISO-10303-21;
