ISO-10303-21;
HEADER;
/* Generated by software containing ST-Developer
 * from STEP Tools, Inc. (www.steptools.com) 
 */
/* OPTION: using custom renumber hook */

FILE_DESCRIPTION(
/* description */ ('STEP AP242 Edition 2',
'CAx-IF Rec.Pracs.---Representation and Presentation of Product Manufa
cturing Information (PMI)---4.0---2014-10-13',
'CAx-IF Rec.Pracs.---3D Tessellated Geometry---0.4---2014-09-14','2;1',
'CAx-IF Rec.Pracs.---User Defined Attributes---1.5---2016-08-15'),
/* implementation_level */ '2;1');

FILE_NAME(
/* name */ 'Box - Switch_Cover',
/* time_stamp */ '2026-08-02T04:19:31Z',
/* author */ (''),
/* organization */ (''),
/* preprocessor_version */ 'ST-DEVELOPER v20',
/* originating_system */ 'ONSHAPE BY PTC INC, 1.218',
/* authorisation */ '  ');

FILE_SCHEMA (('AP242_MANAGED_MODEL_BASED_3D_ENGINEERING_MIM_LF { 1 0 10303 442 3 1 4 }'));
ENDSEC;

DATA;
#10=SHAPE_REPRESENTATION_RELATIONSHIP('','',#5804,#11);
#11=ADVANCED_BREP_SHAPE_REPRESENTATION('',(#5802),#10167);
#12=TOROIDAL_SURFACE('',#6193,0.0015,0.0005);
#13=TOROIDAL_SURFACE('',#6195,0.0015,0.0005);
#14=TOROIDAL_SURFACE('',#6201,0.0015,0.0005);
#15=TOROIDAL_SURFACE('',#6203,0.0015,0.0005);
#16=TOROIDAL_SURFACE('',#6206,0.0015,0.0005);
#17=TOROIDAL_SURFACE('',#6213,0.0015,0.0005);
#18=TOROIDAL_SURFACE('',#6214,0.0015,0.0005);
#19=TOROIDAL_SURFACE('',#6221,0.0015,0.0005);
#20=TOROIDAL_SURFACE('',#6222,0.0015,0.0005);
#21=TOROIDAL_SURFACE('',#6229,0.0015,0.0005);
#22=TOROIDAL_SURFACE('',#6233,0.0015,0.0005);
#23=TOROIDAL_SURFACE('',#6235,0.0015,0.0005);
#24=TOROIDAL_SURFACE('',#6238,0.0015,0.0005);
#25=TOROIDAL_SURFACE('',#6245,0.0015,0.0005);
#26=TOROIDAL_SURFACE('',#6246,0.0015,0.0005);
#27=TOROIDAL_SURFACE('',#6253,0.0015,0.0005);
#28=TOROIDAL_SURFACE('',#6257,0.0015,0.0005);
#29=TOROIDAL_SURFACE('',#6259,0.0015,0.0005);
#30=TOROIDAL_SURFACE('',#6262,0.0015,0.0005);
#31=TOROIDAL_SURFACE('',#6269,0.0015,0.0005);
#32=TOROIDAL_SURFACE('',#6270,0.0015,0.0005);
#33=TOROIDAL_SURFACE('',#6277,0.0015,0.0005);
#34=TOROIDAL_SURFACE('',#6278,0.0015,0.0005);
#35=TOROIDAL_SURFACE('',#6285,0.0015,0.0005);
#36=TOROIDAL_SURFACE('',#6289,0.0015,0.0005);
#37=TOROIDAL_SURFACE('',#6291,0.0015,0.0005);
#38=TOROIDAL_SURFACE('',#6297,0.0015,0.0005);
#39=TOROIDAL_SURFACE('',#6299,0.0015,0.0005);
#40=TOROIDAL_SURFACE('',#6302,0.017856470248934,0.0005);
#41=TOROIDAL_SURFACE('',#6306,0.0015,0.0005);
#42=TOROIDAL_SURFACE('',#6308,0.0015,0.0005);
#43=TOROIDAL_SURFACE('',#6314,0.0015,0.0005);
#44=TOROIDAL_SURFACE('',#6316,0.0015,0.0005);
#45=TOROIDAL_SURFACE('',#6319,0.017856470248934,0.0005);
#46=TOROIDAL_SURFACE('',#6323,0.0015,0.0005);
#47=TOROIDAL_SURFACE('',#6325,0.0015,0.0005);
#48=TOROIDAL_SURFACE('',#6331,0.0015,0.0005);
#49=TOROIDAL_SURFACE('',#6333,0.0015,0.0005);
#50=TOROIDAL_SURFACE('',#6336,0.017856470248934,0.0005);
#51=TOROIDAL_SURFACE('',#6340,0.0015,0.0005);
#52=TOROIDAL_SURFACE('',#6342,0.0015,0.0005);
#53=TOROIDAL_SURFACE('',#6348,0.0015,0.0005);
#54=TOROIDAL_SURFACE('',#6350,0.0015,0.0005);
#55=TOROIDAL_SURFACE('',#6353,0.017856470248934,0.0005);
#56=B_SPLINE_SURFACE_WITH_KNOTS('',3,1,((#8990,#8991),(#8992,#8993),(#8994,
#8995),(#8996,#8997)),.SURF_OF_LINEAR_EXTRUSION.,.F.,.F.,.F.,(4,4),(2,2),
(0.,1.),(0.,1.),.PIECEWISE_BEZIER_KNOTS.);
#57=B_SPLINE_SURFACE_WITH_KNOTS('',3,1,((#9006,#9007),(#9008,#9009),(#9010,
#9011),(#9012,#9013)),.SURF_OF_LINEAR_EXTRUSION.,.F.,.F.,.F.,(4,4),(2,2),
(0.,1.),(0.,1.),.PIECEWISE_BEZIER_KNOTS.);
#58=B_SPLINE_SURFACE_WITH_KNOTS('',3,1,((#9020,#9021),(#9022,#9023),(#9024,
#9025),(#9026,#9027)),.SURF_OF_LINEAR_EXTRUSION.,.F.,.F.,.F.,(4,4),(2,2),
(0.,1.),(0.,1.),.PIECEWISE_BEZIER_KNOTS.);
#59=B_SPLINE_SURFACE_WITH_KNOTS('',3,1,((#9038,#9039),(#9040,#9041),(#9042,
#9043),(#9044,#9045)),.SURF_OF_LINEAR_EXTRUSION.,.F.,.F.,.F.,(4,4),(2,2),
(0.,1.),(0.,1.),.PIECEWISE_BEZIER_KNOTS.);
#60=B_SPLINE_SURFACE_WITH_KNOTS('',3,1,((#9052,#9053),(#9054,#9055),(#9056,
#9057),(#9058,#9059)),.SURF_OF_LINEAR_EXTRUSION.,.F.,.F.,.F.,(4,4),(2,2),
(0.,1.),(0.,1.),.PIECEWISE_BEZIER_KNOTS.);
#61=B_SPLINE_SURFACE_WITH_KNOTS('',3,1,((#9072,#9073),(#9074,#9075),(#9076,
#9077),(#9078,#9079)),.SURF_OF_LINEAR_EXTRUSION.,.F.,.F.,.F.,(4,4),(2,2),
(0.,1.),(0.,1.),.PIECEWISE_BEZIER_KNOTS.);
#62=B_SPLINE_SURFACE_WITH_KNOTS('',3,1,((#9086,#9087),(#9088,#9089),(#9090,
#9091),(#9092,#9093)),.SURF_OF_LINEAR_EXTRUSION.,.F.,.F.,.F.,(4,4),(2,2),
(0.,1.),(0.,1.),.PIECEWISE_BEZIER_KNOTS.);
#63=B_SPLINE_SURFACE_WITH_KNOTS('',3,1,((#9100,#9101),(#9102,#9103),(#9104,
#9105),(#9106,#9107)),.SURF_OF_LINEAR_EXTRUSION.,.F.,.F.,.F.,(4,4),(2,2),
(0.,1.),(0.,1.),.PIECEWISE_BEZIER_KNOTS.);
#64=B_SPLINE_SURFACE_WITH_KNOTS('',3,1,((#9118,#9119),(#9120,#9121),(#9122,
#9123),(#9124,#9125)),.SURF_OF_LINEAR_EXTRUSION.,.F.,.F.,.F.,(4,4),(2,2),
(0.,1.),(0.,1.),.PIECEWISE_BEZIER_KNOTS.);
#65=B_SPLINE_SURFACE_WITH_KNOTS('',3,1,((#9132,#9133),(#9134,#9135),(#9136,
#9137),(#9138,#9139)),.SURF_OF_LINEAR_EXTRUSION.,.F.,.F.,.F.,(4,4),(2,2),
(0.,1.),(0.,1.),.PIECEWISE_BEZIER_KNOTS.);
#66=B_SPLINE_SURFACE_WITH_KNOTS('',3,1,((#9146,#9147),(#9148,#9149),(#9150,
#9151),(#9152,#9153)),.SURF_OF_LINEAR_EXTRUSION.,.F.,.F.,.F.,(4,4),(2,2),
(0.,1.),(0.,1.),.PIECEWISE_BEZIER_KNOTS.);
#67=B_SPLINE_SURFACE_WITH_KNOTS('',3,1,((#9162,#9163),(#9164,#9165),(#9166,
#9167),(#9168,#9169)),.SURF_OF_LINEAR_EXTRUSION.,.F.,.F.,.F.,(4,4),(2,2),
(0.,1.),(0.,1.),.PIECEWISE_BEZIER_KNOTS.);
#68=B_SPLINE_SURFACE_WITH_KNOTS('',3,1,((#9202,#9203),(#9204,#9205),(#9206,
#9207),(#9208,#9209)),.SURF_OF_LINEAR_EXTRUSION.,.F.,.F.,.F.,(4,4),(2,2),
(0.,1.),(0.,1.),.PIECEWISE_BEZIER_KNOTS.);
#69=B_SPLINE_SURFACE_WITH_KNOTS('',3,1,((#9287,#9288),(#9289,#9290),(#9291,
#9292),(#9293,#9294)),.SURF_OF_LINEAR_EXTRUSION.,.F.,.F.,.F.,(4,4),(2,2),
(0.,1.),(0.,1.),.PIECEWISE_BEZIER_KNOTS.);
#70=B_SPLINE_SURFACE_WITH_KNOTS('',3,1,((#9301,#9302),(#9303,#9304),(#9305,
#9306),(#9307,#9308)),.SURF_OF_LINEAR_EXTRUSION.,.F.,.F.,.F.,(4,4),(2,2),
(0.,1.),(0.,1.),.PIECEWISE_BEZIER_KNOTS.);
#71=B_SPLINE_SURFACE_WITH_KNOTS('',3,1,((#9315,#9316),(#9317,#9318),(#9319,
#9320),(#9321,#9322)),.SURF_OF_LINEAR_EXTRUSION.,.F.,.F.,.F.,(4,4),(2,2),
(0.,1.),(0.,1.),.PIECEWISE_BEZIER_KNOTS.);
#72=B_SPLINE_SURFACE_WITH_KNOTS('',3,1,((#9329,#9330),(#9331,#9332),(#9333,
#9334),(#9335,#9336)),.SURF_OF_LINEAR_EXTRUSION.,.F.,.F.,.F.,(4,4),(2,2),
(0.,1.),(0.,1.),.PIECEWISE_BEZIER_KNOTS.);
#73=B_SPLINE_SURFACE_WITH_KNOTS('',3,1,((#9347,#9348),(#9349,#9350),(#9351,
#9352),(#9353,#9354)),.SURF_OF_LINEAR_EXTRUSION.,.F.,.F.,.F.,(4,4),(2,2),
(0.,1.),(0.,1.),.PIECEWISE_BEZIER_KNOTS.);
#74=B_SPLINE_SURFACE_WITH_KNOTS('',3,1,((#9361,#9362),(#9363,#9364),(#9365,
#9366),(#9367,#9368)),.SURF_OF_LINEAR_EXTRUSION.,.F.,.F.,.F.,(4,4),(2,2),
(0.,1.),(0.,1.),.PIECEWISE_BEZIER_KNOTS.);
#75=B_SPLINE_SURFACE_WITH_KNOTS('',3,1,((#9375,#9376),(#9377,#9378),(#9379,
#9380),(#9381,#9382)),.SURF_OF_LINEAR_EXTRUSION.,.F.,.F.,.F.,(4,4),(2,2),
(0.,1.),(0.,1.),.PIECEWISE_BEZIER_KNOTS.);
#76=B_SPLINE_SURFACE_WITH_KNOTS('',3,1,((#9414,#9415),(#9416,#9417),(#9418,
#9419),(#9420,#9421)),.SURF_OF_LINEAR_EXTRUSION.,.F.,.F.,.F.,(4,4),(2,2),
(0.,1.),(0.,1.),.PIECEWISE_BEZIER_KNOTS.);
#77=B_SPLINE_SURFACE_WITH_KNOTS('',3,1,((#9470,#9471),(#9472,#9473),(#9474,
#9475),(#9476,#9477)),.SURF_OF_LINEAR_EXTRUSION.,.F.,.F.,.F.,(4,4),(2,2),
(0.,1.),(0.,1.),.PIECEWISE_BEZIER_KNOTS.);
#78=B_SPLINE_SURFACE_WITH_KNOTS('',3,1,((#9506,#9507),(#9508,#9509),(#9510,
#9511),(#9512,#9513)),.SURF_OF_LINEAR_EXTRUSION.,.F.,.F.,.F.,(4,4),(2,2),
(0.,1.),(0.,1.),.PIECEWISE_BEZIER_KNOTS.);
#79=B_SPLINE_SURFACE_WITH_KNOTS('',3,1,((#9522,#9523),(#9524,#9525),(#9526,
#9527),(#9528,#9529)),.SURF_OF_LINEAR_EXTRUSION.,.F.,.F.,.F.,(4,4),(2,2),
(0.,1.),(0.,1.),.PIECEWISE_BEZIER_KNOTS.);
#80=B_SPLINE_SURFACE_WITH_KNOTS('',3,1,((#9536,#9537),(#9538,#9539),(#9540,
#9541),(#9542,#9543)),.SURF_OF_LINEAR_EXTRUSION.,.F.,.F.,.F.,(4,4),(2,2),
(0.,1.),(0.,1.),.PIECEWISE_BEZIER_KNOTS.);
#81=B_SPLINE_SURFACE_WITH_KNOTS('',3,1,((#9554,#9555),(#9556,#9557),(#9558,
#9559),(#9560,#9561)),.SURF_OF_LINEAR_EXTRUSION.,.F.,.F.,.F.,(4,4),(2,2),
(0.,1.),(0.,1.),.PIECEWISE_BEZIER_KNOTS.);
#82=B_SPLINE_SURFACE_WITH_KNOTS('',3,1,((#9568,#9569),(#9570,#9571),(#9572,
#9573),(#9574,#9575)),.SURF_OF_LINEAR_EXTRUSION.,.F.,.F.,.F.,(4,4),(2,2),
(0.,1.),(0.,1.),.PIECEWISE_BEZIER_KNOTS.);
#83=B_SPLINE_SURFACE_WITH_KNOTS('',3,1,((#9582,#9583),(#9584,#9585),(#9586,
#9587),(#9588,#9589)),.SURF_OF_LINEAR_EXTRUSION.,.F.,.F.,.F.,(4,4),(2,2),
(0.,1.),(0.,1.),.PIECEWISE_BEZIER_KNOTS.);
#84=B_SPLINE_SURFACE_WITH_KNOTS('',3,1,((#9600,#9601),(#9602,#9603),(#9604,
#9605),(#9606,#9607)),.SURF_OF_LINEAR_EXTRUSION.,.F.,.F.,.F.,(4,4),(2,2),
(0.,1.),(0.,1.),.PIECEWISE_BEZIER_KNOTS.);
#85=B_SPLINE_SURFACE_WITH_KNOTS('',3,1,((#9614,#9615),(#9616,#9617),(#9618,
#9619),(#9620,#9621)),.SURF_OF_LINEAR_EXTRUSION.,.F.,.F.,.F.,(4,4),(2,2),
(0.,1.),(0.,1.),.PIECEWISE_BEZIER_KNOTS.);
#86=B_SPLINE_SURFACE_WITH_KNOTS('',3,1,((#9628,#9629),(#9630,#9631),(#9632,
#9633),(#9634,#9635)),.SURF_OF_LINEAR_EXTRUSION.,.F.,.F.,.F.,(4,4),(2,2),
(0.,1.),(0.,1.),.PIECEWISE_BEZIER_KNOTS.);
#87=B_SPLINE_SURFACE_WITH_KNOTS('',3,1,((#9646,#9647),(#9648,#9649),(#9650,
#9651),(#9652,#9653)),.SURF_OF_LINEAR_EXTRUSION.,.F.,.F.,.F.,(4,4),(2,2),
(0.,1.),(0.,1.),.PIECEWISE_BEZIER_KNOTS.);
#88=B_SPLINE_SURFACE_WITH_KNOTS('',3,1,((#9660,#9661),(#9662,#9663),(#9664,
#9665),(#9666,#9667)),.SURF_OF_LINEAR_EXTRUSION.,.F.,.F.,.F.,(4,4),(2,2),
(0.,1.),(0.,1.),.PIECEWISE_BEZIER_KNOTS.);
#89=B_SPLINE_SURFACE_WITH_KNOTS('',3,1,((#9674,#9675),(#9676,#9677),(#9678,
#9679),(#9680,#9681)),.SURF_OF_LINEAR_EXTRUSION.,.F.,.F.,.F.,(4,4),(2,2),
(0.,1.),(0.,1.),.PIECEWISE_BEZIER_KNOTS.);
#90=B_SPLINE_SURFACE_WITH_KNOTS('',3,1,((#9709,#9710),(#9711,#9712),(#9713,
#9714),(#9715,#9716)),.SURF_OF_LINEAR_EXTRUSION.,.F.,.F.,.F.,(4,4),(2,2),
(0.,1.),(0.,1.),.PIECEWISE_BEZIER_KNOTS.);
#91=B_SPLINE_SURFACE_WITH_KNOTS('',3,1,((#9723,#9724),(#9725,#9726),(#9727,
#9728),(#9729,#9730)),.SURF_OF_LINEAR_EXTRUSION.,.F.,.F.,.F.,(4,4),(2,2),
(0.,1.),(0.,1.),.PIECEWISE_BEZIER_KNOTS.);
#92=B_SPLINE_SURFACE_WITH_KNOTS('',3,1,((#9737,#9738),(#9739,#9740),(#9741,
#9742),(#9743,#9744)),.SURF_OF_LINEAR_EXTRUSION.,.F.,.F.,.F.,(4,4),(2,2),
(0.,1.),(0.,1.),.PIECEWISE_BEZIER_KNOTS.);
#93=B_SPLINE_SURFACE_WITH_KNOTS('',3,1,((#9751,#9752),(#9753,#9754),(#9755,
#9756),(#9757,#9758)),.SURF_OF_LINEAR_EXTRUSION.,.F.,.F.,.F.,(4,4),(2,2),
(0.,1.),(0.,1.),.PIECEWISE_BEZIER_KNOTS.);
#94=B_SPLINE_SURFACE_WITH_KNOTS('',3,1,((#9769,#9770),(#9771,#9772),(#9773,
#9774),(#9775,#9776)),.SURF_OF_LINEAR_EXTRUSION.,.F.,.F.,.F.,(4,4),(2,2),
(0.,1.),(0.,1.),.PIECEWISE_BEZIER_KNOTS.);
#95=B_SPLINE_SURFACE_WITH_KNOTS('',3,1,((#9783,#9784),(#9785,#9786),(#9787,
#9788),(#9789,#9790)),.SURF_OF_LINEAR_EXTRUSION.,.F.,.F.,.F.,(4,4),(2,2),
(0.,1.),(0.,1.),.PIECEWISE_BEZIER_KNOTS.);
#96=B_SPLINE_SURFACE_WITH_KNOTS('',3,1,((#9797,#9798),(#9799,#9800),(#9801,
#9802),(#9803,#9804)),.SURF_OF_LINEAR_EXTRUSION.,.F.,.F.,.F.,(4,4),(2,2),
(0.,1.),(0.,1.),.PIECEWISE_BEZIER_KNOTS.);
#97=B_SPLINE_SURFACE_WITH_KNOTS('',3,1,((#9837,#9838),(#9839,#9840),(#9841,
#9842),(#9843,#9844)),.SURF_OF_LINEAR_EXTRUSION.,.F.,.F.,.F.,(4,4),(2,2),
(0.,1.),(0.,1.),.PIECEWISE_BEZIER_KNOTS.);
#98=CONICAL_SURFACE('',#6017,0.0045,0.785398163397444);
#99=CONICAL_SURFACE('',#6018,0.0045,0.785398163397444);
#100=CONICAL_SURFACE('',#6021,0.001,0.785398163397448);
#101=CONICAL_SURFACE('',#6022,0.001,0.785398163397448);
#102=CONICAL_SURFACE('',#6025,0.002,0.785398163397446);
#103=CONICAL_SURFACE('',#6028,0.002,0.78539816339745);
#104=CONICAL_SURFACE('',#6029,0.002,0.78539816339745);
#105=CONICAL_SURFACE('',#6032,0.001,0.785398163397448);
#106=CONICAL_SURFACE('',#6033,0.001,0.785398163397448);
#107=CONICAL_SURFACE('',#6036,0.0045,0.785398163397444);
#108=CONICAL_SURFACE('',#6037,0.0045,0.78539816339745);
#109=CONICAL_SURFACE('',#6040,0.0045,0.785398163397444);
#110=CONICAL_SURFACE('',#6041,0.0045,0.785398163397444);
#111=CONICAL_SURFACE('',#6044,0.001,0.785398163397448);
#112=CONICAL_SURFACE('',#6045,0.001,0.785398163397448);
#113=CONICAL_SURFACE('',#6048,0.002,0.785398163397446);
#114=CONICAL_SURFACE('',#6051,0.002,0.78539816339745);
#115=CONICAL_SURFACE('',#6052,0.002,0.78539816339745);
#116=CONICAL_SURFACE('',#6055,0.001,0.785398163397448);
#117=CONICAL_SURFACE('',#6056,0.001,0.785398163397448);
#118=CONICAL_SURFACE('',#6059,0.0045,0.785398163397444);
#119=CONICAL_SURFACE('',#6060,0.0045,0.78539816339745);
#120=CYLINDRICAL_SURFACE('',#5881,0.0183564702489341);
#121=CYLINDRICAL_SURFACE('',#5883,0.0183564702489341);
#122=CYLINDRICAL_SURFACE('',#5885,0.0183564702489341);
#123=CYLINDRICAL_SURFACE('',#5887,0.0183564702489341);
#124=CYLINDRICAL_SURFACE('',#5894,0.001);
#125=CYLINDRICAL_SURFACE('',#5898,0.001);
#126=CYLINDRICAL_SURFACE('',#5902,0.001);
#127=CYLINDRICAL_SURFACE('',#5906,0.001);
#128=CYLINDRICAL_SURFACE('',#5910,0.001);
#129=CYLINDRICAL_SURFACE('',#5914,0.001);
#130=CYLINDRICAL_SURFACE('',#5918,0.001);
#131=CYLINDRICAL_SURFACE('',#5922,0.001);
#132=CYLINDRICAL_SURFACE('',#5926,0.001);
#133=CYLINDRICAL_SURFACE('',#5930,0.001);
#134=CYLINDRICAL_SURFACE('',#5934,0.001);
#135=CYLINDRICAL_SURFACE('',#5938,0.001);
#136=CYLINDRICAL_SURFACE('',#5942,0.001);
#137=CYLINDRICAL_SURFACE('',#5946,0.001);
#138=CYLINDRICAL_SURFACE('',#5950,0.001);
#139=CYLINDRICAL_SURFACE('',#5954,0.001);
#140=CYLINDRICAL_SURFACE('',#5958,0.001);
#141=CYLINDRICAL_SURFACE('',#5962,0.001);
#142=CYLINDRICAL_SURFACE('',#5966,0.001);
#143=CYLINDRICAL_SURFACE('',#5970,0.001);
#144=CYLINDRICAL_SURFACE('',#5973,0.005);
#145=CYLINDRICAL_SURFACE('',#5976,0.005);
#146=CYLINDRICAL_SURFACE('',#5979,0.005);
#147=CYLINDRICAL_SURFACE('',#5982,0.005);
#148=CYLINDRICAL_SURFACE('',#5985,0.00175);
#149=CYLINDRICAL_SURFACE('',#5986,0.00175);
#150=CYLINDRICAL_SURFACE('',#5987,0.00175);
#151=CYLINDRICAL_SURFACE('',#5988,0.00175);
#152=CYLINDRICAL_SURFACE('',#5995,0.0015);
#153=CYLINDRICAL_SURFACE('',#5998,0.0015);
#154=CYLINDRICAL_SURFACE('',#6001,0.0015);
#155=CYLINDRICAL_SURFACE('',#6004,0.0015);
#156=CYLINDRICAL_SURFACE('',#6007,0.0015);
#157=CYLINDRICAL_SURFACE('',#6010,0.0015);
#158=CYLINDRICAL_SURFACE('',#6013,0.0015);
#159=CYLINDRICAL_SURFACE('',#6069,0.0269075313004476);
#160=CYLINDRICAL_SURFACE('',#6115,0.0173564702489341);
#161=CYLINDRICAL_SURFACE('',#6117,0.0183564702489341);
#162=CYLINDRICAL_SURFACE('',#6133,0.0269075313005048);
#163=CYLINDRICAL_SURFACE('',#6150,0.0173564702489341);
#164=CYLINDRICAL_SURFACE('',#6152,0.0183564702489341);
#165=CYLINDRICAL_SURFACE('',#6155,0.0173564702489341);
#166=CYLINDRICAL_SURFACE('',#6157,0.0183564702489341);
#167=CYLINDRICAL_SURFACE('',#6160,0.0173564702489341);
#168=CYLINDRICAL_SURFACE('',#6162,0.0183564702489341);
#169=CYLINDRICAL_SURFACE('',#6190,0.0005);
#170=CYLINDRICAL_SURFACE('',#6197,0.0005);
#171=CYLINDRICAL_SURFACE('',#6198,0.0005);
#172=CYLINDRICAL_SURFACE('',#6205,0.0005);
#173=CYLINDRICAL_SURFACE('',#6209,0.0005);
#174=CYLINDRICAL_SURFACE('',#6211,0.0005);
#175=CYLINDRICAL_SURFACE('',#6217,0.0005);
#176=CYLINDRICAL_SURFACE('',#6219,0.0005);
#177=CYLINDRICAL_SURFACE('',#6225,0.0005);
#178=CYLINDRICAL_SURFACE('',#6227,0.0005);
#179=CYLINDRICAL_SURFACE('',#6230,0.0005);
#180=CYLINDRICAL_SURFACE('',#6237,0.0005);
#181=CYLINDRICAL_SURFACE('',#6241,0.0005);
#182=CYLINDRICAL_SURFACE('',#6243,0.0005);
#183=CYLINDRICAL_SURFACE('',#6249,0.0005);
#184=CYLINDRICAL_SURFACE('',#6251,0.0005);
#185=CYLINDRICAL_SURFACE('',#6254,0.0005);
#186=CYLINDRICAL_SURFACE('',#6261,0.0005);
#187=CYLINDRICAL_SURFACE('',#6265,0.0005);
#188=CYLINDRICAL_SURFACE('',#6267,0.0005);
#189=CYLINDRICAL_SURFACE('',#6273,0.0005);
#190=CYLINDRICAL_SURFACE('',#6275,0.0005);
#191=CYLINDRICAL_SURFACE('',#6281,0.0005);
#192=CYLINDRICAL_SURFACE('',#6283,0.0005);
#193=CYLINDRICAL_SURFACE('',#6286,0.0005);
#194=CYLINDRICAL_SURFACE('',#6293,0.0005);
#195=CYLINDRICAL_SURFACE('',#6294,0.0005);
#196=CYLINDRICAL_SURFACE('',#6301,0.0005);
#197=CYLINDRICAL_SURFACE('',#6303,0.0005);
#198=CYLINDRICAL_SURFACE('',#6310,0.0005);
#199=CYLINDRICAL_SURFACE('',#6311,0.0005);
#200=CYLINDRICAL_SURFACE('',#6318,0.0005);
#201=CYLINDRICAL_SURFACE('',#6320,0.0005);
#202=CYLINDRICAL_SURFACE('',#6327,0.0005);
#203=CYLINDRICAL_SURFACE('',#6328,0.0005);
#204=CYLINDRICAL_SURFACE('',#6335,0.0005);
#205=CYLINDRICAL_SURFACE('',#6337,0.0005);
#206=CYLINDRICAL_SURFACE('',#6344,0.0005);
#207=CYLINDRICAL_SURFACE('',#6345,0.0005);
#208=CYLINDRICAL_SURFACE('',#6352,0.0005);
#209=B_SPLINE_CURVE_WITH_KNOTS('',3,(#7999,#8000,#8001,#8002),
 .UNSPECIFIED.,.F.,.F.,(4,4),(0.,1.),.PIECEWISE_BEZIER_KNOTS.);
#210=B_SPLINE_CURVE_WITH_KNOTS('',3,(#8004,#8005,#8006,#8007),
 .UNSPECIFIED.,.F.,.F.,(4,4),(0.,1.),.PIECEWISE_BEZIER_KNOTS.);
#211=B_SPLINE_CURVE_WITH_KNOTS('',3,(#8009,#8010,#8011,#8012),
 .UNSPECIFIED.,.F.,.F.,(4,4),(0.,1.),.PIECEWISE_BEZIER_KNOTS.);
#212=B_SPLINE_CURVE_WITH_KNOTS('',3,(#8016,#8017,#8018,#8019),
 .UNSPECIFIED.,.F.,.F.,(4,4),(0.,1.),.PIECEWISE_BEZIER_KNOTS.);
#213=B_SPLINE_CURVE_WITH_KNOTS('',3,(#8021,#8022,#8023,#8024),
 .UNSPECIFIED.,.F.,.F.,(4,4),(0.,1.),.PIECEWISE_BEZIER_KNOTS.);
#214=B_SPLINE_CURVE_WITH_KNOTS('',3,(#8026,#8027,#8028,#8029),
 .UNSPECIFIED.,.F.,.F.,(4,4),(0.,1.),.PIECEWISE_BEZIER_KNOTS.);
#215=B_SPLINE_CURVE_WITH_KNOTS('',3,(#8031,#8032,#8033,#8034),
 .UNSPECIFIED.,.F.,.F.,(4,4),(0.,1.),.PIECEWISE_BEZIER_KNOTS.);
#216=B_SPLINE_CURVE_WITH_KNOTS('',3,(#8060,#8061,#8062,#8063),
 .UNSPECIFIED.,.F.,.F.,(4,4),(0.,1.),.PIECEWISE_BEZIER_KNOTS.);
#217=B_SPLINE_CURVE_WITH_KNOTS('',3,(#8068,#8069,#8070,#8071),
 .UNSPECIFIED.,.F.,.F.,(4,4),(0.,1.),.PIECEWISE_BEZIER_KNOTS.);
#218=B_SPLINE_CURVE_WITH_KNOTS('',3,(#8073,#8074,#8075,#8076),
 .UNSPECIFIED.,.F.,.F.,(4,4),(0.,1.),.PIECEWISE_BEZIER_KNOTS.);
#219=B_SPLINE_CURVE_WITH_KNOTS('',3,(#8078,#8079,#8080,#8081),
 .UNSPECIFIED.,.F.,.F.,(4,4),(0.,1.),.PIECEWISE_BEZIER_KNOTS.);
#220=B_SPLINE_CURVE_WITH_KNOTS('',3,(#8085,#8086,#8087,#8088),
 .UNSPECIFIED.,.F.,.F.,(4,4),(0.,1.),.PIECEWISE_BEZIER_KNOTS.);
#221=B_SPLINE_CURVE_WITH_KNOTS('',3,(#8090,#8091,#8092,#8093),
 .UNSPECIFIED.,.F.,.F.,(4,4),(0.,1.),.PIECEWISE_BEZIER_KNOTS.);
#222=B_SPLINE_CURVE_WITH_KNOTS('',3,(#8095,#8096,#8097,#8098),
 .UNSPECIFIED.,.F.,.F.,(4,4),(0.,1.),.PIECEWISE_BEZIER_KNOTS.);
#223=B_SPLINE_CURVE_WITH_KNOTS('',3,(#8102,#8103,#8104,#8105),
 .UNSPECIFIED.,.F.,.F.,(4,4),(0.,1.),.PIECEWISE_BEZIER_KNOTS.);
#224=B_SPLINE_CURVE_WITH_KNOTS('',3,(#8107,#8108,#8109,#8110),
 .UNSPECIFIED.,.F.,.F.,(4,4),(0.,1.),.PIECEWISE_BEZIER_KNOTS.);
#225=B_SPLINE_CURVE_WITH_KNOTS('',3,(#8112,#8113,#8114,#8115),
 .UNSPECIFIED.,.F.,.F.,(4,4),(0.,1.),.PIECEWISE_BEZIER_KNOTS.);
#226=B_SPLINE_CURVE_WITH_KNOTS('',3,(#8119,#8120,#8121,#8122),
 .UNSPECIFIED.,.F.,.F.,(4,4),(0.,1.),.PIECEWISE_BEZIER_KNOTS.);
#227=B_SPLINE_CURVE_WITH_KNOTS('',3,(#8124,#8125,#8126,#8127),
 .UNSPECIFIED.,.F.,.F.,(4,4),(0.,1.),.PIECEWISE_BEZIER_KNOTS.);
#228=B_SPLINE_CURVE_WITH_KNOTS('',3,(#8237,#8238,#8239,#8240),
 .UNSPECIFIED.,.F.,.F.,(4,4),(0.,1.),.PIECEWISE_BEZIER_KNOTS.);
#229=B_SPLINE_CURVE_WITH_KNOTS('',3,(#8283,#8284,#8285,#8286),
 .UNSPECIFIED.,.F.,.F.,(4,4),(0.,1.),.PIECEWISE_BEZIER_KNOTS.);
#230=B_SPLINE_CURVE_WITH_KNOTS('',3,(#8300,#8301,#8302,#8303),
 .UNSPECIFIED.,.F.,.F.,(4,4),(0.,1.),.PIECEWISE_BEZIER_KNOTS.);
#231=B_SPLINE_CURVE_WITH_KNOTS('',3,(#8305,#8306,#8307,#8308),
 .UNSPECIFIED.,.F.,.F.,(4,4),(0.,1.),.PIECEWISE_BEZIER_KNOTS.);
#232=B_SPLINE_CURVE_WITH_KNOTS('',3,(#8310,#8311,#8312,#8313),
 .UNSPECIFIED.,.F.,.F.,(4,4),(0.,1.),.PIECEWISE_BEZIER_KNOTS.);
#233=B_SPLINE_CURVE_WITH_KNOTS('',3,(#8317,#8318,#8319,#8320),
 .UNSPECIFIED.,.F.,.F.,(4,4),(0.,1.),.PIECEWISE_BEZIER_KNOTS.);
#234=B_SPLINE_CURVE_WITH_KNOTS('',3,(#8322,#8323,#8324,#8325),
 .UNSPECIFIED.,.F.,.F.,(4,4),(0.,1.),.PIECEWISE_BEZIER_KNOTS.);
#235=B_SPLINE_CURVE_WITH_KNOTS('',3,(#8327,#8328,#8329,#8330),
 .UNSPECIFIED.,.F.,.F.,(4,4),(0.,1.),.PIECEWISE_BEZIER_KNOTS.);
#236=B_SPLINE_CURVE_WITH_KNOTS('',3,(#8332,#8333,#8334,#8335),
 .UNSPECIFIED.,.F.,.F.,(4,4),(0.,1.),.PIECEWISE_BEZIER_KNOTS.);
#237=B_SPLINE_CURVE_WITH_KNOTS('',3,(#8343,#8344,#8345,#8346),
 .UNSPECIFIED.,.F.,.F.,(4,4),(0.,1.),.PIECEWISE_BEZIER_KNOTS.);
#238=B_SPLINE_CURVE_WITH_KNOTS('',3,(#8348,#8349,#8350,#8351),
 .UNSPECIFIED.,.F.,.F.,(4,4),(0.,1.),.PIECEWISE_BEZIER_KNOTS.);
#239=B_SPLINE_CURVE_WITH_KNOTS('',3,(#8355,#8356,#8357,#8358),
 .UNSPECIFIED.,.F.,.F.,(4,4),(0.,1.),.PIECEWISE_BEZIER_KNOTS.);
#240=B_SPLINE_CURVE_WITH_KNOTS('',3,(#8360,#8361,#8362,#8363),
 .UNSPECIFIED.,.F.,.F.,(4,4),(0.,1.),.PIECEWISE_BEZIER_KNOTS.);
#241=B_SPLINE_CURVE_WITH_KNOTS('',3,(#8365,#8366,#8367,#8368),
 .UNSPECIFIED.,.F.,.F.,(4,4),(0.,1.),.PIECEWISE_BEZIER_KNOTS.);
#242=B_SPLINE_CURVE_WITH_KNOTS('',3,(#8372,#8373,#8374,#8375),
 .UNSPECIFIED.,.F.,.F.,(4,4),(0.,1.),.PIECEWISE_BEZIER_KNOTS.);
#243=B_SPLINE_CURVE_WITH_KNOTS('',3,(#8377,#8378,#8379,#8380),
 .UNSPECIFIED.,.F.,.F.,(4,4),(0.,1.),.PIECEWISE_BEZIER_KNOTS.);
#244=B_SPLINE_CURVE_WITH_KNOTS('',3,(#8382,#8383,#8384,#8385),
 .UNSPECIFIED.,.F.,.F.,(4,4),(0.,1.),.PIECEWISE_BEZIER_KNOTS.);
#245=B_SPLINE_CURVE_WITH_KNOTS('',3,(#8389,#8390,#8391,#8392),
 .UNSPECIFIED.,.F.,.F.,(4,4),(0.,1.),.PIECEWISE_BEZIER_KNOTS.);
#246=B_SPLINE_CURVE_WITH_KNOTS('',3,(#8394,#8395,#8396,#8397),
 .UNSPECIFIED.,.F.,.F.,(4,4),(0.,1.),.PIECEWISE_BEZIER_KNOTS.);
#247=B_SPLINE_CURVE_WITH_KNOTS('',3,(#8399,#8400,#8401,#8402),
 .UNSPECIFIED.,.F.,.F.,(4,4),(0.,1.),.PIECEWISE_BEZIER_KNOTS.);
#248=B_SPLINE_CURVE_WITH_KNOTS('',3,(#8406,#8407,#8408,#8409),
 .UNSPECIFIED.,.F.,.F.,(4,4),(0.,1.),.PIECEWISE_BEZIER_KNOTS.);
#249=B_SPLINE_CURVE_WITH_KNOTS('',3,(#8411,#8412,#8413,#8414),
 .UNSPECIFIED.,.F.,.F.,(4,4),(0.,1.),.PIECEWISE_BEZIER_KNOTS.);
#250=B_SPLINE_CURVE_WITH_KNOTS('',3,(#8965,#8966,#8967,#8968,#8969),
 .UNSPECIFIED.,.F.,.F.,(4,1,4),(5.72742540569282E-16,0.000803123281142364,
0.00160624656228415),.UNSPECIFIED.);
#251=B_SPLINE_CURVE_WITH_KNOTS('',3,(#9000,#9001,#9002,#9003),
 .UNSPECIFIED.,.F.,.F.,(4,4),(0.,1.),.PIECEWISE_BEZIER_KNOTS.);
#252=B_SPLINE_CURVE_WITH_KNOTS('',3,(#9016,#9017,#9018,#9019),
 .UNSPECIFIED.,.F.,.F.,(4,4),(0.,1.),.PIECEWISE_BEZIER_KNOTS.);
#253=B_SPLINE_CURVE_WITH_KNOTS('',3,(#9030,#9031,#9032,#9033),
 .UNSPECIFIED.,.F.,.F.,(4,4),(0.,1.),.PIECEWISE_BEZIER_KNOTS.);
#254=B_SPLINE_CURVE_WITH_KNOTS('',3,(#9048,#9049,#9050,#9051),
 .UNSPECIFIED.,.F.,.F.,(4,4),(0.,1.),.PIECEWISE_BEZIER_KNOTS.);
#255=B_SPLINE_CURVE_WITH_KNOTS('',3,(#9062,#9063,#9064,#9065),
 .UNSPECIFIED.,.F.,.F.,(4,4),(0.,1.),.PIECEWISE_BEZIER_KNOTS.);
#256=B_SPLINE_CURVE_WITH_KNOTS('',3,(#9082,#9083,#9084,#9085),
 .UNSPECIFIED.,.F.,.F.,(4,4),(0.,1.),.PIECEWISE_BEZIER_KNOTS.);
#257=B_SPLINE_CURVE_WITH_KNOTS('',3,(#9096,#9097,#9098,#9099),
 .UNSPECIFIED.,.F.,.F.,(4,4),(0.,1.),.PIECEWISE_BEZIER_KNOTS.);
#258=B_SPLINE_CURVE_WITH_KNOTS('',3,(#9110,#9111,#9112,#9113),
 .UNSPECIFIED.,.F.,.F.,(4,4),(0.,1.),.PIECEWISE_BEZIER_KNOTS.);
#259=B_SPLINE_CURVE_WITH_KNOTS('',3,(#9128,#9129,#9130,#9131),
 .UNSPECIFIED.,.F.,.F.,(4,4),(0.,1.),.PIECEWISE_BEZIER_KNOTS.);
#260=B_SPLINE_CURVE_WITH_KNOTS('',3,(#9142,#9143,#9144,#9145),
 .UNSPECIFIED.,.F.,.F.,(4,4),(0.,1.),.PIECEWISE_BEZIER_KNOTS.);
#261=B_SPLINE_CURVE_WITH_KNOTS('',3,(#9156,#9157,#9158,#9159),
 .UNSPECIFIED.,.F.,.F.,(4,4),(0.,1.),.PIECEWISE_BEZIER_KNOTS.);
#262=B_SPLINE_CURVE_WITH_KNOTS('',3,(#9170,#9171,#9172,#9173),
 .UNSPECIFIED.,.F.,.F.,(4,4),(0.,1.),.PIECEWISE_BEZIER_KNOTS.);
#263=B_SPLINE_CURVE_WITH_KNOTS('',3,(#9213,#9214,#9215,#9216),
 .UNSPECIFIED.,.F.,.F.,(4,4),(0.,1.),.PIECEWISE_BEZIER_KNOTS.);
#264=B_SPLINE_CURVE_WITH_KNOTS('',3,(#9217,#9218,#9219,#9220),
 .UNSPECIFIED.,.F.,.F.,(4,4),(0.,1.),.PIECEWISE_BEZIER_KNOTS.);
#265=B_SPLINE_CURVE_WITH_KNOTS('',3,(#9297,#9298,#9299,#9300),
 .UNSPECIFIED.,.F.,.F.,(4,4),(0.,1.),.PIECEWISE_BEZIER_KNOTS.);
#266=B_SPLINE_CURVE_WITH_KNOTS('',3,(#9311,#9312,#9313,#9314),
 .UNSPECIFIED.,.F.,.F.,(4,4),(0.,1.),.PIECEWISE_BEZIER_KNOTS.);
#267=B_SPLINE_CURVE_WITH_KNOTS('',3,(#9325,#9326,#9327,#9328),
 .UNSPECIFIED.,.F.,.F.,(4,4),(0.,1.),.PIECEWISE_BEZIER_KNOTS.);
#268=B_SPLINE_CURVE_WITH_KNOTS('',3,(#9339,#9340,#9341,#9342),
 .UNSPECIFIED.,.F.,.F.,(4,4),(0.,1.),.PIECEWISE_BEZIER_KNOTS.);
#269=B_SPLINE_CURVE_WITH_KNOTS('',3,(#9357,#9358,#9359,#9360),
 .UNSPECIFIED.,.F.,.F.,(4,4),(0.,1.),.PIECEWISE_BEZIER_KNOTS.);
#270=B_SPLINE_CURVE_WITH_KNOTS('',3,(#9371,#9372,#9373,#9374),
 .UNSPECIFIED.,.F.,.F.,(4,4),(0.,1.),.PIECEWISE_BEZIER_KNOTS.);
#271=B_SPLINE_CURVE_WITH_KNOTS('',3,(#9383,#9384,#9385,#9386),
 .UNSPECIFIED.,.F.,.F.,(4,4),(0.,1.),.PIECEWISE_BEZIER_KNOTS.);
#272=B_SPLINE_CURVE_WITH_KNOTS('',3,(#9424,#9425,#9426,#9427),
 .UNSPECIFIED.,.F.,.F.,(4,4),(0.,1.),.PIECEWISE_BEZIER_KNOTS.);
#273=B_SPLINE_CURVE_WITH_KNOTS('',3,(#9480,#9481,#9482,#9483),
 .UNSPECIFIED.,.F.,.F.,(4,4),(0.,1.),.PIECEWISE_BEZIER_KNOTS.);
#274=B_SPLINE_CURVE_WITH_KNOTS('',3,(#9516,#9517,#9518,#9519),
 .UNSPECIFIED.,.F.,.F.,(4,4),(0.,1.),.PIECEWISE_BEZIER_KNOTS.);
#275=B_SPLINE_CURVE_WITH_KNOTS('',3,(#9532,#9533,#9534,#9535),
 .UNSPECIFIED.,.F.,.F.,(4,4),(0.,1.),.PIECEWISE_BEZIER_KNOTS.);
#276=B_SPLINE_CURVE_WITH_KNOTS('',3,(#9546,#9547,#9548,#9549),
 .UNSPECIFIED.,.F.,.F.,(4,4),(0.,1.),.PIECEWISE_BEZIER_KNOTS.);
#277=B_SPLINE_CURVE_WITH_KNOTS('',3,(#9564,#9565,#9566,#9567),
 .UNSPECIFIED.,.F.,.F.,(4,4),(0.,1.),.PIECEWISE_BEZIER_KNOTS.);
#278=B_SPLINE_CURVE_WITH_KNOTS('',3,(#9578,#9579,#9580,#9581),
 .UNSPECIFIED.,.F.,.F.,(4,4),(0.,1.),.PIECEWISE_BEZIER_KNOTS.);
#279=B_SPLINE_CURVE_WITH_KNOTS('',3,(#9592,#9593,#9594,#9595),
 .UNSPECIFIED.,.F.,.F.,(4,4),(0.,1.),.PIECEWISE_BEZIER_KNOTS.);
#280=B_SPLINE_CURVE_WITH_KNOTS('',3,(#9610,#9611,#9612,#9613),
 .UNSPECIFIED.,.F.,.F.,(4,4),(0.,1.),.PIECEWISE_BEZIER_KNOTS.);
#281=B_SPLINE_CURVE_WITH_KNOTS('',3,(#9624,#9625,#9626,#9627),
 .UNSPECIFIED.,.F.,.F.,(4,4),(0.,1.),.PIECEWISE_BEZIER_KNOTS.);
#282=B_SPLINE_CURVE_WITH_KNOTS('',3,(#9638,#9639,#9640,#9641),
 .UNSPECIFIED.,.F.,.F.,(4,4),(0.,1.),.PIECEWISE_BEZIER_KNOTS.);
#283=B_SPLINE_CURVE_WITH_KNOTS('',3,(#9656,#9657,#9658,#9659),
 .UNSPECIFIED.,.F.,.F.,(4,4),(0.,1.),.PIECEWISE_BEZIER_KNOTS.);
#284=B_SPLINE_CURVE_WITH_KNOTS('',3,(#9670,#9671,#9672,#9673),
 .UNSPECIFIED.,.F.,.F.,(4,4),(0.,1.),.PIECEWISE_BEZIER_KNOTS.);
#285=B_SPLINE_CURVE_WITH_KNOTS('',3,(#9684,#9685,#9686,#9687),
 .UNSPECIFIED.,.F.,.F.,(4,4),(0.,1.),.PIECEWISE_BEZIER_KNOTS.);
#286=B_SPLINE_CURVE_WITH_KNOTS('',3,(#9719,#9720,#9721,#9722),
 .UNSPECIFIED.,.F.,.F.,(4,4),(0.,1.),.PIECEWISE_BEZIER_KNOTS.);
#287=B_SPLINE_CURVE_WITH_KNOTS('',3,(#9733,#9734,#9735,#9736),
 .UNSPECIFIED.,.F.,.F.,(4,4),(0.,1.),.PIECEWISE_BEZIER_KNOTS.);
#288=B_SPLINE_CURVE_WITH_KNOTS('',3,(#9747,#9748,#9749,#9750),
 .UNSPECIFIED.,.F.,.F.,(4,4),(0.,1.),.PIECEWISE_BEZIER_KNOTS.);
#289=B_SPLINE_CURVE_WITH_KNOTS('',3,(#9761,#9762,#9763,#9764),
 .UNSPECIFIED.,.F.,.F.,(4,4),(0.,1.),.PIECEWISE_BEZIER_KNOTS.);
#290=B_SPLINE_CURVE_WITH_KNOTS('',3,(#9779,#9780,#9781,#9782),
 .UNSPECIFIED.,.F.,.F.,(4,4),(0.,1.),.PIECEWISE_BEZIER_KNOTS.);
#291=B_SPLINE_CURVE_WITH_KNOTS('',3,(#9793,#9794,#9795,#9796),
 .UNSPECIFIED.,.F.,.F.,(4,4),(0.,1.),.PIECEWISE_BEZIER_KNOTS.);
#292=B_SPLINE_CURVE_WITH_KNOTS('',3,(#9805,#9806,#9807,#9808),
 .UNSPECIFIED.,.F.,.F.,(4,4),(0.,1.),.PIECEWISE_BEZIER_KNOTS.);
#293=B_SPLINE_CURVE_WITH_KNOTS('',3,(#9845,#9846,#9847,#9848),
 .UNSPECIFIED.,.F.,.F.,(4,4),(0.,1.),.PIECEWISE_BEZIER_KNOTS.);
#294=B_SPLINE_CURVE_WITH_KNOTS('',3,(#9852,#9853,#9854,#9855),
 .UNSPECIFIED.,.F.,.F.,(4,4),(0.,1.),.PIECEWISE_BEZIER_KNOTS.);
#295=LINE('',#7942,#780);
#296=LINE('',#7946,#781);
#297=LINE('',#7947,#782);
#298=LINE('',#7952,#783);
#299=LINE('',#7955,#784);
#300=LINE('',#7958,#785);
#301=LINE('',#7960,#786);
#302=LINE('',#7962,#787);
#303=LINE('',#7964,#788);
#304=LINE('',#7966,#789);
#305=LINE('',#7968,#790);
#306=LINE('',#7970,#791);
#307=LINE('',#7972,#792);
#308=LINE('',#7974,#793);
#309=LINE('',#7976,#794);
#310=LINE('',#7980,#795);
#311=LINE('',#7985,#796);
#312=LINE('',#7988,#797);
#313=LINE('',#7993,#798);
#314=LINE('',#7996,#799);
#315=LINE('',#8014,#800);
#316=LINE('',#8036,#801);
#317=LINE('',#8038,#802);
#318=LINE('',#8040,#803);
#319=LINE('',#8044,#804);
#320=LINE('',#8049,#805);
#321=LINE('',#8055,#806);
#322=LINE('',#8059,#807);
#323=LINE('',#8066,#808);
#324=LINE('',#8083,#809);
#325=LINE('',#8100,#810);
#326=LINE('',#8117,#811);
#327=LINE('',#8131,#812);
#328=LINE('',#8136,#813);
#329=LINE('',#8139,#814);
#330=LINE('',#8144,#815);
#331=LINE('',#8158,#816);
#332=LINE('',#8162,#817);
#333=LINE('',#8166,#818);
#334=LINE('',#8170,#819);
#335=LINE('',#8174,#820);
#336=LINE('',#8178,#821);
#337=LINE('',#8182,#822);
#338=LINE('',#8186,#823);
#339=LINE('',#8190,#824);
#340=LINE('',#8192,#825);
#341=LINE('',#8196,#826);
#342=LINE('',#8200,#827);
#343=LINE('',#8213,#828);
#344=LINE('',#8217,#829);
#345=LINE('',#8218,#830);
#346=LINE('',#8223,#831);
#347=LINE('',#8226,#832);
#348=LINE('',#8229,#833);
#349=LINE('',#8231,#834);
#350=LINE('',#8233,#835);
#351=LINE('',#8235,#836);
#352=LINE('',#8242,#837);
#353=LINE('',#8244,#838);
#354=LINE('',#8246,#839);
#355=LINE('',#8248,#840);
#356=LINE('',#8250,#841);
#357=LINE('',#8257,#842);
#358=LINE('',#8261,#843);
#359=LINE('',#8262,#844);
#360=LINE('',#8267,#845);
#361=LINE('',#8270,#846);
#362=LINE('',#8273,#847);
#363=LINE('',#8275,#848);
#364=LINE('',#8277,#849);
#365=LINE('',#8279,#850);
#366=LINE('',#8281,#851);
#367=LINE('',#8288,#852);
#368=LINE('',#8290,#853);
#369=LINE('',#8292,#854);
#370=LINE('',#8294,#855);
#371=LINE('',#8295,#856);
#372=LINE('',#8298,#857);
#373=LINE('',#8315,#858);
#374=LINE('',#8337,#859);
#375=LINE('',#8339,#860);
#376=LINE('',#8353,#861);
#377=LINE('',#8370,#862);
#378=LINE('',#8387,#863);
#379=LINE('',#8404,#864);
#380=LINE('',#8418,#865);
#381=LINE('',#8420,#866);
#382=LINE('',#8424,#867);
#383=LINE('',#8428,#868);
#384=LINE('',#8432,#869);
#385=LINE('',#8436,#870);
#386=LINE('',#8440,#871);
#387=LINE('',#8444,#872);
#388=LINE('',#8448,#873);
#389=LINE('',#8452,#874);
#390=LINE('',#8456,#875);
#391=LINE('',#8460,#876);
#392=LINE('',#8461,#877);
#393=LINE('',#8464,#878);
#394=LINE('',#8466,#879);
#395=LINE('',#8468,#880);
#396=LINE('',#8470,#881);
#397=LINE('',#8472,#882);
#398=LINE('',#8474,#883);
#399=LINE('',#8476,#884);
#400=LINE('',#8478,#885);
#401=LINE('',#8480,#886);
#402=LINE('',#8482,#887);
#403=LINE('',#8500,#888);
#404=LINE('',#8503,#889);
#405=LINE('',#8505,#890);
#406=LINE('',#8507,#891);
#407=LINE('',#8509,#892);
#408=LINE('',#8512,#893);
#409=LINE('',#8514,#894);
#410=LINE('',#8516,#895);
#411=LINE('',#8530,#896);
#412=LINE('',#8533,#897);
#413=LINE('',#8535,#898);
#414=LINE('',#8537,#899);
#415=LINE('',#8539,#900);
#416=LINE('',#8542,#901);
#417=LINE('',#8544,#902);
#418=LINE('',#8546,#903);
#419=LINE('',#8548,#904);
#420=LINE('',#8551,#905);
#421=LINE('',#8553,#906);
#422=LINE('',#8555,#907);
#423=LINE('',#8557,#908);
#424=LINE('',#8560,#909);
#425=LINE('',#8562,#910);
#426=LINE('',#8564,#911);
#427=LINE('',#8566,#912);
#428=LINE('',#8569,#913);
#429=LINE('',#8571,#914);
#430=LINE('',#8573,#915);
#431=LINE('',#8575,#916);
#432=LINE('',#8581,#917);
#433=LINE('',#8584,#918);
#434=LINE('',#8585,#919);
#435=LINE('',#8590,#920);
#436=LINE('',#8593,#921);
#437=LINE('',#8595,#922);
#438=LINE('',#8597,#923);
#439=LINE('',#8601,#924);
#440=LINE('',#8605,#925);
#441=LINE('',#8607,#926);
#442=LINE('',#8609,#927);
#443=LINE('',#8614,#928);
#444=LINE('',#8617,#929);
#445=LINE('',#8619,#930);
#446=LINE('',#8621,#931);
#447=LINE('',#8623,#932);
#448=LINE('',#8629,#933);
#449=LINE('',#8632,#934);
#450=LINE('',#8633,#935);
#451=LINE('',#8638,#936);
#452=LINE('',#8641,#937);
#453=LINE('',#8643,#938);
#454=LINE('',#8645,#939);
#455=LINE('',#8647,#940);
#456=LINE('',#8653,#941);
#457=LINE('',#8656,#942);
#458=LINE('',#8657,#943);
#459=LINE('',#8662,#944);
#460=LINE('',#8665,#945);
#461=LINE('',#8667,#946);
#462=LINE('',#8669,#947);
#463=LINE('',#8671,#948);
#464=LINE('',#8677,#949);
#465=LINE('',#8680,#950);
#466=LINE('',#8681,#951);
#467=LINE('',#8686,#952);
#468=LINE('',#8689,#953);
#469=LINE('',#8691,#954);
#470=LINE('',#8693,#955);
#471=LINE('',#8695,#956);
#472=LINE('',#8701,#957);
#473=LINE('',#8704,#958);
#474=LINE('',#8705,#959);
#475=LINE('',#8710,#960);
#476=LINE('',#8713,#961);
#477=LINE('',#8715,#962);
#478=LINE('',#8717,#963);
#479=LINE('',#8719,#964);
#480=LINE('',#8725,#965);
#481=LINE('',#8728,#966);
#482=LINE('',#8729,#967);
#483=LINE('',#8734,#968);
#484=LINE('',#8737,#969);
#485=LINE('',#8739,#970);
#486=LINE('',#8741,#971);
#487=LINE('',#8743,#972);
#488=LINE('',#8749,#973);
#489=LINE('',#8752,#974);
#490=LINE('',#8753,#975);
#491=LINE('',#8758,#976);
#492=LINE('',#8761,#977);
#493=LINE('',#8763,#978);
#494=LINE('',#8765,#979);
#495=LINE('',#8767,#980);
#496=LINE('',#8773,#981);
#497=LINE('',#8776,#982);
#498=LINE('',#8777,#983);
#499=LINE('',#8782,#984);
#500=LINE('',#8785,#985);
#501=LINE('',#8787,#986);
#502=LINE('',#8789,#987);
#503=LINE('',#8791,#988);
#504=LINE('',#8797,#989);
#505=LINE('',#8800,#990);
#506=LINE('',#8801,#991);
#507=LINE('',#8822,#992);
#508=LINE('',#8825,#993);
#509=LINE('',#8827,#994);
#510=LINE('',#8829,#995);
#511=LINE('',#8831,#996);
#512=LINE('',#8834,#997);
#513=LINE('',#8836,#998);
#514=LINE('',#8838,#999);
#515=LINE('',#8840,#1000);
#516=LINE('',#8843,#1001);
#517=LINE('',#8844,#1002);
#518=LINE('',#8846,#1003);
#519=LINE('',#8849,#1004);
#520=LINE('',#8851,#1005);
#521=LINE('',#8853,#1006);
#522=LINE('',#8855,#1007);
#523=LINE('',#8858,#1008);
#524=LINE('',#8860,#1009);
#525=LINE('',#8862,#1010);
#526=LINE('',#8864,#1011);
#527=LINE('',#8867,#1012);
#528=LINE('',#8869,#1013);
#529=LINE('',#8871,#1014);
#530=LINE('',#8894,#1015);
#531=LINE('',#8895,#1016);
#532=LINE('',#8897,#1017);
#533=LINE('',#8899,#1018);
#534=LINE('',#8901,#1019);
#535=LINE('',#8903,#1020);
#536=LINE('',#8905,#1021);
#537=LINE('',#8907,#1022);
#538=LINE('',#8909,#1023);
#539=LINE('',#8911,#1024);
#540=LINE('',#8913,#1025);
#541=LINE('',#8915,#1026);
#542=LINE('',#8917,#1027);
#543=LINE('',#8919,#1028);
#544=LINE('',#8921,#1029);
#545=LINE('',#8923,#1030);
#546=LINE('',#8925,#1031);
#547=LINE('',#8927,#1032);
#548=LINE('',#8929,#1033);
#549=LINE('',#8931,#1034);
#550=LINE('',#8933,#1035);
#551=LINE('',#8935,#1036);
#552=LINE('',#8937,#1037);
#553=LINE('',#8940,#1038);
#554=LINE('',#8941,#1039);
#555=LINE('',#8943,#1040);
#556=LINE('',#8945,#1041);
#557=LINE('',#8947,#1042);
#558=LINE('',#8949,#1043);
#559=LINE('',#8951,#1044);
#560=LINE('',#8953,#1045);
#561=LINE('',#8955,#1046);
#562=LINE('',#8957,#1047);
#563=LINE('',#8959,#1048);
#564=LINE('',#8961,#1049);
#565=LINE('',#8963,#1050);
#566=LINE('',#8970,#1051);
#567=LINE('',#8972,#1052);
#568=LINE('',#8974,#1053);
#569=LINE('',#8976,#1054);
#570=LINE('',#8978,#1055);
#571=LINE('',#8980,#1056);
#572=LINE('',#8982,#1057);
#573=LINE('',#8984,#1058);
#574=LINE('',#8986,#1059);
#575=LINE('',#8988,#1060);
#576=LINE('',#8998,#1061);
#577=LINE('',#9005,#1062);
#578=LINE('',#9014,#1063);
#579=LINE('',#9028,#1064);
#580=LINE('',#9035,#1065);
#581=LINE('',#9037,#1066);
#582=LINE('',#9046,#1067);
#583=LINE('',#9060,#1068);
#584=LINE('',#9067,#1069);
#585=LINE('',#9069,#1070);
#586=LINE('',#9071,#1071);
#587=LINE('',#9080,#1072);
#588=LINE('',#9094,#1073);
#589=LINE('',#9108,#1074);
#590=LINE('',#9115,#1075);
#591=LINE('',#9117,#1076);
#592=LINE('',#9126,#1077);
#593=LINE('',#9140,#1078);
#594=LINE('',#9154,#1079);
#595=LINE('',#9161,#1080);
#596=LINE('',#9176,#1081);
#597=LINE('',#9179,#1082);
#598=LINE('',#9181,#1083);
#599=LINE('',#9183,#1084);
#600=LINE('',#9185,#1085);
#601=LINE('',#9188,#1086);
#602=LINE('',#9189,#1087);
#603=LINE('',#9191,#1088);
#604=LINE('',#9197,#1089);
#605=LINE('',#9200,#1090);
#606=LINE('',#9201,#1091);
#607=LINE('',#9210,#1092);
#608=LINE('',#9222,#1093);
#609=LINE('',#9224,#1094);
#610=LINE('',#9226,#1095);
#611=LINE('',#9228,#1096);
#612=LINE('',#9230,#1097);
#613=LINE('',#9232,#1098);
#614=LINE('',#9234,#1099);
#615=LINE('',#9236,#1100);
#616=LINE('',#9238,#1101);
#617=LINE('',#9240,#1102);
#618=LINE('',#9242,#1103);
#619=LINE('',#9244,#1104);
#620=LINE('',#9246,#1105);
#621=LINE('',#9248,#1106);
#622=LINE('',#9250,#1107);
#623=LINE('',#9252,#1108);
#624=LINE('',#9254,#1109);
#625=LINE('',#9256,#1110);
#626=LINE('',#9258,#1111);
#627=LINE('',#9260,#1112);
#628=LINE('',#9262,#1113);
#629=LINE('',#9264,#1114);
#630=LINE('',#9266,#1115);
#631=LINE('',#9267,#1116);
#632=LINE('',#9270,#1117);
#633=LINE('',#9272,#1118);
#634=LINE('',#9274,#1119);
#635=LINE('',#9276,#1120);
#636=LINE('',#9278,#1121);
#637=LINE('',#9280,#1122);
#638=LINE('',#9282,#1123);
#639=LINE('',#9284,#1124);
#640=LINE('',#9286,#1125);
#641=LINE('',#9295,#1126);
#642=LINE('',#9309,#1127);
#643=LINE('',#9323,#1128);
#644=LINE('',#9337,#1129);
#645=LINE('',#9344,#1130);
#646=LINE('',#9346,#1131);
#647=LINE('',#9355,#1132);
#648=LINE('',#9369,#1133);
#649=LINE('',#9389,#1134);
#650=LINE('',#9391,#1135);
#651=LINE('',#9393,#1136);
#652=LINE('',#9395,#1137);
#653=LINE('',#9397,#1138);
#654=LINE('',#9399,#1139);
#655=LINE('',#9401,#1140);
#656=LINE('',#9403,#1141);
#657=LINE('',#9405,#1142);
#658=LINE('',#9407,#1143);
#659=LINE('',#9409,#1144);
#660=LINE('',#9411,#1145);
#661=LINE('',#9413,#1146);
#662=LINE('',#9422,#1147);
#663=LINE('',#9429,#1148);
#664=LINE('',#9431,#1149);
#665=LINE('',#9433,#1150);
#666=LINE('',#9435,#1151);
#667=LINE('',#9437,#1152);
#668=LINE('',#9439,#1153);
#669=LINE('',#9441,#1154);
#670=LINE('',#9445,#1155);
#671=LINE('',#9447,#1156);
#672=LINE('',#9449,#1157);
#673=LINE('',#9451,#1158);
#674=LINE('',#9453,#1159);
#675=LINE('',#9455,#1160);
#676=LINE('',#9457,#1161);
#677=LINE('',#9459,#1162);
#678=LINE('',#9461,#1163);
#679=LINE('',#9463,#1164);
#680=LINE('',#9465,#1165);
#681=LINE('',#9467,#1166);
#682=LINE('',#9469,#1167);
#683=LINE('',#9478,#1168);
#684=LINE('',#9485,#1169);
#685=LINE('',#9487,#1170);
#686=LINE('',#9489,#1171);
#687=LINE('',#9491,#1172);
#688=LINE('',#9493,#1173);
#689=LINE('',#9495,#1174);
#690=LINE('',#9497,#1175);
#691=LINE('',#9514,#1176);
#692=LINE('',#9521,#1177);
#693=LINE('',#9530,#1178);
#694=LINE('',#9544,#1179);
#695=LINE('',#9551,#1180);
#696=LINE('',#9553,#1181);
#697=LINE('',#9562,#1182);
#698=LINE('',#9576,#1183);
#699=LINE('',#9590,#1184);
#700=LINE('',#9597,#1185);
#701=LINE('',#9599,#1186);
#702=LINE('',#9608,#1187);
#703=LINE('',#9622,#1188);
#704=LINE('',#9636,#1189);
#705=LINE('',#9643,#1190);
#706=LINE('',#9645,#1191);
#707=LINE('',#9654,#1192);
#708=LINE('',#9668,#1193);
#709=LINE('',#9682,#1194);
#710=LINE('',#9689,#1195);
#711=LINE('',#9692,#1196);
#712=LINE('',#9694,#1197);
#713=LINE('',#9696,#1198);
#714=LINE('',#9698,#1199);
#715=LINE('',#9700,#1200);
#716=LINE('',#9702,#1201);
#717=LINE('',#9704,#1202);
#718=LINE('',#9706,#1203);
#719=LINE('',#9708,#1204);
#720=LINE('',#9717,#1205);
#721=LINE('',#9731,#1206);
#722=LINE('',#9745,#1207);
#723=LINE('',#9759,#1208);
#724=LINE('',#9766,#1209);
#725=LINE('',#9768,#1210);
#726=LINE('',#9777,#1211);
#727=LINE('',#9791,#1212);
#728=LINE('',#9811,#1213);
#729=LINE('',#9814,#1214);
#730=LINE('',#9816,#1215);
#731=LINE('',#9818,#1216);
#732=LINE('',#9820,#1217);
#733=LINE('',#9822,#1218);
#734=LINE('',#9824,#1219);
#735=LINE('',#9828,#1220);
#736=LINE('',#9832,#1221);
#737=LINE('',#9834,#1222);
#738=LINE('',#9836,#1223);
#739=LINE('',#9850,#1224);
#740=LINE('',#9857,#1225);
#741=LINE('',#9859,#1226);
#742=LINE('',#9861,#1227);
#743=LINE('',#9863,#1228);
#744=LINE('',#9865,#1229);
#745=LINE('',#9867,#1230);
#746=LINE('',#9869,#1231);
#747=LINE('',#9871,#1232);
#748=LINE('',#9873,#1233);
#749=LINE('',#9875,#1234);
#750=LINE('',#9877,#1235);
#751=LINE('',#9879,#1236);
#752=LINE('',#9881,#1237);
#753=LINE('',#9883,#1238);
#754=LINE('',#9885,#1239);
#755=LINE('',#9887,#1240);
#756=LINE('',#9889,#1241);
#757=LINE('',#9891,#1242);
#758=LINE('',#9893,#1243);
#759=LINE('',#9895,#1244);
#760=LINE('',#9897,#1245);
#761=LINE('',#9899,#1246);
#762=LINE('',#9901,#1247);
#763=LINE('',#9902,#1248);
#764=LINE('',#9930,#1249);
#765=LINE('',#9934,#1250);
#766=LINE('',#9938,#1251);
#767=LINE('',#9942,#1252);
#768=LINE('',#9949,#1253);
#769=LINE('',#9953,#1254);
#770=LINE('',#9957,#1255);
#771=LINE('',#9961,#1256);
#772=LINE('',#9968,#1257);
#773=LINE('',#9972,#1258);
#774=LINE('',#9976,#1259);
#775=LINE('',#9980,#1260);
#776=LINE('',#9987,#1261);
#777=LINE('',#9991,#1262);
#778=LINE('',#9995,#1263);
#779=LINE('',#9999,#1264);
#780=VECTOR('',#6360,1.);
#781=VECTOR('',#6363,1.);
#782=VECTOR('',#6364,1.);
#783=VECTOR('',#6367,1.);
#784=VECTOR('',#6370,1.);
#785=VECTOR('',#6371,1.);
#786=VECTOR('',#6372,1.);
#787=VECTOR('',#6373,1.);
#788=VECTOR('',#6374,1.);
#789=VECTOR('',#6375,1.);
#790=VECTOR('',#6376,1.);
#791=VECTOR('',#6377,1.);
#792=VECTOR('',#6378,1.);
#793=VECTOR('',#6379,1.);
#794=VECTOR('',#6380,1.);
#795=VECTOR('',#6385,1.);
#796=VECTOR('',#6388,1.);
#797=VECTOR('',#6391,1.);
#798=VECTOR('',#6394,1.);
#799=VECTOR('',#6397,1.);
#800=VECTOR('',#6398,1.);
#801=VECTOR('',#6399,1.);
#802=VECTOR('',#6400,1.);
#803=VECTOR('',#6401,1.);
#804=VECTOR('',#6406,1.);
#805=VECTOR('',#6409,1.);
#806=VECTOR('',#6414,1.);
#807=VECTOR('',#6417,1.);
#808=VECTOR('',#6418,1.);
#809=VECTOR('',#6419,1.);
#810=VECTOR('',#6420,1.);
#811=VECTOR('',#6421,1.);
#812=VECTOR('',#6426,1.);
#813=VECTOR('',#6429,1.);
#814=VECTOR('',#6432,1.);
#815=VECTOR('',#6435,1.);
#816=VECTOR('',#6448,1.);
#817=VECTOR('',#6451,1.);
#818=VECTOR('',#6454,1.);
#819=VECTOR('',#6457,1.);
#820=VECTOR('',#6460,1.);
#821=VECTOR('',#6463,1.);
#822=VECTOR('',#6466,1.);
#823=VECTOR('',#6469,1.);
#824=VECTOR('',#6472,1.);
#825=VECTOR('',#6473,1.);
#826=VECTOR('',#6476,1.);
#827=VECTOR('',#6479,1.);
#828=VECTOR('',#6492,1.);
#829=VECTOR('',#6495,1.);
#830=VECTOR('',#6496,1.);
#831=VECTOR('',#6499,1.);
#832=VECTOR('',#6502,1.);
#833=VECTOR('',#6503,1.);
#834=VECTOR('',#6504,1.);
#835=VECTOR('',#6505,1.);
#836=VECTOR('',#6506,1.);
#837=VECTOR('',#6507,1.);
#838=VECTOR('',#6508,1.);
#839=VECTOR('',#6509,1.);
#840=VECTOR('',#6510,1.);
#841=VECTOR('',#6511,1.);
#842=VECTOR('',#6518,1.);
#843=VECTOR('',#6521,1.);
#844=VECTOR('',#6522,1.);
#845=VECTOR('',#6525,1.);
#846=VECTOR('',#6528,1.);
#847=VECTOR('',#6529,1.);
#848=VECTOR('',#6530,1.);
#849=VECTOR('',#6531,1.);
#850=VECTOR('',#6532,1.);
#851=VECTOR('',#6533,1.);
#852=VECTOR('',#6534,1.);
#853=VECTOR('',#6535,1.);
#854=VECTOR('',#6536,1.);
#855=VECTOR('',#6537,1.);
#856=VECTOR('',#6538,1.);
#857=VECTOR('',#6539,1.);
#858=VECTOR('',#6540,1.);
#859=VECTOR('',#6541,1.);
#860=VECTOR('',#6542,1.);
#861=VECTOR('',#6545,1.);
#862=VECTOR('',#6546,1.);
#863=VECTOR('',#6547,1.);
#864=VECTOR('',#6548,1.);
#865=VECTOR('',#6551,1.);
#866=VECTOR('',#6552,1.);
#867=VECTOR('',#6555,1.);
#868=VECTOR('',#6558,1.);
#869=VECTOR('',#6561,1.);
#870=VECTOR('',#6564,1.);
#871=VECTOR('',#6567,1.);
#872=VECTOR('',#6570,1.);
#873=VECTOR('',#6573,1.);
#874=VECTOR('',#6576,1.);
#875=VECTOR('',#6579,1.);
#876=VECTOR('',#6582,1.);
#877=VECTOR('',#6583,1.);
#878=VECTOR('',#6584,1.);
#879=VECTOR('',#6585,1.);
#880=VECTOR('',#6586,1.);
#881=VECTOR('',#6587,1.);
#882=VECTOR('',#6588,1.);
#883=VECTOR('',#6589,1.);
#884=VECTOR('',#6590,1.);
#885=VECTOR('',#6591,1.);
#886=VECTOR('',#6592,1.);
#887=VECTOR('',#6593,1.);
#888=VECTOR('',#6612,1.);
#889=VECTOR('',#6613,1.);
#890=VECTOR('',#6614,1.);
#891=VECTOR('',#6615,1.);
#892=VECTOR('',#6618,1.);
#893=VECTOR('',#6619,1.);
#894=VECTOR('',#6620,1.);
#895=VECTOR('',#6621,1.);
#896=VECTOR('',#6640,1.);
#897=VECTOR('',#6641,1.);
#898=VECTOR('',#6642,1.);
#899=VECTOR('',#6643,1.);
#900=VECTOR('',#6646,1.);
#901=VECTOR('',#6647,1.);
#902=VECTOR('',#6648,1.);
#903=VECTOR('',#6649,1.);
#904=VECTOR('',#6652,1.);
#905=VECTOR('',#6653,1.);
#906=VECTOR('',#6654,1.);
#907=VECTOR('',#6655,1.);
#908=VECTOR('',#6658,1.);
#909=VECTOR('',#6659,1.);
#910=VECTOR('',#6660,1.);
#911=VECTOR('',#6661,1.);
#912=VECTOR('',#6664,1.);
#913=VECTOR('',#6665,1.);
#914=VECTOR('',#6666,1.);
#915=VECTOR('',#6667,1.);
#916=VECTOR('',#6670,1.);
#917=VECTOR('',#6677,1.);
#918=VECTOR('',#6678,1.);
#919=VECTOR('',#6679,1.);
#920=VECTOR('',#6688,1.);
#921=VECTOR('',#6689,1.);
#922=VECTOR('',#6690,1.);
#923=VECTOR('',#6691,1.);
#924=VECTOR('',#6696,1.);
#925=VECTOR('',#6701,1.);
#926=VECTOR('',#6702,1.);
#927=VECTOR('',#6703,1.);
#928=VECTOR('',#6712,1.);
#929=VECTOR('',#6713,1.);
#930=VECTOR('',#6714,1.);
#931=VECTOR('',#6715,1.);
#932=VECTOR('',#6718,1.);
#933=VECTOR('',#6725,1.);
#934=VECTOR('',#6726,1.);
#935=VECTOR('',#6727,1.);
#936=VECTOR('',#6736,1.);
#937=VECTOR('',#6737,1.);
#938=VECTOR('',#6738,1.);
#939=VECTOR('',#6739,1.);
#940=VECTOR('',#6742,1.);
#941=VECTOR('',#6749,1.);
#942=VECTOR('',#6750,1.);
#943=VECTOR('',#6751,1.);
#944=VECTOR('',#6760,1.);
#945=VECTOR('',#6761,1.);
#946=VECTOR('',#6762,1.);
#947=VECTOR('',#6763,1.);
#948=VECTOR('',#6766,1.);
#949=VECTOR('',#6773,1.);
#950=VECTOR('',#6774,1.);
#951=VECTOR('',#6775,1.);
#952=VECTOR('',#6784,1.);
#953=VECTOR('',#6785,1.);
#954=VECTOR('',#6786,1.);
#955=VECTOR('',#6787,1.);
#956=VECTOR('',#6790,1.);
#957=VECTOR('',#6797,1.);
#958=VECTOR('',#6798,1.);
#959=VECTOR('',#6799,1.);
#960=VECTOR('',#6808,1.);
#961=VECTOR('',#6809,1.);
#962=VECTOR('',#6810,1.);
#963=VECTOR('',#6811,1.);
#964=VECTOR('',#6814,1.);
#965=VECTOR('',#6821,1.);
#966=VECTOR('',#6822,1.);
#967=VECTOR('',#6823,1.);
#968=VECTOR('',#6832,1.);
#969=VECTOR('',#6833,1.);
#970=VECTOR('',#6834,1.);
#971=VECTOR('',#6835,1.);
#972=VECTOR('',#6838,1.);
#973=VECTOR('',#6845,1.);
#974=VECTOR('',#6846,1.);
#975=VECTOR('',#6847,1.);
#976=VECTOR('',#6856,1.);
#977=VECTOR('',#6857,1.);
#978=VECTOR('',#6858,1.);
#979=VECTOR('',#6859,1.);
#980=VECTOR('',#6862,1.);
#981=VECTOR('',#6869,1.);
#982=VECTOR('',#6870,1.);
#983=VECTOR('',#6871,1.);
#984=VECTOR('',#6880,1.);
#985=VECTOR('',#6881,1.);
#986=VECTOR('',#6882,1.);
#987=VECTOR('',#6883,1.);
#988=VECTOR('',#6886,1.);
#989=VECTOR('',#6893,1.);
#990=VECTOR('',#6894,1.);
#991=VECTOR('',#6895,1.);
#992=VECTOR('',#6936,1.);
#993=VECTOR('',#6937,1.);
#994=VECTOR('',#6938,1.);
#995=VECTOR('',#6939,1.);
#996=VECTOR('',#6942,1.);
#997=VECTOR('',#6943,1.);
#998=VECTOR('',#6944,1.);
#999=VECTOR('',#6945,1.);
#1000=VECTOR('',#6948,1.);
#1001=VECTOR('',#6949,1.);
#1002=VECTOR('',#6950,1.);
#1003=VECTOR('',#6953,1.);
#1004=VECTOR('',#6954,1.);
#1005=VECTOR('',#6955,1.);
#1006=VECTOR('',#6956,1.);
#1007=VECTOR('',#6959,1.);
#1008=VECTOR('',#6960,1.);
#1009=VECTOR('',#6961,1.);
#1010=VECTOR('',#6962,1.);
#1011=VECTOR('',#6965,1.);
#1012=VECTOR('',#6966,1.);
#1013=VECTOR('',#6967,1.);
#1014=VECTOR('',#6968,1.);
#1015=VECTOR('',#7013,1.);
#1016=VECTOR('',#7014,1.);
#1017=VECTOR('',#7017,1.);
#1018=VECTOR('',#7020,1.);
#1019=VECTOR('',#7023,1.);
#1020=VECTOR('',#7026,1.);
#1021=VECTOR('',#7029,1.);
#1022=VECTOR('',#7032,1.);
#1023=VECTOR('',#7035,1.);
#1024=VECTOR('',#7038,1.);
#1025=VECTOR('',#7041,1.);
#1026=VECTOR('',#7044,1.);
#1027=VECTOR('',#7047,1.);
#1028=VECTOR('',#7050,1.);
#1029=VECTOR('',#7053,1.);
#1030=VECTOR('',#7056,1.);
#1031=VECTOR('',#7059,1.);
#1032=VECTOR('',#7062,1.);
#1033=VECTOR('',#7065,1.);
#1034=VECTOR('',#7068,1.);
#1035=VECTOR('',#7071,1.);
#1036=VECTOR('',#7074,1.);
#1037=VECTOR('',#7077,1.);
#1038=VECTOR('',#7082,1.);
#1039=VECTOR('',#7083,1.);
#1040=VECTOR('',#7086,1.);
#1041=VECTOR('',#7089,1.);
#1042=VECTOR('',#7092,1.);
#1043=VECTOR('',#7095,1.);
#1044=VECTOR('',#7098,1.);
#1045=VECTOR('',#7101,1.);
#1046=VECTOR('',#7104,1.);
#1047=VECTOR('',#7107,1.);
#1048=VECTOR('',#7110,1.);
#1049=VECTOR('',#7113,1.);
#1050=VECTOR('',#7116,1.);
#1051=VECTOR('',#7119,1.);
#1052=VECTOR('',#7122,1.);
#1053=VECTOR('',#7125,1.);
#1054=VECTOR('',#7128,1.);
#1055=VECTOR('',#7131,1.);
#1056=VECTOR('',#7134,1.);
#1057=VECTOR('',#7137,1.);
#1058=VECTOR('',#7140,1.);
#1059=VECTOR('',#7143,1.);
#1060=VECTOR('',#7146,1.);
#1061=VECTOR('',#7149,1.);
#1062=VECTOR('',#7150,1.);
#1063=VECTOR('',#7151,1.);
#1064=VECTOR('',#7152,1.);
#1065=VECTOR('',#7155,1.);
#1066=VECTOR('',#7156,1.);
#1067=VECTOR('',#7157,1.);
#1068=VECTOR('',#7158,1.);
#1069=VECTOR('',#7159,1.);
#1070=VECTOR('',#7162,1.);
#1071=VECTOR('',#7163,1.);
#1072=VECTOR('',#7164,1.);
#1073=VECTOR('',#7165,1.);
#1074=VECTOR('',#7166,1.);
#1075=VECTOR('',#7169,1.);
#1076=VECTOR('',#7170,1.);
#1077=VECTOR('',#7171,1.);
#1078=VECTOR('',#7172,1.);
#1079=VECTOR('',#7173,1.);
#1080=VECTOR('',#7176,1.);
#1081=VECTOR('',#7181,1.);
#1082=VECTOR('',#7182,1.);
#1083=VECTOR('',#7183,1.);
#1084=VECTOR('',#7184,1.);
#1085=VECTOR('',#7187,1.);
#1086=VECTOR('',#7188,1.);
#1087=VECTOR('',#7189,1.);
#1088=VECTOR('',#7192,1.);
#1089=VECTOR('',#7199,1.);
#1090=VECTOR('',#7200,1.);
#1091=VECTOR('',#7201,1.);
#1092=VECTOR('',#7202,1.);
#1093=VECTOR('',#7205,1.);
#1094=VECTOR('',#7206,1.);
#1095=VECTOR('',#7207,1.);
#1096=VECTOR('',#7210,1.);
#1097=VECTOR('',#7211,1.);
#1098=VECTOR('',#7214,1.);
#1099=VECTOR('',#7215,1.);
#1100=VECTOR('',#7218,1.);
#1101=VECTOR('',#7219,1.);
#1102=VECTOR('',#7222,1.);
#1103=VECTOR('',#7223,1.);
#1104=VECTOR('',#7226,1.);
#1105=VECTOR('',#7227,1.);
#1106=VECTOR('',#7230,1.);
#1107=VECTOR('',#7231,1.);
#1108=VECTOR('',#7234,1.);
#1109=VECTOR('',#7235,1.);
#1110=VECTOR('',#7238,1.);
#1111=VECTOR('',#7239,1.);
#1112=VECTOR('',#7242,1.);
#1113=VECTOR('',#7243,1.);
#1114=VECTOR('',#7246,1.);
#1115=VECTOR('',#7249,1.);
#1116=VECTOR('',#7250,1.);
#1117=VECTOR('',#7255,1.);
#1118=VECTOR('',#7256,1.);
#1119=VECTOR('',#7257,1.);
#1120=VECTOR('',#7260,1.);
#1121=VECTOR('',#7261,1.);
#1122=VECTOR('',#7264,1.);
#1123=VECTOR('',#7265,1.);
#1124=VECTOR('',#7268,1.);
#1125=VECTOR('',#7269,1.);
#1126=VECTOR('',#7270,1.);
#1127=VECTOR('',#7271,1.);
#1128=VECTOR('',#7272,1.);
#1129=VECTOR('',#7273,1.);
#1130=VECTOR('',#7276,1.);
#1131=VECTOR('',#7277,1.);
#1132=VECTOR('',#7278,1.);
#1133=VECTOR('',#7279,1.);
#1134=VECTOR('',#7284,1.);
#1135=VECTOR('',#7285,1.);
#1136=VECTOR('',#7286,1.);
#1137=VECTOR('',#7289,1.);
#1138=VECTOR('',#7290,1.);
#1139=VECTOR('',#7293,1.);
#1140=VECTOR('',#7294,1.);
#1141=VECTOR('',#7297,1.);
#1142=VECTOR('',#7298,1.);
#1143=VECTOR('',#7301,1.);
#1144=VECTOR('',#7302,1.);
#1145=VECTOR('',#7305,1.);
#1146=VECTOR('',#7306,1.);
#1147=VECTOR('',#7307,1.);
#1148=VECTOR('',#7310,1.);
#1149=VECTOR('',#7311,1.);
#1150=VECTOR('',#7314,1.);
#1151=VECTOR('',#7315,1.);
#1152=VECTOR('',#7318,1.);
#1153=VECTOR('',#7319,1.);
#1154=VECTOR('',#7322,1.);
#1155=VECTOR('',#7329,1.);
#1156=VECTOR('',#7330,1.);
#1157=VECTOR('',#7331,1.);
#1158=VECTOR('',#7334,1.);
#1159=VECTOR('',#7335,1.);
#1160=VECTOR('',#7338,1.);
#1161=VECTOR('',#7339,1.);
#1162=VECTOR('',#7342,1.);
#1163=VECTOR('',#7343,1.);
#1164=VECTOR('',#7346,1.);
#1165=VECTOR('',#7347,1.);
#1166=VECTOR('',#7350,1.);
#1167=VECTOR('',#7351,1.);
#1168=VECTOR('',#7352,1.);
#1169=VECTOR('',#7355,1.);
#1170=VECTOR('',#7356,1.);
#1171=VECTOR('',#7359,1.);
#1172=VECTOR('',#7360,1.);
#1173=VECTOR('',#7363,1.);
#1174=VECTOR('',#7364,1.);
#1175=VECTOR('',#7367,1.);
#1176=VECTOR('',#7380,1.);
#1177=VECTOR('',#7381,1.);
#1178=VECTOR('',#7382,1.);
#1179=VECTOR('',#7383,1.);
#1180=VECTOR('',#7386,1.);
#1181=VECTOR('',#7387,1.);
#1182=VECTOR('',#7388,1.);
#1183=VECTOR('',#7389,1.);
#1184=VECTOR('',#7390,1.);
#1185=VECTOR('',#7393,1.);
#1186=VECTOR('',#7394,1.);
#1187=VECTOR('',#7395,1.);
#1188=VECTOR('',#7396,1.);
#1189=VECTOR('',#7397,1.);
#1190=VECTOR('',#7400,1.);
#1191=VECTOR('',#7401,1.);
#1192=VECTOR('',#7402,1.);
#1193=VECTOR('',#7403,1.);
#1194=VECTOR('',#7404,1.);
#1195=VECTOR('',#7407,1.);
#1196=VECTOR('',#7412,1.);
#1197=VECTOR('',#7413,1.);
#1198=VECTOR('',#7414,1.);
#1199=VECTOR('',#7417,1.);
#1200=VECTOR('',#7418,1.);
#1201=VECTOR('',#7421,1.);
#1202=VECTOR('',#7422,1.);
#1203=VECTOR('',#7425,1.);
#1204=VECTOR('',#7426,1.);
#1205=VECTOR('',#7427,1.);
#1206=VECTOR('',#7428,1.);
#1207=VECTOR('',#7429,1.);
#1208=VECTOR('',#7430,1.);
#1209=VECTOR('',#7433,1.);
#1210=VECTOR('',#7434,1.);
#1211=VECTOR('',#7435,1.);
#1212=VECTOR('',#7436,1.);
#1213=VECTOR('',#7441,1.);
#1214=VECTOR('',#7442,1.);
#1215=VECTOR('',#7443,1.);
#1216=VECTOR('',#7444,1.);
#1217=VECTOR('',#7447,1.);
#1218=VECTOR('',#7448,1.);
#1219=VECTOR('',#7449,1.);
#1220=VECTOR('',#7454,1.);
#1221=VECTOR('',#7459,1.);
#1222=VECTOR('',#7460,1.);
#1223=VECTOR('',#7461,1.);
#1224=VECTOR('',#7462,1.);
#1225=VECTOR('',#7465,1.);
#1226=VECTOR('',#7466,1.);
#1227=VECTOR('',#7467,1.);
#1228=VECTOR('',#7470,1.);
#1229=VECTOR('',#7471,1.);
#1230=VECTOR('',#7474,1.);
#1231=VECTOR('',#7475,1.);
#1232=VECTOR('',#7478,1.);
#1233=VECTOR('',#7479,1.);
#1234=VECTOR('',#7482,1.);
#1235=VECTOR('',#7483,1.);
#1236=VECTOR('',#7486,1.);
#1237=VECTOR('',#7487,1.);
#1238=VECTOR('',#7490,1.);
#1239=VECTOR('',#7491,1.);
#1240=VECTOR('',#7494,1.);
#1241=VECTOR('',#7495,1.);
#1242=VECTOR('',#7498,1.);
#1243=VECTOR('',#7499,1.);
#1244=VECTOR('',#7502,1.);
#1245=VECTOR('',#7503,1.);
#1246=VECTOR('',#7506,1.);
#1247=VECTOR('',#7509,1.);
#1248=VECTOR('',#7510,1.);
#1249=VECTOR('',#7549,1.);
#1250=VECTOR('',#7552,1.);
#1251=VECTOR('',#7555,1.);
#1252=VECTOR('',#7558,1.);
#1253=VECTOR('',#7565,1.);
#1254=VECTOR('',#7568,1.);
#1255=VECTOR('',#7571,1.);
#1256=VECTOR('',#7574,1.);
#1257=VECTOR('',#7581,1.);
#1258=VECTOR('',#7584,1.);
#1259=VECTOR('',#7587,1.);
#1260=VECTOR('',#7590,1.);
#1261=VECTOR('',#7597,1.);
#1262=VECTOR('',#7600,1.);
#1263=VECTOR('',#7603,1.);
#1264=VECTOR('',#7606,1.);
#1265=ORIENTED_EDGE('',*,*,#2897,.T.);
#1266=ORIENTED_EDGE('',*,*,#2898,.T.);
#1267=ORIENTED_EDGE('',*,*,#2899,.T.);
#1268=ORIENTED_EDGE('',*,*,#2900,.T.);
#1269=ORIENTED_EDGE('',*,*,#2901,.T.);
#1270=ORIENTED_EDGE('',*,*,#2902,.T.);
#1271=ORIENTED_EDGE('',*,*,#2903,.T.);
#1272=ORIENTED_EDGE('',*,*,#2904,.T.);
#1273=ORIENTED_EDGE('',*,*,#2905,.F.);
#1274=ORIENTED_EDGE('',*,*,#2906,.F.);
#1275=ORIENTED_EDGE('',*,*,#2907,.F.);
#1276=ORIENTED_EDGE('',*,*,#2908,.F.);
#1277=ORIENTED_EDGE('',*,*,#2909,.F.);
#1278=ORIENTED_EDGE('',*,*,#2910,.F.);
#1279=ORIENTED_EDGE('',*,*,#2911,.F.);
#1280=ORIENTED_EDGE('',*,*,#2912,.F.);
#1281=ORIENTED_EDGE('',*,*,#2913,.F.);
#1282=ORIENTED_EDGE('',*,*,#2914,.F.);
#1283=ORIENTED_EDGE('',*,*,#2915,.F.);
#1284=ORIENTED_EDGE('',*,*,#2916,.T.);
#1285=ORIENTED_EDGE('',*,*,#2917,.T.);
#1286=ORIENTED_EDGE('',*,*,#2918,.T.);
#1287=ORIENTED_EDGE('',*,*,#2919,.T.);
#1288=ORIENTED_EDGE('',*,*,#2920,.T.);
#1289=ORIENTED_EDGE('',*,*,#2921,.T.);
#1290=ORIENTED_EDGE('',*,*,#2922,.T.);
#1291=ORIENTED_EDGE('',*,*,#2923,.T.);
#1292=ORIENTED_EDGE('',*,*,#2924,.T.);
#1293=ORIENTED_EDGE('',*,*,#2925,.F.);
#1294=ORIENTED_EDGE('',*,*,#2926,.F.);
#1295=ORIENTED_EDGE('',*,*,#2927,.F.);
#1296=ORIENTED_EDGE('',*,*,#2928,.F.);
#1297=ORIENTED_EDGE('',*,*,#2929,.F.);
#1298=ORIENTED_EDGE('',*,*,#2930,.F.);
#1299=ORIENTED_EDGE('',*,*,#2931,.F.);
#1300=ORIENTED_EDGE('',*,*,#2932,.F.);
#1301=ORIENTED_EDGE('',*,*,#2933,.F.);
#1302=ORIENTED_EDGE('',*,*,#2934,.F.);
#1303=ORIENTED_EDGE('',*,*,#2935,.F.);
#1304=ORIENTED_EDGE('',*,*,#2936,.F.);
#1305=ORIENTED_EDGE('',*,*,#2937,.T.);
#1306=ORIENTED_EDGE('',*,*,#2938,.T.);
#1307=ORIENTED_EDGE('',*,*,#2939,.T.);
#1308=ORIENTED_EDGE('',*,*,#2940,.T.);
#1309=ORIENTED_EDGE('',*,*,#2941,.T.);
#1310=ORIENTED_EDGE('',*,*,#2942,.T.);
#1311=ORIENTED_EDGE('',*,*,#2943,.T.);
#1312=ORIENTED_EDGE('',*,*,#2944,.T.);
#1313=ORIENTED_EDGE('',*,*,#2945,.T.);
#1314=ORIENTED_EDGE('',*,*,#2946,.F.);
#1315=ORIENTED_EDGE('',*,*,#2947,.F.);
#1316=ORIENTED_EDGE('',*,*,#2948,.F.);
#1317=ORIENTED_EDGE('',*,*,#2949,.F.);
#1318=ORIENTED_EDGE('',*,*,#2950,.F.);
#1319=ORIENTED_EDGE('',*,*,#2951,.F.);
#1320=ORIENTED_EDGE('',*,*,#2952,.F.);
#1321=ORIENTED_EDGE('',*,*,#2953,.F.);
#1322=ORIENTED_EDGE('',*,*,#2954,.F.);
#1323=ORIENTED_EDGE('',*,*,#2955,.F.);
#1324=ORIENTED_EDGE('',*,*,#2956,.F.);
#1325=ORIENTED_EDGE('',*,*,#2957,.F.);
#1326=ORIENTED_EDGE('',*,*,#2958,.F.);
#1327=ORIENTED_EDGE('',*,*,#2959,.F.);
#1328=ORIENTED_EDGE('',*,*,#2960,.F.);
#1329=ORIENTED_EDGE('',*,*,#2961,.F.);
#1330=ORIENTED_EDGE('',*,*,#2962,.T.);
#1331=ORIENTED_EDGE('',*,*,#2963,.T.);
#1332=ORIENTED_EDGE('',*,*,#2964,.T.);
#1333=ORIENTED_EDGE('',*,*,#2965,.T.);
#1334=ORIENTED_EDGE('',*,*,#2966,.T.);
#1335=ORIENTED_EDGE('',*,*,#2967,.T.);
#1336=ORIENTED_EDGE('',*,*,#2968,.T.);
#1337=ORIENTED_EDGE('',*,*,#2969,.T.);
#1338=ORIENTED_EDGE('',*,*,#2970,.T.);
#1339=ORIENTED_EDGE('',*,*,#2971,.F.);
#1340=ORIENTED_EDGE('',*,*,#2972,.F.);
#1341=ORIENTED_EDGE('',*,*,#2973,.F.);
#1342=ORIENTED_EDGE('',*,*,#2974,.F.);
#1343=ORIENTED_EDGE('',*,*,#2975,.T.);
#1344=ORIENTED_EDGE('',*,*,#2976,.T.);
#1345=ORIENTED_EDGE('',*,*,#2977,.T.);
#1346=ORIENTED_EDGE('',*,*,#2978,.T.);
#1347=ORIENTED_EDGE('',*,*,#2979,.T.);
#1348=ORIENTED_EDGE('',*,*,#2980,.T.);
#1349=ORIENTED_EDGE('',*,*,#2981,.T.);
#1350=ORIENTED_EDGE('',*,*,#2982,.T.);
#1351=ORIENTED_EDGE('',*,*,#2983,.T.);
#1352=ORIENTED_EDGE('',*,*,#2984,.T.);
#1353=ORIENTED_EDGE('',*,*,#2985,.T.);
#1354=ORIENTED_EDGE('',*,*,#2986,.T.);
#1355=ORIENTED_EDGE('',*,*,#2987,.T.);
#1356=ORIENTED_EDGE('',*,*,#2988,.T.);
#1357=ORIENTED_EDGE('',*,*,#2989,.T.);
#1358=ORIENTED_EDGE('',*,*,#2990,.T.);
#1359=ORIENTED_EDGE('',*,*,#2991,.T.);
#1360=ORIENTED_EDGE('',*,*,#2992,.T.);
#1361=ORIENTED_EDGE('',*,*,#2993,.T.);
#1362=ORIENTED_EDGE('',*,*,#2994,.T.);
#1363=ORIENTED_EDGE('',*,*,#2995,.T.);
#1364=ORIENTED_EDGE('',*,*,#2996,.T.);
#1365=ORIENTED_EDGE('',*,*,#2997,.T.);
#1366=ORIENTED_EDGE('',*,*,#2998,.F.);
#1367=ORIENTED_EDGE('',*,*,#2999,.F.);
#1368=ORIENTED_EDGE('',*,*,#3000,.F.);
#1369=ORIENTED_EDGE('',*,*,#3001,.F.);
#1370=ORIENTED_EDGE('',*,*,#3002,.T.);
#1371=ORIENTED_EDGE('',*,*,#3003,.T.);
#1372=ORIENTED_EDGE('',*,*,#3004,.T.);
#1373=ORIENTED_EDGE('',*,*,#3005,.T.);
#1374=ORIENTED_EDGE('',*,*,#3006,.T.);
#1375=ORIENTED_EDGE('',*,*,#3007,.T.);
#1376=ORIENTED_EDGE('',*,*,#3008,.T.);
#1377=ORIENTED_EDGE('',*,*,#3009,.T.);
#1378=ORIENTED_EDGE('',*,*,#3010,.F.);
#1379=ORIENTED_EDGE('',*,*,#3011,.F.);
#1380=ORIENTED_EDGE('',*,*,#3012,.F.);
#1381=ORIENTED_EDGE('',*,*,#3013,.F.);
#1382=ORIENTED_EDGE('',*,*,#3014,.F.);
#1383=ORIENTED_EDGE('',*,*,#3015,.F.);
#1384=ORIENTED_EDGE('',*,*,#3016,.F.);
#1385=ORIENTED_EDGE('',*,*,#3017,.F.);
#1386=ORIENTED_EDGE('',*,*,#3018,.F.);
#1387=ORIENTED_EDGE('',*,*,#3019,.F.);
#1388=ORIENTED_EDGE('',*,*,#3020,.F.);
#1389=ORIENTED_EDGE('',*,*,#3021,.T.);
#1390=ORIENTED_EDGE('',*,*,#3022,.T.);
#1391=ORIENTED_EDGE('',*,*,#3023,.T.);
#1392=ORIENTED_EDGE('',*,*,#3024,.T.);
#1393=ORIENTED_EDGE('',*,*,#3025,.T.);
#1394=ORIENTED_EDGE('',*,*,#3026,.T.);
#1395=ORIENTED_EDGE('',*,*,#3027,.T.);
#1396=ORIENTED_EDGE('',*,*,#3028,.T.);
#1397=ORIENTED_EDGE('',*,*,#3029,.T.);
#1398=ORIENTED_EDGE('',*,*,#3030,.T.);
#1399=ORIENTED_EDGE('',*,*,#3031,.T.);
#1400=ORIENTED_EDGE('',*,*,#3032,.T.);
#1401=ORIENTED_EDGE('',*,*,#3033,.T.);
#1402=ORIENTED_EDGE('',*,*,#3034,.T.);
#1403=ORIENTED_EDGE('',*,*,#3035,.T.);
#1404=ORIENTED_EDGE('',*,*,#3036,.T.);
#1405=ORIENTED_EDGE('',*,*,#3037,.T.);
#1406=ORIENTED_EDGE('',*,*,#3038,.T.);
#1407=ORIENTED_EDGE('',*,*,#3039,.T.);
#1408=ORIENTED_EDGE('',*,*,#3040,.T.);
#1409=ORIENTED_EDGE('',*,*,#3041,.T.);
#1410=ORIENTED_EDGE('',*,*,#3042,.T.);
#1411=ORIENTED_EDGE('',*,*,#3043,.T.);
#1412=ORIENTED_EDGE('',*,*,#3044,.T.);
#1413=ORIENTED_EDGE('',*,*,#3045,.T.);
#1414=ORIENTED_EDGE('',*,*,#3046,.T.);
#1415=ORIENTED_EDGE('',*,*,#3047,.T.);
#1416=ORIENTED_EDGE('',*,*,#3048,.T.);
#1417=ORIENTED_EDGE('',*,*,#3049,.T.);
#1418=ORIENTED_EDGE('',*,*,#3050,.T.);
#1419=ORIENTED_EDGE('',*,*,#3051,.T.);
#1420=ORIENTED_EDGE('',*,*,#3052,.T.);
#1421=ORIENTED_EDGE('',*,*,#3053,.T.);
#1422=ORIENTED_EDGE('',*,*,#3054,.T.);
#1423=ORIENTED_EDGE('',*,*,#3055,.T.);
#1424=ORIENTED_EDGE('',*,*,#3056,.T.);
#1425=ORIENTED_EDGE('',*,*,#3057,.T.);
#1426=ORIENTED_EDGE('',*,*,#3058,.T.);
#1427=ORIENTED_EDGE('',*,*,#3059,.T.);
#1428=ORIENTED_EDGE('',*,*,#3060,.T.);
#1429=ORIENTED_EDGE('',*,*,#3061,.T.);
#1430=ORIENTED_EDGE('',*,*,#3062,.T.);
#1431=ORIENTED_EDGE('',*,*,#3063,.T.);
#1432=ORIENTED_EDGE('',*,*,#3064,.T.);
#1433=ORIENTED_EDGE('',*,*,#3065,.T.);
#1434=ORIENTED_EDGE('',*,*,#3066,.T.);
#1435=ORIENTED_EDGE('',*,*,#3067,.T.);
#1436=ORIENTED_EDGE('',*,*,#3068,.T.);
#1437=ORIENTED_EDGE('',*,*,#3069,.T.);
#1438=ORIENTED_EDGE('',*,*,#3070,.T.);
#1439=ORIENTED_EDGE('',*,*,#3071,.T.);
#1440=ORIENTED_EDGE('',*,*,#3072,.T.);
#1441=ORIENTED_EDGE('',*,*,#3073,.T.);
#1442=ORIENTED_EDGE('',*,*,#3074,.T.);
#1443=ORIENTED_EDGE('',*,*,#3075,.T.);
#1444=ORIENTED_EDGE('',*,*,#3076,.T.);
#1445=ORIENTED_EDGE('',*,*,#3077,.T.);
#1446=ORIENTED_EDGE('',*,*,#3078,.T.);
#1447=ORIENTED_EDGE('',*,*,#3079,.T.);
#1448=ORIENTED_EDGE('',*,*,#3080,.T.);
#1449=ORIENTED_EDGE('',*,*,#3081,.T.);
#1450=ORIENTED_EDGE('',*,*,#3082,.T.);
#1451=ORIENTED_EDGE('',*,*,#3083,.T.);
#1452=ORIENTED_EDGE('',*,*,#3084,.T.);
#1453=ORIENTED_EDGE('',*,*,#3085,.T.);
#1454=ORIENTED_EDGE('',*,*,#3086,.T.);
#1455=ORIENTED_EDGE('',*,*,#3087,.T.);
#1456=ORIENTED_EDGE('',*,*,#3088,.T.);
#1457=ORIENTED_EDGE('',*,*,#3089,.T.);
#1458=ORIENTED_EDGE('',*,*,#3090,.T.);
#1459=ORIENTED_EDGE('',*,*,#3091,.T.);
#1460=ORIENTED_EDGE('',*,*,#3092,.T.);
#1461=ORIENTED_EDGE('',*,*,#3093,.T.);
#1462=ORIENTED_EDGE('',*,*,#3094,.T.);
#1463=ORIENTED_EDGE('',*,*,#3095,.T.);
#1464=ORIENTED_EDGE('',*,*,#3096,.T.);
#1465=ORIENTED_EDGE('',*,*,#3097,.T.);
#1466=ORIENTED_EDGE('',*,*,#3098,.T.);
#1467=ORIENTED_EDGE('',*,*,#3099,.T.);
#1468=ORIENTED_EDGE('',*,*,#3100,.T.);
#1469=ORIENTED_EDGE('',*,*,#3101,.T.);
#1470=ORIENTED_EDGE('',*,*,#3102,.T.);
#1471=ORIENTED_EDGE('',*,*,#3103,.T.);
#1472=ORIENTED_EDGE('',*,*,#3104,.T.);
#1473=ORIENTED_EDGE('',*,*,#3105,.T.);
#1474=ORIENTED_EDGE('',*,*,#3106,.T.);
#1475=ORIENTED_EDGE('',*,*,#3107,.T.);
#1476=ORIENTED_EDGE('',*,*,#3108,.T.);
#1477=ORIENTED_EDGE('',*,*,#3109,.T.);
#1478=ORIENTED_EDGE('',*,*,#3110,.T.);
#1479=ORIENTED_EDGE('',*,*,#3111,.T.);
#1480=ORIENTED_EDGE('',*,*,#3112,.T.);
#1481=ORIENTED_EDGE('',*,*,#3113,.T.);
#1482=ORIENTED_EDGE('',*,*,#3114,.T.);
#1483=ORIENTED_EDGE('',*,*,#3115,.T.);
#1484=ORIENTED_EDGE('',*,*,#3116,.T.);
#1485=ORIENTED_EDGE('',*,*,#3117,.T.);
#1486=ORIENTED_EDGE('',*,*,#3118,.T.);
#1487=ORIENTED_EDGE('',*,*,#3119,.T.);
#1488=ORIENTED_EDGE('',*,*,#3120,.T.);
#1489=ORIENTED_EDGE('',*,*,#3121,.T.);
#1490=ORIENTED_EDGE('',*,*,#3108,.F.);
#1491=ORIENTED_EDGE('',*,*,#3122,.T.);
#1492=ORIENTED_EDGE('',*,*,#3107,.F.);
#1493=ORIENTED_EDGE('',*,*,#3123,.T.);
#1494=ORIENTED_EDGE('',*,*,#3106,.F.);
#1495=ORIENTED_EDGE('',*,*,#3124,.T.);
#1496=ORIENTED_EDGE('',*,*,#3105,.F.);
#1497=ORIENTED_EDGE('',*,*,#3125,.T.);
#1498=ORIENTED_EDGE('',*,*,#3126,.T.);
#1499=ORIENTED_EDGE('',*,*,#3127,.T.);
#1500=ORIENTED_EDGE('',*,*,#3128,.T.);
#1501=ORIENTED_EDGE('',*,*,#3129,.T.);
#1502=ORIENTED_EDGE('',*,*,#3130,.T.);
#1503=ORIENTED_EDGE('',*,*,#3131,.T.);
#1504=ORIENTED_EDGE('',*,*,#3132,.T.);
#1505=ORIENTED_EDGE('',*,*,#3133,.T.);
#1506=ORIENTED_EDGE('',*,*,#3134,.T.);
#1507=ORIENTED_EDGE('',*,*,#3135,.T.);
#1508=ORIENTED_EDGE('',*,*,#3136,.T.);
#1509=ORIENTED_EDGE('',*,*,#3137,.T.);
#1510=ORIENTED_EDGE('',*,*,#3138,.T.);
#1511=ORIENTED_EDGE('',*,*,#3139,.T.);
#1512=ORIENTED_EDGE('',*,*,#3140,.T.);
#1513=ORIENTED_EDGE('',*,*,#3141,.F.);
#1514=ORIENTED_EDGE('',*,*,#3142,.T.);
#1515=ORIENTED_EDGE('',*,*,#3143,.T.);
#1516=ORIENTED_EDGE('',*,*,#3144,.T.);
#1517=ORIENTED_EDGE('',*,*,#3145,.F.);
#1518=ORIENTED_EDGE('',*,*,#3146,.T.);
#1519=ORIENTED_EDGE('',*,*,#3141,.T.);
#1520=ORIENTED_EDGE('',*,*,#3147,.T.);
#1521=ORIENTED_EDGE('',*,*,#3148,.F.);
#1522=ORIENTED_EDGE('',*,*,#3149,.T.);
#1523=ORIENTED_EDGE('',*,*,#3145,.T.);
#1524=ORIENTED_EDGE('',*,*,#3150,.T.);
#1525=ORIENTED_EDGE('',*,*,#3143,.F.);
#1526=ORIENTED_EDGE('',*,*,#3151,.T.);
#1527=ORIENTED_EDGE('',*,*,#3148,.T.);
#1528=ORIENTED_EDGE('',*,*,#3152,.T.);
#1529=ORIENTED_EDGE('',*,*,#3153,.T.);
#1530=ORIENTED_EDGE('',*,*,#3154,.T.);
#1531=ORIENTED_EDGE('',*,*,#3155,.F.);
#1532=ORIENTED_EDGE('',*,*,#3156,.T.);
#1533=ORIENTED_EDGE('',*,*,#3155,.T.);
#1534=ORIENTED_EDGE('',*,*,#3157,.T.);
#1535=ORIENTED_EDGE('',*,*,#3158,.F.);
#1536=ORIENTED_EDGE('',*,*,#3159,.T.);
#1537=ORIENTED_EDGE('',*,*,#3158,.T.);
#1538=ORIENTED_EDGE('',*,*,#3160,.T.);
#1539=ORIENTED_EDGE('',*,*,#3161,.F.);
#1540=ORIENTED_EDGE('',*,*,#3162,.T.);
#1541=ORIENTED_EDGE('',*,*,#3161,.T.);
#1542=ORIENTED_EDGE('',*,*,#3163,.T.);
#1543=ORIENTED_EDGE('',*,*,#3153,.F.);
#1544=ORIENTED_EDGE('',*,*,#3164,.T.);
#1545=ORIENTED_EDGE('',*,*,#3165,.F.);
#1546=ORIENTED_EDGE('',*,*,#3166,.T.);
#1547=ORIENTED_EDGE('',*,*,#3167,.T.);
#1548=ORIENTED_EDGE('',*,*,#3168,.T.);
#1549=ORIENTED_EDGE('',*,*,#3169,.F.);
#1550=ORIENTED_EDGE('',*,*,#3170,.T.);
#1551=ORIENTED_EDGE('',*,*,#3165,.T.);
#1552=ORIENTED_EDGE('',*,*,#3171,.T.);
#1553=ORIENTED_EDGE('',*,*,#3172,.F.);
#1554=ORIENTED_EDGE('',*,*,#3173,.T.);
#1555=ORIENTED_EDGE('',*,*,#3169,.T.);
#1556=ORIENTED_EDGE('',*,*,#3174,.T.);
#1557=ORIENTED_EDGE('',*,*,#3167,.F.);
#1558=ORIENTED_EDGE('',*,*,#3175,.T.);
#1559=ORIENTED_EDGE('',*,*,#3172,.T.);
#1560=ORIENTED_EDGE('',*,*,#3176,.T.);
#1561=ORIENTED_EDGE('',*,*,#3177,.F.);
#1562=ORIENTED_EDGE('',*,*,#3178,.T.);
#1563=ORIENTED_EDGE('',*,*,#3179,.T.);
#1564=ORIENTED_EDGE('',*,*,#3180,.T.);
#1565=ORIENTED_EDGE('',*,*,#3181,.F.);
#1566=ORIENTED_EDGE('',*,*,#3182,.T.);
#1567=ORIENTED_EDGE('',*,*,#3177,.T.);
#1568=ORIENTED_EDGE('',*,*,#3183,.T.);
#1569=ORIENTED_EDGE('',*,*,#3184,.F.);
#1570=ORIENTED_EDGE('',*,*,#3185,.T.);
#1571=ORIENTED_EDGE('',*,*,#3181,.T.);
#1572=ORIENTED_EDGE('',*,*,#3186,.T.);
#1573=ORIENTED_EDGE('',*,*,#3179,.F.);
#1574=ORIENTED_EDGE('',*,*,#3187,.T.);
#1575=ORIENTED_EDGE('',*,*,#3184,.T.);
#1576=ORIENTED_EDGE('',*,*,#3188,.T.);
#1577=ORIENTED_EDGE('',*,*,#3189,.F.);
#1578=ORIENTED_EDGE('',*,*,#3190,.T.);
#1579=ORIENTED_EDGE('',*,*,#3191,.T.);
#1580=ORIENTED_EDGE('',*,*,#3192,.T.);
#1581=ORIENTED_EDGE('',*,*,#3193,.F.);
#1582=ORIENTED_EDGE('',*,*,#3194,.T.);
#1583=ORIENTED_EDGE('',*,*,#3189,.T.);
#1584=ORIENTED_EDGE('',*,*,#3195,.T.);
#1585=ORIENTED_EDGE('',*,*,#3196,.F.);
#1586=ORIENTED_EDGE('',*,*,#3197,.T.);
#1587=ORIENTED_EDGE('',*,*,#3193,.T.);
#1588=ORIENTED_EDGE('',*,*,#3198,.T.);
#1589=ORIENTED_EDGE('',*,*,#3191,.F.);
#1590=ORIENTED_EDGE('',*,*,#3199,.T.);
#1591=ORIENTED_EDGE('',*,*,#3196,.T.);
#1592=ORIENTED_EDGE('',*,*,#3200,.T.);
#1593=ORIENTED_EDGE('',*,*,#3201,.F.);
#1594=ORIENTED_EDGE('',*,*,#3202,.T.);
#1595=ORIENTED_EDGE('',*,*,#3203,.T.);
#1596=ORIENTED_EDGE('',*,*,#3204,.T.);
#1597=ORIENTED_EDGE('',*,*,#3205,.F.);
#1598=ORIENTED_EDGE('',*,*,#3206,.T.);
#1599=ORIENTED_EDGE('',*,*,#3201,.T.);
#1600=ORIENTED_EDGE('',*,*,#3207,.T.);
#1601=ORIENTED_EDGE('',*,*,#3208,.F.);
#1602=ORIENTED_EDGE('',*,*,#3209,.T.);
#1603=ORIENTED_EDGE('',*,*,#3205,.T.);
#1604=ORIENTED_EDGE('',*,*,#3210,.T.);
#1605=ORIENTED_EDGE('',*,*,#3203,.F.);
#1606=ORIENTED_EDGE('',*,*,#3211,.T.);
#1607=ORIENTED_EDGE('',*,*,#3208,.T.);
#1608=ORIENTED_EDGE('',*,*,#3212,.T.);
#1609=ORIENTED_EDGE('',*,*,#3213,.F.);
#1610=ORIENTED_EDGE('',*,*,#3214,.T.);
#1611=ORIENTED_EDGE('',*,*,#3215,.T.);
#1612=ORIENTED_EDGE('',*,*,#3216,.T.);
#1613=ORIENTED_EDGE('',*,*,#3217,.F.);
#1614=ORIENTED_EDGE('',*,*,#3218,.T.);
#1615=ORIENTED_EDGE('',*,*,#3213,.T.);
#1616=ORIENTED_EDGE('',*,*,#3219,.T.);
#1617=ORIENTED_EDGE('',*,*,#3220,.F.);
#1618=ORIENTED_EDGE('',*,*,#3221,.T.);
#1619=ORIENTED_EDGE('',*,*,#3217,.T.);
#1620=ORIENTED_EDGE('',*,*,#3222,.T.);
#1621=ORIENTED_EDGE('',*,*,#3215,.F.);
#1622=ORIENTED_EDGE('',*,*,#3223,.T.);
#1623=ORIENTED_EDGE('',*,*,#3220,.T.);
#1624=ORIENTED_EDGE('',*,*,#3224,.T.);
#1625=ORIENTED_EDGE('',*,*,#3225,.F.);
#1626=ORIENTED_EDGE('',*,*,#3226,.T.);
#1627=ORIENTED_EDGE('',*,*,#3227,.T.);
#1628=ORIENTED_EDGE('',*,*,#3228,.T.);
#1629=ORIENTED_EDGE('',*,*,#3229,.F.);
#1630=ORIENTED_EDGE('',*,*,#3230,.T.);
#1631=ORIENTED_EDGE('',*,*,#3225,.T.);
#1632=ORIENTED_EDGE('',*,*,#3231,.T.);
#1633=ORIENTED_EDGE('',*,*,#3232,.F.);
#1634=ORIENTED_EDGE('',*,*,#3233,.T.);
#1635=ORIENTED_EDGE('',*,*,#3229,.T.);
#1636=ORIENTED_EDGE('',*,*,#3234,.T.);
#1637=ORIENTED_EDGE('',*,*,#3227,.F.);
#1638=ORIENTED_EDGE('',*,*,#3235,.T.);
#1639=ORIENTED_EDGE('',*,*,#3232,.T.);
#1640=ORIENTED_EDGE('',*,*,#3236,.T.);
#1641=ORIENTED_EDGE('',*,*,#3237,.F.);
#1642=ORIENTED_EDGE('',*,*,#3238,.T.);
#1643=ORIENTED_EDGE('',*,*,#3239,.T.);
#1644=ORIENTED_EDGE('',*,*,#3240,.T.);
#1645=ORIENTED_EDGE('',*,*,#3241,.F.);
#1646=ORIENTED_EDGE('',*,*,#3242,.T.);
#1647=ORIENTED_EDGE('',*,*,#3237,.T.);
#1648=ORIENTED_EDGE('',*,*,#3243,.T.);
#1649=ORIENTED_EDGE('',*,*,#3244,.F.);
#1650=ORIENTED_EDGE('',*,*,#3245,.T.);
#1651=ORIENTED_EDGE('',*,*,#3241,.T.);
#1652=ORIENTED_EDGE('',*,*,#3246,.T.);
#1653=ORIENTED_EDGE('',*,*,#3239,.F.);
#1654=ORIENTED_EDGE('',*,*,#3247,.T.);
#1655=ORIENTED_EDGE('',*,*,#3244,.T.);
#1656=ORIENTED_EDGE('',*,*,#3248,.T.);
#1657=ORIENTED_EDGE('',*,*,#3249,.F.);
#1658=ORIENTED_EDGE('',*,*,#3250,.T.);
#1659=ORIENTED_EDGE('',*,*,#3251,.T.);
#1660=ORIENTED_EDGE('',*,*,#3252,.T.);
#1661=ORIENTED_EDGE('',*,*,#3253,.F.);
#1662=ORIENTED_EDGE('',*,*,#3254,.T.);
#1663=ORIENTED_EDGE('',*,*,#3249,.T.);
#1664=ORIENTED_EDGE('',*,*,#3255,.T.);
#1665=ORIENTED_EDGE('',*,*,#3256,.F.);
#1666=ORIENTED_EDGE('',*,*,#3257,.T.);
#1667=ORIENTED_EDGE('',*,*,#3253,.T.);
#1668=ORIENTED_EDGE('',*,*,#3258,.T.);
#1669=ORIENTED_EDGE('',*,*,#3251,.F.);
#1670=ORIENTED_EDGE('',*,*,#3259,.T.);
#1671=ORIENTED_EDGE('',*,*,#3256,.T.);
#1672=ORIENTED_EDGE('',*,*,#3260,.T.);
#1673=ORIENTED_EDGE('',*,*,#3119,.F.);
#1674=ORIENTED_EDGE('',*,*,#3261,.T.);
#1675=ORIENTED_EDGE('',*,*,#3125,.F.);
#1676=ORIENTED_EDGE('',*,*,#3262,.T.);
#1677=ORIENTED_EDGE('',*,*,#3133,.F.);
#1678=ORIENTED_EDGE('',*,*,#3263,.T.);
#1679=ORIENTED_EDGE('',*,*,#3137,.F.);
#1680=ORIENTED_EDGE('',*,*,#3264,.T.);
#1681=ORIENTED_EDGE('',*,*,#3131,.F.);
#1682=ORIENTED_EDGE('',*,*,#3265,.T.);
#1683=ORIENTED_EDGE('',*,*,#3135,.F.);
#1684=ORIENTED_EDGE('',*,*,#3266,.T.);
#1685=ORIENTED_EDGE('',*,*,#3127,.F.);
#1686=ORIENTED_EDGE('',*,*,#3267,.T.);
#1687=ORIENTED_EDGE('',*,*,#3113,.F.);
#1688=ORIENTED_EDGE('',*,*,#3268,.T.);
#1689=ORIENTED_EDGE('',*,*,#3001,.T.);
#1690=ORIENTED_EDGE('',*,*,#3109,.F.);
#1691=ORIENTED_EDGE('',*,*,#3000,.T.);
#1692=ORIENTED_EDGE('',*,*,#3110,.F.);
#1693=ORIENTED_EDGE('',*,*,#2999,.T.);
#1694=ORIENTED_EDGE('',*,*,#3111,.F.);
#1695=ORIENTED_EDGE('',*,*,#2998,.T.);
#1696=ORIENTED_EDGE('',*,*,#3112,.F.);
#1697=ORIENTED_EDGE('',*,*,#3269,.T.);
#1698=ORIENTED_EDGE('',*,*,#3270,.T.);
#1699=ORIENTED_EDGE('',*,*,#3271,.T.);
#1700=ORIENTED_EDGE('',*,*,#3272,.T.);
#1701=ORIENTED_EDGE('',*,*,#3273,.T.);
#1702=ORIENTED_EDGE('',*,*,#3274,.T.);
#1703=ORIENTED_EDGE('',*,*,#3275,.T.);
#1704=ORIENTED_EDGE('',*,*,#3276,.T.);
#1705=ORIENTED_EDGE('',*,*,#3277,.T.);
#1706=ORIENTED_EDGE('',*,*,#3278,.T.);
#1707=ORIENTED_EDGE('',*,*,#3269,.F.);
#1708=ORIENTED_EDGE('',*,*,#3279,.T.);
#1709=ORIENTED_EDGE('',*,*,#3280,.T.);
#1710=ORIENTED_EDGE('',*,*,#3281,.T.);
#1711=ORIENTED_EDGE('',*,*,#3282,.T.);
#1712=ORIENTED_EDGE('',*,*,#3283,.T.);
#1713=ORIENTED_EDGE('',*,*,#3284,.T.);
#1714=ORIENTED_EDGE('',*,*,#3285,.T.);
#1715=ORIENTED_EDGE('',*,*,#3286,.T.);
#1716=ORIENTED_EDGE('',*,*,#3287,.T.);
#1717=ORIENTED_EDGE('',*,*,#3288,.T.);
#1718=ORIENTED_EDGE('',*,*,#3289,.T.);
#1719=ORIENTED_EDGE('',*,*,#3290,.T.);
#1720=ORIENTED_EDGE('',*,*,#3291,.T.);
#1721=ORIENTED_EDGE('',*,*,#3286,.F.);
#1722=ORIENTED_EDGE('',*,*,#3292,.T.);
#1723=ORIENTED_EDGE('',*,*,#3280,.F.);
#1724=ORIENTED_EDGE('',*,*,#3293,.T.);
#1725=ORIENTED_EDGE('',*,*,#3282,.F.);
#1726=ORIENTED_EDGE('',*,*,#3294,.T.);
#1727=ORIENTED_EDGE('',*,*,#3117,.F.);
#1728=ORIENTED_EDGE('',*,*,#3295,.T.);
#1729=ORIENTED_EDGE('',*,*,#3290,.F.);
#1730=ORIENTED_EDGE('',*,*,#3296,.T.);
#1731=ORIENTED_EDGE('',*,*,#3284,.F.);
#1732=ORIENTED_EDGE('',*,*,#3297,.T.);
#1733=ORIENTED_EDGE('',*,*,#3139,.F.);
#1734=ORIENTED_EDGE('',*,*,#3298,.T.);
#1735=ORIENTED_EDGE('',*,*,#3288,.F.);
#1736=ORIENTED_EDGE('',*,*,#3299,.T.);
#1737=ORIENTED_EDGE('',*,*,#3271,.F.);
#1738=ORIENTED_EDGE('',*,*,#3300,.T.);
#1739=ORIENTED_EDGE('',*,*,#3273,.F.);
#1740=ORIENTED_EDGE('',*,*,#3301,.T.);
#1741=ORIENTED_EDGE('',*,*,#3275,.F.);
#1742=ORIENTED_EDGE('',*,*,#3302,.T.);
#1743=ORIENTED_EDGE('',*,*,#3129,.F.);
#1744=ORIENTED_EDGE('',*,*,#3303,.T.);
#1745=ORIENTED_EDGE('',*,*,#3115,.F.);
#1746=ORIENTED_EDGE('',*,*,#3304,.T.);
#1747=ORIENTED_EDGE('',*,*,#3277,.F.);
#1748=ORIENTED_EDGE('',*,*,#3305,.T.);
#1749=ORIENTED_EDGE('',*,*,#3306,.F.);
#1750=ORIENTED_EDGE('',*,*,#2988,.F.);
#1751=ORIENTED_EDGE('',*,*,#3307,.F.);
#1752=ORIENTED_EDGE('',*,*,#3128,.F.);
#1753=ORIENTED_EDGE('',*,*,#3307,.T.);
#1754=ORIENTED_EDGE('',*,*,#2987,.F.);
#1755=ORIENTED_EDGE('',*,*,#3308,.F.);
#1756=ORIENTED_EDGE('',*,*,#3262,.F.);
#1757=ORIENTED_EDGE('',*,*,#3306,.T.);
#1758=ORIENTED_EDGE('',*,*,#3268,.F.);
#1759=ORIENTED_EDGE('',*,*,#3309,.F.);
#1760=ORIENTED_EDGE('',*,*,#2989,.F.);
#1761=ORIENTED_EDGE('',*,*,#3308,.T.);
#1762=ORIENTED_EDGE('',*,*,#2986,.F.);
#1763=ORIENTED_EDGE('',*,*,#3310,.F.);
#1764=ORIENTED_EDGE('',*,*,#3120,.F.);
#1765=ORIENTED_EDGE('',*,*,#3309,.T.);
#1766=ORIENTED_EDGE('',*,*,#3116,.F.);
#1767=ORIENTED_EDGE('',*,*,#3311,.F.);
#1768=ORIENTED_EDGE('',*,*,#2990,.F.);
#1769=ORIENTED_EDGE('',*,*,#3310,.T.);
#1770=ORIENTED_EDGE('',*,*,#2985,.F.);
#1771=ORIENTED_EDGE('',*,*,#3312,.F.);
#1772=ORIENTED_EDGE('',*,*,#3295,.F.);
#1773=ORIENTED_EDGE('',*,*,#3311,.T.);
#1774=ORIENTED_EDGE('',*,*,#3305,.F.);
#1775=ORIENTED_EDGE('',*,*,#3313,.F.);
#1776=ORIENTED_EDGE('',*,*,#2991,.F.);
#1777=ORIENTED_EDGE('',*,*,#3312,.T.);
#1778=ORIENTED_EDGE('',*,*,#2984,.F.);
#1779=ORIENTED_EDGE('',*,*,#3314,.F.);
#1780=ORIENTED_EDGE('',*,*,#3283,.F.);
#1781=ORIENTED_EDGE('',*,*,#3313,.T.);
#1782=ORIENTED_EDGE('',*,*,#3279,.F.);
#1783=ORIENTED_EDGE('',*,*,#3315,.F.);
#1784=ORIENTED_EDGE('',*,*,#2992,.F.);
#1785=ORIENTED_EDGE('',*,*,#3314,.T.);
#1786=ORIENTED_EDGE('',*,*,#2983,.F.);
#1787=ORIENTED_EDGE('',*,*,#3316,.F.);
#1788=ORIENTED_EDGE('',*,*,#3293,.F.);
#1789=ORIENTED_EDGE('',*,*,#3315,.T.);
#1790=ORIENTED_EDGE('',*,*,#3272,.F.);
#1791=ORIENTED_EDGE('',*,*,#3317,.F.);
#1792=ORIENTED_EDGE('',*,*,#2993,.F.);
#1793=ORIENTED_EDGE('',*,*,#3316,.T.);
#1794=ORIENTED_EDGE('',*,*,#2982,.F.);
#1795=ORIENTED_EDGE('',*,*,#3318,.F.);
#1796=ORIENTED_EDGE('',*,*,#3287,.F.);
#1797=ORIENTED_EDGE('',*,*,#3317,.T.);
#1798=ORIENTED_EDGE('',*,*,#3301,.F.);
#1799=ORIENTED_EDGE('',*,*,#3319,.F.);
#1800=ORIENTED_EDGE('',*,*,#2994,.F.);
#1801=ORIENTED_EDGE('',*,*,#3318,.T.);
#1802=ORIENTED_EDGE('',*,*,#2981,.F.);
#1803=ORIENTED_EDGE('',*,*,#3320,.F.);
#1804=ORIENTED_EDGE('',*,*,#3297,.F.);
#1805=ORIENTED_EDGE('',*,*,#3319,.T.);
#1806=ORIENTED_EDGE('',*,*,#3276,.F.);
#1807=ORIENTED_EDGE('',*,*,#3321,.F.);
#1808=ORIENTED_EDGE('',*,*,#2995,.F.);
#1809=ORIENTED_EDGE('',*,*,#3320,.T.);
#1810=ORIENTED_EDGE('',*,*,#2980,.F.);
#1811=ORIENTED_EDGE('',*,*,#3322,.F.);
#1812=ORIENTED_EDGE('',*,*,#3291,.F.);
#1813=ORIENTED_EDGE('',*,*,#3321,.T.);
#1814=ORIENTED_EDGE('',*,*,#3303,.F.);
#1815=ORIENTED_EDGE('',*,*,#3323,.F.);
#1816=ORIENTED_EDGE('',*,*,#2996,.F.);
#1817=ORIENTED_EDGE('',*,*,#3322,.T.);
#1818=ORIENTED_EDGE('',*,*,#2979,.F.);
#1819=ORIENTED_EDGE('',*,*,#3324,.F.);
#1820=ORIENTED_EDGE('',*,*,#3299,.F.);
#1821=ORIENTED_EDGE('',*,*,#3323,.T.);
#1822=ORIENTED_EDGE('',*,*,#3132,.F.);
#1823=ORIENTED_EDGE('',*,*,#3325,.F.);
#1824=ORIENTED_EDGE('',*,*,#2997,.F.);
#1825=ORIENTED_EDGE('',*,*,#3324,.T.);
#1826=ORIENTED_EDGE('',*,*,#2978,.F.);
#1827=ORIENTED_EDGE('',*,*,#3326,.F.);
#1828=ORIENTED_EDGE('',*,*,#3140,.F.);
#1829=ORIENTED_EDGE('',*,*,#3325,.T.);
#1830=ORIENTED_EDGE('',*,*,#3266,.F.);
#1831=ORIENTED_EDGE('',*,*,#3327,.F.);
#1832=ORIENTED_EDGE('',*,*,#2975,.F.);
#1833=ORIENTED_EDGE('',*,*,#3326,.T.);
#1834=ORIENTED_EDGE('',*,*,#2977,.F.);
#1835=ORIENTED_EDGE('',*,*,#3328,.F.);
#1836=ORIENTED_EDGE('',*,*,#3264,.F.);
#1837=ORIENTED_EDGE('',*,*,#3327,.T.);
#1838=ORIENTED_EDGE('',*,*,#3134,.F.);
#1839=ORIENTED_EDGE('',*,*,#3328,.T.);
#1840=ORIENTED_EDGE('',*,*,#2976,.F.);
#1841=ORIENTED_EDGE('',*,*,#3329,.F.);
#1842=ORIENTED_EDGE('',*,*,#3126,.F.);
#1843=ORIENTED_EDGE('',*,*,#3330,.F.);
#1844=ORIENTED_EDGE('',*,*,#3077,.F.);
#1845=ORIENTED_EDGE('',*,*,#3330,.T.);
#1846=ORIENTED_EDGE('',*,*,#3261,.F.);
#1847=ORIENTED_EDGE('',*,*,#3331,.F.);
#1848=ORIENTED_EDGE('',*,*,#3078,.F.);
#1849=ORIENTED_EDGE('',*,*,#3329,.T.);
#1850=ORIENTED_EDGE('',*,*,#3076,.F.);
#1851=ORIENTED_EDGE('',*,*,#3332,.F.);
#1852=ORIENTED_EDGE('',*,*,#3267,.F.);
#1853=ORIENTED_EDGE('',*,*,#3331,.T.);
#1854=ORIENTED_EDGE('',*,*,#3118,.F.);
#1855=ORIENTED_EDGE('',*,*,#3333,.F.);
#1856=ORIENTED_EDGE('',*,*,#3079,.F.);
#1857=ORIENTED_EDGE('',*,*,#3332,.T.);
#1858=ORIENTED_EDGE('',*,*,#3075,.F.);
#1859=ORIENTED_EDGE('',*,*,#3334,.F.);
#1860=ORIENTED_EDGE('',*,*,#3114,.F.);
#1861=ORIENTED_EDGE('',*,*,#3333,.T.);
#1862=ORIENTED_EDGE('',*,*,#3294,.F.);
#1863=ORIENTED_EDGE('',*,*,#3335,.F.);
#1864=ORIENTED_EDGE('',*,*,#3080,.F.);
#1865=ORIENTED_EDGE('',*,*,#3334,.T.);
#1866=ORIENTED_EDGE('',*,*,#3074,.F.);
#1867=ORIENTED_EDGE('',*,*,#3336,.F.);
#1868=ORIENTED_EDGE('',*,*,#3304,.F.);
#1869=ORIENTED_EDGE('',*,*,#3335,.T.);
#1870=ORIENTED_EDGE('',*,*,#3281,.F.);
#1871=ORIENTED_EDGE('',*,*,#3337,.F.);
#1872=ORIENTED_EDGE('',*,*,#3081,.F.);
#1873=ORIENTED_EDGE('',*,*,#3336,.T.);
#1874=ORIENTED_EDGE('',*,*,#3073,.F.);
#1875=ORIENTED_EDGE('',*,*,#3338,.F.);
#1876=ORIENTED_EDGE('',*,*,#3278,.F.);
#1877=ORIENTED_EDGE('',*,*,#3337,.T.);
#1878=ORIENTED_EDGE('',*,*,#3292,.F.);
#1879=ORIENTED_EDGE('',*,*,#3339,.F.);
#1880=ORIENTED_EDGE('',*,*,#3082,.F.);
#1881=ORIENTED_EDGE('',*,*,#3338,.T.);
#1882=ORIENTED_EDGE('',*,*,#3072,.F.);
#1883=ORIENTED_EDGE('',*,*,#3340,.F.);
#1884=ORIENTED_EDGE('',*,*,#3270,.F.);
#1885=ORIENTED_EDGE('',*,*,#3339,.T.);
#1886=ORIENTED_EDGE('',*,*,#3285,.F.);
#1887=ORIENTED_EDGE('',*,*,#3341,.F.);
#1888=ORIENTED_EDGE('',*,*,#3083,.F.);
#1889=ORIENTED_EDGE('',*,*,#3342,.F.);
#1890=ORIENTED_EDGE('',*,*,#3053,.F.);
#1891=ORIENTED_EDGE('',*,*,#3343,.F.);
#1892=ORIENTED_EDGE('',*,*,#3300,.F.);
#1893=ORIENTED_EDGE('',*,*,#3340,.T.);
#1894=ORIENTED_EDGE('',*,*,#3071,.F.);
#1895=ORIENTED_EDGE('',*,*,#3341,.T.);
#1896=ORIENTED_EDGE('',*,*,#3296,.F.);
#1897=ORIENTED_EDGE('',*,*,#3344,.F.);
#1898=ORIENTED_EDGE('',*,*,#3084,.F.);
#1899=ORIENTED_EDGE('',*,*,#3343,.T.);
#1900=ORIENTED_EDGE('',*,*,#3093,.F.);
#1901=ORIENTED_EDGE('',*,*,#3345,.F.);
#1902=ORIENTED_EDGE('',*,*,#3274,.F.);
#1903=ORIENTED_EDGE('',*,*,#3344,.T.);
#1904=ORIENTED_EDGE('',*,*,#3289,.F.);
#1905=ORIENTED_EDGE('',*,*,#3346,.F.);
#1906=ORIENTED_EDGE('',*,*,#3085,.F.);
#1907=ORIENTED_EDGE('',*,*,#3345,.T.);
#1908=ORIENTED_EDGE('',*,*,#3092,.F.);
#1909=ORIENTED_EDGE('',*,*,#3347,.F.);
#1910=ORIENTED_EDGE('',*,*,#3302,.F.);
#1911=ORIENTED_EDGE('',*,*,#3346,.T.);
#1912=ORIENTED_EDGE('',*,*,#3298,.F.);
#1913=ORIENTED_EDGE('',*,*,#3348,.F.);
#1914=ORIENTED_EDGE('',*,*,#3086,.F.);
#1915=ORIENTED_EDGE('',*,*,#3347,.T.);
#1916=ORIENTED_EDGE('',*,*,#3091,.F.);
#1917=ORIENTED_EDGE('',*,*,#3349,.F.);
#1918=ORIENTED_EDGE('',*,*,#3130,.F.);
#1919=ORIENTED_EDGE('',*,*,#3348,.T.);
#1920=ORIENTED_EDGE('',*,*,#3138,.F.);
#1921=ORIENTED_EDGE('',*,*,#3350,.F.);
#1922=ORIENTED_EDGE('',*,*,#3087,.F.);
#1923=ORIENTED_EDGE('',*,*,#3349,.T.);
#1924=ORIENTED_EDGE('',*,*,#3090,.F.);
#1925=ORIENTED_EDGE('',*,*,#3351,.F.);
#1926=ORIENTED_EDGE('',*,*,#3265,.F.);
#1927=ORIENTED_EDGE('',*,*,#3350,.T.);
#1928=ORIENTED_EDGE('',*,*,#3263,.F.);
#1929=ORIENTED_EDGE('',*,*,#3352,.F.);
#1930=ORIENTED_EDGE('',*,*,#3088,.F.);
#1931=ORIENTED_EDGE('',*,*,#3351,.T.);
#1932=ORIENTED_EDGE('',*,*,#3089,.F.);
#1933=ORIENTED_EDGE('',*,*,#3352,.T.);
#1934=ORIENTED_EDGE('',*,*,#3136,.F.);
#1935=ORIENTED_EDGE('',*,*,#3353,.F.);
#1936=ORIENTED_EDGE('',*,*,#3354,.F.);
#1937=ORIENTED_EDGE('',*,*,#3355,.T.);
#1938=ORIENTED_EDGE('',*,*,#3059,.F.);
#1939=ORIENTED_EDGE('',*,*,#3356,.F.);
#1940=ORIENTED_EDGE('',*,*,#3357,.F.);
#1941=ORIENTED_EDGE('',*,*,#3353,.T.);
#1942=ORIENTED_EDGE('',*,*,#3058,.F.);
#1943=ORIENTED_EDGE('',*,*,#3358,.F.);
#1944=ORIENTED_EDGE('',*,*,#3359,.F.);
#1945=ORIENTED_EDGE('',*,*,#3356,.T.);
#1946=ORIENTED_EDGE('',*,*,#3057,.F.);
#1947=ORIENTED_EDGE('',*,*,#3360,.F.);
#1948=ORIENTED_EDGE('',*,*,#3361,.F.);
#1949=ORIENTED_EDGE('',*,*,#3358,.T.);
#1950=ORIENTED_EDGE('',*,*,#3056,.F.);
#1951=ORIENTED_EDGE('',*,*,#3362,.F.);
#1952=ORIENTED_EDGE('',*,*,#3363,.F.);
#1953=ORIENTED_EDGE('',*,*,#3360,.T.);
#1954=ORIENTED_EDGE('',*,*,#3055,.F.);
#1955=ORIENTED_EDGE('',*,*,#3364,.F.);
#1956=ORIENTED_EDGE('',*,*,#3365,.F.);
#1957=ORIENTED_EDGE('',*,*,#3366,.T.);
#1958=ORIENTED_EDGE('',*,*,#3069,.F.);
#1959=ORIENTED_EDGE('',*,*,#3367,.F.);
#1960=ORIENTED_EDGE('',*,*,#3368,.F.);
#1961=ORIENTED_EDGE('',*,*,#3364,.T.);
#1962=ORIENTED_EDGE('',*,*,#3068,.F.);
#1963=ORIENTED_EDGE('',*,*,#3369,.F.);
#1964=ORIENTED_EDGE('',*,*,#3370,.F.);
#1965=ORIENTED_EDGE('',*,*,#3367,.T.);
#1966=ORIENTED_EDGE('',*,*,#3067,.F.);
#1967=ORIENTED_EDGE('',*,*,#3371,.F.);
#1968=ORIENTED_EDGE('',*,*,#3372,.F.);
#1969=ORIENTED_EDGE('',*,*,#3369,.T.);
#1970=ORIENTED_EDGE('',*,*,#3066,.F.);
#1971=ORIENTED_EDGE('',*,*,#3373,.F.);
#1972=ORIENTED_EDGE('',*,*,#3374,.F.);
#1973=ORIENTED_EDGE('',*,*,#3371,.T.);
#1974=ORIENTED_EDGE('',*,*,#3065,.F.);
#1975=ORIENTED_EDGE('',*,*,#3375,.F.);
#1976=ORIENTED_EDGE('',*,*,#3376,.F.);
#1977=ORIENTED_EDGE('',*,*,#3373,.T.);
#1978=ORIENTED_EDGE('',*,*,#3064,.F.);
#1979=ORIENTED_EDGE('',*,*,#3377,.F.);
#1980=ORIENTED_EDGE('',*,*,#3378,.F.);
#1981=ORIENTED_EDGE('',*,*,#3375,.T.);
#1982=ORIENTED_EDGE('',*,*,#3063,.F.);
#1983=ORIENTED_EDGE('',*,*,#3379,.F.);
#1984=ORIENTED_EDGE('',*,*,#3380,.F.);
#1985=ORIENTED_EDGE('',*,*,#3377,.T.);
#1986=ORIENTED_EDGE('',*,*,#3062,.F.);
#1987=ORIENTED_EDGE('',*,*,#3381,.F.);
#1988=ORIENTED_EDGE('',*,*,#3382,.F.);
#1989=ORIENTED_EDGE('',*,*,#3379,.T.);
#1990=ORIENTED_EDGE('',*,*,#3061,.F.);
#1991=ORIENTED_EDGE('',*,*,#3355,.F.);
#1992=ORIENTED_EDGE('',*,*,#3383,.F.);
#1993=ORIENTED_EDGE('',*,*,#3381,.T.);
#1994=ORIENTED_EDGE('',*,*,#3060,.F.);
#1995=ORIENTED_EDGE('',*,*,#3366,.F.);
#1996=ORIENTED_EDGE('',*,*,#3384,.F.);
#1997=ORIENTED_EDGE('',*,*,#3362,.T.);
#1998=ORIENTED_EDGE('',*,*,#3054,.F.);
#1999=ORIENTED_EDGE('',*,*,#3342,.T.);
#2000=ORIENTED_EDGE('',*,*,#3070,.F.);
#2001=ORIENTED_EDGE('',*,*,#3354,.T.);
#2002=ORIENTED_EDGE('',*,*,#3357,.T.);
#2003=ORIENTED_EDGE('',*,*,#3359,.T.);
#2004=ORIENTED_EDGE('',*,*,#3361,.T.);
#2005=ORIENTED_EDGE('',*,*,#3363,.T.);
#2006=ORIENTED_EDGE('',*,*,#3384,.T.);
#2007=ORIENTED_EDGE('',*,*,#3365,.T.);
#2008=ORIENTED_EDGE('',*,*,#3368,.T.);
#2009=ORIENTED_EDGE('',*,*,#3370,.T.);
#2010=ORIENTED_EDGE('',*,*,#3372,.T.);
#2011=ORIENTED_EDGE('',*,*,#3374,.T.);
#2012=ORIENTED_EDGE('',*,*,#3376,.T.);
#2013=ORIENTED_EDGE('',*,*,#3378,.T.);
#2014=ORIENTED_EDGE('',*,*,#3380,.T.);
#2015=ORIENTED_EDGE('',*,*,#3382,.T.);
#2016=ORIENTED_EDGE('',*,*,#3383,.T.);
#2017=ORIENTED_EDGE('',*,*,#3385,.F.);
#2018=ORIENTED_EDGE('',*,*,#3386,.F.);
#2019=ORIENTED_EDGE('',*,*,#3387,.T.);
#2020=ORIENTED_EDGE('',*,*,#3388,.F.);
#2021=ORIENTED_EDGE('',*,*,#3389,.F.);
#2022=ORIENTED_EDGE('',*,*,#3390,.F.);
#2023=ORIENTED_EDGE('',*,*,#3385,.T.);
#2024=ORIENTED_EDGE('',*,*,#3391,.F.);
#2025=ORIENTED_EDGE('',*,*,#3392,.F.);
#2026=ORIENTED_EDGE('',*,*,#3393,.F.);
#2027=ORIENTED_EDGE('',*,*,#3389,.T.);
#2028=ORIENTED_EDGE('',*,*,#3394,.F.);
#2029=ORIENTED_EDGE('',*,*,#3395,.F.);
#2030=ORIENTED_EDGE('',*,*,#3396,.F.);
#2031=ORIENTED_EDGE('',*,*,#3392,.T.);
#2032=ORIENTED_EDGE('',*,*,#3397,.F.);
#2033=ORIENTED_EDGE('',*,*,#3398,.F.);
#2034=ORIENTED_EDGE('',*,*,#3399,.F.);
#2035=ORIENTED_EDGE('',*,*,#3395,.T.);
#2036=ORIENTED_EDGE('',*,*,#3400,.F.);
#2037=ORIENTED_EDGE('',*,*,#3401,.F.);
#2038=ORIENTED_EDGE('',*,*,#3402,.F.);
#2039=ORIENTED_EDGE('',*,*,#3403,.T.);
#2040=ORIENTED_EDGE('',*,*,#3095,.F.);
#2041=ORIENTED_EDGE('',*,*,#3404,.F.);
#2042=ORIENTED_EDGE('',*,*,#3405,.F.);
#2043=ORIENTED_EDGE('',*,*,#3401,.T.);
#2044=ORIENTED_EDGE('',*,*,#3094,.F.);
#2045=ORIENTED_EDGE('',*,*,#3406,.F.);
#2046=ORIENTED_EDGE('',*,*,#3407,.F.);
#2047=ORIENTED_EDGE('',*,*,#3404,.T.);
#2048=ORIENTED_EDGE('',*,*,#3104,.F.);
#2049=ORIENTED_EDGE('',*,*,#3408,.F.);
#2050=ORIENTED_EDGE('',*,*,#3409,.F.);
#2051=ORIENTED_EDGE('',*,*,#3406,.T.);
#2052=ORIENTED_EDGE('',*,*,#3103,.F.);
#2053=ORIENTED_EDGE('',*,*,#3410,.F.);
#2054=ORIENTED_EDGE('',*,*,#3411,.F.);
#2055=ORIENTED_EDGE('',*,*,#3408,.T.);
#2056=ORIENTED_EDGE('',*,*,#3102,.F.);
#2057=ORIENTED_EDGE('',*,*,#3412,.F.);
#2058=ORIENTED_EDGE('',*,*,#3413,.F.);
#2059=ORIENTED_EDGE('',*,*,#3410,.T.);
#2060=ORIENTED_EDGE('',*,*,#3101,.F.);
#2061=ORIENTED_EDGE('',*,*,#3414,.F.);
#2062=ORIENTED_EDGE('',*,*,#3415,.F.);
#2063=ORIENTED_EDGE('',*,*,#3412,.T.);
#2064=ORIENTED_EDGE('',*,*,#3100,.F.);
#2065=ORIENTED_EDGE('',*,*,#3416,.F.);
#2066=ORIENTED_EDGE('',*,*,#3417,.F.);
#2067=ORIENTED_EDGE('',*,*,#3414,.T.);
#2068=ORIENTED_EDGE('',*,*,#3099,.F.);
#2069=ORIENTED_EDGE('',*,*,#3418,.F.);
#2070=ORIENTED_EDGE('',*,*,#3419,.F.);
#2071=ORIENTED_EDGE('',*,*,#3416,.T.);
#2072=ORIENTED_EDGE('',*,*,#3098,.F.);
#2073=ORIENTED_EDGE('',*,*,#3420,.F.);
#2074=ORIENTED_EDGE('',*,*,#3421,.F.);
#2075=ORIENTED_EDGE('',*,*,#3418,.T.);
#2076=ORIENTED_EDGE('',*,*,#3097,.F.);
#2077=ORIENTED_EDGE('',*,*,#3403,.F.);
#2078=ORIENTED_EDGE('',*,*,#3422,.F.);
#2079=ORIENTED_EDGE('',*,*,#3420,.T.);
#2080=ORIENTED_EDGE('',*,*,#3096,.F.);
#2081=ORIENTED_EDGE('',*,*,#3387,.F.);
#2082=ORIENTED_EDGE('',*,*,#3423,.F.);
#2083=ORIENTED_EDGE('',*,*,#3398,.T.);
#2084=ORIENTED_EDGE('',*,*,#3424,.F.);
#2085=ORIENTED_EDGE('',*,*,#3402,.T.);
#2086=ORIENTED_EDGE('',*,*,#3405,.T.);
#2087=ORIENTED_EDGE('',*,*,#3407,.T.);
#2088=ORIENTED_EDGE('',*,*,#3409,.T.);
#2089=ORIENTED_EDGE('',*,*,#3411,.T.);
#2090=ORIENTED_EDGE('',*,*,#3413,.T.);
#2091=ORIENTED_EDGE('',*,*,#3415,.T.);
#2092=ORIENTED_EDGE('',*,*,#3417,.T.);
#2093=ORIENTED_EDGE('',*,*,#3419,.T.);
#2094=ORIENTED_EDGE('',*,*,#3421,.T.);
#2095=ORIENTED_EDGE('',*,*,#3422,.T.);
#2096=ORIENTED_EDGE('',*,*,#3386,.T.);
#2097=ORIENTED_EDGE('',*,*,#3390,.T.);
#2098=ORIENTED_EDGE('',*,*,#3393,.T.);
#2099=ORIENTED_EDGE('',*,*,#3396,.T.);
#2100=ORIENTED_EDGE('',*,*,#3399,.T.);
#2101=ORIENTED_EDGE('',*,*,#3423,.T.);
#2102=ORIENTED_EDGE('',*,*,#3425,.F.);
#2103=ORIENTED_EDGE('',*,*,#3426,.F.);
#2104=ORIENTED_EDGE('',*,*,#3427,.T.);
#2105=ORIENTED_EDGE('',*,*,#3042,.F.);
#2106=ORIENTED_EDGE('',*,*,#3428,.F.);
#2107=ORIENTED_EDGE('',*,*,#3429,.F.);
#2108=ORIENTED_EDGE('',*,*,#3425,.T.);
#2109=ORIENTED_EDGE('',*,*,#3041,.F.);
#2110=ORIENTED_EDGE('',*,*,#3430,.F.);
#2111=ORIENTED_EDGE('',*,*,#3431,.F.);
#2112=ORIENTED_EDGE('',*,*,#3428,.T.);
#2113=ORIENTED_EDGE('',*,*,#3052,.F.);
#2114=ORIENTED_EDGE('',*,*,#3432,.F.);
#2115=ORIENTED_EDGE('',*,*,#3433,.F.);
#2116=ORIENTED_EDGE('',*,*,#3430,.T.);
#2117=ORIENTED_EDGE('',*,*,#3051,.F.);
#2118=ORIENTED_EDGE('',*,*,#3434,.F.);
#2119=ORIENTED_EDGE('',*,*,#3435,.F.);
#2120=ORIENTED_EDGE('',*,*,#3432,.T.);
#2121=ORIENTED_EDGE('',*,*,#3050,.F.);
#2122=ORIENTED_EDGE('',*,*,#3436,.F.);
#2123=ORIENTED_EDGE('',*,*,#3437,.F.);
#2124=ORIENTED_EDGE('',*,*,#3434,.T.);
#2125=ORIENTED_EDGE('',*,*,#3049,.F.);
#2126=ORIENTED_EDGE('',*,*,#3438,.F.);
#2127=ORIENTED_EDGE('',*,*,#3439,.F.);
#2128=ORIENTED_EDGE('',*,*,#3436,.T.);
#2129=ORIENTED_EDGE('',*,*,#3048,.F.);
#2130=ORIENTED_EDGE('',*,*,#3440,.F.);
#2131=ORIENTED_EDGE('',*,*,#3441,.F.);
#2132=ORIENTED_EDGE('',*,*,#3438,.T.);
#2133=ORIENTED_EDGE('',*,*,#3047,.F.);
#2134=ORIENTED_EDGE('',*,*,#3442,.F.);
#2135=ORIENTED_EDGE('',*,*,#3443,.F.);
#2136=ORIENTED_EDGE('',*,*,#3440,.T.);
#2137=ORIENTED_EDGE('',*,*,#3046,.F.);
#2138=ORIENTED_EDGE('',*,*,#3444,.F.);
#2139=ORIENTED_EDGE('',*,*,#3445,.F.);
#2140=ORIENTED_EDGE('',*,*,#3442,.T.);
#2141=ORIENTED_EDGE('',*,*,#3045,.F.);
#2142=ORIENTED_EDGE('',*,*,#3446,.F.);
#2143=ORIENTED_EDGE('',*,*,#3447,.F.);
#2144=ORIENTED_EDGE('',*,*,#3444,.T.);
#2145=ORIENTED_EDGE('',*,*,#3044,.F.);
#2146=ORIENTED_EDGE('',*,*,#3427,.F.);
#2147=ORIENTED_EDGE('',*,*,#3448,.F.);
#2148=ORIENTED_EDGE('',*,*,#3446,.T.);
#2149=ORIENTED_EDGE('',*,*,#3043,.F.);
#2150=ORIENTED_EDGE('',*,*,#3426,.T.);
#2151=ORIENTED_EDGE('',*,*,#3429,.T.);
#2152=ORIENTED_EDGE('',*,*,#3431,.T.);
#2153=ORIENTED_EDGE('',*,*,#3433,.T.);
#2154=ORIENTED_EDGE('',*,*,#3435,.T.);
#2155=ORIENTED_EDGE('',*,*,#3437,.T.);
#2156=ORIENTED_EDGE('',*,*,#3439,.T.);
#2157=ORIENTED_EDGE('',*,*,#3441,.T.);
#2158=ORIENTED_EDGE('',*,*,#3443,.T.);
#2159=ORIENTED_EDGE('',*,*,#3445,.T.);
#2160=ORIENTED_EDGE('',*,*,#3447,.T.);
#2161=ORIENTED_EDGE('',*,*,#3448,.T.);
#2162=ORIENTED_EDGE('',*,*,#3449,.F.);
#2163=ORIENTED_EDGE('',*,*,#3450,.F.);
#2164=ORIENTED_EDGE('',*,*,#3451,.T.);
#2165=ORIENTED_EDGE('',*,*,#3031,.F.);
#2166=ORIENTED_EDGE('',*,*,#3452,.F.);
#2167=ORIENTED_EDGE('',*,*,#3453,.F.);
#2168=ORIENTED_EDGE('',*,*,#3449,.T.);
#2169=ORIENTED_EDGE('',*,*,#3030,.F.);
#2170=ORIENTED_EDGE('',*,*,#3454,.F.);
#2171=ORIENTED_EDGE('',*,*,#3455,.F.);
#2172=ORIENTED_EDGE('',*,*,#3452,.T.);
#2173=ORIENTED_EDGE('',*,*,#3040,.F.);
#2174=ORIENTED_EDGE('',*,*,#3456,.F.);
#2175=ORIENTED_EDGE('',*,*,#3457,.F.);
#2176=ORIENTED_EDGE('',*,*,#3454,.T.);
#2177=ORIENTED_EDGE('',*,*,#3039,.F.);
#2178=ORIENTED_EDGE('',*,*,#3458,.F.);
#2179=ORIENTED_EDGE('',*,*,#3459,.F.);
#2180=ORIENTED_EDGE('',*,*,#3456,.T.);
#2181=ORIENTED_EDGE('',*,*,#3038,.F.);
#2182=ORIENTED_EDGE('',*,*,#3460,.F.);
#2183=ORIENTED_EDGE('',*,*,#3461,.F.);
#2184=ORIENTED_EDGE('',*,*,#3458,.T.);
#2185=ORIENTED_EDGE('',*,*,#3037,.F.);
#2186=ORIENTED_EDGE('',*,*,#3462,.F.);
#2187=ORIENTED_EDGE('',*,*,#3463,.F.);
#2188=ORIENTED_EDGE('',*,*,#3460,.T.);
#2189=ORIENTED_EDGE('',*,*,#3036,.F.);
#2190=ORIENTED_EDGE('',*,*,#3464,.F.);
#2191=ORIENTED_EDGE('',*,*,#3465,.F.);
#2192=ORIENTED_EDGE('',*,*,#3462,.T.);
#2193=ORIENTED_EDGE('',*,*,#3035,.F.);
#2194=ORIENTED_EDGE('',*,*,#3466,.F.);
#2195=ORIENTED_EDGE('',*,*,#3467,.F.);
#2196=ORIENTED_EDGE('',*,*,#3464,.T.);
#2197=ORIENTED_EDGE('',*,*,#3034,.F.);
#2198=ORIENTED_EDGE('',*,*,#3468,.F.);
#2199=ORIENTED_EDGE('',*,*,#3469,.F.);
#2200=ORIENTED_EDGE('',*,*,#3466,.T.);
#2201=ORIENTED_EDGE('',*,*,#3033,.F.);
#2202=ORIENTED_EDGE('',*,*,#3451,.F.);
#2203=ORIENTED_EDGE('',*,*,#3470,.F.);
#2204=ORIENTED_EDGE('',*,*,#3468,.T.);
#2205=ORIENTED_EDGE('',*,*,#3032,.F.);
#2206=ORIENTED_EDGE('',*,*,#3450,.T.);
#2207=ORIENTED_EDGE('',*,*,#3453,.T.);
#2208=ORIENTED_EDGE('',*,*,#3455,.T.);
#2209=ORIENTED_EDGE('',*,*,#3457,.T.);
#2210=ORIENTED_EDGE('',*,*,#3459,.T.);
#2211=ORIENTED_EDGE('',*,*,#3461,.T.);
#2212=ORIENTED_EDGE('',*,*,#3463,.T.);
#2213=ORIENTED_EDGE('',*,*,#3465,.T.);
#2214=ORIENTED_EDGE('',*,*,#3467,.T.);
#2215=ORIENTED_EDGE('',*,*,#3469,.T.);
#2216=ORIENTED_EDGE('',*,*,#3470,.T.);
#2217=ORIENTED_EDGE('',*,*,#3391,.T.);
#2218=ORIENTED_EDGE('',*,*,#3388,.T.);
#2219=ORIENTED_EDGE('',*,*,#3424,.T.);
#2220=ORIENTED_EDGE('',*,*,#3400,.T.);
#2221=ORIENTED_EDGE('',*,*,#3397,.T.);
#2222=ORIENTED_EDGE('',*,*,#3394,.T.);
#2223=ORIENTED_EDGE('',*,*,#3010,.T.);
#2224=ORIENTED_EDGE('',*,*,#3471,.F.);
#2225=ORIENTED_EDGE('',*,*,#3472,.F.);
#2226=ORIENTED_EDGE('',*,*,#3473,.T.);
#2227=ORIENTED_EDGE('',*,*,#3020,.T.);
#2228=ORIENTED_EDGE('',*,*,#3474,.F.);
#2229=ORIENTED_EDGE('',*,*,#3475,.F.);
#2230=ORIENTED_EDGE('',*,*,#3471,.T.);
#2231=ORIENTED_EDGE('',*,*,#3019,.T.);
#2232=ORIENTED_EDGE('',*,*,#3476,.F.);
#2233=ORIENTED_EDGE('',*,*,#3477,.F.);
#2234=ORIENTED_EDGE('',*,*,#3474,.T.);
#2235=ORIENTED_EDGE('',*,*,#3018,.T.);
#2236=ORIENTED_EDGE('',*,*,#3478,.F.);
#2237=ORIENTED_EDGE('',*,*,#3479,.F.);
#2238=ORIENTED_EDGE('',*,*,#3476,.T.);
#2239=ORIENTED_EDGE('',*,*,#3017,.T.);
#2240=ORIENTED_EDGE('',*,*,#3480,.F.);
#2241=ORIENTED_EDGE('',*,*,#3481,.F.);
#2242=ORIENTED_EDGE('',*,*,#3478,.T.);
#2243=ORIENTED_EDGE('',*,*,#3016,.T.);
#2244=ORIENTED_EDGE('',*,*,#3482,.F.);
#2245=ORIENTED_EDGE('',*,*,#3483,.F.);
#2246=ORIENTED_EDGE('',*,*,#3480,.T.);
#2247=ORIENTED_EDGE('',*,*,#3015,.T.);
#2248=ORIENTED_EDGE('',*,*,#3484,.F.);
#2249=ORIENTED_EDGE('',*,*,#3485,.F.);
#2250=ORIENTED_EDGE('',*,*,#3482,.T.);
#2251=ORIENTED_EDGE('',*,*,#3014,.T.);
#2252=ORIENTED_EDGE('',*,*,#3486,.F.);
#2253=ORIENTED_EDGE('',*,*,#3487,.F.);
#2254=ORIENTED_EDGE('',*,*,#3484,.T.);
#2255=ORIENTED_EDGE('',*,*,#3013,.T.);
#2256=ORIENTED_EDGE('',*,*,#3488,.F.);
#2257=ORIENTED_EDGE('',*,*,#3489,.F.);
#2258=ORIENTED_EDGE('',*,*,#3486,.T.);
#2259=ORIENTED_EDGE('',*,*,#3012,.T.);
#2260=ORIENTED_EDGE('',*,*,#3490,.F.);
#2261=ORIENTED_EDGE('',*,*,#3491,.F.);
#2262=ORIENTED_EDGE('',*,*,#3488,.T.);
#2263=ORIENTED_EDGE('',*,*,#3011,.T.);
#2264=ORIENTED_EDGE('',*,*,#3473,.F.);
#2265=ORIENTED_EDGE('',*,*,#3492,.F.);
#2266=ORIENTED_EDGE('',*,*,#3490,.T.);
#2267=ORIENTED_EDGE('',*,*,#3472,.T.);
#2268=ORIENTED_EDGE('',*,*,#3475,.T.);
#2269=ORIENTED_EDGE('',*,*,#3477,.T.);
#2270=ORIENTED_EDGE('',*,*,#3479,.T.);
#2271=ORIENTED_EDGE('',*,*,#3481,.T.);
#2272=ORIENTED_EDGE('',*,*,#3483,.T.);
#2273=ORIENTED_EDGE('',*,*,#3485,.T.);
#2274=ORIENTED_EDGE('',*,*,#3487,.T.);
#2275=ORIENTED_EDGE('',*,*,#3489,.T.);
#2276=ORIENTED_EDGE('',*,*,#3491,.T.);
#2277=ORIENTED_EDGE('',*,*,#3492,.T.);
#2278=ORIENTED_EDGE('',*,*,#3493,.T.);
#2279=ORIENTED_EDGE('',*,*,#3021,.F.);
#2280=ORIENTED_EDGE('',*,*,#3494,.F.);
#2281=ORIENTED_EDGE('',*,*,#2974,.T.);
#2282=ORIENTED_EDGE('',*,*,#3493,.F.);
#2283=ORIENTED_EDGE('',*,*,#3494,.T.);
#2284=ORIENTED_EDGE('',*,*,#2946,.T.);
#2285=ORIENTED_EDGE('',*,*,#3495,.F.);
#2286=ORIENTED_EDGE('',*,*,#3496,.F.);
#2287=ORIENTED_EDGE('',*,*,#3497,.T.);
#2288=ORIENTED_EDGE('',*,*,#2961,.T.);
#2289=ORIENTED_EDGE('',*,*,#3498,.F.);
#2290=ORIENTED_EDGE('',*,*,#3499,.F.);
#2291=ORIENTED_EDGE('',*,*,#3495,.T.);
#2292=ORIENTED_EDGE('',*,*,#2960,.T.);
#2293=ORIENTED_EDGE('',*,*,#3500,.F.);
#2294=ORIENTED_EDGE('',*,*,#3501,.F.);
#2295=ORIENTED_EDGE('',*,*,#3498,.T.);
#2296=ORIENTED_EDGE('',*,*,#2959,.T.);
#2297=ORIENTED_EDGE('',*,*,#3502,.F.);
#2298=ORIENTED_EDGE('',*,*,#3503,.F.);
#2299=ORIENTED_EDGE('',*,*,#3500,.T.);
#2300=ORIENTED_EDGE('',*,*,#2958,.T.);
#2301=ORIENTED_EDGE('',*,*,#3504,.F.);
#2302=ORIENTED_EDGE('',*,*,#3505,.F.);
#2303=ORIENTED_EDGE('',*,*,#3502,.T.);
#2304=ORIENTED_EDGE('',*,*,#2957,.T.);
#2305=ORIENTED_EDGE('',*,*,#3506,.F.);
#2306=ORIENTED_EDGE('',*,*,#3507,.F.);
#2307=ORIENTED_EDGE('',*,*,#3504,.T.);
#2308=ORIENTED_EDGE('',*,*,#2956,.T.);
#2309=ORIENTED_EDGE('',*,*,#3508,.F.);
#2310=ORIENTED_EDGE('',*,*,#3509,.F.);
#2311=ORIENTED_EDGE('',*,*,#3506,.T.);
#2312=ORIENTED_EDGE('',*,*,#2955,.T.);
#2313=ORIENTED_EDGE('',*,*,#3510,.F.);
#2314=ORIENTED_EDGE('',*,*,#3511,.F.);
#2315=ORIENTED_EDGE('',*,*,#3508,.T.);
#2316=ORIENTED_EDGE('',*,*,#2954,.T.);
#2317=ORIENTED_EDGE('',*,*,#3512,.F.);
#2318=ORIENTED_EDGE('',*,*,#3513,.F.);
#2319=ORIENTED_EDGE('',*,*,#3510,.T.);
#2320=ORIENTED_EDGE('',*,*,#2953,.T.);
#2321=ORIENTED_EDGE('',*,*,#3514,.F.);
#2322=ORIENTED_EDGE('',*,*,#3515,.F.);
#2323=ORIENTED_EDGE('',*,*,#3512,.T.);
#2324=ORIENTED_EDGE('',*,*,#2952,.T.);
#2325=ORIENTED_EDGE('',*,*,#3516,.F.);
#2326=ORIENTED_EDGE('',*,*,#3517,.F.);
#2327=ORIENTED_EDGE('',*,*,#3514,.T.);
#2328=ORIENTED_EDGE('',*,*,#2951,.T.);
#2329=ORIENTED_EDGE('',*,*,#3518,.F.);
#2330=ORIENTED_EDGE('',*,*,#3519,.F.);
#2331=ORIENTED_EDGE('',*,*,#3516,.T.);
#2332=ORIENTED_EDGE('',*,*,#2950,.T.);
#2333=ORIENTED_EDGE('',*,*,#3520,.F.);
#2334=ORIENTED_EDGE('',*,*,#3521,.F.);
#2335=ORIENTED_EDGE('',*,*,#3518,.T.);
#2336=ORIENTED_EDGE('',*,*,#2949,.T.);
#2337=ORIENTED_EDGE('',*,*,#3522,.F.);
#2338=ORIENTED_EDGE('',*,*,#3523,.F.);
#2339=ORIENTED_EDGE('',*,*,#3520,.T.);
#2340=ORIENTED_EDGE('',*,*,#2948,.T.);
#2341=ORIENTED_EDGE('',*,*,#3524,.F.);
#2342=ORIENTED_EDGE('',*,*,#3525,.F.);
#2343=ORIENTED_EDGE('',*,*,#3522,.T.);
#2344=ORIENTED_EDGE('',*,*,#2947,.T.);
#2345=ORIENTED_EDGE('',*,*,#3497,.F.);
#2346=ORIENTED_EDGE('',*,*,#3526,.F.);
#2347=ORIENTED_EDGE('',*,*,#3524,.T.);
#2348=ORIENTED_EDGE('',*,*,#3496,.T.);
#2349=ORIENTED_EDGE('',*,*,#3499,.T.);
#2350=ORIENTED_EDGE('',*,*,#3501,.T.);
#2351=ORIENTED_EDGE('',*,*,#3503,.T.);
#2352=ORIENTED_EDGE('',*,*,#3505,.T.);
#2353=ORIENTED_EDGE('',*,*,#3507,.T.);
#2354=ORIENTED_EDGE('',*,*,#3509,.T.);
#2355=ORIENTED_EDGE('',*,*,#3511,.T.);
#2356=ORIENTED_EDGE('',*,*,#3513,.T.);
#2357=ORIENTED_EDGE('',*,*,#3515,.T.);
#2358=ORIENTED_EDGE('',*,*,#3517,.T.);
#2359=ORIENTED_EDGE('',*,*,#3519,.T.);
#2360=ORIENTED_EDGE('',*,*,#3521,.T.);
#2361=ORIENTED_EDGE('',*,*,#3523,.T.);
#2362=ORIENTED_EDGE('',*,*,#3525,.T.);
#2363=ORIENTED_EDGE('',*,*,#3526,.T.);
#2364=ORIENTED_EDGE('',*,*,#2925,.T.);
#2365=ORIENTED_EDGE('',*,*,#3527,.F.);
#2366=ORIENTED_EDGE('',*,*,#3528,.F.);
#2367=ORIENTED_EDGE('',*,*,#3529,.T.);
#2368=ORIENTED_EDGE('',*,*,#2936,.T.);
#2369=ORIENTED_EDGE('',*,*,#3530,.F.);
#2370=ORIENTED_EDGE('',*,*,#3531,.F.);
#2371=ORIENTED_EDGE('',*,*,#3527,.T.);
#2372=ORIENTED_EDGE('',*,*,#2935,.T.);
#2373=ORIENTED_EDGE('',*,*,#3532,.F.);
#2374=ORIENTED_EDGE('',*,*,#3533,.F.);
#2375=ORIENTED_EDGE('',*,*,#3530,.T.);
#2376=ORIENTED_EDGE('',*,*,#2934,.T.);
#2377=ORIENTED_EDGE('',*,*,#3534,.F.);
#2378=ORIENTED_EDGE('',*,*,#3535,.F.);
#2379=ORIENTED_EDGE('',*,*,#3532,.T.);
#2380=ORIENTED_EDGE('',*,*,#2933,.T.);
#2381=ORIENTED_EDGE('',*,*,#3536,.F.);
#2382=ORIENTED_EDGE('',*,*,#3537,.F.);
#2383=ORIENTED_EDGE('',*,*,#3534,.T.);
#2384=ORIENTED_EDGE('',*,*,#2932,.T.);
#2385=ORIENTED_EDGE('',*,*,#3538,.F.);
#2386=ORIENTED_EDGE('',*,*,#3539,.F.);
#2387=ORIENTED_EDGE('',*,*,#3536,.T.);
#2388=ORIENTED_EDGE('',*,*,#2931,.T.);
#2389=ORIENTED_EDGE('',*,*,#3540,.F.);
#2390=ORIENTED_EDGE('',*,*,#3541,.F.);
#2391=ORIENTED_EDGE('',*,*,#3538,.T.);
#2392=ORIENTED_EDGE('',*,*,#2930,.T.);
#2393=ORIENTED_EDGE('',*,*,#3542,.F.);
#2394=ORIENTED_EDGE('',*,*,#3543,.F.);
#2395=ORIENTED_EDGE('',*,*,#3540,.T.);
#2396=ORIENTED_EDGE('',*,*,#2929,.T.);
#2397=ORIENTED_EDGE('',*,*,#3544,.F.);
#2398=ORIENTED_EDGE('',*,*,#3545,.F.);
#2399=ORIENTED_EDGE('',*,*,#3542,.T.);
#2400=ORIENTED_EDGE('',*,*,#2928,.T.);
#2401=ORIENTED_EDGE('',*,*,#3546,.F.);
#2402=ORIENTED_EDGE('',*,*,#3547,.F.);
#2403=ORIENTED_EDGE('',*,*,#3544,.T.);
#2404=ORIENTED_EDGE('',*,*,#2927,.T.);
#2405=ORIENTED_EDGE('',*,*,#3548,.F.);
#2406=ORIENTED_EDGE('',*,*,#3549,.F.);
#2407=ORIENTED_EDGE('',*,*,#3546,.T.);
#2408=ORIENTED_EDGE('',*,*,#2926,.T.);
#2409=ORIENTED_EDGE('',*,*,#3529,.F.);
#2410=ORIENTED_EDGE('',*,*,#3550,.F.);
#2411=ORIENTED_EDGE('',*,*,#3548,.T.);
#2412=ORIENTED_EDGE('',*,*,#3528,.T.);
#2413=ORIENTED_EDGE('',*,*,#3531,.T.);
#2414=ORIENTED_EDGE('',*,*,#3533,.T.);
#2415=ORIENTED_EDGE('',*,*,#3535,.T.);
#2416=ORIENTED_EDGE('',*,*,#3537,.T.);
#2417=ORIENTED_EDGE('',*,*,#3539,.T.);
#2418=ORIENTED_EDGE('',*,*,#3541,.T.);
#2419=ORIENTED_EDGE('',*,*,#3543,.T.);
#2420=ORIENTED_EDGE('',*,*,#3545,.T.);
#2421=ORIENTED_EDGE('',*,*,#3547,.T.);
#2422=ORIENTED_EDGE('',*,*,#3549,.T.);
#2423=ORIENTED_EDGE('',*,*,#3550,.T.);
#2424=ORIENTED_EDGE('',*,*,#3551,.T.);
#2425=ORIENTED_EDGE('',*,*,#3552,.F.);
#2426=ORIENTED_EDGE('',*,*,#3553,.F.);
#2427=ORIENTED_EDGE('',*,*,#3554,.T.);
#2428=ORIENTED_EDGE('',*,*,#3555,.T.);
#2429=ORIENTED_EDGE('',*,*,#3556,.F.);
#2430=ORIENTED_EDGE('',*,*,#3557,.F.);
#2431=ORIENTED_EDGE('',*,*,#3552,.T.);
#2432=ORIENTED_EDGE('',*,*,#3558,.T.);
#2433=ORIENTED_EDGE('',*,*,#3559,.F.);
#2434=ORIENTED_EDGE('',*,*,#3560,.F.);
#2435=ORIENTED_EDGE('',*,*,#3556,.T.);
#2436=ORIENTED_EDGE('',*,*,#3561,.T.);
#2437=ORIENTED_EDGE('',*,*,#3562,.F.);
#2438=ORIENTED_EDGE('',*,*,#3563,.F.);
#2439=ORIENTED_EDGE('',*,*,#3559,.T.);
#2440=ORIENTED_EDGE('',*,*,#3564,.T.);
#2441=ORIENTED_EDGE('',*,*,#3565,.F.);
#2442=ORIENTED_EDGE('',*,*,#3566,.F.);
#2443=ORIENTED_EDGE('',*,*,#3562,.T.);
#2444=ORIENTED_EDGE('',*,*,#2905,.T.);
#2445=ORIENTED_EDGE('',*,*,#3567,.F.);
#2446=ORIENTED_EDGE('',*,*,#3568,.F.);
#2447=ORIENTED_EDGE('',*,*,#3569,.T.);
#2448=ORIENTED_EDGE('',*,*,#2915,.T.);
#2449=ORIENTED_EDGE('',*,*,#3570,.F.);
#2450=ORIENTED_EDGE('',*,*,#3571,.F.);
#2451=ORIENTED_EDGE('',*,*,#3567,.T.);
#2452=ORIENTED_EDGE('',*,*,#2914,.T.);
#2453=ORIENTED_EDGE('',*,*,#3572,.F.);
#2454=ORIENTED_EDGE('',*,*,#3573,.F.);
#2455=ORIENTED_EDGE('',*,*,#3570,.T.);
#2456=ORIENTED_EDGE('',*,*,#2913,.T.);
#2457=ORIENTED_EDGE('',*,*,#3574,.F.);
#2458=ORIENTED_EDGE('',*,*,#3575,.F.);
#2459=ORIENTED_EDGE('',*,*,#3572,.T.);
#2460=ORIENTED_EDGE('',*,*,#2912,.T.);
#2461=ORIENTED_EDGE('',*,*,#3576,.F.);
#2462=ORIENTED_EDGE('',*,*,#3577,.F.);
#2463=ORIENTED_EDGE('',*,*,#3574,.T.);
#2464=ORIENTED_EDGE('',*,*,#2911,.T.);
#2465=ORIENTED_EDGE('',*,*,#3578,.F.);
#2466=ORIENTED_EDGE('',*,*,#3579,.F.);
#2467=ORIENTED_EDGE('',*,*,#3576,.T.);
#2468=ORIENTED_EDGE('',*,*,#2910,.T.);
#2469=ORIENTED_EDGE('',*,*,#3580,.F.);
#2470=ORIENTED_EDGE('',*,*,#3581,.F.);
#2471=ORIENTED_EDGE('',*,*,#3578,.T.);
#2472=ORIENTED_EDGE('',*,*,#2909,.T.);
#2473=ORIENTED_EDGE('',*,*,#3582,.F.);
#2474=ORIENTED_EDGE('',*,*,#3583,.F.);
#2475=ORIENTED_EDGE('',*,*,#3580,.T.);
#2476=ORIENTED_EDGE('',*,*,#2908,.T.);
#2477=ORIENTED_EDGE('',*,*,#3584,.F.);
#2478=ORIENTED_EDGE('',*,*,#3585,.F.);
#2479=ORIENTED_EDGE('',*,*,#3582,.T.);
#2480=ORIENTED_EDGE('',*,*,#2907,.T.);
#2481=ORIENTED_EDGE('',*,*,#3586,.F.);
#2482=ORIENTED_EDGE('',*,*,#3587,.F.);
#2483=ORIENTED_EDGE('',*,*,#3584,.T.);
#2484=ORIENTED_EDGE('',*,*,#2906,.T.);
#2485=ORIENTED_EDGE('',*,*,#3569,.F.);
#2486=ORIENTED_EDGE('',*,*,#3588,.F.);
#2487=ORIENTED_EDGE('',*,*,#3586,.T.);
#2488=ORIENTED_EDGE('',*,*,#3589,.T.);
#2489=ORIENTED_EDGE('',*,*,#3554,.F.);
#2490=ORIENTED_EDGE('',*,*,#3590,.F.);
#2491=ORIENTED_EDGE('',*,*,#3565,.T.);
#2492=ORIENTED_EDGE('',*,*,#3568,.T.);
#2493=ORIENTED_EDGE('',*,*,#3571,.T.);
#2494=ORIENTED_EDGE('',*,*,#3573,.T.);
#2495=ORIENTED_EDGE('',*,*,#3575,.T.);
#2496=ORIENTED_EDGE('',*,*,#3577,.T.);
#2497=ORIENTED_EDGE('',*,*,#3579,.T.);
#2498=ORIENTED_EDGE('',*,*,#3581,.T.);
#2499=ORIENTED_EDGE('',*,*,#3583,.T.);
#2500=ORIENTED_EDGE('',*,*,#3585,.T.);
#2501=ORIENTED_EDGE('',*,*,#3587,.T.);
#2502=ORIENTED_EDGE('',*,*,#3588,.T.);
#2503=ORIENTED_EDGE('',*,*,#3553,.T.);
#2504=ORIENTED_EDGE('',*,*,#3557,.T.);
#2505=ORIENTED_EDGE('',*,*,#3560,.T.);
#2506=ORIENTED_EDGE('',*,*,#3563,.T.);
#2507=ORIENTED_EDGE('',*,*,#3566,.T.);
#2508=ORIENTED_EDGE('',*,*,#3590,.T.);
#2509=ORIENTED_EDGE('',*,*,#3591,.T.);
#2510=ORIENTED_EDGE('',*,*,#2962,.F.);
#2511=ORIENTED_EDGE('',*,*,#3592,.F.);
#2512=ORIENTED_EDGE('',*,*,#2973,.T.);
#2513=ORIENTED_EDGE('',*,*,#3591,.F.);
#2514=ORIENTED_EDGE('',*,*,#3592,.T.);
#2515=ORIENTED_EDGE('',*,*,#3593,.T.);
#2516=ORIENTED_EDGE('',*,*,#2937,.F.);
#2517=ORIENTED_EDGE('',*,*,#3594,.F.);
#2518=ORIENTED_EDGE('',*,*,#2972,.T.);
#2519=ORIENTED_EDGE('',*,*,#3593,.F.);
#2520=ORIENTED_EDGE('',*,*,#3594,.T.);
#2521=ORIENTED_EDGE('',*,*,#3595,.T.);
#2522=ORIENTED_EDGE('',*,*,#2916,.F.);
#2523=ORIENTED_EDGE('',*,*,#3596,.F.);
#2524=ORIENTED_EDGE('',*,*,#2971,.T.);
#2525=ORIENTED_EDGE('',*,*,#3595,.F.);
#2526=ORIENTED_EDGE('',*,*,#3596,.T.);
#2527=ORIENTED_EDGE('',*,*,#3551,.F.);
#2528=ORIENTED_EDGE('',*,*,#3589,.F.);
#2529=ORIENTED_EDGE('',*,*,#3564,.F.);
#2530=ORIENTED_EDGE('',*,*,#3561,.F.);
#2531=ORIENTED_EDGE('',*,*,#3558,.F.);
#2532=ORIENTED_EDGE('',*,*,#3555,.F.);
#2533=ORIENTED_EDGE('',*,*,#3597,.T.);
#2534=ORIENTED_EDGE('',*,*,#3598,.T.);
#2535=ORIENTED_EDGE('',*,*,#3599,.T.);
#2536=ORIENTED_EDGE('',*,*,#3600,.T.);
#2537=ORIENTED_EDGE('',*,*,#3601,.T.);
#2538=ORIENTED_EDGE('',*,*,#3602,.T.);
#2539=ORIENTED_EDGE('',*,*,#3603,.T.);
#2540=ORIENTED_EDGE('',*,*,#3604,.T.);
#2541=ORIENTED_EDGE('',*,*,#3605,.T.);
#2542=ORIENTED_EDGE('',*,*,#3606,.T.);
#2543=ORIENTED_EDGE('',*,*,#3607,.T.);
#2544=ORIENTED_EDGE('',*,*,#3608,.T.);
#2545=ORIENTED_EDGE('',*,*,#3609,.T.);
#2546=ORIENTED_EDGE('',*,*,#3610,.T.);
#2547=ORIENTED_EDGE('',*,*,#3611,.T.);
#2548=ORIENTED_EDGE('',*,*,#3612,.T.);
#2549=ORIENTED_EDGE('',*,*,#3613,.T.);
#2550=ORIENTED_EDGE('',*,*,#3614,.T.);
#2551=ORIENTED_EDGE('',*,*,#3615,.T.);
#2552=ORIENTED_EDGE('',*,*,#3616,.T.);
#2553=ORIENTED_EDGE('',*,*,#3617,.T.);
#2554=ORIENTED_EDGE('',*,*,#3618,.T.);
#2555=ORIENTED_EDGE('',*,*,#3619,.T.);
#2556=ORIENTED_EDGE('',*,*,#3620,.T.);
#2557=ORIENTED_EDGE('',*,*,#3621,.T.);
#2558=ORIENTED_EDGE('',*,*,#3622,.T.);
#2559=ORIENTED_EDGE('',*,*,#3623,.T.);
#2560=ORIENTED_EDGE('',*,*,#3624,.T.);
#2561=ORIENTED_EDGE('',*,*,#3625,.T.);
#2562=ORIENTED_EDGE('',*,*,#3626,.T.);
#2563=ORIENTED_EDGE('',*,*,#3627,.T.);
#2564=ORIENTED_EDGE('',*,*,#3628,.T.);
#2565=ORIENTED_EDGE('',*,*,#3629,.T.);
#2566=ORIENTED_EDGE('',*,*,#3630,.T.);
#2567=ORIENTED_EDGE('',*,*,#3631,.T.);
#2568=ORIENTED_EDGE('',*,*,#3632,.T.);
#2569=ORIENTED_EDGE('',*,*,#3633,.F.);
#2570=ORIENTED_EDGE('',*,*,#3209,.F.);
#2571=ORIENTED_EDGE('',*,*,#3634,.F.);
#2572=ORIENTED_EDGE('',*,*,#2900,.F.);
#2573=ORIENTED_EDGE('',*,*,#3634,.T.);
#2574=ORIENTED_EDGE('',*,*,#3211,.F.);
#2575=ORIENTED_EDGE('',*,*,#3635,.F.);
#2576=ORIENTED_EDGE('',*,*,#2897,.F.);
#2577=ORIENTED_EDGE('',*,*,#3633,.T.);
#2578=ORIENTED_EDGE('',*,*,#2899,.F.);
#2579=ORIENTED_EDGE('',*,*,#3636,.F.);
#2580=ORIENTED_EDGE('',*,*,#3206,.F.);
#2581=ORIENTED_EDGE('',*,*,#3635,.T.);
#2582=ORIENTED_EDGE('',*,*,#3202,.F.);
#2583=ORIENTED_EDGE('',*,*,#3636,.T.);
#2584=ORIENTED_EDGE('',*,*,#2898,.F.);
#2585=ORIENTED_EDGE('',*,*,#3637,.F.);
#2586=ORIENTED_EDGE('',*,*,#3005,.F.);
#2587=ORIENTED_EDGE('',*,*,#3638,.F.);
#2588=ORIENTED_EDGE('',*,*,#3214,.F.);
#2589=ORIENTED_EDGE('',*,*,#3638,.T.);
#2590=ORIENTED_EDGE('',*,*,#3004,.F.);
#2591=ORIENTED_EDGE('',*,*,#3639,.F.);
#2592=ORIENTED_EDGE('',*,*,#3223,.F.);
#2593=ORIENTED_EDGE('',*,*,#3637,.T.);
#2594=ORIENTED_EDGE('',*,*,#3218,.F.);
#2595=ORIENTED_EDGE('',*,*,#3640,.F.);
#2596=ORIENTED_EDGE('',*,*,#3002,.F.);
#2597=ORIENTED_EDGE('',*,*,#3639,.T.);
#2598=ORIENTED_EDGE('',*,*,#3003,.F.);
#2599=ORIENTED_EDGE('',*,*,#3640,.T.);
#2600=ORIENTED_EDGE('',*,*,#3221,.F.);
#2601=ORIENTED_EDGE('',*,*,#3641,.F.);
#2602=ORIENTED_EDGE('',*,*,#3170,.F.);
#2603=ORIENTED_EDGE('',*,*,#3642,.F.);
#2604=ORIENTED_EDGE('',*,*,#3009,.F.);
#2605=ORIENTED_EDGE('',*,*,#3642,.T.);
#2606=ORIENTED_EDGE('',*,*,#3173,.F.);
#2607=ORIENTED_EDGE('',*,*,#3643,.F.);
#2608=ORIENTED_EDGE('',*,*,#3006,.F.);
#2609=ORIENTED_EDGE('',*,*,#3641,.T.);
#2610=ORIENTED_EDGE('',*,*,#3008,.F.);
#2611=ORIENTED_EDGE('',*,*,#3644,.F.);
#2612=ORIENTED_EDGE('',*,*,#3166,.F.);
#2613=ORIENTED_EDGE('',*,*,#3643,.T.);
#2614=ORIENTED_EDGE('',*,*,#3175,.F.);
#2615=ORIENTED_EDGE('',*,*,#3644,.T.);
#2616=ORIENTED_EDGE('',*,*,#3007,.F.);
#2617=ORIENTED_EDGE('',*,*,#3645,.F.);
#2618=ORIENTED_EDGE('',*,*,#3194,.F.);
#2619=ORIENTED_EDGE('',*,*,#3646,.F.);
#2620=ORIENTED_EDGE('',*,*,#2904,.F.);
#2621=ORIENTED_EDGE('',*,*,#3646,.T.);
#2622=ORIENTED_EDGE('',*,*,#3197,.F.);
#2623=ORIENTED_EDGE('',*,*,#3647,.F.);
#2624=ORIENTED_EDGE('',*,*,#2901,.F.);
#2625=ORIENTED_EDGE('',*,*,#3645,.T.);
#2626=ORIENTED_EDGE('',*,*,#2903,.F.);
#2627=ORIENTED_EDGE('',*,*,#3648,.F.);
#2628=ORIENTED_EDGE('',*,*,#3190,.F.);
#2629=ORIENTED_EDGE('',*,*,#3647,.T.);
#2630=ORIENTED_EDGE('',*,*,#3199,.F.);
#2631=ORIENTED_EDGE('',*,*,#3648,.T.);
#2632=ORIENTED_EDGE('',*,*,#2902,.F.);
#2633=ORIENTED_EDGE('',*,*,#3649,.F.);
#2634=ORIENTED_EDGE('',*,*,#3230,.F.);
#2635=ORIENTED_EDGE('',*,*,#3650,.F.);
#2636=ORIENTED_EDGE('',*,*,#2941,.F.);
#2637=ORIENTED_EDGE('',*,*,#3650,.T.);
#2638=ORIENTED_EDGE('',*,*,#3233,.F.);
#2639=ORIENTED_EDGE('',*,*,#3651,.F.);
#2640=ORIENTED_EDGE('',*,*,#2938,.F.);
#2641=ORIENTED_EDGE('',*,*,#3649,.T.);
#2642=ORIENTED_EDGE('',*,*,#2940,.F.);
#2643=ORIENTED_EDGE('',*,*,#3652,.F.);
#2644=ORIENTED_EDGE('',*,*,#3226,.F.);
#2645=ORIENTED_EDGE('',*,*,#3651,.T.);
#2646=ORIENTED_EDGE('',*,*,#3235,.F.);
#2647=ORIENTED_EDGE('',*,*,#3652,.T.);
#2648=ORIENTED_EDGE('',*,*,#2939,.F.);
#2649=ORIENTED_EDGE('',*,*,#3653,.F.);
#2650=ORIENTED_EDGE('',*,*,#2945,.F.);
#2651=ORIENTED_EDGE('',*,*,#3654,.F.);
#2652=ORIENTED_EDGE('',*,*,#3238,.F.);
#2653=ORIENTED_EDGE('',*,*,#3654,.T.);
#2654=ORIENTED_EDGE('',*,*,#2944,.F.);
#2655=ORIENTED_EDGE('',*,*,#3655,.F.);
#2656=ORIENTED_EDGE('',*,*,#3247,.F.);
#2657=ORIENTED_EDGE('',*,*,#3653,.T.);
#2658=ORIENTED_EDGE('',*,*,#3242,.F.);
#2659=ORIENTED_EDGE('',*,*,#3656,.F.);
#2660=ORIENTED_EDGE('',*,*,#2942,.F.);
#2661=ORIENTED_EDGE('',*,*,#3655,.T.);
#2662=ORIENTED_EDGE('',*,*,#2943,.F.);
#2663=ORIENTED_EDGE('',*,*,#3656,.T.);
#2664=ORIENTED_EDGE('',*,*,#3245,.F.);
#2665=ORIENTED_EDGE('',*,*,#3657,.F.);
#2666=ORIENTED_EDGE('',*,*,#3254,.F.);
#2667=ORIENTED_EDGE('',*,*,#3658,.F.);
#2668=ORIENTED_EDGE('',*,*,#2920,.F.);
#2669=ORIENTED_EDGE('',*,*,#3658,.T.);
#2670=ORIENTED_EDGE('',*,*,#3257,.F.);
#2671=ORIENTED_EDGE('',*,*,#3659,.F.);
#2672=ORIENTED_EDGE('',*,*,#2917,.F.);
#2673=ORIENTED_EDGE('',*,*,#3657,.T.);
#2674=ORIENTED_EDGE('',*,*,#2919,.F.);
#2675=ORIENTED_EDGE('',*,*,#3660,.F.);
#2676=ORIENTED_EDGE('',*,*,#3250,.F.);
#2677=ORIENTED_EDGE('',*,*,#3659,.T.);
#2678=ORIENTED_EDGE('',*,*,#3259,.F.);
#2679=ORIENTED_EDGE('',*,*,#3660,.T.);
#2680=ORIENTED_EDGE('',*,*,#2918,.F.);
#2681=ORIENTED_EDGE('',*,*,#3661,.F.);
#2682=ORIENTED_EDGE('',*,*,#3182,.F.);
#2683=ORIENTED_EDGE('',*,*,#3662,.F.);
#2684=ORIENTED_EDGE('',*,*,#2924,.F.);
#2685=ORIENTED_EDGE('',*,*,#3662,.T.);
#2686=ORIENTED_EDGE('',*,*,#3185,.F.);
#2687=ORIENTED_EDGE('',*,*,#3663,.F.);
#2688=ORIENTED_EDGE('',*,*,#2921,.F.);
#2689=ORIENTED_EDGE('',*,*,#3661,.T.);
#2690=ORIENTED_EDGE('',*,*,#2923,.F.);
#2691=ORIENTED_EDGE('',*,*,#3664,.F.);
#2692=ORIENTED_EDGE('',*,*,#3178,.F.);
#2693=ORIENTED_EDGE('',*,*,#3663,.T.);
#2694=ORIENTED_EDGE('',*,*,#3187,.F.);
#2695=ORIENTED_EDGE('',*,*,#3664,.T.);
#2696=ORIENTED_EDGE('',*,*,#2922,.F.);
#2697=ORIENTED_EDGE('',*,*,#3665,.F.);
#2698=ORIENTED_EDGE('',*,*,#3025,.F.);
#2699=ORIENTED_EDGE('',*,*,#3666,.F.);
#2700=ORIENTED_EDGE('',*,*,#3160,.F.);
#2701=ORIENTED_EDGE('',*,*,#3666,.T.);
#2702=ORIENTED_EDGE('',*,*,#3024,.F.);
#2703=ORIENTED_EDGE('',*,*,#3667,.F.);
#2704=ORIENTED_EDGE('',*,*,#3163,.F.);
#2705=ORIENTED_EDGE('',*,*,#3665,.T.);
#2706=ORIENTED_EDGE('',*,*,#3157,.F.);
#2707=ORIENTED_EDGE('',*,*,#3668,.F.);
#2708=ORIENTED_EDGE('',*,*,#3022,.F.);
#2709=ORIENTED_EDGE('',*,*,#3667,.T.);
#2710=ORIENTED_EDGE('',*,*,#3023,.F.);
#2711=ORIENTED_EDGE('',*,*,#3668,.T.);
#2712=ORIENTED_EDGE('',*,*,#3154,.F.);
#2713=ORIENTED_EDGE('',*,*,#3669,.F.);
#2714=ORIENTED_EDGE('',*,*,#3159,.F.);
#2715=ORIENTED_EDGE('',*,*,#3670,.F.);
#2716=ORIENTED_EDGE('',*,*,#2966,.F.);
#2717=ORIENTED_EDGE('',*,*,#3670,.T.);
#2718=ORIENTED_EDGE('',*,*,#3162,.F.);
#2719=ORIENTED_EDGE('',*,*,#3671,.F.);
#2720=ORIENTED_EDGE('',*,*,#2963,.F.);
#2721=ORIENTED_EDGE('',*,*,#3669,.T.);
#2722=ORIENTED_EDGE('',*,*,#2965,.F.);
#2723=ORIENTED_EDGE('',*,*,#3672,.F.);
#2724=ORIENTED_EDGE('',*,*,#3156,.F.);
#2725=ORIENTED_EDGE('',*,*,#3671,.T.);
#2726=ORIENTED_EDGE('',*,*,#3164,.F.);
#2727=ORIENTED_EDGE('',*,*,#3672,.T.);
#2728=ORIENTED_EDGE('',*,*,#2964,.F.);
#2729=ORIENTED_EDGE('',*,*,#3673,.F.);
#2730=ORIENTED_EDGE('',*,*,#3146,.F.);
#2731=ORIENTED_EDGE('',*,*,#3674,.F.);
#2732=ORIENTED_EDGE('',*,*,#2970,.F.);
#2733=ORIENTED_EDGE('',*,*,#3674,.T.);
#2734=ORIENTED_EDGE('',*,*,#3149,.F.);
#2735=ORIENTED_EDGE('',*,*,#3675,.F.);
#2736=ORIENTED_EDGE('',*,*,#2967,.F.);
#2737=ORIENTED_EDGE('',*,*,#3673,.T.);
#2738=ORIENTED_EDGE('',*,*,#2969,.F.);
#2739=ORIENTED_EDGE('',*,*,#3676,.F.);
#2740=ORIENTED_EDGE('',*,*,#3142,.F.);
#2741=ORIENTED_EDGE('',*,*,#3675,.T.);
#2742=ORIENTED_EDGE('',*,*,#3151,.F.);
#2743=ORIENTED_EDGE('',*,*,#3676,.T.);
#2744=ORIENTED_EDGE('',*,*,#2968,.F.);
#2745=ORIENTED_EDGE('',*,*,#3677,.F.);
#2746=ORIENTED_EDGE('',*,*,#3029,.F.);
#2747=ORIENTED_EDGE('',*,*,#3678,.F.);
#2748=ORIENTED_EDGE('',*,*,#3147,.F.);
#2749=ORIENTED_EDGE('',*,*,#3678,.T.);
#2750=ORIENTED_EDGE('',*,*,#3028,.F.);
#2751=ORIENTED_EDGE('',*,*,#3679,.F.);
#2752=ORIENTED_EDGE('',*,*,#3150,.F.);
#2753=ORIENTED_EDGE('',*,*,#3677,.T.);
#2754=ORIENTED_EDGE('',*,*,#3144,.F.);
#2755=ORIENTED_EDGE('',*,*,#3680,.F.);
#2756=ORIENTED_EDGE('',*,*,#3026,.F.);
#2757=ORIENTED_EDGE('',*,*,#3679,.T.);
#2758=ORIENTED_EDGE('',*,*,#3027,.F.);
#2759=ORIENTED_EDGE('',*,*,#3680,.T.);
#2760=ORIENTED_EDGE('',*,*,#3152,.F.);
#2761=ORIENTED_EDGE('',*,*,#3681,.F.);
#2762=ORIENTED_EDGE('',*,*,#3609,.F.);
#2763=ORIENTED_EDGE('',*,*,#3682,.F.);
#2764=ORIENTED_EDGE('',*,*,#3228,.F.);
#2765=ORIENTED_EDGE('',*,*,#3682,.T.);
#2766=ORIENTED_EDGE('',*,*,#3608,.F.);
#2767=ORIENTED_EDGE('',*,*,#3683,.F.);
#2768=ORIENTED_EDGE('',*,*,#3231,.F.);
#2769=ORIENTED_EDGE('',*,*,#3681,.T.);
#2770=ORIENTED_EDGE('',*,*,#3236,.F.);
#2771=ORIENTED_EDGE('',*,*,#3684,.F.);
#2772=ORIENTED_EDGE('',*,*,#3606,.F.);
#2773=ORIENTED_EDGE('',*,*,#3683,.T.);
#2774=ORIENTED_EDGE('',*,*,#3607,.F.);
#2775=ORIENTED_EDGE('',*,*,#3684,.T.);
#2776=ORIENTED_EDGE('',*,*,#3234,.F.);
#2777=ORIENTED_EDGE('',*,*,#3685,.F.);
#2778=ORIENTED_EDGE('',*,*,#3613,.F.);
#2779=ORIENTED_EDGE('',*,*,#3686,.F.);
#2780=ORIENTED_EDGE('',*,*,#3240,.F.);
#2781=ORIENTED_EDGE('',*,*,#3686,.T.);
#2782=ORIENTED_EDGE('',*,*,#3612,.F.);
#2783=ORIENTED_EDGE('',*,*,#3687,.F.);
#2784=ORIENTED_EDGE('',*,*,#3243,.F.);
#2785=ORIENTED_EDGE('',*,*,#3685,.T.);
#2786=ORIENTED_EDGE('',*,*,#3248,.F.);
#2787=ORIENTED_EDGE('',*,*,#3688,.F.);
#2788=ORIENTED_EDGE('',*,*,#3610,.F.);
#2789=ORIENTED_EDGE('',*,*,#3687,.T.);
#2790=ORIENTED_EDGE('',*,*,#3611,.F.);
#2791=ORIENTED_EDGE('',*,*,#3688,.T.);
#2792=ORIENTED_EDGE('',*,*,#3246,.F.);
#2793=ORIENTED_EDGE('',*,*,#3614,.F.);
#2794=ORIENTED_EDGE('',*,*,#3123,.F.);
#2795=ORIENTED_EDGE('',*,*,#3689,.F.);
#2796=ORIENTED_EDGE('',*,*,#3600,.F.);
#2797=ORIENTED_EDGE('',*,*,#3690,.F.);
#2798=ORIENTED_EDGE('',*,*,#3192,.F.);
#2799=ORIENTED_EDGE('',*,*,#3690,.T.);
#2800=ORIENTED_EDGE('',*,*,#3599,.F.);
#2801=ORIENTED_EDGE('',*,*,#3691,.F.);
#2802=ORIENTED_EDGE('',*,*,#3195,.F.);
#2803=ORIENTED_EDGE('',*,*,#3689,.T.);
#2804=ORIENTED_EDGE('',*,*,#3200,.F.);
#2805=ORIENTED_EDGE('',*,*,#3692,.F.);
#2806=ORIENTED_EDGE('',*,*,#3597,.F.);
#2807=ORIENTED_EDGE('',*,*,#3691,.T.);
#2808=ORIENTED_EDGE('',*,*,#3598,.F.);
#2809=ORIENTED_EDGE('',*,*,#3692,.T.);
#2810=ORIENTED_EDGE('',*,*,#3198,.F.);
#2811=ORIENTED_EDGE('',*,*,#3693,.F.);
#2812=ORIENTED_EDGE('',*,*,#3604,.F.);
#2813=ORIENTED_EDGE('',*,*,#3694,.F.);
#2814=ORIENTED_EDGE('',*,*,#3204,.F.);
#2815=ORIENTED_EDGE('',*,*,#3694,.T.);
#2816=ORIENTED_EDGE('',*,*,#3603,.F.);
#2817=ORIENTED_EDGE('',*,*,#3695,.F.);
#2818=ORIENTED_EDGE('',*,*,#3207,.F.);
#2819=ORIENTED_EDGE('',*,*,#3693,.T.);
#2820=ORIENTED_EDGE('',*,*,#3212,.F.);
#2821=ORIENTED_EDGE('',*,*,#3696,.F.);
#2822=ORIENTED_EDGE('',*,*,#3601,.F.);
#2823=ORIENTED_EDGE('',*,*,#3695,.T.);
#2824=ORIENTED_EDGE('',*,*,#3602,.F.);
#2825=ORIENTED_EDGE('',*,*,#3696,.T.);
#2826=ORIENTED_EDGE('',*,*,#3210,.F.);
#2827=ORIENTED_EDGE('',*,*,#3605,.F.);
#2828=ORIENTED_EDGE('',*,*,#3124,.F.);
#2829=ORIENTED_EDGE('',*,*,#3697,.F.);
#2830=ORIENTED_EDGE('',*,*,#3618,.F.);
#2831=ORIENTED_EDGE('',*,*,#3698,.F.);
#2832=ORIENTED_EDGE('',*,*,#3252,.F.);
#2833=ORIENTED_EDGE('',*,*,#3698,.T.);
#2834=ORIENTED_EDGE('',*,*,#3617,.F.);
#2835=ORIENTED_EDGE('',*,*,#3699,.F.);
#2836=ORIENTED_EDGE('',*,*,#3255,.F.);
#2837=ORIENTED_EDGE('',*,*,#3697,.T.);
#2838=ORIENTED_EDGE('',*,*,#3260,.F.);
#2839=ORIENTED_EDGE('',*,*,#3700,.F.);
#2840=ORIENTED_EDGE('',*,*,#3615,.F.);
#2841=ORIENTED_EDGE('',*,*,#3699,.T.);
#2842=ORIENTED_EDGE('',*,*,#3616,.F.);
#2843=ORIENTED_EDGE('',*,*,#3700,.T.);
#2844=ORIENTED_EDGE('',*,*,#3258,.F.);
#2845=ORIENTED_EDGE('',*,*,#3701,.F.);
#2846=ORIENTED_EDGE('',*,*,#3622,.F.);
#2847=ORIENTED_EDGE('',*,*,#3702,.F.);
#2848=ORIENTED_EDGE('',*,*,#3180,.F.);
#2849=ORIENTED_EDGE('',*,*,#3702,.T.);
#2850=ORIENTED_EDGE('',*,*,#3621,.F.);
#2851=ORIENTED_EDGE('',*,*,#3703,.F.);
#2852=ORIENTED_EDGE('',*,*,#3183,.F.);
#2853=ORIENTED_EDGE('',*,*,#3701,.T.);
#2854=ORIENTED_EDGE('',*,*,#3188,.F.);
#2855=ORIENTED_EDGE('',*,*,#3704,.F.);
#2856=ORIENTED_EDGE('',*,*,#3619,.F.);
#2857=ORIENTED_EDGE('',*,*,#3703,.T.);
#2858=ORIENTED_EDGE('',*,*,#3620,.F.);
#2859=ORIENTED_EDGE('',*,*,#3704,.T.);
#2860=ORIENTED_EDGE('',*,*,#3186,.F.);
#2861=ORIENTED_EDGE('',*,*,#3623,.F.);
#2862=ORIENTED_EDGE('',*,*,#3122,.F.);
#2863=ORIENTED_EDGE('',*,*,#3705,.F.);
#2864=ORIENTED_EDGE('',*,*,#3627,.F.);
#2865=ORIENTED_EDGE('',*,*,#3706,.F.);
#2866=ORIENTED_EDGE('',*,*,#3168,.F.);
#2867=ORIENTED_EDGE('',*,*,#3706,.T.);
#2868=ORIENTED_EDGE('',*,*,#3626,.F.);
#2869=ORIENTED_EDGE('',*,*,#3707,.F.);
#2870=ORIENTED_EDGE('',*,*,#3171,.F.);
#2871=ORIENTED_EDGE('',*,*,#3705,.T.);
#2872=ORIENTED_EDGE('',*,*,#3176,.F.);
#2873=ORIENTED_EDGE('',*,*,#3708,.F.);
#2874=ORIENTED_EDGE('',*,*,#3624,.F.);
#2875=ORIENTED_EDGE('',*,*,#3707,.T.);
#2876=ORIENTED_EDGE('',*,*,#3625,.F.);
#2877=ORIENTED_EDGE('',*,*,#3708,.T.);
#2878=ORIENTED_EDGE('',*,*,#3174,.F.);
#2879=ORIENTED_EDGE('',*,*,#3709,.F.);
#2880=ORIENTED_EDGE('',*,*,#3631,.F.);
#2881=ORIENTED_EDGE('',*,*,#3710,.F.);
#2882=ORIENTED_EDGE('',*,*,#3216,.F.);
#2883=ORIENTED_EDGE('',*,*,#3710,.T.);
#2884=ORIENTED_EDGE('',*,*,#3630,.F.);
#2885=ORIENTED_EDGE('',*,*,#3711,.F.);
#2886=ORIENTED_EDGE('',*,*,#3219,.F.);
#2887=ORIENTED_EDGE('',*,*,#3709,.T.);
#2888=ORIENTED_EDGE('',*,*,#3224,.F.);
#2889=ORIENTED_EDGE('',*,*,#3712,.F.);
#2890=ORIENTED_EDGE('',*,*,#3628,.F.);
#2891=ORIENTED_EDGE('',*,*,#3711,.T.);
#2892=ORIENTED_EDGE('',*,*,#3629,.F.);
#2893=ORIENTED_EDGE('',*,*,#3712,.T.);
#2894=ORIENTED_EDGE('',*,*,#3222,.F.);
#2895=ORIENTED_EDGE('',*,*,#3632,.F.);
#2896=ORIENTED_EDGE('',*,*,#3121,.F.);
#2897=EDGE_CURVE('',#3713,#3714,#4227,.F.);
#2898=EDGE_CURVE('',#3714,#3715,#295,.T.);
#2899=EDGE_CURVE('',#3715,#3716,#4228,.F.);
#2900=EDGE_CURVE('',#3716,#3713,#296,.F.);
#2901=EDGE_CURVE('',#3717,#3718,#297,.F.);
#2902=EDGE_CURVE('',#3718,#3719,#4229,.F.);
#2903=EDGE_CURVE('',#3719,#3720,#298,.T.);
#2904=EDGE_CURVE('',#3720,#3717,#4230,.F.);
#2905=EDGE_CURVE('',#3721,#3722,#299,.T.);
#2906=EDGE_CURVE('',#3723,#3721,#300,.T.);
#2907=EDGE_CURVE('',#3724,#3723,#301,.T.);
#2908=EDGE_CURVE('',#3725,#3724,#302,.T.);
#2909=EDGE_CURVE('',#3726,#3725,#303,.T.);
#2910=EDGE_CURVE('',#3727,#3726,#304,.T.);
#2911=EDGE_CURVE('',#3728,#3727,#305,.T.);
#2912=EDGE_CURVE('',#3729,#3728,#306,.T.);
#2913=EDGE_CURVE('',#3730,#3729,#307,.T.);
#2914=EDGE_CURVE('',#3731,#3730,#308,.T.);
#2915=EDGE_CURVE('',#3722,#3731,#309,.T.);
#2916=EDGE_CURVE('',#3732,#3732,#4231,.T.);
#2917=EDGE_CURVE('',#3733,#3734,#310,.F.);
#2918=EDGE_CURVE('',#3734,#3735,#4232,.F.);
#2919=EDGE_CURVE('',#3735,#3736,#311,.T.);
#2920=EDGE_CURVE('',#3736,#3733,#4233,.F.);
#2921=EDGE_CURVE('',#3737,#3738,#312,.F.);
#2922=EDGE_CURVE('',#3738,#3739,#4234,.F.);
#2923=EDGE_CURVE('',#3739,#3740,#313,.T.);
#2924=EDGE_CURVE('',#3740,#3737,#4235,.F.);
#2925=EDGE_CURVE('',#3741,#3742,#314,.T.);
#2926=EDGE_CURVE('',#3743,#3741,#209,.T.);
#2927=EDGE_CURVE('',#3744,#3743,#210,.T.);
#2928=EDGE_CURVE('',#3745,#3744,#211,.T.);
#2929=EDGE_CURVE('',#3746,#3745,#315,.T.);
#2930=EDGE_CURVE('',#3747,#3746,#212,.T.);
#2931=EDGE_CURVE('',#3748,#3747,#213,.T.);
#2932=EDGE_CURVE('',#3749,#3748,#214,.T.);
#2933=EDGE_CURVE('',#3750,#3749,#215,.T.);
#2934=EDGE_CURVE('',#3751,#3750,#316,.T.);
#2935=EDGE_CURVE('',#3752,#3751,#317,.T.);
#2936=EDGE_CURVE('',#3742,#3752,#318,.T.);
#2937=EDGE_CURVE('',#3753,#3753,#4236,.T.);
#2938=EDGE_CURVE('',#3754,#3755,#319,.F.);
#2939=EDGE_CURVE('',#3755,#3756,#4237,.F.);
#2940=EDGE_CURVE('',#3756,#3757,#320,.T.);
#2941=EDGE_CURVE('',#3757,#3754,#4238,.F.);
#2942=EDGE_CURVE('',#3758,#3759,#4239,.F.);
#2943=EDGE_CURVE('',#3759,#3760,#321,.F.);
#2944=EDGE_CURVE('',#3760,#3761,#4240,.F.);
#2945=EDGE_CURVE('',#3761,#3758,#322,.T.);
#2946=EDGE_CURVE('',#3762,#3763,#216,.T.);
#2947=EDGE_CURVE('',#3764,#3762,#323,.T.);
#2948=EDGE_CURVE('',#3765,#3764,#217,.T.);
#2949=EDGE_CURVE('',#3766,#3765,#218,.T.);
#2950=EDGE_CURVE('',#3767,#3766,#219,.T.);
#2951=EDGE_CURVE('',#3768,#3767,#324,.T.);
#2952=EDGE_CURVE('',#3769,#3768,#220,.T.);
#2953=EDGE_CURVE('',#3770,#3769,#221,.T.);
#2954=EDGE_CURVE('',#3771,#3770,#222,.T.);
#2955=EDGE_CURVE('',#3772,#3771,#325,.T.);
#2956=EDGE_CURVE('',#3773,#3772,#223,.T.);
#2957=EDGE_CURVE('',#3774,#3773,#224,.T.);
#2958=EDGE_CURVE('',#3775,#3774,#225,.T.);
#2959=EDGE_CURVE('',#3776,#3775,#326,.T.);
#2960=EDGE_CURVE('',#3777,#3776,#226,.T.);
#2961=EDGE_CURVE('',#3763,#3777,#227,.T.);
#2962=EDGE_CURVE('',#3778,#3778,#4241,.T.);
#2963=EDGE_CURVE('',#3779,#3780,#327,.F.);
#2964=EDGE_CURVE('',#3780,#3781,#4242,.F.);
#2965=EDGE_CURVE('',#3781,#3782,#328,.T.);
#2966=EDGE_CURVE('',#3782,#3779,#4243,.F.);
#2967=EDGE_CURVE('',#3783,#3784,#329,.F.);
#2968=EDGE_CURVE('',#3784,#3785,#4244,.F.);
#2969=EDGE_CURVE('',#3785,#3786,#330,.T.);
#2970=EDGE_CURVE('',#3786,#3783,#4245,.F.);
#2971=EDGE_CURVE('',#3787,#3787,#4246,.T.);
#2972=EDGE_CURVE('',#3788,#3788,#4247,.T.);
#2973=EDGE_CURVE('',#3789,#3789,#4248,.T.);
#2974=EDGE_CURVE('',#3790,#3790,#4249,.T.);
#2975=EDGE_CURVE('',#3791,#3792,#4250,.T.);
#2976=EDGE_CURVE('',#3792,#3793,#331,.T.);
#2977=EDGE_CURVE('',#3793,#3794,#4251,.T.);
#2978=EDGE_CURVE('',#3794,#3795,#332,.T.);
#2979=EDGE_CURVE('',#3795,#3796,#4252,.T.);
#2980=EDGE_CURVE('',#3796,#3797,#333,.T.);
#2981=EDGE_CURVE('',#3797,#3798,#4253,.F.);
#2982=EDGE_CURVE('',#3798,#3799,#334,.T.);
#2983=EDGE_CURVE('',#3799,#3800,#4254,.F.);
#2984=EDGE_CURVE('',#3800,#3801,#335,.T.);
#2985=EDGE_CURVE('',#3801,#3802,#4255,.T.);
#2986=EDGE_CURVE('',#3802,#3803,#336,.T.);
#2987=EDGE_CURVE('',#3803,#3804,#4256,.T.);
#2988=EDGE_CURVE('',#3804,#3805,#337,.T.);
#2989=EDGE_CURVE('',#3805,#3806,#4257,.T.);
#2990=EDGE_CURVE('',#3806,#3807,#338,.T.);
#2991=EDGE_CURVE('',#3807,#3808,#4258,.T.);
#2992=EDGE_CURVE('',#3808,#3809,#339,.T.);
#2993=EDGE_CURVE('',#3809,#3810,#340,.T.);
#2994=EDGE_CURVE('',#3810,#3811,#4259,.F.);
#2995=EDGE_CURVE('',#3811,#3812,#341,.T.);
#2996=EDGE_CURVE('',#3812,#3813,#4260,.T.);
#2997=EDGE_CURVE('',#3813,#3791,#342,.T.);
#2998=EDGE_CURVE('',#3814,#3814,#4261,.T.);
#2999=EDGE_CURVE('',#3815,#3815,#4262,.T.);
#3000=EDGE_CURVE('',#3816,#3816,#4263,.T.);
#3001=EDGE_CURVE('',#3817,#3817,#4264,.T.);
#3002=EDGE_CURVE('',#3818,#3819,#4265,.F.);
#3003=EDGE_CURVE('',#3819,#3820,#343,.F.);
#3004=EDGE_CURVE('',#3820,#3821,#4266,.F.);
#3005=EDGE_CURVE('',#3821,#3818,#344,.T.);
#3006=EDGE_CURVE('',#3822,#3823,#345,.F.);
#3007=EDGE_CURVE('',#3823,#3824,#4267,.F.);
#3008=EDGE_CURVE('',#3824,#3825,#346,.T.);
#3009=EDGE_CURVE('',#3825,#3822,#4268,.F.);
#3010=EDGE_CURVE('',#3826,#3827,#347,.T.);
#3011=EDGE_CURVE('',#3828,#3826,#348,.T.);
#3012=EDGE_CURVE('',#3829,#3828,#349,.T.);
#3013=EDGE_CURVE('',#3830,#3829,#350,.T.);
#3014=EDGE_CURVE('',#3831,#3830,#351,.T.);
#3015=EDGE_CURVE('',#3832,#3831,#228,.T.);
#3016=EDGE_CURVE('',#3833,#3832,#352,.T.);
#3017=EDGE_CURVE('',#3834,#3833,#353,.T.);
#3018=EDGE_CURVE('',#3835,#3834,#354,.T.);
#3019=EDGE_CURVE('',#3836,#3835,#355,.T.);
#3020=EDGE_CURVE('',#3827,#3836,#356,.T.);
#3021=EDGE_CURVE('',#3837,#3837,#4269,.T.);
#3022=EDGE_CURVE('',#3838,#3839,#4270,.T.);
#3023=EDGE_CURVE('',#3839,#3840,#357,.F.);
#3024=EDGE_CURVE('',#3840,#3841,#4271,.T.);
#3025=EDGE_CURVE('',#3841,#3838,#358,.T.);
#3026=EDGE_CURVE('',#3842,#3843,#359,.F.);
#3027=EDGE_CURVE('',#3843,#3844,#4272,.T.);
#3028=EDGE_CURVE('',#3844,#3845,#360,.T.);
#3029=EDGE_CURVE('',#3845,#3842,#4273,.T.);
#3030=EDGE_CURVE('',#3846,#3847,#361,.T.);
#3031=EDGE_CURVE('',#3847,#3848,#362,.T.);
#3032=EDGE_CURVE('',#3848,#3849,#363,.T.);
#3033=EDGE_CURVE('',#3849,#3850,#364,.T.);
#3034=EDGE_CURVE('',#3850,#3851,#365,.T.);
#3035=EDGE_CURVE('',#3851,#3852,#366,.T.);
#3036=EDGE_CURVE('',#3852,#3853,#229,.F.);
#3037=EDGE_CURVE('',#3853,#3854,#367,.T.);
#3038=EDGE_CURVE('',#3854,#3855,#368,.T.);
#3039=EDGE_CURVE('',#3855,#3856,#369,.T.);
#3040=EDGE_CURVE('',#3856,#3846,#370,.T.);
#3041=EDGE_CURVE('',#3857,#3858,#371,.T.);
#3042=EDGE_CURVE('',#3858,#3859,#372,.T.);
#3043=EDGE_CURVE('',#3859,#3860,#230,.F.);
#3044=EDGE_CURVE('',#3860,#3861,#231,.F.);
#3045=EDGE_CURVE('',#3861,#3862,#232,.F.);
#3046=EDGE_CURVE('',#3862,#3863,#373,.T.);
#3047=EDGE_CURVE('',#3863,#3864,#233,.F.);
#3048=EDGE_CURVE('',#3864,#3865,#234,.F.);
#3049=EDGE_CURVE('',#3865,#3866,#235,.F.);
#3050=EDGE_CURVE('',#3866,#3867,#236,.F.);
#3051=EDGE_CURVE('',#3867,#3868,#374,.T.);
#3052=EDGE_CURVE('',#3868,#3857,#375,.T.);
#3053=EDGE_CURVE('',#3869,#3870,#4274,.T.);
#3054=EDGE_CURVE('',#3870,#3871,#237,.F.);
#3055=EDGE_CURVE('',#3871,#3872,#238,.F.);
#3056=EDGE_CURVE('',#3872,#3873,#376,.T.);
#3057=EDGE_CURVE('',#3873,#3874,#239,.F.);
#3058=EDGE_CURVE('',#3874,#3875,#240,.F.);
#3059=EDGE_CURVE('',#3875,#3876,#241,.F.);
#3060=EDGE_CURVE('',#3876,#3877,#377,.T.);
#3061=EDGE_CURVE('',#3877,#3878,#242,.F.);
#3062=EDGE_CURVE('',#3878,#3879,#243,.F.);
#3063=EDGE_CURVE('',#3879,#3880,#244,.F.);
#3064=EDGE_CURVE('',#3880,#3881,#378,.T.);
#3065=EDGE_CURVE('',#3881,#3882,#245,.F.);
#3066=EDGE_CURVE('',#3882,#3883,#246,.F.);
#3067=EDGE_CURVE('',#3883,#3884,#247,.F.);
#3068=EDGE_CURVE('',#3884,#3885,#379,.T.);
#3069=EDGE_CURVE('',#3885,#3886,#248,.F.);
#3070=EDGE_CURVE('',#3886,#3887,#249,.F.);
#3071=EDGE_CURVE('',#3887,#3888,#4275,.T.);
#3072=EDGE_CURVE('',#3888,#3889,#380,.T.);
#3073=EDGE_CURVE('',#3889,#3890,#381,.T.);
#3074=EDGE_CURVE('',#3890,#3891,#4276,.F.);
#3075=EDGE_CURVE('',#3891,#3892,#382,.T.);
#3076=EDGE_CURVE('',#3892,#3893,#4277,.F.);
#3077=EDGE_CURVE('',#3893,#3894,#383,.T.);
#3078=EDGE_CURVE('',#3894,#3895,#4278,.F.);
#3079=EDGE_CURVE('',#3895,#3896,#384,.T.);
#3080=EDGE_CURVE('',#3896,#3897,#4279,.F.);
#3081=EDGE_CURVE('',#3897,#3898,#385,.T.);
#3082=EDGE_CURVE('',#3898,#3899,#4280,.T.);
#3083=EDGE_CURVE('',#3899,#3900,#386,.T.);
#3084=EDGE_CURVE('',#3900,#3901,#4281,.T.);
#3085=EDGE_CURVE('',#3901,#3902,#387,.T.);
#3086=EDGE_CURVE('',#3902,#3903,#4282,.F.);
#3087=EDGE_CURVE('',#3903,#3904,#388,.T.);
#3088=EDGE_CURVE('',#3904,#3905,#4283,.F.);
#3089=EDGE_CURVE('',#3905,#3906,#389,.T.);
#3090=EDGE_CURVE('',#3906,#3907,#4284,.F.);
#3091=EDGE_CURVE('',#3907,#3908,#390,.T.);
#3092=EDGE_CURVE('',#3908,#3909,#4285,.F.);
#3093=EDGE_CURVE('',#3909,#3869,#391,.T.);
#3094=EDGE_CURVE('',#3910,#3911,#392,.T.);
#3095=EDGE_CURVE('',#3911,#3912,#393,.T.);
#3096=EDGE_CURVE('',#3912,#3913,#394,.T.);
#3097=EDGE_CURVE('',#3913,#3914,#395,.T.);
#3098=EDGE_CURVE('',#3914,#3915,#396,.T.);
#3099=EDGE_CURVE('',#3915,#3916,#397,.T.);
#3100=EDGE_CURVE('',#3916,#3917,#398,.T.);
#3101=EDGE_CURVE('',#3917,#3918,#399,.T.);
#3102=EDGE_CURVE('',#3918,#3919,#400,.T.);
#3103=EDGE_CURVE('',#3919,#3920,#401,.T.);
#3104=EDGE_CURVE('',#3920,#3910,#402,.T.);
#3105=EDGE_CURVE('',#3921,#3921,#4286,.T.);
#3106=EDGE_CURVE('',#3922,#3922,#4287,.T.);
#3107=EDGE_CURVE('',#3923,#3923,#4288,.T.);
#3108=EDGE_CURVE('',#3924,#3924,#4289,.T.);
#3109=EDGE_CURVE('',#3925,#3925,#4290,.T.);
#3110=EDGE_CURVE('',#3926,#3926,#4291,.T.);
#3111=EDGE_CURVE('',#3927,#3927,#4292,.T.);
#3112=EDGE_CURVE('',#3928,#3928,#4293,.T.);
#3113=EDGE_CURVE('',#3929,#3930,#403,.T.);
#3114=EDGE_CURVE('',#3930,#3931,#404,.T.);
#3115=EDGE_CURVE('',#3931,#3932,#405,.F.);
#3116=EDGE_CURVE('',#3932,#3929,#406,.T.);
#3117=EDGE_CURVE('',#3933,#3934,#407,.T.);
#3118=EDGE_CURVE('',#3934,#3935,#408,.T.);
#3119=EDGE_CURVE('',#3935,#3936,#409,.F.);
#3120=EDGE_CURVE('',#3936,#3933,#410,.T.);
#3121=EDGE_CURVE('',#3937,#3937,#4294,.T.);
#3122=EDGE_CURVE('',#3938,#3938,#4295,.T.);
#3123=EDGE_CURVE('',#3939,#3939,#4296,.T.);
#3124=EDGE_CURVE('',#3940,#3940,#4297,.T.);
#3125=EDGE_CURVE('',#3941,#3942,#411,.T.);
#3126=EDGE_CURVE('',#3942,#3943,#412,.T.);
#3127=EDGE_CURVE('',#3943,#3944,#413,.F.);
#3128=EDGE_CURVE('',#3944,#3941,#414,.T.);
#3129=EDGE_CURVE('',#3945,#3946,#415,.T.);
#3130=EDGE_CURVE('',#3946,#3947,#416,.T.);
#3131=EDGE_CURVE('',#3947,#3948,#417,.F.);
#3132=EDGE_CURVE('',#3948,#3945,#418,.T.);
#3133=EDGE_CURVE('',#3949,#3950,#419,.F.);
#3134=EDGE_CURVE('',#3950,#3951,#420,.T.);
#3135=EDGE_CURVE('',#3951,#3952,#421,.T.);
#3136=EDGE_CURVE('',#3952,#3949,#422,.T.);
#3137=EDGE_CURVE('',#3953,#3954,#423,.T.);
#3138=EDGE_CURVE('',#3954,#3955,#424,.T.);
#3139=EDGE_CURVE('',#3955,#3956,#425,.F.);
#3140=EDGE_CURVE('',#3956,#3953,#426,.T.);
#3141=EDGE_CURVE('',#3957,#3958,#427,.T.);
#3142=EDGE_CURVE('',#3957,#3959,#428,.F.);
#3143=EDGE_CURVE('',#3959,#3960,#429,.T.);
#3144=EDGE_CURVE('',#3960,#3958,#430,.T.);
#3145=EDGE_CURVE('',#3961,#3962,#431,.T.);
#3146=EDGE_CURVE('',#3961,#3957,#4298,.T.);
#3147=EDGE_CURVE('',#3958,#3962,#4299,.F.);
#3148=EDGE_CURVE('',#3963,#3964,#432,.T.);
#3149=EDGE_CURVE('',#3963,#3961,#433,.T.);
#3150=EDGE_CURVE('',#3962,#3964,#434,.F.);
#3151=EDGE_CURVE('',#3959,#3963,#4300,.T.);
#3152=EDGE_CURVE('',#3964,#3960,#4301,.F.);
#3153=EDGE_CURVE('',#3965,#3966,#435,.T.);
#3154=EDGE_CURVE('',#3966,#3967,#436,.T.);
#3155=EDGE_CURVE('',#3968,#3967,#437,.T.);
#3156=EDGE_CURVE('',#3968,#3965,#438,.F.);
#3157=EDGE_CURVE('',#3967,#3969,#4302,.F.);
#3158=EDGE_CURVE('',#3970,#3969,#439,.T.);
#3159=EDGE_CURVE('',#3970,#3968,#4303,.T.);
#3160=EDGE_CURVE('',#3969,#3971,#440,.F.);
#3161=EDGE_CURVE('',#3972,#3971,#441,.T.);
#3162=EDGE_CURVE('',#3972,#3970,#442,.T.);
#3163=EDGE_CURVE('',#3971,#3966,#4304,.F.);
#3164=EDGE_CURVE('',#3965,#3972,#4305,.T.);
#3165=EDGE_CURVE('',#3973,#3974,#443,.T.);
#3166=EDGE_CURVE('',#3973,#3975,#444,.F.);
#3167=EDGE_CURVE('',#3975,#3976,#445,.T.);
#3168=EDGE_CURVE('',#3976,#3974,#446,.F.);
#3169=EDGE_CURVE('',#3977,#3978,#447,.T.);
#3170=EDGE_CURVE('',#3977,#3973,#4306,.T.);
#3171=EDGE_CURVE('',#3974,#3978,#4307,.F.);
#3172=EDGE_CURVE('',#3979,#3980,#448,.T.);
#3173=EDGE_CURVE('',#3979,#3977,#449,.T.);
#3174=EDGE_CURVE('',#3978,#3980,#450,.T.);
#3175=EDGE_CURVE('',#3975,#3979,#4308,.T.);
#3176=EDGE_CURVE('',#3980,#3976,#4309,.F.);
#3177=EDGE_CURVE('',#3981,#3982,#451,.T.);
#3178=EDGE_CURVE('',#3981,#3983,#452,.F.);
#3179=EDGE_CURVE('',#3983,#3984,#453,.T.);
#3180=EDGE_CURVE('',#3984,#3982,#454,.F.);
#3181=EDGE_CURVE('',#3985,#3986,#455,.T.);
#3182=EDGE_CURVE('',#3985,#3981,#4310,.T.);
#3183=EDGE_CURVE('',#3982,#3986,#4311,.F.);
#3184=EDGE_CURVE('',#3987,#3988,#456,.T.);
#3185=EDGE_CURVE('',#3987,#3985,#457,.T.);
#3186=EDGE_CURVE('',#3986,#3988,#458,.T.);
#3187=EDGE_CURVE('',#3983,#3987,#4312,.T.);
#3188=EDGE_CURVE('',#3988,#3984,#4313,.F.);
#3189=EDGE_CURVE('',#3989,#3990,#459,.T.);
#3190=EDGE_CURVE('',#3989,#3991,#460,.F.);
#3191=EDGE_CURVE('',#3991,#3992,#461,.T.);
#3192=EDGE_CURVE('',#3992,#3990,#462,.F.);
#3193=EDGE_CURVE('',#3993,#3994,#463,.T.);
#3194=EDGE_CURVE('',#3993,#3989,#4314,.T.);
#3195=EDGE_CURVE('',#3990,#3994,#4315,.F.);
#3196=EDGE_CURVE('',#3995,#3996,#464,.T.);
#3197=EDGE_CURVE('',#3995,#3993,#465,.T.);
#3198=EDGE_CURVE('',#3994,#3996,#466,.T.);
#3199=EDGE_CURVE('',#3991,#3995,#4316,.T.);
#3200=EDGE_CURVE('',#3996,#3992,#4317,.F.);
#3201=EDGE_CURVE('',#3997,#3998,#467,.T.);
#3202=EDGE_CURVE('',#3997,#3999,#468,.F.);
#3203=EDGE_CURVE('',#3999,#4000,#469,.T.);
#3204=EDGE_CURVE('',#4000,#3998,#470,.F.);
#3205=EDGE_CURVE('',#4001,#4002,#471,.T.);
#3206=EDGE_CURVE('',#4001,#3997,#4318,.T.);
#3207=EDGE_CURVE('',#3998,#4002,#4319,.F.);
#3208=EDGE_CURVE('',#4003,#4004,#472,.T.);
#3209=EDGE_CURVE('',#4003,#4001,#473,.T.);
#3210=EDGE_CURVE('',#4002,#4004,#474,.T.);
#3211=EDGE_CURVE('',#3999,#4003,#4320,.T.);
#3212=EDGE_CURVE('',#4004,#4000,#4321,.F.);
#3213=EDGE_CURVE('',#4005,#4006,#475,.T.);
#3214=EDGE_CURVE('',#4005,#4007,#476,.F.);
#3215=EDGE_CURVE('',#4007,#4008,#477,.T.);
#3216=EDGE_CURVE('',#4008,#4006,#478,.F.);
#3217=EDGE_CURVE('',#4009,#4010,#479,.T.);
#3218=EDGE_CURVE('',#4009,#4005,#4322,.T.);
#3219=EDGE_CURVE('',#4006,#4010,#4323,.F.);
#3220=EDGE_CURVE('',#4011,#4012,#480,.T.);
#3221=EDGE_CURVE('',#4011,#4009,#481,.T.);
#3222=EDGE_CURVE('',#4010,#4012,#482,.T.);
#3223=EDGE_CURVE('',#4007,#4011,#4324,.T.);
#3224=EDGE_CURVE('',#4012,#4008,#4325,.F.);
#3225=EDGE_CURVE('',#4013,#4014,#483,.T.);
#3226=EDGE_CURVE('',#4013,#4015,#484,.F.);
#3227=EDGE_CURVE('',#4015,#4016,#485,.T.);
#3228=EDGE_CURVE('',#4016,#4014,#486,.F.);
#3229=EDGE_CURVE('',#4017,#4018,#487,.T.);
#3230=EDGE_CURVE('',#4017,#4013,#4326,.T.);
#3231=EDGE_CURVE('',#4014,#4018,#4327,.F.);
#3232=EDGE_CURVE('',#4019,#4020,#488,.T.);
#3233=EDGE_CURVE('',#4019,#4017,#489,.T.);
#3234=EDGE_CURVE('',#4018,#4020,#490,.T.);
#3235=EDGE_CURVE('',#4015,#4019,#4328,.T.);
#3236=EDGE_CURVE('',#4020,#4016,#4329,.F.);
#3237=EDGE_CURVE('',#4021,#4022,#491,.T.);
#3238=EDGE_CURVE('',#4021,#4023,#492,.F.);
#3239=EDGE_CURVE('',#4023,#4024,#493,.T.);
#3240=EDGE_CURVE('',#4024,#4022,#494,.F.);
#3241=EDGE_CURVE('',#4025,#4026,#495,.T.);
#3242=EDGE_CURVE('',#4025,#4021,#4330,.T.);
#3243=EDGE_CURVE('',#4022,#4026,#4331,.F.);
#3244=EDGE_CURVE('',#4027,#4028,#496,.T.);
#3245=EDGE_CURVE('',#4027,#4025,#497,.T.);
#3246=EDGE_CURVE('',#4026,#4028,#498,.T.);
#3247=EDGE_CURVE('',#4023,#4027,#4332,.T.);
#3248=EDGE_CURVE('',#4028,#4024,#4333,.F.);
#3249=EDGE_CURVE('',#4029,#4030,#499,.T.);
#3250=EDGE_CURVE('',#4029,#4031,#500,.F.);
#3251=EDGE_CURVE('',#4031,#4032,#501,.T.);
#3252=EDGE_CURVE('',#4032,#4030,#502,.F.);
#3253=EDGE_CURVE('',#4033,#4034,#503,.T.);
#3254=EDGE_CURVE('',#4033,#4029,#4334,.T.);
#3255=EDGE_CURVE('',#4030,#4034,#4335,.F.);
#3256=EDGE_CURVE('',#4035,#4036,#504,.T.);
#3257=EDGE_CURVE('',#4035,#4033,#505,.T.);
#3258=EDGE_CURVE('',#4034,#4036,#506,.T.);
#3259=EDGE_CURVE('',#4031,#4035,#4336,.T.);
#3260=EDGE_CURVE('',#4036,#4032,#4337,.F.);
#3261=EDGE_CURVE('',#3935,#3942,#4338,.T.);
#3262=EDGE_CURVE('',#3941,#3936,#4339,.F.);
#3263=EDGE_CURVE('',#3949,#3954,#4340,.T.);
#3264=EDGE_CURVE('',#3953,#3950,#4341,.F.);
#3265=EDGE_CURVE('',#3947,#3952,#4342,.T.);
#3266=EDGE_CURVE('',#3951,#3948,#4343,.F.);
#3267=EDGE_CURVE('',#3943,#3930,#4344,.T.);
#3268=EDGE_CURVE('',#3929,#3944,#4345,.F.);
#3269=EDGE_CURVE('',#4037,#4038,#507,.T.);
#3270=EDGE_CURVE('',#4038,#4039,#508,.T.);
#3271=EDGE_CURVE('',#4039,#4040,#509,.F.);
#3272=EDGE_CURVE('',#4040,#4037,#510,.T.);
#3273=EDGE_CURVE('',#4041,#4042,#511,.T.);
#3274=EDGE_CURVE('',#4042,#4043,#512,.T.);
#3275=EDGE_CURVE('',#4043,#4044,#513,.F.);
#3276=EDGE_CURVE('',#4044,#4041,#514,.T.);
#3277=EDGE_CURVE('',#4045,#4046,#515,.T.);
#3278=EDGE_CURVE('',#4046,#4038,#516,.T.);
#3279=EDGE_CURVE('',#4037,#4045,#517,.T.);
#3280=EDGE_CURVE('',#4047,#4048,#518,.T.);
#3281=EDGE_CURVE('',#4048,#4049,#519,.T.);
#3282=EDGE_CURVE('',#4049,#4050,#520,.F.);
#3283=EDGE_CURVE('',#4050,#4047,#521,.T.);
#3284=EDGE_CURVE('',#4051,#4052,#522,.T.);
#3285=EDGE_CURVE('',#4052,#4053,#523,.T.);
#3286=EDGE_CURVE('',#4053,#4054,#524,.F.);
#3287=EDGE_CURVE('',#4054,#4051,#525,.T.);
#3288=EDGE_CURVE('',#4055,#4056,#526,.T.);
#3289=EDGE_CURVE('',#4056,#4057,#527,.T.);
#3290=EDGE_CURVE('',#4057,#4058,#528,.F.);
#3291=EDGE_CURVE('',#4058,#4055,#529,.T.);
#3292=EDGE_CURVE('',#4053,#4048,#4346,.F.);
#3293=EDGE_CURVE('',#4047,#4054,#4347,.T.);
#3294=EDGE_CURVE('',#4049,#3934,#4348,.T.);
#3295=EDGE_CURVE('',#3933,#4050,#4349,.F.);
#3296=EDGE_CURVE('',#4057,#4052,#4350,.F.);
#3297=EDGE_CURVE('',#4051,#4058,#4351,.T.);
#3298=EDGE_CURVE('',#3955,#4056,#4352,.T.);
#3299=EDGE_CURVE('',#4055,#3956,#4353,.F.);
#3300=EDGE_CURVE('',#4039,#4042,#4354,.F.);
#3301=EDGE_CURVE('',#4041,#4040,#4355,.T.);
#3302=EDGE_CURVE('',#4043,#3946,#4356,.T.);
#3303=EDGE_CURVE('',#3945,#4044,#4357,.F.);
#3304=EDGE_CURVE('',#3931,#4046,#4358,.T.);
#3305=EDGE_CURVE('',#4045,#3932,#4359,.F.);
#3306=EDGE_CURVE('',#3805,#3944,#530,.T.);
#3307=EDGE_CURVE('',#3941,#3804,#531,.T.);
#3308=EDGE_CURVE('',#3936,#3803,#532,.T.);
#3309=EDGE_CURVE('',#3806,#3929,#533,.T.);
#3310=EDGE_CURVE('',#3933,#3802,#534,.T.);
#3311=EDGE_CURVE('',#3807,#3932,#535,.T.);
#3312=EDGE_CURVE('',#4050,#3801,#536,.T.);
#3313=EDGE_CURVE('',#3808,#4045,#537,.T.);
#3314=EDGE_CURVE('',#4047,#3800,#538,.T.);
#3315=EDGE_CURVE('',#3809,#4037,#539,.F.);
#3316=EDGE_CURVE('',#4054,#3799,#540,.T.);
#3317=EDGE_CURVE('',#3810,#4040,#541,.T.);
#3318=EDGE_CURVE('',#4051,#3798,#542,.T.);
#3319=EDGE_CURVE('',#3811,#4041,#543,.T.);
#3320=EDGE_CURVE('',#4058,#3797,#544,.T.);
#3321=EDGE_CURVE('',#3812,#4044,#545,.T.);
#3322=EDGE_CURVE('',#4055,#3796,#546,.T.);
#3323=EDGE_CURVE('',#3813,#3945,#547,.T.);
#3324=EDGE_CURVE('',#3956,#3795,#548,.T.);
#3325=EDGE_CURVE('',#3791,#3948,#549,.T.);
#3326=EDGE_CURVE('',#3953,#3794,#550,.T.);
#3327=EDGE_CURVE('',#3792,#3951,#551,.T.);
#3328=EDGE_CURVE('',#3950,#3793,#552,.T.);
#3329=EDGE_CURVE('',#3943,#3893,#553,.T.);
#3330=EDGE_CURVE('',#3894,#3942,#554,.T.);
#3331=EDGE_CURVE('',#3895,#3935,#555,.T.);
#3332=EDGE_CURVE('',#3930,#3892,#556,.T.);
#3333=EDGE_CURVE('',#3896,#3934,#557,.T.);
#3334=EDGE_CURVE('',#3931,#3891,#558,.T.);
#3335=EDGE_CURVE('',#3897,#4049,#559,.T.);
#3336=EDGE_CURVE('',#4046,#3890,#560,.T.);
#3337=EDGE_CURVE('',#3898,#4048,#561,.T.);
#3338=EDGE_CURVE('',#4038,#3889,#562,.T.);
#3339=EDGE_CURVE('',#3899,#4053,#563,.T.);
#3340=EDGE_CURVE('',#4039,#3888,#564,.T.);
#3341=EDGE_CURVE('',#3900,#4052,#565,.T.);
#3342=EDGE_CURVE('',#3870,#3887,#250,.T.);
#3343=EDGE_CURVE('',#4042,#3869,#566,.T.);
#3344=EDGE_CURVE('',#3901,#4057,#567,.T.);
#3345=EDGE_CURVE('',#4043,#3909,#568,.T.);
#3346=EDGE_CURVE('',#3902,#4056,#569,.T.);
#3347=EDGE_CURVE('',#3946,#3908,#570,.T.);
#3348=EDGE_CURVE('',#3903,#3955,#571,.T.);
#3349=EDGE_CURVE('',#3947,#3907,#572,.T.);
#3350=EDGE_CURVE('',#3904,#3954,#573,.T.);
#3351=EDGE_CURVE('',#3952,#3906,#574,.T.);
#3352=EDGE_CURVE('',#3905,#3949,#575,.T.);
#3353=EDGE_CURVE('',#4059,#3875,#576,.T.);
#3354=EDGE_CURVE('',#4060,#4059,#251,.T.);
#3355=EDGE_CURVE('',#4060,#3876,#577,.T.);
#3356=EDGE_CURVE('',#4061,#3874,#578,.T.);
#3357=EDGE_CURVE('',#4059,#4061,#252,.T.);
#3358=EDGE_CURVE('',#4062,#3873,#579,.T.);
#3359=EDGE_CURVE('',#4061,#4062,#253,.T.);
#3360=EDGE_CURVE('',#4063,#3872,#580,.T.);
#3361=EDGE_CURVE('',#4062,#4063,#581,.T.);
#3362=EDGE_CURVE('',#4064,#3871,#582,.T.);
#3363=EDGE_CURVE('',#4063,#4064,#254,.T.);
#3364=EDGE_CURVE('',#4065,#3885,#583,.T.);
#3365=EDGE_CURVE('',#4066,#4065,#255,.T.);
#3366=EDGE_CURVE('',#4066,#3886,#584,.T.);
#3367=EDGE_CURVE('',#4067,#3884,#585,.T.);
#3368=EDGE_CURVE('',#4065,#4067,#586,.T.);
#3369=EDGE_CURVE('',#4068,#3883,#587,.T.);
#3370=EDGE_CURVE('',#4067,#4068,#256,.T.);
#3371=EDGE_CURVE('',#4069,#3882,#588,.T.);
#3372=EDGE_CURVE('',#4068,#4069,#257,.T.);
#3373=EDGE_CURVE('',#4070,#3881,#589,.T.);
#3374=EDGE_CURVE('',#4069,#4070,#258,.T.);
#3375=EDGE_CURVE('',#4071,#3880,#590,.T.);
#3376=EDGE_CURVE('',#4070,#4071,#591,.T.);
#3377=EDGE_CURVE('',#4072,#3879,#592,.T.);
#3378=EDGE_CURVE('',#4071,#4072,#259,.T.);
#3379=EDGE_CURVE('',#4073,#3878,#593,.T.);
#3380=EDGE_CURVE('',#4072,#4073,#260,.T.);
#3381=EDGE_CURVE('',#4074,#3877,#594,.T.);
#3382=EDGE_CURVE('',#4073,#4074,#261,.T.);
#3383=EDGE_CURVE('',#4074,#4060,#595,.T.);
#3384=EDGE_CURVE('',#4064,#4066,#262,.T.);
#3385=EDGE_CURVE('',#4075,#4076,#596,.T.);
#3386=EDGE_CURVE('',#4077,#4075,#597,.T.);
#3387=EDGE_CURVE('',#4077,#4078,#598,.T.);
#3388=EDGE_CURVE('',#4076,#4078,#599,.T.);
#3389=EDGE_CURVE('',#4079,#4080,#600,.T.);
#3390=EDGE_CURVE('',#4075,#4079,#601,.T.);
#3391=EDGE_CURVE('',#4080,#4076,#602,.T.);
#3392=EDGE_CURVE('',#4081,#4082,#603,.T.);
#3393=EDGE_CURVE('',#4079,#4081,#4360,.T.);
#3394=EDGE_CURVE('',#4082,#4080,#4361,.F.);
#3395=EDGE_CURVE('',#4083,#4084,#604,.T.);
#3396=EDGE_CURVE('',#4081,#4083,#605,.T.);
#3397=EDGE_CURVE('',#4084,#4082,#606,.T.);
#3398=EDGE_CURVE('',#4085,#4086,#607,.T.);
#3399=EDGE_CURVE('',#4083,#4085,#263,.T.);
#3400=EDGE_CURVE('',#4086,#4084,#264,.F.);
#3401=EDGE_CURVE('',#4087,#3911,#608,.T.);
#3402=EDGE_CURVE('',#4088,#4087,#609,.T.);
#3403=EDGE_CURVE('',#4088,#3912,#610,.T.);
#3404=EDGE_CURVE('',#4089,#3910,#611,.T.);
#3405=EDGE_CURVE('',#4087,#4089,#612,.T.);
#3406=EDGE_CURVE('',#4090,#3920,#613,.T.);
#3407=EDGE_CURVE('',#4089,#4090,#614,.T.);
#3408=EDGE_CURVE('',#4091,#3919,#615,.T.);
#3409=EDGE_CURVE('',#4090,#4091,#616,.T.);
#3410=EDGE_CURVE('',#4092,#3918,#617,.T.);
#3411=EDGE_CURVE('',#4091,#4092,#618,.T.);
#3412=EDGE_CURVE('',#4093,#3917,#619,.T.);
#3413=EDGE_CURVE('',#4092,#4093,#620,.T.);
#3414=EDGE_CURVE('',#4094,#3916,#621,.T.);
#3415=EDGE_CURVE('',#4093,#4094,#622,.T.);
#3416=EDGE_CURVE('',#4095,#3915,#623,.T.);
#3417=EDGE_CURVE('',#4094,#4095,#624,.T.);
#3418=EDGE_CURVE('',#4096,#3914,#625,.T.);
#3419=EDGE_CURVE('',#4095,#4096,#626,.T.);
#3420=EDGE_CURVE('',#4097,#3913,#627,.T.);
#3421=EDGE_CURVE('',#4096,#4097,#628,.T.);
#3422=EDGE_CURVE('',#4097,#4088,#629,.T.);
#3423=EDGE_CURVE('',#4085,#4077,#630,.T.);
#3424=EDGE_CURVE('',#4078,#4086,#631,.T.);
#3425=EDGE_CURVE('',#4098,#3858,#632,.T.);
#3426=EDGE_CURVE('',#4099,#4098,#633,.T.);
#3427=EDGE_CURVE('',#4099,#3859,#634,.T.);
#3428=EDGE_CURVE('',#4100,#3857,#635,.T.);
#3429=EDGE_CURVE('',#4098,#4100,#636,.T.);
#3430=EDGE_CURVE('',#4101,#3868,#637,.T.);
#3431=EDGE_CURVE('',#4100,#4101,#638,.T.);
#3432=EDGE_CURVE('',#4102,#3867,#639,.T.);
#3433=EDGE_CURVE('',#4101,#4102,#640,.T.);
#3434=EDGE_CURVE('',#4103,#3866,#641,.T.);
#3435=EDGE_CURVE('',#4102,#4103,#265,.T.);
#3436=EDGE_CURVE('',#4104,#3865,#642,.T.);
#3437=EDGE_CURVE('',#4103,#4104,#266,.T.);
#3438=EDGE_CURVE('',#4105,#3864,#643,.T.);
#3439=EDGE_CURVE('',#4104,#4105,#267,.T.);
#3440=EDGE_CURVE('',#4106,#3863,#644,.T.);
#3441=EDGE_CURVE('',#4105,#4106,#268,.T.);
#3442=EDGE_CURVE('',#4107,#3862,#645,.T.);
#3443=EDGE_CURVE('',#4106,#4107,#646,.T.);
#3444=EDGE_CURVE('',#4108,#3861,#647,.T.);
#3445=EDGE_CURVE('',#4107,#4108,#269,.T.);
#3446=EDGE_CURVE('',#4109,#3860,#648,.T.);
#3447=EDGE_CURVE('',#4108,#4109,#270,.T.);
#3448=EDGE_CURVE('',#4109,#4099,#271,.T.);
#3449=EDGE_CURVE('',#4110,#3847,#649,.T.);
#3450=EDGE_CURVE('',#4111,#4110,#650,.T.);
#3451=EDGE_CURVE('',#4111,#3848,#651,.T.);
#3452=EDGE_CURVE('',#4112,#3846,#652,.T.);
#3453=EDGE_CURVE('',#4110,#4112,#653,.T.);
#3454=EDGE_CURVE('',#4113,#3856,#654,.T.);
#3455=EDGE_CURVE('',#4112,#4113,#655,.T.);
#3456=EDGE_CURVE('',#4114,#3855,#656,.T.);
#3457=EDGE_CURVE('',#4113,#4114,#657,.T.);
#3458=EDGE_CURVE('',#4115,#3854,#658,.T.);
#3459=EDGE_CURVE('',#4114,#4115,#659,.T.);
#3460=EDGE_CURVE('',#4116,#3853,#660,.T.);
#3461=EDGE_CURVE('',#4115,#4116,#661,.T.);
#3462=EDGE_CURVE('',#4117,#3852,#662,.T.);
#3463=EDGE_CURVE('',#4116,#4117,#272,.T.);
#3464=EDGE_CURVE('',#4118,#3851,#663,.T.);
#3465=EDGE_CURVE('',#4117,#4118,#664,.T.);
#3466=EDGE_CURVE('',#4119,#3850,#665,.T.);
#3467=EDGE_CURVE('',#4118,#4119,#666,.T.);
#3468=EDGE_CURVE('',#4120,#3849,#667,.T.);
#3469=EDGE_CURVE('',#4119,#4120,#668,.T.);
#3470=EDGE_CURVE('',#4120,#4111,#669,.T.);
#3471=EDGE_CURVE('',#4121,#3827,#670,.T.);
#3472=EDGE_CURVE('',#4122,#4121,#671,.T.);
#3473=EDGE_CURVE('',#4122,#3826,#672,.T.);
#3474=EDGE_CURVE('',#4123,#3836,#673,.T.);
#3475=EDGE_CURVE('',#4121,#4123,#674,.T.);
#3476=EDGE_CURVE('',#4124,#3835,#675,.T.);
#3477=EDGE_CURVE('',#4123,#4124,#676,.T.);
#3478=EDGE_CURVE('',#4125,#3834,#677,.T.);
#3479=EDGE_CURVE('',#4124,#4125,#678,.T.);
#3480=EDGE_CURVE('',#4126,#3833,#679,.T.);
#3481=EDGE_CURVE('',#4125,#4126,#680,.T.);
#3482=EDGE_CURVE('',#4127,#3832,#681,.T.);
#3483=EDGE_CURVE('',#4126,#4127,#682,.T.);
#3484=EDGE_CURVE('',#4128,#3831,#683,.T.);
#3485=EDGE_CURVE('',#4127,#4128,#273,.T.);
#3486=EDGE_CURVE('',#4129,#3830,#684,.T.);
#3487=EDGE_CURVE('',#4128,#4129,#685,.T.);
#3488=EDGE_CURVE('',#4130,#3829,#686,.T.);
#3489=EDGE_CURVE('',#4129,#4130,#687,.T.);
#3490=EDGE_CURVE('',#4131,#3828,#688,.T.);
#3491=EDGE_CURVE('',#4130,#4131,#689,.T.);
#3492=EDGE_CURVE('',#4131,#4122,#690,.T.);
#3493=EDGE_CURVE('',#4132,#4132,#4362,.T.);
#3494=EDGE_CURVE('',#4133,#4133,#4363,.T.);
#3495=EDGE_CURVE('',#4134,#3763,#691,.T.);
#3496=EDGE_CURVE('',#4135,#4134,#274,.T.);
#3497=EDGE_CURVE('',#4135,#3762,#692,.T.);
#3498=EDGE_CURVE('',#4136,#3777,#693,.T.);
#3499=EDGE_CURVE('',#4134,#4136,#275,.T.);
#3500=EDGE_CURVE('',#4137,#3776,#694,.T.);
#3501=EDGE_CURVE('',#4136,#4137,#276,.T.);
#3502=EDGE_CURVE('',#4138,#3775,#695,.T.);
#3503=EDGE_CURVE('',#4137,#4138,#696,.T.);
#3504=EDGE_CURVE('',#4139,#3774,#697,.T.);
#3505=EDGE_CURVE('',#4138,#4139,#277,.T.);
#3506=EDGE_CURVE('',#4140,#3773,#698,.T.);
#3507=EDGE_CURVE('',#4139,#4140,#278,.T.);
#3508=EDGE_CURVE('',#4141,#3772,#699,.T.);
#3509=EDGE_CURVE('',#4140,#4141,#279,.T.);
#3510=EDGE_CURVE('',#4142,#3771,#700,.T.);
#3511=EDGE_CURVE('',#4141,#4142,#701,.T.);
#3512=EDGE_CURVE('',#4143,#3770,#702,.T.);
#3513=EDGE_CURVE('',#4142,#4143,#280,.T.);
#3514=EDGE_CURVE('',#4144,#3769,#703,.T.);
#3515=EDGE_CURVE('',#4143,#4144,#281,.T.);
#3516=EDGE_CURVE('',#4145,#3768,#704,.T.);
#3517=EDGE_CURVE('',#4144,#4145,#282,.T.);
#3518=EDGE_CURVE('',#4146,#3767,#705,.T.);
#3519=EDGE_CURVE('',#4145,#4146,#706,.T.);
#3520=EDGE_CURVE('',#4147,#3766,#707,.T.);
#3521=EDGE_CURVE('',#4146,#4147,#283,.T.);
#3522=EDGE_CURVE('',#4148,#3765,#708,.T.);
#3523=EDGE_CURVE('',#4147,#4148,#284,.T.);
#3524=EDGE_CURVE('',#4149,#3764,#709,.T.);
#3525=EDGE_CURVE('',#4148,#4149,#285,.T.);
#3526=EDGE_CURVE('',#4149,#4135,#710,.T.);
#3527=EDGE_CURVE('',#4150,#3742,#711,.T.);
#3528=EDGE_CURVE('',#4151,#4150,#712,.T.);
#3529=EDGE_CURVE('',#4151,#3741,#713,.T.);
#3530=EDGE_CURVE('',#4152,#3752,#714,.T.);
#3531=EDGE_CURVE('',#4150,#4152,#715,.T.);
#3532=EDGE_CURVE('',#4153,#3751,#716,.T.);
#3533=EDGE_CURVE('',#4152,#4153,#717,.T.);
#3534=EDGE_CURVE('',#4154,#3750,#718,.T.);
#3535=EDGE_CURVE('',#4153,#4154,#719,.T.);
#3536=EDGE_CURVE('',#4155,#3749,#720,.T.);
#3537=EDGE_CURVE('',#4154,#4155,#286,.T.);
#3538=EDGE_CURVE('',#4156,#3748,#721,.T.);
#3539=EDGE_CURVE('',#4155,#4156,#287,.T.);
#3540=EDGE_CURVE('',#4157,#3747,#722,.T.);
#3541=EDGE_CURVE('',#4156,#4157,#288,.T.);
#3542=EDGE_CURVE('',#4158,#3746,#723,.T.);
#3543=EDGE_CURVE('',#4157,#4158,#289,.T.);
#3544=EDGE_CURVE('',#4159,#3745,#724,.T.);
#3545=EDGE_CURVE('',#4158,#4159,#725,.T.);
#3546=EDGE_CURVE('',#4160,#3744,#726,.T.);
#3547=EDGE_CURVE('',#4159,#4160,#290,.T.);
#3548=EDGE_CURVE('',#4161,#3743,#727,.T.);
#3549=EDGE_CURVE('',#4160,#4161,#291,.T.);
#3550=EDGE_CURVE('',#4161,#4151,#292,.T.);
#3551=EDGE_CURVE('',#4162,#4163,#728,.T.);
#3552=EDGE_CURVE('',#4164,#4163,#729,.T.);
#3553=EDGE_CURVE('',#4165,#4164,#730,.T.);
#3554=EDGE_CURVE('',#4165,#4162,#731,.T.);
#3555=EDGE_CURVE('',#4163,#4166,#732,.T.);
#3556=EDGE_CURVE('',#4167,#4166,#733,.T.);
#3557=EDGE_CURVE('',#4164,#4167,#734,.T.);
#3558=EDGE_CURVE('',#4166,#4168,#4364,.T.);
#3559=EDGE_CURVE('',#4169,#4168,#735,.T.);
#3560=EDGE_CURVE('',#4167,#4169,#4365,.T.);
#3561=EDGE_CURVE('',#4168,#4170,#736,.T.);
#3562=EDGE_CURVE('',#4171,#4170,#737,.T.);
#3563=EDGE_CURVE('',#4169,#4171,#738,.T.);
#3564=EDGE_CURVE('',#4170,#4172,#293,.T.);
#3565=EDGE_CURVE('',#4173,#4172,#739,.T.);
#3566=EDGE_CURVE('',#4171,#4173,#294,.T.);
#3567=EDGE_CURVE('',#4174,#3722,#740,.T.);
#3568=EDGE_CURVE('',#4175,#4174,#741,.T.);
#3569=EDGE_CURVE('',#4175,#3721,#742,.T.);
#3570=EDGE_CURVE('',#4176,#3731,#743,.T.);
#3571=EDGE_CURVE('',#4174,#4176,#744,.T.);
#3572=EDGE_CURVE('',#4177,#3730,#745,.T.);
#3573=EDGE_CURVE('',#4176,#4177,#746,.T.);
#3574=EDGE_CURVE('',#4178,#3729,#747,.T.);
#3575=EDGE_CURVE('',#4177,#4178,#748,.T.);
#3576=EDGE_CURVE('',#4179,#3728,#749,.T.);
#3577=EDGE_CURVE('',#4178,#4179,#750,.T.);
#3578=EDGE_CURVE('',#4180,#3727,#751,.T.);
#3579=EDGE_CURVE('',#4179,#4180,#752,.T.);
#3580=EDGE_CURVE('',#4181,#3726,#753,.T.);
#3581=EDGE_CURVE('',#4180,#4181,#754,.T.);
#3582=EDGE_CURVE('',#4182,#3725,#755,.T.);
#3583=EDGE_CURVE('',#4181,#4182,#756,.T.);
#3584=EDGE_CURVE('',#4183,#3724,#757,.T.);
#3585=EDGE_CURVE('',#4182,#4183,#758,.T.);
#3586=EDGE_CURVE('',#4184,#3723,#759,.T.);
#3587=EDGE_CURVE('',#4183,#4184,#760,.T.);
#3588=EDGE_CURVE('',#4184,#4175,#761,.T.);
#3589=EDGE_CURVE('',#4172,#4162,#762,.T.);
#3590=EDGE_CURVE('',#4173,#4165,#763,.T.);
#3591=EDGE_CURVE('',#4185,#4185,#4366,.T.);
#3592=EDGE_CURVE('',#4186,#4186,#4367,.T.);
#3593=EDGE_CURVE('',#4187,#4187,#4368,.T.);
#3594=EDGE_CURVE('',#4188,#4188,#4369,.T.);
#3595=EDGE_CURVE('',#4189,#4189,#4370,.T.);
#3596=EDGE_CURVE('',#4190,#4190,#4371,.T.);
#3597=EDGE_CURVE('',#4191,#4192,#4372,.T.);
#3598=EDGE_CURVE('',#4192,#4193,#764,.F.);
#3599=EDGE_CURVE('',#4193,#4194,#4373,.T.);
#3600=EDGE_CURVE('',#4194,#4191,#765,.T.);
#3601=EDGE_CURVE('',#4195,#4196,#4374,.T.);
#3602=EDGE_CURVE('',#4196,#4197,#766,.F.);
#3603=EDGE_CURVE('',#4197,#4198,#4375,.T.);
#3604=EDGE_CURVE('',#4198,#4195,#767,.T.);
#3605=EDGE_CURVE('',#4199,#4199,#4376,.F.);
#3606=EDGE_CURVE('',#4200,#4201,#4377,.T.);
#3607=EDGE_CURVE('',#4201,#4202,#768,.F.);
#3608=EDGE_CURVE('',#4202,#4203,#4378,.T.);
#3609=EDGE_CURVE('',#4203,#4200,#769,.T.);
#3610=EDGE_CURVE('',#4204,#4205,#4379,.T.);
#3611=EDGE_CURVE('',#4205,#4206,#770,.F.);
#3612=EDGE_CURVE('',#4206,#4207,#4380,.T.);
#3613=EDGE_CURVE('',#4207,#4204,#771,.T.);
#3614=EDGE_CURVE('',#4208,#4208,#4381,.F.);
#3615=EDGE_CURVE('',#4209,#4210,#4382,.T.);
#3616=EDGE_CURVE('',#4210,#4211,#772,.F.);
#3617=EDGE_CURVE('',#4211,#4212,#4383,.T.);
#3618=EDGE_CURVE('',#4212,#4209,#773,.T.);
#3619=EDGE_CURVE('',#4213,#4214,#4384,.T.);
#3620=EDGE_CURVE('',#4214,#4215,#774,.F.);
#3621=EDGE_CURVE('',#4215,#4216,#4385,.T.);
#3622=EDGE_CURVE('',#4216,#4213,#775,.T.);
#3623=EDGE_CURVE('',#4217,#4217,#4386,.F.);
#3624=EDGE_CURVE('',#4218,#4219,#4387,.T.);
#3625=EDGE_CURVE('',#4219,#4220,#776,.F.);
#3626=EDGE_CURVE('',#4220,#4221,#4388,.T.);
#3627=EDGE_CURVE('',#4221,#4218,#777,.T.);
#3628=EDGE_CURVE('',#4222,#4223,#4389,.T.);
#3629=EDGE_CURVE('',#4223,#4224,#778,.F.);
#3630=EDGE_CURVE('',#4224,#4225,#4390,.T.);
#3631=EDGE_CURVE('',#4225,#4222,#779,.T.);
#3632=EDGE_CURVE('',#4226,#4226,#4391,.F.);
#3633=EDGE_CURVE('',#4001,#3716,#4392,.T.);
#3634=EDGE_CURVE('',#3713,#4003,#4393,.T.);
#3635=EDGE_CURVE('',#3714,#3999,#4394,.T.);
#3636=EDGE_CURVE('',#3997,#3715,#4395,.T.);
#3637=EDGE_CURVE('',#3818,#4005,#4396,.T.);
#3638=EDGE_CURVE('',#4007,#3821,#4397,.T.);
#3639=EDGE_CURVE('',#4011,#3820,#4398,.T.);
#3640=EDGE_CURVE('',#3819,#4009,#4399,.T.);
#3641=EDGE_CURVE('',#3973,#3825,#4400,.T.);
#3642=EDGE_CURVE('',#3822,#3977,#4401,.T.);
#3643=EDGE_CURVE('',#3823,#3979,#4402,.T.);
#3644=EDGE_CURVE('',#3975,#3824,#4403,.T.);
#3645=EDGE_CURVE('',#3989,#3720,#4404,.T.);
#3646=EDGE_CURVE('',#3717,#3993,#4405,.T.);
#3647=EDGE_CURVE('',#3718,#3995,#4406,.T.);
#3648=EDGE_CURVE('',#3991,#3719,#4407,.T.);
#3649=EDGE_CURVE('',#4013,#3757,#4408,.T.);
#3650=EDGE_CURVE('',#3754,#4017,#4409,.T.);
#3651=EDGE_CURVE('',#3755,#4019,#4410,.T.);
#3652=EDGE_CURVE('',#4015,#3756,#4411,.T.);
#3653=EDGE_CURVE('',#3758,#4021,#4412,.T.);
#3654=EDGE_CURVE('',#4023,#3761,#4413,.T.);
#3655=EDGE_CURVE('',#4027,#3760,#4414,.T.);
#3656=EDGE_CURVE('',#3759,#4025,#4415,.T.);
#3657=EDGE_CURVE('',#4029,#3736,#4416,.T.);
#3658=EDGE_CURVE('',#3733,#4033,#4417,.T.);
#3659=EDGE_CURVE('',#3734,#4035,#4418,.T.);
#3660=EDGE_CURVE('',#4031,#3735,#4419,.T.);
#3661=EDGE_CURVE('',#3981,#3740,#4420,.T.);
#3662=EDGE_CURVE('',#3737,#3985,#4421,.T.);
#3663=EDGE_CURVE('',#3738,#3987,#4422,.T.);
#3664=EDGE_CURVE('',#3983,#3739,#4423,.T.);
#3665=EDGE_CURVE('',#3838,#3969,#4424,.T.);
#3666=EDGE_CURVE('',#3971,#3841,#4425,.T.);
#3667=EDGE_CURVE('',#3966,#3840,#4426,.T.);
#3668=EDGE_CURVE('',#3839,#3967,#4427,.T.);
#3669=EDGE_CURVE('',#3968,#3782,#4428,.T.);
#3670=EDGE_CURVE('',#3779,#3970,#4429,.T.);
#3671=EDGE_CURVE('',#3780,#3972,#4430,.T.);
#3672=EDGE_CURVE('',#3965,#3781,#4431,.T.);
#3673=EDGE_CURVE('',#3957,#3786,#4432,.T.);
#3674=EDGE_CURVE('',#3783,#3961,#4433,.T.);
#3675=EDGE_CURVE('',#3784,#3963,#4434,.T.);
#3676=EDGE_CURVE('',#3959,#3785,#4435,.T.);
#3677=EDGE_CURVE('',#3842,#3958,#4436,.T.);
#3678=EDGE_CURVE('',#3962,#3845,#4437,.T.);
#3679=EDGE_CURVE('',#3964,#3844,#4438,.T.);
#3680=EDGE_CURVE('',#3843,#3960,#4439,.T.);
#3681=EDGE_CURVE('',#4200,#4016,#4440,.T.);
#3682=EDGE_CURVE('',#4014,#4203,#4441,.T.);
#3683=EDGE_CURVE('',#4018,#4202,#4442,.T.);
#3684=EDGE_CURVE('',#4201,#4020,#4443,.T.);
#3685=EDGE_CURVE('',#4204,#4024,#4444,.T.);
#3686=EDGE_CURVE('',#4022,#4207,#4445,.T.);
#3687=EDGE_CURVE('',#4026,#4206,#4446,.T.);
#3688=EDGE_CURVE('',#4205,#4028,#4447,.T.);
#3689=EDGE_CURVE('',#4191,#3992,#4448,.T.);
#3690=EDGE_CURVE('',#3990,#4194,#4449,.T.);
#3691=EDGE_CURVE('',#3994,#4193,#4450,.T.);
#3692=EDGE_CURVE('',#4192,#3996,#4451,.T.);
#3693=EDGE_CURVE('',#4195,#4000,#4452,.T.);
#3694=EDGE_CURVE('',#3998,#4198,#4453,.T.);
#3695=EDGE_CURVE('',#4002,#4197,#4454,.T.);
#3696=EDGE_CURVE('',#4196,#4004,#4455,.T.);
#3697=EDGE_CURVE('',#4209,#4032,#4456,.T.);
#3698=EDGE_CURVE('',#4030,#4212,#4457,.T.);
#3699=EDGE_CURVE('',#4034,#4211,#4458,.T.);
#3700=EDGE_CURVE('',#4210,#4036,#4459,.T.);
#3701=EDGE_CURVE('',#4213,#3984,#4460,.T.);
#3702=EDGE_CURVE('',#3982,#4216,#4461,.T.);
#3703=EDGE_CURVE('',#3986,#4215,#4462,.T.);
#3704=EDGE_CURVE('',#4214,#3988,#4463,.T.);
#3705=EDGE_CURVE('',#4218,#3976,#4464,.T.);
#3706=EDGE_CURVE('',#3974,#4221,#4465,.T.);
#3707=EDGE_CURVE('',#3978,#4220,#4466,.T.);
#3708=EDGE_CURVE('',#4219,#3980,#4467,.T.);
#3709=EDGE_CURVE('',#4222,#4008,#4468,.T.);
#3710=EDGE_CURVE('',#4006,#4225,#4469,.T.);
#3711=EDGE_CURVE('',#4010,#4224,#4470,.T.);
#3712=EDGE_CURVE('',#4223,#4012,#4471,.T.);
#3713=VERTEX_POINT('',#7940);
#3714=VERTEX_POINT('',#7941);
#3715=VERTEX_POINT('',#7943);
#3716=VERTEX_POINT('',#7945);
#3717=VERTEX_POINT('',#7948);
#3718=VERTEX_POINT('',#7949);
#3719=VERTEX_POINT('',#7951);
#3720=VERTEX_POINT('',#7953);
#3721=VERTEX_POINT('',#7956);
#3722=VERTEX_POINT('',#7957);
#3723=VERTEX_POINT('',#7959);
#3724=VERTEX_POINT('',#7961);
#3725=VERTEX_POINT('',#7963);
#3726=VERTEX_POINT('',#7965);
#3727=VERTEX_POINT('',#7967);
#3728=VERTEX_POINT('',#7969);
#3729=VERTEX_POINT('',#7971);
#3730=VERTEX_POINT('',#7973);
#3731=VERTEX_POINT('',#7975);
#3732=VERTEX_POINT('',#7978);
#3733=VERTEX_POINT('',#7981);
#3734=VERTEX_POINT('',#7982);
#3735=VERTEX_POINT('',#7984);
#3736=VERTEX_POINT('',#7986);
#3737=VERTEX_POINT('',#7989);
#3738=VERTEX_POINT('',#7990);
#3739=VERTEX_POINT('',#7992);
#3740=VERTEX_POINT('',#7994);
#3741=VERTEX_POINT('',#7997);
#3742=VERTEX_POINT('',#7998);
#3743=VERTEX_POINT('',#8003);
#3744=VERTEX_POINT('',#8008);
#3745=VERTEX_POINT('',#8013);
#3746=VERTEX_POINT('',#8015);
#3747=VERTEX_POINT('',#8020);
#3748=VERTEX_POINT('',#8025);
#3749=VERTEX_POINT('',#8030);
#3750=VERTEX_POINT('',#8035);
#3751=VERTEX_POINT('',#8037);
#3752=VERTEX_POINT('',#8039);
#3753=VERTEX_POINT('',#8042);
#3754=VERTEX_POINT('',#8045);
#3755=VERTEX_POINT('',#8046);
#3756=VERTEX_POINT('',#8048);
#3757=VERTEX_POINT('',#8050);
#3758=VERTEX_POINT('',#8053);
#3759=VERTEX_POINT('',#8054);
#3760=VERTEX_POINT('',#8056);
#3761=VERTEX_POINT('',#8058);
#3762=VERTEX_POINT('',#8064);
#3763=VERTEX_POINT('',#8065);
#3764=VERTEX_POINT('',#8067);
#3765=VERTEX_POINT('',#8072);
#3766=VERTEX_POINT('',#8077);
#3767=VERTEX_POINT('',#8082);
#3768=VERTEX_POINT('',#8084);
#3769=VERTEX_POINT('',#8089);
#3770=VERTEX_POINT('',#8094);
#3771=VERTEX_POINT('',#8099);
#3772=VERTEX_POINT('',#8101);
#3773=VERTEX_POINT('',#8106);
#3774=VERTEX_POINT('',#8111);
#3775=VERTEX_POINT('',#8116);
#3776=VERTEX_POINT('',#8118);
#3777=VERTEX_POINT('',#8123);
#3778=VERTEX_POINT('',#8129);
#3779=VERTEX_POINT('',#8132);
#3780=VERTEX_POINT('',#8133);
#3781=VERTEX_POINT('',#8135);
#3782=VERTEX_POINT('',#8137);
#3783=VERTEX_POINT('',#8140);
#3784=VERTEX_POINT('',#8141);
#3785=VERTEX_POINT('',#8143);
#3786=VERTEX_POINT('',#8145);
#3787=VERTEX_POINT('',#8148);
#3788=VERTEX_POINT('',#8150);
#3789=VERTEX_POINT('',#8152);
#3790=VERTEX_POINT('',#8154);
#3791=VERTEX_POINT('',#8156);
#3792=VERTEX_POINT('',#8157);
#3793=VERTEX_POINT('',#8159);
#3794=VERTEX_POINT('',#8161);
#3795=VERTEX_POINT('',#8163);
#3796=VERTEX_POINT('',#8165);
#3797=VERTEX_POINT('',#8167);
#3798=VERTEX_POINT('',#8169);
#3799=VERTEX_POINT('',#8171);
#3800=VERTEX_POINT('',#8173);
#3801=VERTEX_POINT('',#8175);
#3802=VERTEX_POINT('',#8177);
#3803=VERTEX_POINT('',#8179);
#3804=VERTEX_POINT('',#8181);
#3805=VERTEX_POINT('',#8183);
#3806=VERTEX_POINT('',#8185);
#3807=VERTEX_POINT('',#8187);
#3808=VERTEX_POINT('',#8189);
#3809=VERTEX_POINT('',#8191);
#3810=VERTEX_POINT('',#8193);
#3811=VERTEX_POINT('',#8195);
#3812=VERTEX_POINT('',#8197);
#3813=VERTEX_POINT('',#8199);
#3814=VERTEX_POINT('',#8202);
#3815=VERTEX_POINT('',#8204);
#3816=VERTEX_POINT('',#8206);
#3817=VERTEX_POINT('',#8208);
#3818=VERTEX_POINT('',#8211);
#3819=VERTEX_POINT('',#8212);
#3820=VERTEX_POINT('',#8214);
#3821=VERTEX_POINT('',#8216);
#3822=VERTEX_POINT('',#8219);
#3823=VERTEX_POINT('',#8220);
#3824=VERTEX_POINT('',#8222);
#3825=VERTEX_POINT('',#8224);
#3826=VERTEX_POINT('',#8227);
#3827=VERTEX_POINT('',#8228);
#3828=VERTEX_POINT('',#8230);
#3829=VERTEX_POINT('',#8232);
#3830=VERTEX_POINT('',#8234);
#3831=VERTEX_POINT('',#8236);
#3832=VERTEX_POINT('',#8241);
#3833=VERTEX_POINT('',#8243);
#3834=VERTEX_POINT('',#8245);
#3835=VERTEX_POINT('',#8247);
#3836=VERTEX_POINT('',#8249);
#3837=VERTEX_POINT('',#8252);
#3838=VERTEX_POINT('',#8255);
#3839=VERTEX_POINT('',#8256);
#3840=VERTEX_POINT('',#8258);
#3841=VERTEX_POINT('',#8260);
#3842=VERTEX_POINT('',#8263);
#3843=VERTEX_POINT('',#8264);
#3844=VERTEX_POINT('',#8266);
#3845=VERTEX_POINT('',#8268);
#3846=VERTEX_POINT('',#8271);
#3847=VERTEX_POINT('',#8272);
#3848=VERTEX_POINT('',#8274);
#3849=VERTEX_POINT('',#8276);
#3850=VERTEX_POINT('',#8278);
#3851=VERTEX_POINT('',#8280);
#3852=VERTEX_POINT('',#8282);
#3853=VERTEX_POINT('',#8287);
#3854=VERTEX_POINT('',#8289);
#3855=VERTEX_POINT('',#8291);
#3856=VERTEX_POINT('',#8293);
#3857=VERTEX_POINT('',#8296);
#3858=VERTEX_POINT('',#8297);
#3859=VERTEX_POINT('',#8299);
#3860=VERTEX_POINT('',#8304);
#3861=VERTEX_POINT('',#8309);
#3862=VERTEX_POINT('',#8314);
#3863=VERTEX_POINT('',#8316);
#3864=VERTEX_POINT('',#8321);
#3865=VERTEX_POINT('',#8326);
#3866=VERTEX_POINT('',#8331);
#3867=VERTEX_POINT('',#8336);
#3868=VERTEX_POINT('',#8338);
#3869=VERTEX_POINT('',#8341);
#3870=VERTEX_POINT('',#8342);
#3871=VERTEX_POINT('',#8347);
#3872=VERTEX_POINT('',#8352);
#3873=VERTEX_POINT('',#8354);
#3874=VERTEX_POINT('',#8359);
#3875=VERTEX_POINT('',#8364);
#3876=VERTEX_POINT('',#8369);
#3877=VERTEX_POINT('',#8371);
#3878=VERTEX_POINT('',#8376);
#3879=VERTEX_POINT('',#8381);
#3880=VERTEX_POINT('',#8386);
#3881=VERTEX_POINT('',#8388);
#3882=VERTEX_POINT('',#8393);
#3883=VERTEX_POINT('',#8398);
#3884=VERTEX_POINT('',#8403);
#3885=VERTEX_POINT('',#8405);
#3886=VERTEX_POINT('',#8410);
#3887=VERTEX_POINT('',#8415);
#3888=VERTEX_POINT('',#8417);
#3889=VERTEX_POINT('',#8419);
#3890=VERTEX_POINT('',#8421);
#3891=VERTEX_POINT('',#8423);
#3892=VERTEX_POINT('',#8425);
#3893=VERTEX_POINT('',#8427);
#3894=VERTEX_POINT('',#8429);
#3895=VERTEX_POINT('',#8431);
#3896=VERTEX_POINT('',#8433);
#3897=VERTEX_POINT('',#8435);
#3898=VERTEX_POINT('',#8437);
#3899=VERTEX_POINT('',#8439);
#3900=VERTEX_POINT('',#8441);
#3901=VERTEX_POINT('',#8443);
#3902=VERTEX_POINT('',#8445);
#3903=VERTEX_POINT('',#8447);
#3904=VERTEX_POINT('',#8449);
#3905=VERTEX_POINT('',#8451);
#3906=VERTEX_POINT('',#8453);
#3907=VERTEX_POINT('',#8455);
#3908=VERTEX_POINT('',#8457);
#3909=VERTEX_POINT('',#8459);
#3910=VERTEX_POINT('',#8462);
#3911=VERTEX_POINT('',#8463);
#3912=VERTEX_POINT('',#8465);
#3913=VERTEX_POINT('',#8467);
#3914=VERTEX_POINT('',#8469);
#3915=VERTEX_POINT('',#8471);
#3916=VERTEX_POINT('',#8473);
#3917=VERTEX_POINT('',#8475);
#3918=VERTEX_POINT('',#8477);
#3919=VERTEX_POINT('',#8479);
#3920=VERTEX_POINT('',#8481);
#3921=VERTEX_POINT('',#8484);
#3922=VERTEX_POINT('',#8486);
#3923=VERTEX_POINT('',#8488);
#3924=VERTEX_POINT('',#8490);
#3925=VERTEX_POINT('',#8492);
#3926=VERTEX_POINT('',#8494);
#3927=VERTEX_POINT('',#8496);
#3928=VERTEX_POINT('',#8498);
#3929=VERTEX_POINT('',#8501);
#3930=VERTEX_POINT('',#8502);
#3931=VERTEX_POINT('',#8504);
#3932=VERTEX_POINT('',#8506);
#3933=VERTEX_POINT('',#8510);
#3934=VERTEX_POINT('',#8511);
#3935=VERTEX_POINT('',#8513);
#3936=VERTEX_POINT('',#8515);
#3937=VERTEX_POINT('',#8519);
#3938=VERTEX_POINT('',#8522);
#3939=VERTEX_POINT('',#8525);
#3940=VERTEX_POINT('',#8528);
#3941=VERTEX_POINT('',#8531);
#3942=VERTEX_POINT('',#8532);
#3943=VERTEX_POINT('',#8534);
#3944=VERTEX_POINT('',#8536);
#3945=VERTEX_POINT('',#8540);
#3946=VERTEX_POINT('',#8541);
#3947=VERTEX_POINT('',#8543);
#3948=VERTEX_POINT('',#8545);
#3949=VERTEX_POINT('',#8549);
#3950=VERTEX_POINT('',#8550);
#3951=VERTEX_POINT('',#8552);
#3952=VERTEX_POINT('',#8554);
#3953=VERTEX_POINT('',#8558);
#3954=VERTEX_POINT('',#8559);
#3955=VERTEX_POINT('',#8561);
#3956=VERTEX_POINT('',#8563);
#3957=VERTEX_POINT('',#8567);
#3958=VERTEX_POINT('',#8568);
#3959=VERTEX_POINT('',#8570);
#3960=VERTEX_POINT('',#8572);
#3961=VERTEX_POINT('',#8576);
#3962=VERTEX_POINT('',#8577);
#3963=VERTEX_POINT('',#8582);
#3964=VERTEX_POINT('',#8583);
#3965=VERTEX_POINT('',#8591);
#3966=VERTEX_POINT('',#8592);
#3967=VERTEX_POINT('',#8594);
#3968=VERTEX_POINT('',#8596);
#3969=VERTEX_POINT('',#8600);
#3970=VERTEX_POINT('',#8602);
#3971=VERTEX_POINT('',#8606);
#3972=VERTEX_POINT('',#8608);
#3973=VERTEX_POINT('',#8615);
#3974=VERTEX_POINT('',#8616);
#3975=VERTEX_POINT('',#8618);
#3976=VERTEX_POINT('',#8620);
#3977=VERTEX_POINT('',#8624);
#3978=VERTEX_POINT('',#8625);
#3979=VERTEX_POINT('',#8630);
#3980=VERTEX_POINT('',#8631);
#3981=VERTEX_POINT('',#8639);
#3982=VERTEX_POINT('',#8640);
#3983=VERTEX_POINT('',#8642);
#3984=VERTEX_POINT('',#8644);
#3985=VERTEX_POINT('',#8648);
#3986=VERTEX_POINT('',#8649);
#3987=VERTEX_POINT('',#8654);
#3988=VERTEX_POINT('',#8655);
#3989=VERTEX_POINT('',#8663);
#3990=VERTEX_POINT('',#8664);
#3991=VERTEX_POINT('',#8666);
#3992=VERTEX_POINT('',#8668);
#3993=VERTEX_POINT('',#8672);
#3994=VERTEX_POINT('',#8673);
#3995=VERTEX_POINT('',#8678);
#3996=VERTEX_POINT('',#8679);
#3997=VERTEX_POINT('',#8687);
#3998=VERTEX_POINT('',#8688);
#3999=VERTEX_POINT('',#8690);
#4000=VERTEX_POINT('',#8692);
#4001=VERTEX_POINT('',#8696);
#4002=VERTEX_POINT('',#8697);
#4003=VERTEX_POINT('',#8702);
#4004=VERTEX_POINT('',#8703);
#4005=VERTEX_POINT('',#8711);
#4006=VERTEX_POINT('',#8712);
#4007=VERTEX_POINT('',#8714);
#4008=VERTEX_POINT('',#8716);
#4009=VERTEX_POINT('',#8720);
#4010=VERTEX_POINT('',#8721);
#4011=VERTEX_POINT('',#8726);
#4012=VERTEX_POINT('',#8727);
#4013=VERTEX_POINT('',#8735);
#4014=VERTEX_POINT('',#8736);
#4015=VERTEX_POINT('',#8738);
#4016=VERTEX_POINT('',#8740);
#4017=VERTEX_POINT('',#8744);
#4018=VERTEX_POINT('',#8745);
#4019=VERTEX_POINT('',#8750);
#4020=VERTEX_POINT('',#8751);
#4021=VERTEX_POINT('',#8759);
#4022=VERTEX_POINT('',#8760);
#4023=VERTEX_POINT('',#8762);
#4024=VERTEX_POINT('',#8764);
#4025=VERTEX_POINT('',#8768);
#4026=VERTEX_POINT('',#8769);
#4027=VERTEX_POINT('',#8774);
#4028=VERTEX_POINT('',#8775);
#4029=VERTEX_POINT('',#8783);
#4030=VERTEX_POINT('',#8784);
#4031=VERTEX_POINT('',#8786);
#4032=VERTEX_POINT('',#8788);
#4033=VERTEX_POINT('',#8792);
#4034=VERTEX_POINT('',#8793);
#4035=VERTEX_POINT('',#8798);
#4036=VERTEX_POINT('',#8799);
#4037=VERTEX_POINT('',#8823);
#4038=VERTEX_POINT('',#8824);
#4039=VERTEX_POINT('',#8826);
#4040=VERTEX_POINT('',#8828);
#4041=VERTEX_POINT('',#8832);
#4042=VERTEX_POINT('',#8833);
#4043=VERTEX_POINT('',#8835);
#4044=VERTEX_POINT('',#8837);
#4045=VERTEX_POINT('',#8841);
#4046=VERTEX_POINT('',#8842);
#4047=VERTEX_POINT('',#8847);
#4048=VERTEX_POINT('',#8848);
#4049=VERTEX_POINT('',#8850);
#4050=VERTEX_POINT('',#8852);
#4051=VERTEX_POINT('',#8856);
#4052=VERTEX_POINT('',#8857);
#4053=VERTEX_POINT('',#8859);
#4054=VERTEX_POINT('',#8861);
#4055=VERTEX_POINT('',#8865);
#4056=VERTEX_POINT('',#8866);
#4057=VERTEX_POINT('',#8868);
#4058=VERTEX_POINT('',#8870);
#4059=VERTEX_POINT('',#8999);
#4060=VERTEX_POINT('',#9004);
#4061=VERTEX_POINT('',#9015);
#4062=VERTEX_POINT('',#9029);
#4063=VERTEX_POINT('',#9036);
#4064=VERTEX_POINT('',#9047);
#4065=VERTEX_POINT('',#9061);
#4066=VERTEX_POINT('',#9066);
#4067=VERTEX_POINT('',#9070);
#4068=VERTEX_POINT('',#9081);
#4069=VERTEX_POINT('',#9095);
#4070=VERTEX_POINT('',#9109);
#4071=VERTEX_POINT('',#9116);
#4072=VERTEX_POINT('',#9127);
#4073=VERTEX_POINT('',#9141);
#4074=VERTEX_POINT('',#9155);
#4075=VERTEX_POINT('',#9177);
#4076=VERTEX_POINT('',#9178);
#4077=VERTEX_POINT('',#9180);
#4078=VERTEX_POINT('',#9182);
#4079=VERTEX_POINT('',#9186);
#4080=VERTEX_POINT('',#9187);
#4081=VERTEX_POINT('',#9192);
#4082=VERTEX_POINT('',#9193);
#4083=VERTEX_POINT('',#9198);
#4084=VERTEX_POINT('',#9199);
#4085=VERTEX_POINT('',#9211);
#4086=VERTEX_POINT('',#9212);
#4087=VERTEX_POINT('',#9223);
#4088=VERTEX_POINT('',#9225);
#4089=VERTEX_POINT('',#9229);
#4090=VERTEX_POINT('',#9233);
#4091=VERTEX_POINT('',#9237);
#4092=VERTEX_POINT('',#9241);
#4093=VERTEX_POINT('',#9245);
#4094=VERTEX_POINT('',#9249);
#4095=VERTEX_POINT('',#9253);
#4096=VERTEX_POINT('',#9257);
#4097=VERTEX_POINT('',#9261);
#4098=VERTEX_POINT('',#9271);
#4099=VERTEX_POINT('',#9273);
#4100=VERTEX_POINT('',#9277);
#4101=VERTEX_POINT('',#9281);
#4102=VERTEX_POINT('',#9285);
#4103=VERTEX_POINT('',#9296);
#4104=VERTEX_POINT('',#9310);
#4105=VERTEX_POINT('',#9324);
#4106=VERTEX_POINT('',#9338);
#4107=VERTEX_POINT('',#9345);
#4108=VERTEX_POINT('',#9356);
#4109=VERTEX_POINT('',#9370);
#4110=VERTEX_POINT('',#9390);
#4111=VERTEX_POINT('',#9392);
#4112=VERTEX_POINT('',#9396);
#4113=VERTEX_POINT('',#9400);
#4114=VERTEX_POINT('',#9404);
#4115=VERTEX_POINT('',#9408);
#4116=VERTEX_POINT('',#9412);
#4117=VERTEX_POINT('',#9423);
#4118=VERTEX_POINT('',#9430);
#4119=VERTEX_POINT('',#9434);
#4120=VERTEX_POINT('',#9438);
#4121=VERTEX_POINT('',#9446);
#4122=VERTEX_POINT('',#9448);
#4123=VERTEX_POINT('',#9452);
#4124=VERTEX_POINT('',#9456);
#4125=VERTEX_POINT('',#9460);
#4126=VERTEX_POINT('',#9464);
#4127=VERTEX_POINT('',#9468);
#4128=VERTEX_POINT('',#9479);
#4129=VERTEX_POINT('',#9486);
#4130=VERTEX_POINT('',#9490);
#4131=VERTEX_POINT('',#9494);
#4132=VERTEX_POINT('',#9501);
#4133=VERTEX_POINT('',#9504);
#4134=VERTEX_POINT('',#9515);
#4135=VERTEX_POINT('',#9520);
#4136=VERTEX_POINT('',#9531);
#4137=VERTEX_POINT('',#9545);
#4138=VERTEX_POINT('',#9552);
#4139=VERTEX_POINT('',#9563);
#4140=VERTEX_POINT('',#9577);
#4141=VERTEX_POINT('',#9591);
#4142=VERTEX_POINT('',#9598);
#4143=VERTEX_POINT('',#9609);
#4144=VERTEX_POINT('',#9623);
#4145=VERTEX_POINT('',#9637);
#4146=VERTEX_POINT('',#9644);
#4147=VERTEX_POINT('',#9655);
#4148=VERTEX_POINT('',#9669);
#4149=VERTEX_POINT('',#9683);
#4150=VERTEX_POINT('',#9693);
#4151=VERTEX_POINT('',#9695);
#4152=VERTEX_POINT('',#9699);
#4153=VERTEX_POINT('',#9703);
#4154=VERTEX_POINT('',#9707);
#4155=VERTEX_POINT('',#9718);
#4156=VERTEX_POINT('',#9732);
#4157=VERTEX_POINT('',#9746);
#4158=VERTEX_POINT('',#9760);
#4159=VERTEX_POINT('',#9767);
#4160=VERTEX_POINT('',#9778);
#4161=VERTEX_POINT('',#9792);
#4162=VERTEX_POINT('',#9812);
#4163=VERTEX_POINT('',#9813);
#4164=VERTEX_POINT('',#9815);
#4165=VERTEX_POINT('',#9817);
#4166=VERTEX_POINT('',#9821);
#4167=VERTEX_POINT('',#9823);
#4168=VERTEX_POINT('',#9827);
#4169=VERTEX_POINT('',#9829);
#4170=VERTEX_POINT('',#9833);
#4171=VERTEX_POINT('',#9835);
#4172=VERTEX_POINT('',#9849);
#4173=VERTEX_POINT('',#9851);
#4174=VERTEX_POINT('',#9858);
#4175=VERTEX_POINT('',#9860);
#4176=VERTEX_POINT('',#9864);
#4177=VERTEX_POINT('',#9868);
#4178=VERTEX_POINT('',#9872);
#4179=VERTEX_POINT('',#9876);
#4180=VERTEX_POINT('',#9880);
#4181=VERTEX_POINT('',#9884);
#4182=VERTEX_POINT('',#9888);
#4183=VERTEX_POINT('',#9892);
#4184=VERTEX_POINT('',#9896);
#4185=VERTEX_POINT('',#9906);
#4186=VERTEX_POINT('',#9909);
#4187=VERTEX_POINT('',#9913);
#4188=VERTEX_POINT('',#9916);
#4189=VERTEX_POINT('',#9920);
#4190=VERTEX_POINT('',#9923);
#4191=VERTEX_POINT('',#9928);
#4192=VERTEX_POINT('',#9929);
#4193=VERTEX_POINT('',#9931);
#4194=VERTEX_POINT('',#9933);
#4195=VERTEX_POINT('',#9936);
#4196=VERTEX_POINT('',#9937);
#4197=VERTEX_POINT('',#9939);
#4198=VERTEX_POINT('',#9941);
#4199=VERTEX_POINT('',#9944);
#4200=VERTEX_POINT('',#9947);
#4201=VERTEX_POINT('',#9948);
#4202=VERTEX_POINT('',#9950);
#4203=VERTEX_POINT('',#9952);
#4204=VERTEX_POINT('',#9955);
#4205=VERTEX_POINT('',#9956);
#4206=VERTEX_POINT('',#9958);
#4207=VERTEX_POINT('',#9960);
#4208=VERTEX_POINT('',#9963);
#4209=VERTEX_POINT('',#9966);
#4210=VERTEX_POINT('',#9967);
#4211=VERTEX_POINT('',#9969);
#4212=VERTEX_POINT('',#9971);
#4213=VERTEX_POINT('',#9974);
#4214=VERTEX_POINT('',#9975);
#4215=VERTEX_POINT('',#9977);
#4216=VERTEX_POINT('',#9979);
#4217=VERTEX_POINT('',#9982);
#4218=VERTEX_POINT('',#9985);
#4219=VERTEX_POINT('',#9986);
#4220=VERTEX_POINT('',#9988);
#4221=VERTEX_POINT('',#9990);
#4222=VERTEX_POINT('',#9993);
#4223=VERTEX_POINT('',#9994);
#4224=VERTEX_POINT('',#9996);
#4225=VERTEX_POINT('',#9998);
#4226=VERTEX_POINT('',#10001);
#4227=CIRCLE('',#5807,0.0015);
#4228=CIRCLE('',#5808,0.0015);
#4229=CIRCLE('',#5809,0.0015);
#4230=CIRCLE('',#5810,0.0015);
#4231=CIRCLE('',#5811,0.0173564702489341);
#4232=CIRCLE('',#5813,0.0015);
#4233=CIRCLE('',#5814,0.0015);
#4234=CIRCLE('',#5815,0.0015);
#4235=CIRCLE('',#5816,0.0015);
#4236=CIRCLE('',#5817,0.0173564702489341);
#4237=CIRCLE('',#5819,0.0015);
#4238=CIRCLE('',#5820,0.0015);
#4239=CIRCLE('',#5821,0.0015);
#4240=CIRCLE('',#5822,0.0015);
#4241=CIRCLE('',#5823,0.0173564702489341);
#4242=CIRCLE('',#5825,0.0015);
#4243=CIRCLE('',#5826,0.0015);
#4244=CIRCLE('',#5827,0.0015);
#4245=CIRCLE('',#5828,0.0015);
#4246=CIRCLE('',#5829,0.0183564702489341);
#4247=CIRCLE('',#5830,0.0183564702489341);
#4248=CIRCLE('',#5831,0.0183564702489341);
#4249=CIRCLE('',#5832,0.0183564702489341);
#4250=CIRCLE('',#5833,0.0045);
#4251=CIRCLE('',#5834,0.0045);
#4252=CIRCLE('',#5835,0.001);
#4253=CIRCLE('',#5836,0.002);
#4254=CIRCLE('',#5837,0.002);
#4255=CIRCLE('',#5838,0.001);
#4256=CIRCLE('',#5839,0.0045);
#4257=CIRCLE('',#5840,0.0045);
#4258=CIRCLE('',#5841,0.001);
#4259=CIRCLE('',#5842,0.002);
#4260=CIRCLE('',#5843,0.001);
#4261=CIRCLE('',#5844,0.00175);
#4262=CIRCLE('',#5845,0.00175);
#4263=CIRCLE('',#5846,0.00175);
#4264=CIRCLE('',#5847,0.00175);
#4265=CIRCLE('',#5849,0.0015);
#4266=CIRCLE('',#5850,0.0015);
#4267=CIRCLE('',#5851,0.0015);
#4268=CIRCLE('',#5852,0.0015);
#4269=CIRCLE('',#5853,0.0173564702489341);
#4270=CIRCLE('',#5855,0.0015);
#4271=CIRCLE('',#5856,0.0015);
#4272=CIRCLE('',#5857,0.0015);
#4273=CIRCLE('',#5858,0.0015);
#4274=CIRCLE('',#5859,0.002);
#4275=CIRCLE('',#5860,0.002);
#4276=CIRCLE('',#5861,0.001);
#4277=CIRCLE('',#5862,0.0045);
#4278=CIRCLE('',#5863,0.0045);
#4279=CIRCLE('',#5864,0.001);
#4280=CIRCLE('',#5865,0.002);
#4281=CIRCLE('',#5866,0.002);
#4282=CIRCLE('',#5867,0.001);
#4283=CIRCLE('',#5868,0.0045);
#4284=CIRCLE('',#5869,0.0045);
#4285=CIRCLE('',#5870,0.001);
#4286=CIRCLE('',#5871,0.0183564702489341);
#4287=CIRCLE('',#5872,0.0183564702489341);
#4288=CIRCLE('',#5873,0.0183564702489341);
#4289=CIRCLE('',#5874,0.0183564702489341);
#4290=CIRCLE('',#5875,0.00175);
#4291=CIRCLE('',#5876,0.00175);
#4292=CIRCLE('',#5877,0.00175);
#4293=CIRCLE('',#5878,0.00175);
#4294=CIRCLE('',#5882,0.0183564702489341);
#4295=CIRCLE('',#5884,0.0183564702489341);
#4296=CIRCLE('',#5886,0.0183564702489341);
#4297=CIRCLE('',#5888,0.0183564702489341);
#4298=CIRCLE('',#5895,0.001);
#4299=CIRCLE('',#5896,0.001);
#4300=CIRCLE('',#5899,0.001);
#4301=CIRCLE('',#5900,0.001);
#4302=CIRCLE('',#5903,0.001);
#4303=CIRCLE('',#5904,0.001);
#4304=CIRCLE('',#5907,0.001);
#4305=CIRCLE('',#5908,0.001);
#4306=CIRCLE('',#5911,0.001);
#4307=CIRCLE('',#5912,0.001);
#4308=CIRCLE('',#5915,0.001);
#4309=CIRCLE('',#5916,0.001);
#4310=CIRCLE('',#5919,0.001);
#4311=CIRCLE('',#5920,0.001);
#4312=CIRCLE('',#5923,0.001);
#4313=CIRCLE('',#5924,0.001);
#4314=CIRCLE('',#5927,0.001);
#4315=CIRCLE('',#5928,0.001);
#4316=CIRCLE('',#5931,0.001);
#4317=CIRCLE('',#5932,0.001);
#4318=CIRCLE('',#5935,0.001);
#4319=CIRCLE('',#5936,0.001);
#4320=CIRCLE('',#5939,0.001);
#4321=CIRCLE('',#5940,0.001);
#4322=CIRCLE('',#5943,0.001);
#4323=CIRCLE('',#5944,0.001);
#4324=CIRCLE('',#5947,0.001);
#4325=CIRCLE('',#5948,0.001);
#4326=CIRCLE('',#5951,0.001);
#4327=CIRCLE('',#5952,0.001);
#4328=CIRCLE('',#5955,0.001);
#4329=CIRCLE('',#5956,0.001);
#4330=CIRCLE('',#5959,0.001);
#4331=CIRCLE('',#5960,0.001);
#4332=CIRCLE('',#5963,0.001);
#4333=CIRCLE('',#5964,0.001);
#4334=CIRCLE('',#5967,0.001);
#4335=CIRCLE('',#5968,0.001);
#4336=CIRCLE('',#5971,0.001);
#4337=CIRCLE('',#5972,0.001);
#4338=CIRCLE('',#5974,0.005);
#4339=CIRCLE('',#5975,0.005);
#4340=CIRCLE('',#5977,0.005);
#4341=CIRCLE('',#5978,0.005);
#4342=CIRCLE('',#5980,0.005);
#4343=CIRCLE('',#5981,0.005);
#4344=CIRCLE('',#5983,0.005);
#4345=CIRCLE('',#5984,0.005);
#4346=CIRCLE('',#5996,0.0015);
#4347=CIRCLE('',#5997,0.0015);
#4348=CIRCLE('',#5999,0.0015);
#4349=CIRCLE('',#6000,0.0015);
#4350=CIRCLE('',#6002,0.0015);
#4351=CIRCLE('',#6003,0.0015);
#4352=CIRCLE('',#6005,0.0015);
#4353=CIRCLE('',#6006,0.0015);
#4354=CIRCLE('',#6008,0.0015);
#4355=CIRCLE('',#6009,0.0015);
#4356=CIRCLE('',#6011,0.0015);
#4357=CIRCLE('',#6012,0.0015);
#4358=CIRCLE('',#6014,0.0015);
#4359=CIRCLE('',#6015,0.0015);
#4360=CIRCLE('',#6070,0.0269075313004476);
#4361=CIRCLE('',#6071,0.0269075313004476);
#4362=CIRCLE('',#6116,0.0173564702489341);
#4363=CIRCLE('',#6118,0.0183564702489341);
#4364=CIRCLE('',#6134,0.0269075313005048);
#4365=CIRCLE('',#6135,0.0269075313005048);
#4366=CIRCLE('',#6151,0.0173564702489341);
#4367=CIRCLE('',#6153,0.0183564702489341);
#4368=CIRCLE('',#6156,0.0173564702489341);
#4369=CIRCLE('',#6158,0.0183564702489341);
#4370=CIRCLE('',#6161,0.0173564702489341);
#4371=CIRCLE('',#6163,0.0183564702489341);
#4372=CIRCLE('',#6167,0.0015);
#4373=CIRCLE('',#6168,0.0015);
#4374=CIRCLE('',#6169,0.0015);
#4375=CIRCLE('',#6170,0.0015);
#4376=CIRCLE('',#6171,0.017856470248934);
#4377=CIRCLE('',#6173,0.0015);
#4378=CIRCLE('',#6174,0.0015);
#4379=CIRCLE('',#6175,0.0015);
#4380=CIRCLE('',#6176,0.0015);
#4381=CIRCLE('',#6177,0.017856470248934);
#4382=CIRCLE('',#6179,0.0015);
#4383=CIRCLE('',#6180,0.0015);
#4384=CIRCLE('',#6181,0.0015);
#4385=CIRCLE('',#6182,0.0015);
#4386=CIRCLE('',#6183,0.017856470248934);
#4387=CIRCLE('',#6185,0.0015);
#4388=CIRCLE('',#6186,0.0015);
#4389=CIRCLE('',#6187,0.0015);
#4390=CIRCLE('',#6188,0.0015);
#4391=CIRCLE('',#6189,0.017856470248934);
#4392=CIRCLE('',#6191,0.0005);
#4393=CIRCLE('',#6192,0.0005);
#4394=CIRCLE('',#6194,0.0005);
#4395=CIRCLE('',#6196,0.0005);
#4396=CIRCLE('',#6199,0.0005);
#4397=CIRCLE('',#6200,0.0005);
#4398=CIRCLE('',#6202,0.0005);
#4399=CIRCLE('',#6204,0.0005);
#4400=CIRCLE('',#6207,0.0005);
#4401=CIRCLE('',#6208,0.0005);
#4402=CIRCLE('',#6210,0.0005);
#4403=CIRCLE('',#6212,0.0005);
#4404=CIRCLE('',#6215,0.0005);
#4405=CIRCLE('',#6216,0.0005);
#4406=CIRCLE('',#6218,0.0005);
#4407=CIRCLE('',#6220,0.0005);
#4408=CIRCLE('',#6223,0.0005);
#4409=CIRCLE('',#6224,0.0005);
#4410=CIRCLE('',#6226,0.0005);
#4411=CIRCLE('',#6228,0.0005);
#4412=CIRCLE('',#6231,0.0005);
#4413=CIRCLE('',#6232,0.0005);
#4414=CIRCLE('',#6234,0.0005);
#4415=CIRCLE('',#6236,0.0005);
#4416=CIRCLE('',#6239,0.0005);
#4417=CIRCLE('',#6240,0.0005);
#4418=CIRCLE('',#6242,0.0005);
#4419=CIRCLE('',#6244,0.0005);
#4420=CIRCLE('',#6247,0.0005);
#4421=CIRCLE('',#6248,0.0005);
#4422=CIRCLE('',#6250,0.0005);
#4423=CIRCLE('',#6252,0.0005);
#4424=CIRCLE('',#6255,0.0005);
#4425=CIRCLE('',#6256,0.0005);
#4426=CIRCLE('',#6258,0.0005);
#4427=CIRCLE('',#6260,0.0005);
#4428=CIRCLE('',#6263,0.0005);
#4429=CIRCLE('',#6264,0.0005);
#4430=CIRCLE('',#6266,0.0005);
#4431=CIRCLE('',#6268,0.0005);
#4432=CIRCLE('',#6271,0.0005);
#4433=CIRCLE('',#6272,0.0005);
#4434=CIRCLE('',#6274,0.0005);
#4435=CIRCLE('',#6276,0.0005);
#4436=CIRCLE('',#6279,0.0005);
#4437=CIRCLE('',#6280,0.0005);
#4438=CIRCLE('',#6282,0.0005);
#4439=CIRCLE('',#6284,0.0005);
#4440=CIRCLE('',#6287,0.0005);
#4441=CIRCLE('',#6288,0.0005);
#4442=CIRCLE('',#6290,0.0005);
#4443=CIRCLE('',#6292,0.0005);
#4444=CIRCLE('',#6295,0.0005);
#4445=CIRCLE('',#6296,0.0005);
#4446=CIRCLE('',#6298,0.0005);
#4447=CIRCLE('',#6300,0.0005);
#4448=CIRCLE('',#6304,0.0005);
#4449=CIRCLE('',#6305,0.0005);
#4450=CIRCLE('',#6307,0.0005);
#4451=CIRCLE('',#6309,0.0005);
#4452=CIRCLE('',#6312,0.0005);
#4453=CIRCLE('',#6313,0.0005);
#4454=CIRCLE('',#6315,0.0005);
#4455=CIRCLE('',#6317,0.0005);
#4456=CIRCLE('',#6321,0.0005);
#4457=CIRCLE('',#6322,0.0005);
#4458=CIRCLE('',#6324,0.0005);
#4459=CIRCLE('',#6326,0.0005);
#4460=CIRCLE('',#6329,0.0005);
#4461=CIRCLE('',#6330,0.0005);
#4462=CIRCLE('',#6332,0.0005);
#4463=CIRCLE('',#6334,0.0005);
#4464=CIRCLE('',#6338,0.0005);
#4465=CIRCLE('',#6339,0.0005);
#4466=CIRCLE('',#6341,0.0005);
#4467=CIRCLE('',#6343,0.0005);
#4468=CIRCLE('',#6346,0.0005);
#4469=CIRCLE('',#6347,0.0005);
#4470=CIRCLE('',#6349,0.0005);
#4471=CIRCLE('',#6351,0.0005);
#4472=EDGE_LOOP('',(#1265,#1266,#1267,#1268));
#4473=EDGE_LOOP('',(#1269,#1270,#1271,#1272));
#4474=EDGE_LOOP('',(#1273,#1274,#1275,#1276,#1277,#1278,#1279,#1280,#1281,
#1282,#1283));
#4475=EDGE_LOOP('',(#1284));
#4476=EDGE_LOOP('',(#1285,#1286,#1287,#1288));
#4477=EDGE_LOOP('',(#1289,#1290,#1291,#1292));
#4478=EDGE_LOOP('',(#1293,#1294,#1295,#1296,#1297,#1298,#1299,#1300,#1301,
#1302,#1303,#1304));
#4479=EDGE_LOOP('',(#1305));
#4480=EDGE_LOOP('',(#1306,#1307,#1308,#1309));
#4481=EDGE_LOOP('',(#1310,#1311,#1312,#1313));
#4482=EDGE_LOOP('',(#1314,#1315,#1316,#1317,#1318,#1319,#1320,#1321,#1322,
#1323,#1324,#1325,#1326,#1327,#1328,#1329));
#4483=EDGE_LOOP('',(#1330));
#4484=EDGE_LOOP('',(#1331,#1332,#1333,#1334));
#4485=EDGE_LOOP('',(#1335,#1336,#1337,#1338));
#4486=EDGE_LOOP('',(#1339));
#4487=EDGE_LOOP('',(#1340));
#4488=EDGE_LOOP('',(#1341));
#4489=EDGE_LOOP('',(#1342));
#4490=EDGE_LOOP('',(#1343,#1344,#1345,#1346,#1347,#1348,#1349,#1350,#1351,
#1352,#1353,#1354,#1355,#1356,#1357,#1358,#1359,#1360,#1361,#1362,#1363,
#1364,#1365));
#4491=EDGE_LOOP('',(#1366));
#4492=EDGE_LOOP('',(#1367));
#4493=EDGE_LOOP('',(#1368));
#4494=EDGE_LOOP('',(#1369));
#4495=EDGE_LOOP('',(#1370,#1371,#1372,#1373));
#4496=EDGE_LOOP('',(#1374,#1375,#1376,#1377));
#4497=EDGE_LOOP('',(#1378,#1379,#1380,#1381,#1382,#1383,#1384,#1385,#1386,
#1387,#1388));
#4498=EDGE_LOOP('',(#1389));
#4499=EDGE_LOOP('',(#1390,#1391,#1392,#1393));
#4500=EDGE_LOOP('',(#1394,#1395,#1396,#1397));
#4501=EDGE_LOOP('',(#1398,#1399,#1400,#1401,#1402,#1403,#1404,#1405,#1406,
#1407,#1408));
#4502=EDGE_LOOP('',(#1409,#1410,#1411,#1412,#1413,#1414,#1415,#1416,#1417,
#1418,#1419,#1420));
#4503=EDGE_LOOP('',(#1421,#1422,#1423,#1424,#1425,#1426,#1427,#1428,#1429,
#1430,#1431,#1432,#1433,#1434,#1435,#1436,#1437,#1438,#1439,#1440,#1441,
#1442,#1443,#1444,#1445,#1446,#1447,#1448,#1449,#1450,#1451,#1452,#1453,
#1454,#1455,#1456,#1457,#1458,#1459,#1460,#1461));
#4504=EDGE_LOOP('',(#1462,#1463,#1464,#1465,#1466,#1467,#1468,#1469,#1470,
#1471,#1472));
#4505=EDGE_LOOP('',(#1473));
#4506=EDGE_LOOP('',(#1474));
#4507=EDGE_LOOP('',(#1475));
#4508=EDGE_LOOP('',(#1476));
#4509=EDGE_LOOP('',(#1477));
#4510=EDGE_LOOP('',(#1478));
#4511=EDGE_LOOP('',(#1479));
#4512=EDGE_LOOP('',(#1480));
#4513=EDGE_LOOP('',(#1481,#1482,#1483,#1484));
#4514=EDGE_LOOP('',(#1485,#1486,#1487,#1488));
#4515=EDGE_LOOP('',(#1489));
#4516=EDGE_LOOP('',(#1490));
#4517=EDGE_LOOP('',(#1491));
#4518=EDGE_LOOP('',(#1492));
#4519=EDGE_LOOP('',(#1493));
#4520=EDGE_LOOP('',(#1494));
#4521=EDGE_LOOP('',(#1495));
#4522=EDGE_LOOP('',(#1496));
#4523=EDGE_LOOP('',(#1497,#1498,#1499,#1500));
#4524=EDGE_LOOP('',(#1501,#1502,#1503,#1504));
#4525=EDGE_LOOP('',(#1505,#1506,#1507,#1508));
#4526=EDGE_LOOP('',(#1509,#1510,#1511,#1512));
#4527=EDGE_LOOP('',(#1513,#1514,#1515,#1516));
#4528=EDGE_LOOP('',(#1517,#1518,#1519,#1520));
#4529=EDGE_LOOP('',(#1521,#1522,#1523,#1524));
#4530=EDGE_LOOP('',(#1525,#1526,#1527,#1528));
#4531=EDGE_LOOP('',(#1529,#1530,#1531,#1532));
#4532=EDGE_LOOP('',(#1533,#1534,#1535,#1536));
#4533=EDGE_LOOP('',(#1537,#1538,#1539,#1540));
#4534=EDGE_LOOP('',(#1541,#1542,#1543,#1544));
#4535=EDGE_LOOP('',(#1545,#1546,#1547,#1548));
#4536=EDGE_LOOP('',(#1549,#1550,#1551,#1552));
#4537=EDGE_LOOP('',(#1553,#1554,#1555,#1556));
#4538=EDGE_LOOP('',(#1557,#1558,#1559,#1560));
#4539=EDGE_LOOP('',(#1561,#1562,#1563,#1564));
#4540=EDGE_LOOP('',(#1565,#1566,#1567,#1568));
#4541=EDGE_LOOP('',(#1569,#1570,#1571,#1572));
#4542=EDGE_LOOP('',(#1573,#1574,#1575,#1576));
#4543=EDGE_LOOP('',(#1577,#1578,#1579,#1580));
#4544=EDGE_LOOP('',(#1581,#1582,#1583,#1584));
#4545=EDGE_LOOP('',(#1585,#1586,#1587,#1588));
#4546=EDGE_LOOP('',(#1589,#1590,#1591,#1592));
#4547=EDGE_LOOP('',(#1593,#1594,#1595,#1596));
#4548=EDGE_LOOP('',(#1597,#1598,#1599,#1600));
#4549=EDGE_LOOP('',(#1601,#1602,#1603,#1604));
#4550=EDGE_LOOP('',(#1605,#1606,#1607,#1608));
#4551=EDGE_LOOP('',(#1609,#1610,#1611,#1612));
#4552=EDGE_LOOP('',(#1613,#1614,#1615,#1616));
#4553=EDGE_LOOP('',(#1617,#1618,#1619,#1620));
#4554=EDGE_LOOP('',(#1621,#1622,#1623,#1624));
#4555=EDGE_LOOP('',(#1625,#1626,#1627,#1628));
#4556=EDGE_LOOP('',(#1629,#1630,#1631,#1632));
#4557=EDGE_LOOP('',(#1633,#1634,#1635,#1636));
#4558=EDGE_LOOP('',(#1637,#1638,#1639,#1640));
#4559=EDGE_LOOP('',(#1641,#1642,#1643,#1644));
#4560=EDGE_LOOP('',(#1645,#1646,#1647,#1648));
#4561=EDGE_LOOP('',(#1649,#1650,#1651,#1652));
#4562=EDGE_LOOP('',(#1653,#1654,#1655,#1656));
#4563=EDGE_LOOP('',(#1657,#1658,#1659,#1660));
#4564=EDGE_LOOP('',(#1661,#1662,#1663,#1664));
#4565=EDGE_LOOP('',(#1665,#1666,#1667,#1668));
#4566=EDGE_LOOP('',(#1669,#1670,#1671,#1672));
#4567=EDGE_LOOP('',(#1673,#1674,#1675,#1676));
#4568=EDGE_LOOP('',(#1677,#1678,#1679,#1680));
#4569=EDGE_LOOP('',(#1681,#1682,#1683,#1684));
#4570=EDGE_LOOP('',(#1685,#1686,#1687,#1688));
#4571=EDGE_LOOP('',(#1689));
#4572=EDGE_LOOP('',(#1690));
#4573=EDGE_LOOP('',(#1691));
#4574=EDGE_LOOP('',(#1692));
#4575=EDGE_LOOP('',(#1693));
#4576=EDGE_LOOP('',(#1694));
#4577=EDGE_LOOP('',(#1695));
#4578=EDGE_LOOP('',(#1696));
#4579=EDGE_LOOP('',(#1697,#1698,#1699,#1700));
#4580=EDGE_LOOP('',(#1701,#1702,#1703,#1704));
#4581=EDGE_LOOP('',(#1705,#1706,#1707,#1708));
#4582=EDGE_LOOP('',(#1709,#1710,#1711,#1712));
#4583=EDGE_LOOP('',(#1713,#1714,#1715,#1716));
#4584=EDGE_LOOP('',(#1717,#1718,#1719,#1720));
#4585=EDGE_LOOP('',(#1721,#1722,#1723,#1724));
#4586=EDGE_LOOP('',(#1725,#1726,#1727,#1728));
#4587=EDGE_LOOP('',(#1729,#1730,#1731,#1732));
#4588=EDGE_LOOP('',(#1733,#1734,#1735,#1736));
#4589=EDGE_LOOP('',(#1737,#1738,#1739,#1740));
#4590=EDGE_LOOP('',(#1741,#1742,#1743,#1744));
#4591=EDGE_LOOP('',(#1745,#1746,#1747,#1748));
#4592=EDGE_LOOP('',(#1749,#1750,#1751,#1752));
#4593=EDGE_LOOP('',(#1753,#1754,#1755,#1756));
#4594=EDGE_LOOP('',(#1757,#1758,#1759,#1760));
#4595=EDGE_LOOP('',(#1761,#1762,#1763,#1764));
#4596=EDGE_LOOP('',(#1765,#1766,#1767,#1768));
#4597=EDGE_LOOP('',(#1769,#1770,#1771,#1772));
#4598=EDGE_LOOP('',(#1773,#1774,#1775,#1776));
#4599=EDGE_LOOP('',(#1777,#1778,#1779,#1780));
#4600=EDGE_LOOP('',(#1781,#1782,#1783,#1784));
#4601=EDGE_LOOP('',(#1785,#1786,#1787,#1788));
#4602=EDGE_LOOP('',(#1789,#1790,#1791,#1792));
#4603=EDGE_LOOP('',(#1793,#1794,#1795,#1796));
#4604=EDGE_LOOP('',(#1797,#1798,#1799,#1800));
#4605=EDGE_LOOP('',(#1801,#1802,#1803,#1804));
#4606=EDGE_LOOP('',(#1805,#1806,#1807,#1808));
#4607=EDGE_LOOP('',(#1809,#1810,#1811,#1812));
#4608=EDGE_LOOP('',(#1813,#1814,#1815,#1816));
#4609=EDGE_LOOP('',(#1817,#1818,#1819,#1820));
#4610=EDGE_LOOP('',(#1821,#1822,#1823,#1824));
#4611=EDGE_LOOP('',(#1825,#1826,#1827,#1828));
#4612=EDGE_LOOP('',(#1829,#1830,#1831,#1832));
#4613=EDGE_LOOP('',(#1833,#1834,#1835,#1836));
#4614=EDGE_LOOP('',(#1837,#1838,#1839,#1840));
#4615=EDGE_LOOP('',(#1841,#1842,#1843,#1844));
#4616=EDGE_LOOP('',(#1845,#1846,#1847,#1848));
#4617=EDGE_LOOP('',(#1849,#1850,#1851,#1852));
#4618=EDGE_LOOP('',(#1853,#1854,#1855,#1856));
#4619=EDGE_LOOP('',(#1857,#1858,#1859,#1860));
#4620=EDGE_LOOP('',(#1861,#1862,#1863,#1864));
#4621=EDGE_LOOP('',(#1865,#1866,#1867,#1868));
#4622=EDGE_LOOP('',(#1869,#1870,#1871,#1872));
#4623=EDGE_LOOP('',(#1873,#1874,#1875,#1876));
#4624=EDGE_LOOP('',(#1877,#1878,#1879,#1880));
#4625=EDGE_LOOP('',(#1881,#1882,#1883,#1884));
#4626=EDGE_LOOP('',(#1885,#1886,#1887,#1888));
#4627=EDGE_LOOP('',(#1889,#1890,#1891,#1892,#1893,#1894));
#4628=EDGE_LOOP('',(#1895,#1896,#1897,#1898));
#4629=EDGE_LOOP('',(#1899,#1900,#1901,#1902));
#4630=EDGE_LOOP('',(#1903,#1904,#1905,#1906));
#4631=EDGE_LOOP('',(#1907,#1908,#1909,#1910));
#4632=EDGE_LOOP('',(#1911,#1912,#1913,#1914));
#4633=EDGE_LOOP('',(#1915,#1916,#1917,#1918));
#4634=EDGE_LOOP('',(#1919,#1920,#1921,#1922));
#4635=EDGE_LOOP('',(#1923,#1924,#1925,#1926));
#4636=EDGE_LOOP('',(#1927,#1928,#1929,#1930));
#4637=EDGE_LOOP('',(#1931,#1932,#1933,#1934));
#4638=EDGE_LOOP('',(#1935,#1936,#1937,#1938));
#4639=EDGE_LOOP('',(#1939,#1940,#1941,#1942));
#4640=EDGE_LOOP('',(#1943,#1944,#1945,#1946));
#4641=EDGE_LOOP('',(#1947,#1948,#1949,#1950));
#4642=EDGE_LOOP('',(#1951,#1952,#1953,#1954));
#4643=EDGE_LOOP('',(#1955,#1956,#1957,#1958));
#4644=EDGE_LOOP('',(#1959,#1960,#1961,#1962));
#4645=EDGE_LOOP('',(#1963,#1964,#1965,#1966));
#4646=EDGE_LOOP('',(#1967,#1968,#1969,#1970));
#4647=EDGE_LOOP('',(#1971,#1972,#1973,#1974));
#4648=EDGE_LOOP('',(#1975,#1976,#1977,#1978));
#4649=EDGE_LOOP('',(#1979,#1980,#1981,#1982));
#4650=EDGE_LOOP('',(#1983,#1984,#1985,#1986));
#4651=EDGE_LOOP('',(#1987,#1988,#1989,#1990));
#4652=EDGE_LOOP('',(#1991,#1992,#1993,#1994));
#4653=EDGE_LOOP('',(#1995,#1996,#1997,#1998,#1999,#2000));
#4654=EDGE_LOOP('',(#2001,#2002,#2003,#2004,#2005,#2006,#2007,#2008,#2009,
#2010,#2011,#2012,#2013,#2014,#2015,#2016));
#4655=EDGE_LOOP('',(#2017,#2018,#2019,#2020));
#4656=EDGE_LOOP('',(#2021,#2022,#2023,#2024));
#4657=EDGE_LOOP('',(#2025,#2026,#2027,#2028));
#4658=EDGE_LOOP('',(#2029,#2030,#2031,#2032));
#4659=EDGE_LOOP('',(#2033,#2034,#2035,#2036));
#4660=EDGE_LOOP('',(#2037,#2038,#2039,#2040));
#4661=EDGE_LOOP('',(#2041,#2042,#2043,#2044));
#4662=EDGE_LOOP('',(#2045,#2046,#2047,#2048));
#4663=EDGE_LOOP('',(#2049,#2050,#2051,#2052));
#4664=EDGE_LOOP('',(#2053,#2054,#2055,#2056));
#4665=EDGE_LOOP('',(#2057,#2058,#2059,#2060));
#4666=EDGE_LOOP('',(#2061,#2062,#2063,#2064));
#4667=EDGE_LOOP('',(#2065,#2066,#2067,#2068));
#4668=EDGE_LOOP('',(#2069,#2070,#2071,#2072));
#4669=EDGE_LOOP('',(#2073,#2074,#2075,#2076));
#4670=EDGE_LOOP('',(#2077,#2078,#2079,#2080));
#4671=EDGE_LOOP('',(#2081,#2082,#2083,#2084));
#4672=EDGE_LOOP('',(#2085,#2086,#2087,#2088,#2089,#2090,#2091,#2092,#2093,
#2094,#2095));
#4673=EDGE_LOOP('',(#2096,#2097,#2098,#2099,#2100,#2101));
#4674=EDGE_LOOP('',(#2102,#2103,#2104,#2105));
#4675=EDGE_LOOP('',(#2106,#2107,#2108,#2109));
#4676=EDGE_LOOP('',(#2110,#2111,#2112,#2113));
#4677=EDGE_LOOP('',(#2114,#2115,#2116,#2117));
#4678=EDGE_LOOP('',(#2118,#2119,#2120,#2121));
#4679=EDGE_LOOP('',(#2122,#2123,#2124,#2125));
#4680=EDGE_LOOP('',(#2126,#2127,#2128,#2129));
#4681=EDGE_LOOP('',(#2130,#2131,#2132,#2133));
#4682=EDGE_LOOP('',(#2134,#2135,#2136,#2137));
#4683=EDGE_LOOP('',(#2138,#2139,#2140,#2141));
#4684=EDGE_LOOP('',(#2142,#2143,#2144,#2145));
#4685=EDGE_LOOP('',(#2146,#2147,#2148,#2149));
#4686=EDGE_LOOP('',(#2150,#2151,#2152,#2153,#2154,#2155,#2156,#2157,#2158,
#2159,#2160,#2161));
#4687=EDGE_LOOP('',(#2162,#2163,#2164,#2165));
#4688=EDGE_LOOP('',(#2166,#2167,#2168,#2169));
#4689=EDGE_LOOP('',(#2170,#2171,#2172,#2173));
#4690=EDGE_LOOP('',(#2174,#2175,#2176,#2177));
#4691=EDGE_LOOP('',(#2178,#2179,#2180,#2181));
#4692=EDGE_LOOP('',(#2182,#2183,#2184,#2185));
#4693=EDGE_LOOP('',(#2186,#2187,#2188,#2189));
#4694=EDGE_LOOP('',(#2190,#2191,#2192,#2193));
#4695=EDGE_LOOP('',(#2194,#2195,#2196,#2197));
#4696=EDGE_LOOP('',(#2198,#2199,#2200,#2201));
#4697=EDGE_LOOP('',(#2202,#2203,#2204,#2205));
#4698=EDGE_LOOP('',(#2206,#2207,#2208,#2209,#2210,#2211,#2212,#2213,#2214,
#2215,#2216));
#4699=EDGE_LOOP('',(#2217,#2218,#2219,#2220,#2221,#2222));
#4700=EDGE_LOOP('',(#2223,#2224,#2225,#2226));
#4701=EDGE_LOOP('',(#2227,#2228,#2229,#2230));
#4702=EDGE_LOOP('',(#2231,#2232,#2233,#2234));
#4703=EDGE_LOOP('',(#2235,#2236,#2237,#2238));
#4704=EDGE_LOOP('',(#2239,#2240,#2241,#2242));
#4705=EDGE_LOOP('',(#2243,#2244,#2245,#2246));
#4706=EDGE_LOOP('',(#2247,#2248,#2249,#2250));
#4707=EDGE_LOOP('',(#2251,#2252,#2253,#2254));
#4708=EDGE_LOOP('',(#2255,#2256,#2257,#2258));
#4709=EDGE_LOOP('',(#2259,#2260,#2261,#2262));
#4710=EDGE_LOOP('',(#2263,#2264,#2265,#2266));
#4711=EDGE_LOOP('',(#2267,#2268,#2269,#2270,#2271,#2272,#2273,#2274,#2275,
#2276,#2277));
#4712=EDGE_LOOP('',(#2278));
#4713=EDGE_LOOP('',(#2279));
#4714=EDGE_LOOP('',(#2280));
#4715=EDGE_LOOP('',(#2281));
#4716=EDGE_LOOP('',(#2282));
#4717=EDGE_LOOP('',(#2283));
#4718=EDGE_LOOP('',(#2284,#2285,#2286,#2287));
#4719=EDGE_LOOP('',(#2288,#2289,#2290,#2291));
#4720=EDGE_LOOP('',(#2292,#2293,#2294,#2295));
#4721=EDGE_LOOP('',(#2296,#2297,#2298,#2299));
#4722=EDGE_LOOP('',(#2300,#2301,#2302,#2303));
#4723=EDGE_LOOP('',(#2304,#2305,#2306,#2307));
#4724=EDGE_LOOP('',(#2308,#2309,#2310,#2311));
#4725=EDGE_LOOP('',(#2312,#2313,#2314,#2315));
#4726=EDGE_LOOP('',(#2316,#2317,#2318,#2319));
#4727=EDGE_LOOP('',(#2320,#2321,#2322,#2323));
#4728=EDGE_LOOP('',(#2324,#2325,#2326,#2327));
#4729=EDGE_LOOP('',(#2328,#2329,#2330,#2331));
#4730=EDGE_LOOP('',(#2332,#2333,#2334,#2335));
#4731=EDGE_LOOP('',(#2336,#2337,#2338,#2339));
#4732=EDGE_LOOP('',(#2340,#2341,#2342,#2343));
#4733=EDGE_LOOP('',(#2344,#2345,#2346,#2347));
#4734=EDGE_LOOP('',(#2348,#2349,#2350,#2351,#2352,#2353,#2354,#2355,#2356,
#2357,#2358,#2359,#2360,#2361,#2362,#2363));
#4735=EDGE_LOOP('',(#2364,#2365,#2366,#2367));
#4736=EDGE_LOOP('',(#2368,#2369,#2370,#2371));
#4737=EDGE_LOOP('',(#2372,#2373,#2374,#2375));
#4738=EDGE_LOOP('',(#2376,#2377,#2378,#2379));
#4739=EDGE_LOOP('',(#2380,#2381,#2382,#2383));
#4740=EDGE_LOOP('',(#2384,#2385,#2386,#2387));
#4741=EDGE_LOOP('',(#2388,#2389,#2390,#2391));
#4742=EDGE_LOOP('',(#2392,#2393,#2394,#2395));
#4743=EDGE_LOOP('',(#2396,#2397,#2398,#2399));
#4744=EDGE_LOOP('',(#2400,#2401,#2402,#2403));
#4745=EDGE_LOOP('',(#2404,#2405,#2406,#2407));
#4746=EDGE_LOOP('',(#2408,#2409,#2410,#2411));
#4747=EDGE_LOOP('',(#2412,#2413,#2414,#2415,#2416,#2417,#2418,#2419,#2420,
#2421,#2422,#2423));
#4748=EDGE_LOOP('',(#2424,#2425,#2426,#2427));
#4749=EDGE_LOOP('',(#2428,#2429,#2430,#2431));
#4750=EDGE_LOOP('',(#2432,#2433,#2434,#2435));
#4751=EDGE_LOOP('',(#2436,#2437,#2438,#2439));
#4752=EDGE_LOOP('',(#2440,#2441,#2442,#2443));
#4753=EDGE_LOOP('',(#2444,#2445,#2446,#2447));
#4754=EDGE_LOOP('',(#2448,#2449,#2450,#2451));
#4755=EDGE_LOOP('',(#2452,#2453,#2454,#2455));
#4756=EDGE_LOOP('',(#2456,#2457,#2458,#2459));
#4757=EDGE_LOOP('',(#2460,#2461,#2462,#2463));
#4758=EDGE_LOOP('',(#2464,#2465,#2466,#2467));
#4759=EDGE_LOOP('',(#2468,#2469,#2470,#2471));
#4760=EDGE_LOOP('',(#2472,#2473,#2474,#2475));
#4761=EDGE_LOOP('',(#2476,#2477,#2478,#2479));
#4762=EDGE_LOOP('',(#2480,#2481,#2482,#2483));
#4763=EDGE_LOOP('',(#2484,#2485,#2486,#2487));
#4764=EDGE_LOOP('',(#2488,#2489,#2490,#2491));
#4765=EDGE_LOOP('',(#2492,#2493,#2494,#2495,#2496,#2497,#2498,#2499,#2500,
#2501,#2502));
#4766=EDGE_LOOP('',(#2503,#2504,#2505,#2506,#2507,#2508));
#4767=EDGE_LOOP('',(#2509));
#4768=EDGE_LOOP('',(#2510));
#4769=EDGE_LOOP('',(#2511));
#4770=EDGE_LOOP('',(#2512));
#4771=EDGE_LOOP('',(#2513));
#4772=EDGE_LOOP('',(#2514));
#4773=EDGE_LOOP('',(#2515));
#4774=EDGE_LOOP('',(#2516));
#4775=EDGE_LOOP('',(#2517));
#4776=EDGE_LOOP('',(#2518));
#4777=EDGE_LOOP('',(#2519));
#4778=EDGE_LOOP('',(#2520));
#4779=EDGE_LOOP('',(#2521));
#4780=EDGE_LOOP('',(#2522));
#4781=EDGE_LOOP('',(#2523));
#4782=EDGE_LOOP('',(#2524));
#4783=EDGE_LOOP('',(#2525));
#4784=EDGE_LOOP('',(#2526));
#4785=EDGE_LOOP('',(#2527,#2528,#2529,#2530,#2531,#2532));
#4786=EDGE_LOOP('',(#2533,#2534,#2535,#2536));
#4787=EDGE_LOOP('',(#2537,#2538,#2539,#2540));
#4788=EDGE_LOOP('',(#2541));
#4789=EDGE_LOOP('',(#2542,#2543,#2544,#2545));
#4790=EDGE_LOOP('',(#2546,#2547,#2548,#2549));
#4791=EDGE_LOOP('',(#2550));
#4792=EDGE_LOOP('',(#2551,#2552,#2553,#2554));
#4793=EDGE_LOOP('',(#2555,#2556,#2557,#2558));
#4794=EDGE_LOOP('',(#2559));
#4795=EDGE_LOOP('',(#2560,#2561,#2562,#2563));
#4796=EDGE_LOOP('',(#2564,#2565,#2566,#2567));
#4797=EDGE_LOOP('',(#2568));
#4798=EDGE_LOOP('',(#2569,#2570,#2571,#2572));
#4799=EDGE_LOOP('',(#2573,#2574,#2575,#2576));
#4800=EDGE_LOOP('',(#2577,#2578,#2579,#2580));
#4801=EDGE_LOOP('',(#2581,#2582,#2583,#2584));
#4802=EDGE_LOOP('',(#2585,#2586,#2587,#2588));
#4803=EDGE_LOOP('',(#2589,#2590,#2591,#2592));
#4804=EDGE_LOOP('',(#2593,#2594,#2595,#2596));
#4805=EDGE_LOOP('',(#2597,#2598,#2599,#2600));
#4806=EDGE_LOOP('',(#2601,#2602,#2603,#2604));
#4807=EDGE_LOOP('',(#2605,#2606,#2607,#2608));
#4808=EDGE_LOOP('',(#2609,#2610,#2611,#2612));
#4809=EDGE_LOOP('',(#2613,#2614,#2615,#2616));
#4810=EDGE_LOOP('',(#2617,#2618,#2619,#2620));
#4811=EDGE_LOOP('',(#2621,#2622,#2623,#2624));
#4812=EDGE_LOOP('',(#2625,#2626,#2627,#2628));
#4813=EDGE_LOOP('',(#2629,#2630,#2631,#2632));
#4814=EDGE_LOOP('',(#2633,#2634,#2635,#2636));
#4815=EDGE_LOOP('',(#2637,#2638,#2639,#2640));
#4816=EDGE_LOOP('',(#2641,#2642,#2643,#2644));
#4817=EDGE_LOOP('',(#2645,#2646,#2647,#2648));
#4818=EDGE_LOOP('',(#2649,#2650,#2651,#2652));
#4819=EDGE_LOOP('',(#2653,#2654,#2655,#2656));
#4820=EDGE_LOOP('',(#2657,#2658,#2659,#2660));
#4821=EDGE_LOOP('',(#2661,#2662,#2663,#2664));
#4822=EDGE_LOOP('',(#2665,#2666,#2667,#2668));
#4823=EDGE_LOOP('',(#2669,#2670,#2671,#2672));
#4824=EDGE_LOOP('',(#2673,#2674,#2675,#2676));
#4825=EDGE_LOOP('',(#2677,#2678,#2679,#2680));
#4826=EDGE_LOOP('',(#2681,#2682,#2683,#2684));
#4827=EDGE_LOOP('',(#2685,#2686,#2687,#2688));
#4828=EDGE_LOOP('',(#2689,#2690,#2691,#2692));
#4829=EDGE_LOOP('',(#2693,#2694,#2695,#2696));
#4830=EDGE_LOOP('',(#2697,#2698,#2699,#2700));
#4831=EDGE_LOOP('',(#2701,#2702,#2703,#2704));
#4832=EDGE_LOOP('',(#2705,#2706,#2707,#2708));
#4833=EDGE_LOOP('',(#2709,#2710,#2711,#2712));
#4834=EDGE_LOOP('',(#2713,#2714,#2715,#2716));
#4835=EDGE_LOOP('',(#2717,#2718,#2719,#2720));
#4836=EDGE_LOOP('',(#2721,#2722,#2723,#2724));
#4837=EDGE_LOOP('',(#2725,#2726,#2727,#2728));
#4838=EDGE_LOOP('',(#2729,#2730,#2731,#2732));
#4839=EDGE_LOOP('',(#2733,#2734,#2735,#2736));
#4840=EDGE_LOOP('',(#2737,#2738,#2739,#2740));
#4841=EDGE_LOOP('',(#2741,#2742,#2743,#2744));
#4842=EDGE_LOOP('',(#2745,#2746,#2747,#2748));
#4843=EDGE_LOOP('',(#2749,#2750,#2751,#2752));
#4844=EDGE_LOOP('',(#2753,#2754,#2755,#2756));
#4845=EDGE_LOOP('',(#2757,#2758,#2759,#2760));
#4846=EDGE_LOOP('',(#2761,#2762,#2763,#2764));
#4847=EDGE_LOOP('',(#2765,#2766,#2767,#2768));
#4848=EDGE_LOOP('',(#2769,#2770,#2771,#2772));
#4849=EDGE_LOOP('',(#2773,#2774,#2775,#2776));
#4850=EDGE_LOOP('',(#2777,#2778,#2779,#2780));
#4851=EDGE_LOOP('',(#2781,#2782,#2783,#2784));
#4852=EDGE_LOOP('',(#2785,#2786,#2787,#2788));
#4853=EDGE_LOOP('',(#2789,#2790,#2791,#2792));
#4854=EDGE_LOOP('',(#2793));
#4855=EDGE_LOOP('',(#2794));
#4856=EDGE_LOOP('',(#2795,#2796,#2797,#2798));
#4857=EDGE_LOOP('',(#2799,#2800,#2801,#2802));
#4858=EDGE_LOOP('',(#2803,#2804,#2805,#2806));
#4859=EDGE_LOOP('',(#2807,#2808,#2809,#2810));
#4860=EDGE_LOOP('',(#2811,#2812,#2813,#2814));
#4861=EDGE_LOOP('',(#2815,#2816,#2817,#2818));
#4862=EDGE_LOOP('',(#2819,#2820,#2821,#2822));
#4863=EDGE_LOOP('',(#2823,#2824,#2825,#2826));
#4864=EDGE_LOOP('',(#2827));
#4865=EDGE_LOOP('',(#2828));
#4866=EDGE_LOOP('',(#2829,#2830,#2831,#2832));
#4867=EDGE_LOOP('',(#2833,#2834,#2835,#2836));
#4868=EDGE_LOOP('',(#2837,#2838,#2839,#2840));
#4869=EDGE_LOOP('',(#2841,#2842,#2843,#2844));
#4870=EDGE_LOOP('',(#2845,#2846,#2847,#2848));
#4871=EDGE_LOOP('',(#2849,#2850,#2851,#2852));
#4872=EDGE_LOOP('',(#2853,#2854,#2855,#2856));
#4873=EDGE_LOOP('',(#2857,#2858,#2859,#2860));
#4874=EDGE_LOOP('',(#2861));
#4875=EDGE_LOOP('',(#2862));
#4876=EDGE_LOOP('',(#2863,#2864,#2865,#2866));
#4877=EDGE_LOOP('',(#2867,#2868,#2869,#2870));
#4878=EDGE_LOOP('',(#2871,#2872,#2873,#2874));
#4879=EDGE_LOOP('',(#2875,#2876,#2877,#2878));
#4880=EDGE_LOOP('',(#2879,#2880,#2881,#2882));
#4881=EDGE_LOOP('',(#2883,#2884,#2885,#2886));
#4882=EDGE_LOOP('',(#2887,#2888,#2889,#2890));
#4883=EDGE_LOOP('',(#2891,#2892,#2893,#2894));
#4884=EDGE_LOOP('',(#2895));
#4885=EDGE_LOOP('',(#2896));
#4886=FACE_BOUND('',#4472,.T.);
#4887=FACE_BOUND('',#4473,.T.);
#4888=FACE_BOUND('',#4474,.T.);
#4889=FACE_BOUND('',#4475,.T.);
#4890=FACE_BOUND('',#4476,.T.);
#4891=FACE_BOUND('',#4477,.T.);
#4892=FACE_BOUND('',#4478,.T.);
#4893=FACE_BOUND('',#4479,.T.);
#4894=FACE_BOUND('',#4480,.T.);
#4895=FACE_BOUND('',#4481,.T.);
#4896=FACE_BOUND('',#4482,.T.);
#4897=FACE_BOUND('',#4483,.T.);
#4898=FACE_BOUND('',#4484,.T.);
#4899=FACE_BOUND('',#4485,.T.);
#4900=FACE_BOUND('',#4486,.T.);
#4901=FACE_BOUND('',#4487,.T.);
#4902=FACE_BOUND('',#4488,.T.);
#4903=FACE_BOUND('',#4489,.T.);
#4904=FACE_BOUND('',#4490,.T.);
#4905=FACE_BOUND('',#4491,.T.);
#4906=FACE_BOUND('',#4492,.T.);
#4907=FACE_BOUND('',#4493,.T.);
#4908=FACE_BOUND('',#4494,.T.);
#4909=FACE_BOUND('',#4495,.T.);
#4910=FACE_BOUND('',#4496,.T.);
#4911=FACE_BOUND('',#4497,.T.);
#4912=FACE_BOUND('',#4498,.T.);
#4913=FACE_BOUND('',#4499,.T.);
#4914=FACE_BOUND('',#4500,.T.);
#4915=FACE_BOUND('',#4501,.T.);
#4916=FACE_BOUND('',#4502,.T.);
#4917=FACE_BOUND('',#4503,.T.);
#4918=FACE_BOUND('',#4504,.T.);
#4919=FACE_BOUND('',#4505,.T.);
#4920=FACE_BOUND('',#4506,.T.);
#4921=FACE_BOUND('',#4507,.T.);
#4922=FACE_BOUND('',#4508,.T.);
#4923=FACE_BOUND('',#4509,.T.);
#4924=FACE_BOUND('',#4510,.T.);
#4925=FACE_BOUND('',#4511,.T.);
#4926=FACE_BOUND('',#4512,.T.);
#4927=FACE_BOUND('',#4513,.T.);
#4928=FACE_BOUND('',#4514,.T.);
#4929=FACE_BOUND('',#4515,.T.);
#4930=FACE_BOUND('',#4516,.T.);
#4931=FACE_BOUND('',#4517,.T.);
#4932=FACE_BOUND('',#4518,.T.);
#4933=FACE_BOUND('',#4519,.T.);
#4934=FACE_BOUND('',#4520,.T.);
#4935=FACE_BOUND('',#4521,.T.);
#4936=FACE_BOUND('',#4522,.T.);
#4937=FACE_BOUND('',#4523,.T.);
#4938=FACE_BOUND('',#4524,.T.);
#4939=FACE_BOUND('',#4525,.T.);
#4940=FACE_BOUND('',#4526,.T.);
#4941=FACE_BOUND('',#4527,.T.);
#4942=FACE_BOUND('',#4528,.T.);
#4943=FACE_BOUND('',#4529,.T.);
#4944=FACE_BOUND('',#4530,.T.);
#4945=FACE_BOUND('',#4531,.T.);
#4946=FACE_BOUND('',#4532,.T.);
#4947=FACE_BOUND('',#4533,.T.);
#4948=FACE_BOUND('',#4534,.T.);
#4949=FACE_BOUND('',#4535,.T.);
#4950=FACE_BOUND('',#4536,.T.);
#4951=FACE_BOUND('',#4537,.T.);
#4952=FACE_BOUND('',#4538,.T.);
#4953=FACE_BOUND('',#4539,.T.);
#4954=FACE_BOUND('',#4540,.T.);
#4955=FACE_BOUND('',#4541,.T.);
#4956=FACE_BOUND('',#4542,.T.);
#4957=FACE_BOUND('',#4543,.T.);
#4958=FACE_BOUND('',#4544,.T.);
#4959=FACE_BOUND('',#4545,.T.);
#4960=FACE_BOUND('',#4546,.T.);
#4961=FACE_BOUND('',#4547,.T.);
#4962=FACE_BOUND('',#4548,.T.);
#4963=FACE_BOUND('',#4549,.T.);
#4964=FACE_BOUND('',#4550,.T.);
#4965=FACE_BOUND('',#4551,.T.);
#4966=FACE_BOUND('',#4552,.T.);
#4967=FACE_BOUND('',#4553,.T.);
#4968=FACE_BOUND('',#4554,.T.);
#4969=FACE_BOUND('',#4555,.T.);
#4970=FACE_BOUND('',#4556,.T.);
#4971=FACE_BOUND('',#4557,.T.);
#4972=FACE_BOUND('',#4558,.T.);
#4973=FACE_BOUND('',#4559,.T.);
#4974=FACE_BOUND('',#4560,.T.);
#4975=FACE_BOUND('',#4561,.T.);
#4976=FACE_BOUND('',#4562,.T.);
#4977=FACE_BOUND('',#4563,.T.);
#4978=FACE_BOUND('',#4564,.T.);
#4979=FACE_BOUND('',#4565,.T.);
#4980=FACE_BOUND('',#4566,.T.);
#4981=FACE_BOUND('',#4567,.T.);
#4982=FACE_BOUND('',#4568,.T.);
#4983=FACE_BOUND('',#4569,.T.);
#4984=FACE_BOUND('',#4570,.T.);
#4985=FACE_BOUND('',#4571,.T.);
#4986=FACE_BOUND('',#4572,.T.);
#4987=FACE_BOUND('',#4573,.T.);
#4988=FACE_BOUND('',#4574,.T.);
#4989=FACE_BOUND('',#4575,.T.);
#4990=FACE_BOUND('',#4576,.T.);
#4991=FACE_BOUND('',#4577,.T.);
#4992=FACE_BOUND('',#4578,.T.);
#4993=FACE_BOUND('',#4579,.T.);
#4994=FACE_BOUND('',#4580,.T.);
#4995=FACE_BOUND('',#4581,.T.);
#4996=FACE_BOUND('',#4582,.T.);
#4997=FACE_BOUND('',#4583,.T.);
#4998=FACE_BOUND('',#4584,.T.);
#4999=FACE_BOUND('',#4585,.T.);
#5000=FACE_BOUND('',#4586,.T.);
#5001=FACE_BOUND('',#4587,.T.);
#5002=FACE_BOUND('',#4588,.T.);
#5003=FACE_BOUND('',#4589,.T.);
#5004=FACE_BOUND('',#4590,.T.);
#5005=FACE_BOUND('',#4591,.T.);
#5006=FACE_BOUND('',#4592,.T.);
#5007=FACE_BOUND('',#4593,.T.);
#5008=FACE_BOUND('',#4594,.T.);
#5009=FACE_BOUND('',#4595,.T.);
#5010=FACE_BOUND('',#4596,.T.);
#5011=FACE_BOUND('',#4597,.T.);
#5012=FACE_BOUND('',#4598,.T.);
#5013=FACE_BOUND('',#4599,.T.);
#5014=FACE_BOUND('',#4600,.T.);
#5015=FACE_BOUND('',#4601,.T.);
#5016=FACE_BOUND('',#4602,.T.);
#5017=FACE_BOUND('',#4603,.T.);
#5018=FACE_BOUND('',#4604,.T.);
#5019=FACE_BOUND('',#4605,.T.);
#5020=FACE_BOUND('',#4606,.T.);
#5021=FACE_BOUND('',#4607,.T.);
#5022=FACE_BOUND('',#4608,.T.);
#5023=FACE_BOUND('',#4609,.T.);
#5024=FACE_BOUND('',#4610,.T.);
#5025=FACE_BOUND('',#4611,.T.);
#5026=FACE_BOUND('',#4612,.T.);
#5027=FACE_BOUND('',#4613,.T.);
#5028=FACE_BOUND('',#4614,.T.);
#5029=FACE_BOUND('',#4615,.T.);
#5030=FACE_BOUND('',#4616,.T.);
#5031=FACE_BOUND('',#4617,.T.);
#5032=FACE_BOUND('',#4618,.T.);
#5033=FACE_BOUND('',#4619,.T.);
#5034=FACE_BOUND('',#4620,.T.);
#5035=FACE_BOUND('',#4621,.T.);
#5036=FACE_BOUND('',#4622,.T.);
#5037=FACE_BOUND('',#4623,.T.);
#5038=FACE_BOUND('',#4624,.T.);
#5039=FACE_BOUND('',#4625,.T.);
#5040=FACE_BOUND('',#4626,.T.);
#5041=FACE_BOUND('',#4627,.T.);
#5042=FACE_BOUND('',#4628,.T.);
#5043=FACE_BOUND('',#4629,.T.);
#5044=FACE_BOUND('',#4630,.T.);
#5045=FACE_BOUND('',#4631,.T.);
#5046=FACE_BOUND('',#4632,.T.);
#5047=FACE_BOUND('',#4633,.T.);
#5048=FACE_BOUND('',#4634,.T.);
#5049=FACE_BOUND('',#4635,.T.);
#5050=FACE_BOUND('',#4636,.T.);
#5051=FACE_BOUND('',#4637,.T.);
#5052=FACE_BOUND('',#4638,.T.);
#5053=FACE_BOUND('',#4639,.T.);
#5054=FACE_BOUND('',#4640,.T.);
#5055=FACE_BOUND('',#4641,.T.);
#5056=FACE_BOUND('',#4642,.T.);
#5057=FACE_BOUND('',#4643,.T.);
#5058=FACE_BOUND('',#4644,.T.);
#5059=FACE_BOUND('',#4645,.T.);
#5060=FACE_BOUND('',#4646,.T.);
#5061=FACE_BOUND('',#4647,.T.);
#5062=FACE_BOUND('',#4648,.T.);
#5063=FACE_BOUND('',#4649,.T.);
#5064=FACE_BOUND('',#4650,.T.);
#5065=FACE_BOUND('',#4651,.T.);
#5066=FACE_BOUND('',#4652,.T.);
#5067=FACE_BOUND('',#4653,.T.);
#5068=FACE_BOUND('',#4654,.T.);
#5069=FACE_BOUND('',#4655,.T.);
#5070=FACE_BOUND('',#4656,.T.);
#5071=FACE_BOUND('',#4657,.T.);
#5072=FACE_BOUND('',#4658,.T.);
#5073=FACE_BOUND('',#4659,.T.);
#5074=FACE_BOUND('',#4660,.T.);
#5075=FACE_BOUND('',#4661,.T.);
#5076=FACE_BOUND('',#4662,.T.);
#5077=FACE_BOUND('',#4663,.T.);
#5078=FACE_BOUND('',#4664,.T.);
#5079=FACE_BOUND('',#4665,.T.);
#5080=FACE_BOUND('',#4666,.T.);
#5081=FACE_BOUND('',#4667,.T.);
#5082=FACE_BOUND('',#4668,.T.);
#5083=FACE_BOUND('',#4669,.T.);
#5084=FACE_BOUND('',#4670,.T.);
#5085=FACE_BOUND('',#4671,.T.);
#5086=FACE_BOUND('',#4672,.T.);
#5087=FACE_BOUND('',#4673,.T.);
#5088=FACE_BOUND('',#4674,.T.);
#5089=FACE_BOUND('',#4675,.T.);
#5090=FACE_BOUND('',#4676,.T.);
#5091=FACE_BOUND('',#4677,.T.);
#5092=FACE_BOUND('',#4678,.T.);
#5093=FACE_BOUND('',#4679,.T.);
#5094=FACE_BOUND('',#4680,.T.);
#5095=FACE_BOUND('',#4681,.T.);
#5096=FACE_BOUND('',#4682,.T.);
#5097=FACE_BOUND('',#4683,.T.);
#5098=FACE_BOUND('',#4684,.T.);
#5099=FACE_BOUND('',#4685,.T.);
#5100=FACE_BOUND('',#4686,.T.);
#5101=FACE_BOUND('',#4687,.T.);
#5102=FACE_BOUND('',#4688,.T.);
#5103=FACE_BOUND('',#4689,.T.);
#5104=FACE_BOUND('',#4690,.T.);
#5105=FACE_BOUND('',#4691,.T.);
#5106=FACE_BOUND('',#4692,.T.);
#5107=FACE_BOUND('',#4693,.T.);
#5108=FACE_BOUND('',#4694,.T.);
#5109=FACE_BOUND('',#4695,.T.);
#5110=FACE_BOUND('',#4696,.T.);
#5111=FACE_BOUND('',#4697,.T.);
#5112=FACE_BOUND('',#4698,.T.);
#5113=FACE_BOUND('',#4699,.T.);
#5114=FACE_BOUND('',#4700,.T.);
#5115=FACE_BOUND('',#4701,.T.);
#5116=FACE_BOUND('',#4702,.T.);
#5117=FACE_BOUND('',#4703,.T.);
#5118=FACE_BOUND('',#4704,.T.);
#5119=FACE_BOUND('',#4705,.T.);
#5120=FACE_BOUND('',#4706,.T.);
#5121=FACE_BOUND('',#4707,.T.);
#5122=FACE_BOUND('',#4708,.T.);
#5123=FACE_BOUND('',#4709,.T.);
#5124=FACE_BOUND('',#4710,.T.);
#5125=FACE_BOUND('',#4711,.T.);
#5126=FACE_BOUND('',#4712,.T.);
#5127=FACE_BOUND('',#4713,.T.);
#5128=FACE_BOUND('',#4714,.T.);
#5129=FACE_BOUND('',#4715,.T.);
#5130=FACE_BOUND('',#4716,.T.);
#5131=FACE_BOUND('',#4717,.T.);
#5132=FACE_BOUND('',#4718,.T.);
#5133=FACE_BOUND('',#4719,.T.);
#5134=FACE_BOUND('',#4720,.T.);
#5135=FACE_BOUND('',#4721,.T.);
#5136=FACE_BOUND('',#4722,.T.);
#5137=FACE_BOUND('',#4723,.T.);
#5138=FACE_BOUND('',#4724,.T.);
#5139=FACE_BOUND('',#4725,.T.);
#5140=FACE_BOUND('',#4726,.T.);
#5141=FACE_BOUND('',#4727,.T.);
#5142=FACE_BOUND('',#4728,.T.);
#5143=FACE_BOUND('',#4729,.T.);
#5144=FACE_BOUND('',#4730,.T.);
#5145=FACE_BOUND('',#4731,.T.);
#5146=FACE_BOUND('',#4732,.T.);
#5147=FACE_BOUND('',#4733,.T.);
#5148=FACE_BOUND('',#4734,.T.);
#5149=FACE_BOUND('',#4735,.T.);
#5150=FACE_BOUND('',#4736,.T.);
#5151=FACE_BOUND('',#4737,.T.);
#5152=FACE_BOUND('',#4738,.T.);
#5153=FACE_BOUND('',#4739,.T.);
#5154=FACE_BOUND('',#4740,.T.);
#5155=FACE_BOUND('',#4741,.T.);
#5156=FACE_BOUND('',#4742,.T.);
#5157=FACE_BOUND('',#4743,.T.);
#5158=FACE_BOUND('',#4744,.T.);
#5159=FACE_BOUND('',#4745,.T.);
#5160=FACE_BOUND('',#4746,.T.);
#5161=FACE_BOUND('',#4747,.T.);
#5162=FACE_BOUND('',#4748,.T.);
#5163=FACE_BOUND('',#4749,.T.);
#5164=FACE_BOUND('',#4750,.T.);
#5165=FACE_BOUND('',#4751,.T.);
#5166=FACE_BOUND('',#4752,.T.);
#5167=FACE_BOUND('',#4753,.T.);
#5168=FACE_BOUND('',#4754,.T.);
#5169=FACE_BOUND('',#4755,.T.);
#5170=FACE_BOUND('',#4756,.T.);
#5171=FACE_BOUND('',#4757,.T.);
#5172=FACE_BOUND('',#4758,.T.);
#5173=FACE_BOUND('',#4759,.T.);
#5174=FACE_BOUND('',#4760,.T.);
#5175=FACE_BOUND('',#4761,.T.);
#5176=FACE_BOUND('',#4762,.T.);
#5177=FACE_BOUND('',#4763,.T.);
#5178=FACE_BOUND('',#4764,.T.);
#5179=FACE_BOUND('',#4765,.T.);
#5180=FACE_BOUND('',#4766,.T.);
#5181=FACE_BOUND('',#4767,.T.);
#5182=FACE_BOUND('',#4768,.T.);
#5183=FACE_BOUND('',#4769,.T.);
#5184=FACE_BOUND('',#4770,.T.);
#5185=FACE_BOUND('',#4771,.T.);
#5186=FACE_BOUND('',#4772,.T.);
#5187=FACE_BOUND('',#4773,.T.);
#5188=FACE_BOUND('',#4774,.T.);
#5189=FACE_BOUND('',#4775,.T.);
#5190=FACE_BOUND('',#4776,.T.);
#5191=FACE_BOUND('',#4777,.T.);
#5192=FACE_BOUND('',#4778,.T.);
#5193=FACE_BOUND('',#4779,.T.);
#5194=FACE_BOUND('',#4780,.T.);
#5195=FACE_BOUND('',#4781,.T.);
#5196=FACE_BOUND('',#4782,.T.);
#5197=FACE_BOUND('',#4783,.T.);
#5198=FACE_BOUND('',#4784,.T.);
#5199=FACE_BOUND('',#4785,.T.);
#5200=FACE_BOUND('',#4786,.T.);
#5201=FACE_BOUND('',#4787,.T.);
#5202=FACE_BOUND('',#4788,.T.);
#5203=FACE_BOUND('',#4789,.T.);
#5204=FACE_BOUND('',#4790,.T.);
#5205=FACE_BOUND('',#4791,.T.);
#5206=FACE_BOUND('',#4792,.T.);
#5207=FACE_BOUND('',#4793,.T.);
#5208=FACE_BOUND('',#4794,.T.);
#5209=FACE_BOUND('',#4795,.T.);
#5210=FACE_BOUND('',#4796,.T.);
#5211=FACE_BOUND('',#4797,.T.);
#5212=FACE_BOUND('',#4798,.T.);
#5213=FACE_BOUND('',#4799,.T.);
#5214=FACE_BOUND('',#4800,.T.);
#5215=FACE_BOUND('',#4801,.T.);
#5216=FACE_BOUND('',#4802,.T.);
#5217=FACE_BOUND('',#4803,.T.);
#5218=FACE_BOUND('',#4804,.T.);
#5219=FACE_BOUND('',#4805,.T.);
#5220=FACE_BOUND('',#4806,.T.);
#5221=FACE_BOUND('',#4807,.T.);
#5222=FACE_BOUND('',#4808,.T.);
#5223=FACE_BOUND('',#4809,.T.);
#5224=FACE_BOUND('',#4810,.T.);
#5225=FACE_BOUND('',#4811,.T.);
#5226=FACE_BOUND('',#4812,.T.);
#5227=FACE_BOUND('',#4813,.T.);
#5228=FACE_BOUND('',#4814,.T.);
#5229=FACE_BOUND('',#4815,.T.);
#5230=FACE_BOUND('',#4816,.T.);
#5231=FACE_BOUND('',#4817,.T.);
#5232=FACE_BOUND('',#4818,.T.);
#5233=FACE_BOUND('',#4819,.T.);
#5234=FACE_BOUND('',#4820,.T.);
#5235=FACE_BOUND('',#4821,.T.);
#5236=FACE_BOUND('',#4822,.T.);
#5237=FACE_BOUND('',#4823,.T.);
#5238=FACE_BOUND('',#4824,.T.);
#5239=FACE_BOUND('',#4825,.T.);
#5240=FACE_BOUND('',#4826,.T.);
#5241=FACE_BOUND('',#4827,.T.);
#5242=FACE_BOUND('',#4828,.T.);
#5243=FACE_BOUND('',#4829,.T.);
#5244=FACE_BOUND('',#4830,.T.);
#5245=FACE_BOUND('',#4831,.T.);
#5246=FACE_BOUND('',#4832,.T.);
#5247=FACE_BOUND('',#4833,.T.);
#5248=FACE_BOUND('',#4834,.T.);
#5249=FACE_BOUND('',#4835,.T.);
#5250=FACE_BOUND('',#4836,.T.);
#5251=FACE_BOUND('',#4837,.T.);
#5252=FACE_BOUND('',#4838,.T.);
#5253=FACE_BOUND('',#4839,.T.);
#5254=FACE_BOUND('',#4840,.T.);
#5255=FACE_BOUND('',#4841,.T.);
#5256=FACE_BOUND('',#4842,.T.);
#5257=FACE_BOUND('',#4843,.T.);
#5258=FACE_BOUND('',#4844,.T.);
#5259=FACE_BOUND('',#4845,.T.);
#5260=FACE_BOUND('',#4846,.T.);
#5261=FACE_BOUND('',#4847,.T.);
#5262=FACE_BOUND('',#4848,.T.);
#5263=FACE_BOUND('',#4849,.T.);
#5264=FACE_BOUND('',#4850,.T.);
#5265=FACE_BOUND('',#4851,.T.);
#5266=FACE_BOUND('',#4852,.T.);
#5267=FACE_BOUND('',#4853,.T.);
#5268=FACE_BOUND('',#4854,.T.);
#5269=FACE_BOUND('',#4855,.T.);
#5270=FACE_BOUND('',#4856,.T.);
#5271=FACE_BOUND('',#4857,.T.);
#5272=FACE_BOUND('',#4858,.T.);
#5273=FACE_BOUND('',#4859,.T.);
#5274=FACE_BOUND('',#4860,.T.);
#5275=FACE_BOUND('',#4861,.T.);
#5276=FACE_BOUND('',#4862,.T.);
#5277=FACE_BOUND('',#4863,.T.);
#5278=FACE_BOUND('',#4864,.T.);
#5279=FACE_BOUND('',#4865,.T.);
#5280=FACE_BOUND('',#4866,.T.);
#5281=FACE_BOUND('',#4867,.T.);
#5282=FACE_BOUND('',#4868,.T.);
#5283=FACE_BOUND('',#4869,.T.);
#5284=FACE_BOUND('',#4870,.T.);
#5285=FACE_BOUND('',#4871,.T.);
#5286=FACE_BOUND('',#4872,.T.);
#5287=FACE_BOUND('',#4873,.T.);
#5288=FACE_BOUND('',#4874,.T.);
#5289=FACE_BOUND('',#4875,.T.);
#5290=FACE_BOUND('',#4876,.T.);
#5291=FACE_BOUND('',#4877,.T.);
#5292=FACE_BOUND('',#4878,.T.);
#5293=FACE_BOUND('',#4879,.T.);
#5294=FACE_BOUND('',#4880,.T.);
#5295=FACE_BOUND('',#4881,.T.);
#5296=FACE_BOUND('',#4882,.T.);
#5297=FACE_BOUND('',#4883,.T.);
#5298=FACE_BOUND('',#4884,.T.);
#5299=FACE_BOUND('',#4885,.T.);
#5300=PLANE('',#5806);
#5301=PLANE('',#5812);
#5302=PLANE('',#5818);
#5303=PLANE('',#5824);
#5304=PLANE('',#5848);
#5305=PLANE('',#5854);
#5306=PLANE('',#5879);
#5307=PLANE('',#5880);
#5308=PLANE('',#5889);
#5309=PLANE('',#5890);
#5310=PLANE('',#5891);
#5311=PLANE('',#5892);
#5312=PLANE('',#5893);
#5313=PLANE('',#5897);
#5314=PLANE('',#5901);
#5315=PLANE('',#5905);
#5316=PLANE('',#5909);
#5317=PLANE('',#5913);
#5318=PLANE('',#5917);
#5319=PLANE('',#5921);
#5320=PLANE('',#5925);
#5321=PLANE('',#5929);
#5322=PLANE('',#5933);
#5323=PLANE('',#5937);
#5324=PLANE('',#5941);
#5325=PLANE('',#5945);
#5326=PLANE('',#5949);
#5327=PLANE('',#5953);
#5328=PLANE('',#5957);
#5329=PLANE('',#5961);
#5330=PLANE('',#5965);
#5331=PLANE('',#5969);
#5332=PLANE('',#5989);
#5333=PLANE('',#5990);
#5334=PLANE('',#5991);
#5335=PLANE('',#5992);
#5336=PLANE('',#5993);
#5337=PLANE('',#5994);
#5338=PLANE('',#6016);
#5339=PLANE('',#6019);
#5340=PLANE('',#6020);
#5341=PLANE('',#6023);
#5342=PLANE('',#6024);
#5343=PLANE('',#6026);
#5344=PLANE('',#6027);
#5345=PLANE('',#6030);
#5346=PLANE('',#6031);
#5347=PLANE('',#6034);
#5348=PLANE('',#6035);
#5349=PLANE('',#6038);
#5350=PLANE('',#6039);
#5351=PLANE('',#6042);
#5352=PLANE('',#6043);
#5353=PLANE('',#6046);
#5354=PLANE('',#6047);
#5355=PLANE('',#6049);
#5356=PLANE('',#6050);
#5357=PLANE('',#6053);
#5358=PLANE('',#6054);
#5359=PLANE('',#6057);
#5360=PLANE('',#6058);
#5361=PLANE('',#6061);
#5362=PLANE('',#6062);
#5363=PLANE('',#6063);
#5364=PLANE('',#6064);
#5365=PLANE('',#6065);
#5366=PLANE('',#6066);
#5367=PLANE('',#6067);
#5368=PLANE('',#6068);
#5369=PLANE('',#6072);
#5370=PLANE('',#6073);
#5371=PLANE('',#6074);
#5372=PLANE('',#6075);
#5373=PLANE('',#6076);
#5374=PLANE('',#6077);
#5375=PLANE('',#6078);
#5376=PLANE('',#6079);
#5377=PLANE('',#6080);
#5378=PLANE('',#6081);
#5379=PLANE('',#6082);
#5380=PLANE('',#6083);
#5381=PLANE('',#6084);
#5382=PLANE('',#6085);
#5383=PLANE('',#6086);
#5384=PLANE('',#6087);
#5385=PLANE('',#6088);
#5386=PLANE('',#6089);
#5387=PLANE('',#6090);
#5388=PLANE('',#6091);
#5389=PLANE('',#6092);
#5390=PLANE('',#6093);
#5391=PLANE('',#6094);
#5392=PLANE('',#6095);
#5393=PLANE('',#6096);
#5394=PLANE('',#6097);
#5395=PLANE('',#6098);
#5396=PLANE('',#6099);
#5397=PLANE('',#6100);
#5398=PLANE('',#6101);
#5399=PLANE('',#6102);
#5400=PLANE('',#6103);
#5401=PLANE('',#6104);
#5402=PLANE('',#6105);
#5403=PLANE('',#6106);
#5404=PLANE('',#6107);
#5405=PLANE('',#6108);
#5406=PLANE('',#6109);
#5407=PLANE('',#6110);
#5408=PLANE('',#6111);
#5409=PLANE('',#6112);
#5410=PLANE('',#6113);
#5411=PLANE('',#6114);
#5412=PLANE('',#6119);
#5413=PLANE('',#6120);
#5414=PLANE('',#6121);
#5415=PLANE('',#6122);
#5416=PLANE('',#6123);
#5417=PLANE('',#6124);
#5418=PLANE('',#6125);
#5419=PLANE('',#6126);
#5420=PLANE('',#6127);
#5421=PLANE('',#6128);
#5422=PLANE('',#6129);
#5423=PLANE('',#6130);
#5424=PLANE('',#6131);
#5425=PLANE('',#6132);
#5426=PLANE('',#6136);
#5427=PLANE('',#6137);
#5428=PLANE('',#6138);
#5429=PLANE('',#6139);
#5430=PLANE('',#6140);
#5431=PLANE('',#6141);
#5432=PLANE('',#6142);
#5433=PLANE('',#6143);
#5434=PLANE('',#6144);
#5435=PLANE('',#6145);
#5436=PLANE('',#6146);
#5437=PLANE('',#6147);
#5438=PLANE('',#6148);
#5439=PLANE('',#6149);
#5440=PLANE('',#6154);
#5441=PLANE('',#6159);
#5442=PLANE('',#6164);
#5443=PLANE('',#6165);
#5444=PLANE('',#6166);
#5445=PLANE('',#6172);
#5446=PLANE('',#6178);
#5447=PLANE('',#6184);
#5448=ADVANCED_FACE('',(#4886,#4887,#4888,#4889),#5300,.T.);
#5449=ADVANCED_FACE('',(#4890,#4891,#4892,#4893),#5301,.T.);
#5450=ADVANCED_FACE('',(#4894,#4895,#4896,#4897),#5302,.T.);
#5451=ADVANCED_FACE('',(#4898,#4899,#4900,#4901,#4902,#4903,#4904,#4905,
#4906,#4907,#4908),#5303,.T.);
#5452=ADVANCED_FACE('',(#4909,#4910,#4911,#4912),#5304,.T.);
#5453=ADVANCED_FACE('',(#4913,#4914,#4915,#4916,#4917,#4918,#4919,#4920,
#4921,#4922,#4923,#4924,#4925,#4926),#5305,.F.);
#5454=ADVANCED_FACE('',(#4927),#5306,.F.);
#5455=ADVANCED_FACE('',(#4928),#5307,.T.);
#5456=ADVANCED_FACE('',(#4929,#4930),#120,.T.);
#5457=ADVANCED_FACE('',(#4931,#4932),#121,.T.);
#5458=ADVANCED_FACE('',(#4933,#4934),#122,.T.);
#5459=ADVANCED_FACE('',(#4935,#4936),#123,.T.);
#5460=ADVANCED_FACE('',(#4937),#5308,.T.);
#5461=ADVANCED_FACE('',(#4938),#5309,.F.);
#5462=ADVANCED_FACE('',(#4939),#5310,.F.);
#5463=ADVANCED_FACE('',(#4940),#5311,.T.);
#5464=ADVANCED_FACE('',(#4941),#5312,.T.);
#5465=ADVANCED_FACE('',(#4942),#124,.F.);
#5466=ADVANCED_FACE('',(#4943),#5313,.F.);
#5467=ADVANCED_FACE('',(#4944),#125,.F.);
#5468=ADVANCED_FACE('',(#4945),#5314,.T.);
#5469=ADVANCED_FACE('',(#4946),#126,.F.);
#5470=ADVANCED_FACE('',(#4947),#5315,.F.);
#5471=ADVANCED_FACE('',(#4948),#127,.F.);
#5472=ADVANCED_FACE('',(#4949),#5316,.T.);
#5473=ADVANCED_FACE('',(#4950),#128,.F.);
#5474=ADVANCED_FACE('',(#4951),#5317,.F.);
#5475=ADVANCED_FACE('',(#4952),#129,.F.);
#5476=ADVANCED_FACE('',(#4953),#5318,.T.);
#5477=ADVANCED_FACE('',(#4954),#130,.F.);
#5478=ADVANCED_FACE('',(#4955),#5319,.F.);
#5479=ADVANCED_FACE('',(#4956),#131,.F.);
#5480=ADVANCED_FACE('',(#4957),#5320,.T.);
#5481=ADVANCED_FACE('',(#4958),#132,.F.);
#5482=ADVANCED_FACE('',(#4959),#5321,.F.);
#5483=ADVANCED_FACE('',(#4960),#133,.F.);
#5484=ADVANCED_FACE('',(#4961),#5322,.T.);
#5485=ADVANCED_FACE('',(#4962),#134,.F.);
#5486=ADVANCED_FACE('',(#4963),#5323,.F.);
#5487=ADVANCED_FACE('',(#4964),#135,.F.);
#5488=ADVANCED_FACE('',(#4965),#5324,.T.);
#5489=ADVANCED_FACE('',(#4966),#136,.F.);
#5490=ADVANCED_FACE('',(#4967),#5325,.F.);
#5491=ADVANCED_FACE('',(#4968),#137,.F.);
#5492=ADVANCED_FACE('',(#4969),#5326,.T.);
#5493=ADVANCED_FACE('',(#4970),#138,.F.);
#5494=ADVANCED_FACE('',(#4971),#5327,.F.);
#5495=ADVANCED_FACE('',(#4972),#139,.F.);
#5496=ADVANCED_FACE('',(#4973),#5328,.T.);
#5497=ADVANCED_FACE('',(#4974),#140,.F.);
#5498=ADVANCED_FACE('',(#4975),#5329,.F.);
#5499=ADVANCED_FACE('',(#4976),#141,.F.);
#5500=ADVANCED_FACE('',(#4977),#5330,.T.);
#5501=ADVANCED_FACE('',(#4978),#142,.F.);
#5502=ADVANCED_FACE('',(#4979),#5331,.F.);
#5503=ADVANCED_FACE('',(#4980),#143,.F.);
#5504=ADVANCED_FACE('',(#4981),#144,.T.);
#5505=ADVANCED_FACE('',(#4982),#145,.T.);
#5506=ADVANCED_FACE('',(#4983),#146,.T.);
#5507=ADVANCED_FACE('',(#4984),#147,.T.);
#5508=ADVANCED_FACE('',(#4985,#4986),#148,.F.);
#5509=ADVANCED_FACE('',(#4987,#4988),#149,.F.);
#5510=ADVANCED_FACE('',(#4989,#4990),#150,.F.);
#5511=ADVANCED_FACE('',(#4991,#4992),#151,.F.);
#5512=ADVANCED_FACE('',(#4993),#5332,.T.);
#5513=ADVANCED_FACE('',(#4994),#5333,.F.);
#5514=ADVANCED_FACE('',(#4995),#5334,.T.);
#5515=ADVANCED_FACE('',(#4996),#5335,.F.);
#5516=ADVANCED_FACE('',(#4997),#5336,.F.);
#5517=ADVANCED_FACE('',(#4998),#5337,.F.);
#5518=ADVANCED_FACE('',(#4999),#152,.F.);
#5519=ADVANCED_FACE('',(#5000),#153,.T.);
#5520=ADVANCED_FACE('',(#5001),#154,.F.);
#5521=ADVANCED_FACE('',(#5002),#155,.T.);
#5522=ADVANCED_FACE('',(#5003),#156,.F.);
#5523=ADVANCED_FACE('',(#5004),#157,.T.);
#5524=ADVANCED_FACE('',(#5005),#158,.T.);
#5525=ADVANCED_FACE('',(#5006),#5338,.F.);
#5526=ADVANCED_FACE('',(#5007),#98,.T.);
#5527=ADVANCED_FACE('',(#5008),#99,.T.);
#5528=ADVANCED_FACE('',(#5009),#5339,.F.);
#5529=ADVANCED_FACE('',(#5010),#5340,.T.);
#5530=ADVANCED_FACE('',(#5011),#100,.T.);
#5531=ADVANCED_FACE('',(#5012),#101,.T.);
#5532=ADVANCED_FACE('',(#5013),#5341,.T.);
#5533=ADVANCED_FACE('',(#5014),#5342,.F.);
#5534=ADVANCED_FACE('',(#5015),#102,.F.);
#5535=ADVANCED_FACE('',(#5016),#5343,.F.);
#5536=ADVANCED_FACE('',(#5017),#5344,.T.);
#5537=ADVANCED_FACE('',(#5018),#103,.F.);
#5538=ADVANCED_FACE('',(#5019),#104,.F.);
#5539=ADVANCED_FACE('',(#5020),#5345,.T.);
#5540=ADVANCED_FACE('',(#5021),#5346,.T.);
#5541=ADVANCED_FACE('',(#5022),#105,.T.);
#5542=ADVANCED_FACE('',(#5023),#106,.T.);
#5543=ADVANCED_FACE('',(#5024),#5347,.T.);
#5544=ADVANCED_FACE('',(#5025),#5348,.F.);
#5545=ADVANCED_FACE('',(#5026),#107,.T.);
#5546=ADVANCED_FACE('',(#5027),#108,.T.);
#5547=ADVANCED_FACE('',(#5028),#5349,.T.);
#5548=ADVANCED_FACE('',(#5029),#5350,.T.);
#5549=ADVANCED_FACE('',(#5030),#109,.T.);
#5550=ADVANCED_FACE('',(#5031),#110,.T.);
#5551=ADVANCED_FACE('',(#5032),#5351,.T.);
#5552=ADVANCED_FACE('',(#5033),#5352,.F.);
#5553=ADVANCED_FACE('',(#5034),#111,.T.);
#5554=ADVANCED_FACE('',(#5035),#112,.T.);
#5555=ADVANCED_FACE('',(#5036),#5353,.F.);
#5556=ADVANCED_FACE('',(#5037),#5354,.T.);
#5557=ADVANCED_FACE('',(#5038),#113,.F.);
#5558=ADVANCED_FACE('',(#5039),#5355,.T.);
#5559=ADVANCED_FACE('',(#5040),#5356,.F.);
#5560=ADVANCED_FACE('',(#5041),#114,.F.);
#5561=ADVANCED_FACE('',(#5042),#115,.F.);
#5562=ADVANCED_FACE('',(#5043),#5357,.F.);
#5563=ADVANCED_FACE('',(#5044),#5358,.F.);
#5564=ADVANCED_FACE('',(#5045),#116,.T.);
#5565=ADVANCED_FACE('',(#5046),#117,.T.);
#5566=ADVANCED_FACE('',(#5047),#5359,.F.);
#5567=ADVANCED_FACE('',(#5048),#5360,.T.);
#5568=ADVANCED_FACE('',(#5049),#118,.T.);
#5569=ADVANCED_FACE('',(#5050),#119,.T.);
#5570=ADVANCED_FACE('',(#5051),#5361,.F.);
#5571=ADVANCED_FACE('',(#5052),#56,.F.);
#5572=ADVANCED_FACE('',(#5053),#57,.F.);
#5573=ADVANCED_FACE('',(#5054),#58,.F.);
#5574=ADVANCED_FACE('',(#5055),#5362,.F.);
#5575=ADVANCED_FACE('',(#5056),#59,.F.);
#5576=ADVANCED_FACE('',(#5057),#60,.F.);
#5577=ADVANCED_FACE('',(#5058),#5363,.F.);
#5578=ADVANCED_FACE('',(#5059),#61,.F.);
#5579=ADVANCED_FACE('',(#5060),#62,.F.);
#5580=ADVANCED_FACE('',(#5061),#63,.F.);
#5581=ADVANCED_FACE('',(#5062),#5364,.F.);
#5582=ADVANCED_FACE('',(#5063),#64,.F.);
#5583=ADVANCED_FACE('',(#5064),#65,.F.);
#5584=ADVANCED_FACE('',(#5065),#66,.F.);
#5585=ADVANCED_FACE('',(#5066),#5365,.F.);
#5586=ADVANCED_FACE('',(#5067),#67,.F.);
#5587=ADVANCED_FACE('',(#5068),#5366,.T.);
#5588=ADVANCED_FACE('',(#5069),#5367,.F.);
#5589=ADVANCED_FACE('',(#5070),#5368,.F.);
#5590=ADVANCED_FACE('',(#5071),#159,.F.);
#5591=ADVANCED_FACE('',(#5072),#5369,.F.);
#5592=ADVANCED_FACE('',(#5073),#68,.F.);
#5593=ADVANCED_FACE('',(#5074),#5370,.F.);
#5594=ADVANCED_FACE('',(#5075),#5371,.F.);
#5595=ADVANCED_FACE('',(#5076),#5372,.F.);
#5596=ADVANCED_FACE('',(#5077),#5373,.F.);
#5597=ADVANCED_FACE('',(#5078),#5374,.F.);
#5598=ADVANCED_FACE('',(#5079),#5375,.F.);
#5599=ADVANCED_FACE('',(#5080),#5376,.F.);
#5600=ADVANCED_FACE('',(#5081),#5377,.F.);
#5601=ADVANCED_FACE('',(#5082),#5378,.F.);
#5602=ADVANCED_FACE('',(#5083),#5379,.F.);
#5603=ADVANCED_FACE('',(#5084),#5380,.F.);
#5604=ADVANCED_FACE('',(#5085),#5381,.F.);
#5605=ADVANCED_FACE('',(#5086,#5087),#5382,.T.);
#5606=ADVANCED_FACE('',(#5088),#5383,.F.);
#5607=ADVANCED_FACE('',(#5089),#5384,.F.);
#5608=ADVANCED_FACE('',(#5090),#5385,.F.);
#5609=ADVANCED_FACE('',(#5091),#5386,.F.);
#5610=ADVANCED_FACE('',(#5092),#69,.F.);
#5611=ADVANCED_FACE('',(#5093),#70,.F.);
#5612=ADVANCED_FACE('',(#5094),#71,.F.);
#5613=ADVANCED_FACE('',(#5095),#72,.F.);
#5614=ADVANCED_FACE('',(#5096),#5387,.F.);
#5615=ADVANCED_FACE('',(#5097),#73,.F.);
#5616=ADVANCED_FACE('',(#5098),#74,.F.);
#5617=ADVANCED_FACE('',(#5099),#75,.F.);
#5618=ADVANCED_FACE('',(#5100),#5388,.T.);
#5619=ADVANCED_FACE('',(#5101),#5389,.F.);
#5620=ADVANCED_FACE('',(#5102),#5390,.F.);
#5621=ADVANCED_FACE('',(#5103),#5391,.F.);
#5622=ADVANCED_FACE('',(#5104),#5392,.F.);
#5623=ADVANCED_FACE('',(#5105),#5393,.F.);
#5624=ADVANCED_FACE('',(#5106),#5394,.F.);
#5625=ADVANCED_FACE('',(#5107),#76,.F.);
#5626=ADVANCED_FACE('',(#5108),#5395,.F.);
#5627=ADVANCED_FACE('',(#5109),#5396,.F.);
#5628=ADVANCED_FACE('',(#5110),#5397,.F.);
#5629=ADVANCED_FACE('',(#5111),#5398,.F.);
#5630=ADVANCED_FACE('',(#5112),#5399,.T.);
#5631=ADVANCED_FACE('',(#5113),#5400,.F.);
#5632=ADVANCED_FACE('',(#5114),#5401,.F.);
#5633=ADVANCED_FACE('',(#5115),#5402,.F.);
#5634=ADVANCED_FACE('',(#5116),#5403,.F.);
#5635=ADVANCED_FACE('',(#5117),#5404,.F.);
#5636=ADVANCED_FACE('',(#5118),#5405,.F.);
#5637=ADVANCED_FACE('',(#5119),#5406,.F.);
#5638=ADVANCED_FACE('',(#5120),#77,.F.);
#5639=ADVANCED_FACE('',(#5121),#5407,.F.);
#5640=ADVANCED_FACE('',(#5122),#5408,.F.);
#5641=ADVANCED_FACE('',(#5123),#5409,.F.);
#5642=ADVANCED_FACE('',(#5124),#5410,.F.);
#5643=ADVANCED_FACE('',(#5125),#5411,.T.);
#5644=ADVANCED_FACE('',(#5126,#5127),#160,.T.);
#5645=ADVANCED_FACE('',(#5128,#5129),#161,.F.);
#5646=ADVANCED_FACE('',(#5130,#5131),#5412,.T.);
#5647=ADVANCED_FACE('',(#5132),#78,.F.);
#5648=ADVANCED_FACE('',(#5133),#79,.F.);
#5649=ADVANCED_FACE('',(#5134),#80,.F.);
#5650=ADVANCED_FACE('',(#5135),#5413,.F.);
#5651=ADVANCED_FACE('',(#5136),#81,.F.);
#5652=ADVANCED_FACE('',(#5137),#82,.F.);
#5653=ADVANCED_FACE('',(#5138),#83,.F.);
#5654=ADVANCED_FACE('',(#5139),#5414,.F.);
#5655=ADVANCED_FACE('',(#5140),#84,.F.);
#5656=ADVANCED_FACE('',(#5141),#85,.F.);
#5657=ADVANCED_FACE('',(#5142),#86,.F.);
#5658=ADVANCED_FACE('',(#5143),#5415,.F.);
#5659=ADVANCED_FACE('',(#5144),#87,.F.);
#5660=ADVANCED_FACE('',(#5145),#88,.F.);
#5661=ADVANCED_FACE('',(#5146),#89,.F.);
#5662=ADVANCED_FACE('',(#5147),#5416,.F.);
#5663=ADVANCED_FACE('',(#5148),#5417,.T.);
#5664=ADVANCED_FACE('',(#5149),#5418,.F.);
#5665=ADVANCED_FACE('',(#5150),#5419,.F.);
#5666=ADVANCED_FACE('',(#5151),#5420,.F.);
#5667=ADVANCED_FACE('',(#5152),#5421,.F.);
#5668=ADVANCED_FACE('',(#5153),#90,.F.);
#5669=ADVANCED_FACE('',(#5154),#91,.F.);
#5670=ADVANCED_FACE('',(#5155),#92,.F.);
#5671=ADVANCED_FACE('',(#5156),#93,.F.);
#5672=ADVANCED_FACE('',(#5157),#5422,.F.);
#5673=ADVANCED_FACE('',(#5158),#94,.F.);
#5674=ADVANCED_FACE('',(#5159),#95,.F.);
#5675=ADVANCED_FACE('',(#5160),#96,.F.);
#5676=ADVANCED_FACE('',(#5161),#5423,.T.);
#5677=ADVANCED_FACE('',(#5162),#5424,.F.);
#5678=ADVANCED_FACE('',(#5163),#5425,.F.);
#5679=ADVANCED_FACE('',(#5164),#162,.F.);
#5680=ADVANCED_FACE('',(#5165),#5426,.F.);
#5681=ADVANCED_FACE('',(#5166),#97,.F.);
#5682=ADVANCED_FACE('',(#5167),#5427,.F.);
#5683=ADVANCED_FACE('',(#5168),#5428,.F.);
#5684=ADVANCED_FACE('',(#5169),#5429,.F.);
#5685=ADVANCED_FACE('',(#5170),#5430,.F.);
#5686=ADVANCED_FACE('',(#5171),#5431,.F.);
#5687=ADVANCED_FACE('',(#5172),#5432,.F.);
#5688=ADVANCED_FACE('',(#5173),#5433,.F.);
#5689=ADVANCED_FACE('',(#5174),#5434,.F.);
#5690=ADVANCED_FACE('',(#5175),#5435,.F.);
#5691=ADVANCED_FACE('',(#5176),#5436,.F.);
#5692=ADVANCED_FACE('',(#5177),#5437,.F.);
#5693=ADVANCED_FACE('',(#5178),#5438,.F.);
#5694=ADVANCED_FACE('',(#5179,#5180),#5439,.T.);
#5695=ADVANCED_FACE('',(#5181,#5182),#163,.T.);
#5696=ADVANCED_FACE('',(#5183,#5184),#164,.F.);
#5697=ADVANCED_FACE('',(#5185,#5186),#5440,.T.);
#5698=ADVANCED_FACE('',(#5187,#5188),#165,.T.);
#5699=ADVANCED_FACE('',(#5189,#5190),#166,.F.);
#5700=ADVANCED_FACE('',(#5191,#5192),#5441,.T.);
#5701=ADVANCED_FACE('',(#5193,#5194),#167,.T.);
#5702=ADVANCED_FACE('',(#5195,#5196),#168,.F.);
#5703=ADVANCED_FACE('',(#5197,#5198),#5442,.T.);
#5704=ADVANCED_FACE('',(#5199),#5443,.T.);
#5705=ADVANCED_FACE('',(#5200,#5201,#5202),#5444,.F.);
#5706=ADVANCED_FACE('',(#5203,#5204,#5205),#5445,.F.);
#5707=ADVANCED_FACE('',(#5206,#5207,#5208),#5446,.F.);
#5708=ADVANCED_FACE('',(#5209,#5210,#5211),#5447,.F.);
#5709=ADVANCED_FACE('',(#5212),#169,.T.);
#5710=ADVANCED_FACE('',(#5213),#12,.T.);
#5711=ADVANCED_FACE('',(#5214),#13,.T.);
#5712=ADVANCED_FACE('',(#5215),#170,.T.);
#5713=ADVANCED_FACE('',(#5216),#171,.T.);
#5714=ADVANCED_FACE('',(#5217),#14,.T.);
#5715=ADVANCED_FACE('',(#5218),#15,.T.);
#5716=ADVANCED_FACE('',(#5219),#172,.T.);
#5717=ADVANCED_FACE('',(#5220),#16,.T.);
#5718=ADVANCED_FACE('',(#5221),#173,.T.);
#5719=ADVANCED_FACE('',(#5222),#174,.T.);
#5720=ADVANCED_FACE('',(#5223),#17,.T.);
#5721=ADVANCED_FACE('',(#5224),#18,.T.);
#5722=ADVANCED_FACE('',(#5225),#175,.T.);
#5723=ADVANCED_FACE('',(#5226),#176,.T.);
#5724=ADVANCED_FACE('',(#5227),#19,.T.);
#5725=ADVANCED_FACE('',(#5228),#20,.T.);
#5726=ADVANCED_FACE('',(#5229),#177,.T.);
#5727=ADVANCED_FACE('',(#5230),#178,.T.);
#5728=ADVANCED_FACE('',(#5231),#21,.T.);
#5729=ADVANCED_FACE('',(#5232),#179,.T.);
#5730=ADVANCED_FACE('',(#5233),#22,.T.);
#5731=ADVANCED_FACE('',(#5234),#23,.T.);
#5732=ADVANCED_FACE('',(#5235),#180,.T.);
#5733=ADVANCED_FACE('',(#5236),#24,.T.);
#5734=ADVANCED_FACE('',(#5237),#181,.T.);
#5735=ADVANCED_FACE('',(#5238),#182,.T.);
#5736=ADVANCED_FACE('',(#5239),#25,.T.);
#5737=ADVANCED_FACE('',(#5240),#26,.T.);
#5738=ADVANCED_FACE('',(#5241),#183,.T.);
#5739=ADVANCED_FACE('',(#5242),#184,.T.);
#5740=ADVANCED_FACE('',(#5243),#27,.T.);
#5741=ADVANCED_FACE('',(#5244),#185,.T.);
#5742=ADVANCED_FACE('',(#5245),#28,.T.);
#5743=ADVANCED_FACE('',(#5246),#29,.T.);
#5744=ADVANCED_FACE('',(#5247),#186,.T.);
#5745=ADVANCED_FACE('',(#5248),#30,.T.);
#5746=ADVANCED_FACE('',(#5249),#187,.T.);
#5747=ADVANCED_FACE('',(#5250),#188,.T.);
#5748=ADVANCED_FACE('',(#5251),#31,.T.);
#5749=ADVANCED_FACE('',(#5252),#32,.T.);
#5750=ADVANCED_FACE('',(#5253),#189,.T.);
#5751=ADVANCED_FACE('',(#5254),#190,.T.);
#5752=ADVANCED_FACE('',(#5255),#33,.T.);
#5753=ADVANCED_FACE('',(#5256),#34,.T.);
#5754=ADVANCED_FACE('',(#5257),#191,.T.);
#5755=ADVANCED_FACE('',(#5258),#192,.T.);
#5756=ADVANCED_FACE('',(#5259),#35,.T.);
#5757=ADVANCED_FACE('',(#5260),#193,.T.);
#5758=ADVANCED_FACE('',(#5261),#36,.T.);
#5759=ADVANCED_FACE('',(#5262),#37,.T.);
#5760=ADVANCED_FACE('',(#5263),#194,.T.);
#5761=ADVANCED_FACE('',(#5264),#195,.T.);
#5762=ADVANCED_FACE('',(#5265),#38,.T.);
#5763=ADVANCED_FACE('',(#5266),#39,.T.);
#5764=ADVANCED_FACE('',(#5267),#196,.T.);
#5765=ADVANCED_FACE('',(#5268,#5269),#40,.T.);
#5766=ADVANCED_FACE('',(#5270),#197,.T.);
#5767=ADVANCED_FACE('',(#5271),#41,.T.);
#5768=ADVANCED_FACE('',(#5272),#42,.T.);
#5769=ADVANCED_FACE('',(#5273),#198,.T.);
#5770=ADVANCED_FACE('',(#5274),#199,.T.);
#5771=ADVANCED_FACE('',(#5275),#43,.T.);
#5772=ADVANCED_FACE('',(#5276),#44,.T.);
#5773=ADVANCED_FACE('',(#5277),#200,.T.);
#5774=ADVANCED_FACE('',(#5278,#5279),#45,.T.);
#5775=ADVANCED_FACE('',(#5280),#201,.T.);
#5776=ADVANCED_FACE('',(#5281),#46,.T.);
#5777=ADVANCED_FACE('',(#5282),#47,.T.);
#5778=ADVANCED_FACE('',(#5283),#202,.T.);
#5779=ADVANCED_FACE('',(#5284),#203,.T.);
#5780=ADVANCED_FACE('',(#5285),#48,.T.);
#5781=ADVANCED_FACE('',(#5286),#49,.T.);
#5782=ADVANCED_FACE('',(#5287),#204,.T.);
#5783=ADVANCED_FACE('',(#5288,#5289),#50,.T.);
#5784=ADVANCED_FACE('',(#5290),#205,.T.);
#5785=ADVANCED_FACE('',(#5291),#51,.T.);
#5786=ADVANCED_FACE('',(#5292),#52,.T.);
#5787=ADVANCED_FACE('',(#5293),#206,.T.);
#5788=ADVANCED_FACE('',(#5294),#207,.T.);
#5789=ADVANCED_FACE('',(#5295),#53,.T.);
#5790=ADVANCED_FACE('',(#5296),#54,.T.);
#5791=ADVANCED_FACE('',(#5297),#208,.T.);
#5792=ADVANCED_FACE('',(#5298,#5299),#55,.T.);
#5793=CLOSED_SHELL('',(#5448,#5449,#5450,#5451,#5452,#5453,#5454,#5455,
#5456,#5457,#5458,#5459,#5460,#5461,#5462,#5463,#5464,#5465,#5466,#5467,
#5468,#5469,#5470,#5471,#5472,#5473,#5474,#5475,#5476,#5477,#5478,#5479,
#5480,#5481,#5482,#5483,#5484,#5485,#5486,#5487,#5488,#5489,#5490,#5491,
#5492,#5493,#5494,#5495,#5496,#5497,#5498,#5499,#5500,#5501,#5502,#5503,
#5504,#5505,#5506,#5507,#5508,#5509,#5510,#5511,#5512,#5513,#5514,#5515,
#5516,#5517,#5518,#5519,#5520,#5521,#5522,#5523,#5524,#5525,#5526,#5527,
#5528,#5529,#5530,#5531,#5532,#5533,#5534,#5535,#5536,#5537,#5538,#5539,
#5540,#5541,#5542,#5543,#5544,#5545,#5546,#5547,#5548,#5549,#5550,#5551,
#5552,#5553,#5554,#5555,#5556,#5557,#5558,#5559,#5560,#5561,#5562,#5563,
#5564,#5565,#5566,#5567,#5568,#5569,#5570,#5571,#5572,#5573,#5574,#5575,
#5576,#5577,#5578,#5579,#5580,#5581,#5582,#5583,#5584,#5585,#5586,#5587,
#5588,#5589,#5590,#5591,#5592,#5593,#5594,#5595,#5596,#5597,#5598,#5599,
#5600,#5601,#5602,#5603,#5604,#5605,#5606,#5607,#5608,#5609,#5610,#5611,
#5612,#5613,#5614,#5615,#5616,#5617,#5618,#5619,#5620,#5621,#5622,#5623,
#5624,#5625,#5626,#5627,#5628,#5629,#5630,#5631,#5632,#5633,#5634,#5635,
#5636,#5637,#5638,#5639,#5640,#5641,#5642,#5643,#5644,#5645,#5646,#5647,
#5648,#5649,#5650,#5651,#5652,#5653,#5654,#5655,#5656,#5657,#5658,#5659,
#5660,#5661,#5662,#5663,#5664,#5665,#5666,#5667,#5668,#5669,#5670,#5671,
#5672,#5673,#5674,#5675,#5676,#5677,#5678,#5679,#5680,#5681,#5682,#5683,
#5684,#5685,#5686,#5687,#5688,#5689,#5690,#5691,#5692,#5693,#5694,#5695,
#5696,#5697,#5698,#5699,#5700,#5701,#5702,#5703,#5704,#5705,#5706,#5707,
#5708,#5709,#5710,#5711,#5712,#5713,#5714,#5715,#5716,#5717,#5718,#5719,
#5720,#5721,#5722,#5723,#5724,#5725,#5726,#5727,#5728,#5729,#5730,#5731,
#5732,#5733,#5734,#5735,#5736,#5737,#5738,#5739,#5740,#5741,#5742,#5743,
#5744,#5745,#5746,#5747,#5748,#5749,#5750,#5751,#5752,#5753,#5754,#5755,
#5756,#5757,#5758,#5759,#5760,#5761,#5762,#5763,#5764,#5765,#5766,#5767,
#5768,#5769,#5770,#5771,#5772,#5773,#5774,#5775,#5776,#5777,#5778,#5779,
#5780,#5781,#5782,#5783,#5784,#5785,#5786,#5787,#5788,#5789,#5790,#5791,
#5792));
#5794=STYLED_ITEM('',(#5795),#5802);
#5795=PRESENTATION_STYLE_ASSIGNMENT((#5796));
#5796=SURFACE_STYLE_USAGE(.BOTH.,#5797);
#5797=SURFACE_SIDE_STYLE('',(#5798));
#5798=SURFACE_STYLE_FILL_AREA(#5799);
#5799=FILL_AREA_STYLE('',(#5800));
#5800=FILL_AREA_STYLE_COLOUR('',#5801);
#5801=COLOUR_RGB('',0.972549019607843,0.529411764705882,0.00392156862745098);
#5802=MANIFOLD_SOLID_BREP('Switch_Cover',#5793);
#5803=SHAPE_DEFINITION_REPRESENTATION(#10172,#5804);
#5804=SHAPE_REPRESENTATION('Switch_Cover',(#5805),#10167);
#5805=AXIS2_PLACEMENT_3D('',#7937,#6354,#6355);
#5806=AXIS2_PLACEMENT_3D('',#7938,#6356,#6357);
#5807=AXIS2_PLACEMENT_3D('',#7939,#6358,#6359);
#5808=AXIS2_PLACEMENT_3D('',#7944,#6361,#6362);
#5809=AXIS2_PLACEMENT_3D('',#7950,#6365,#6366);
#5810=AXIS2_PLACEMENT_3D('',#7954,#6368,#6369);
#5811=AXIS2_PLACEMENT_3D('',#7977,#6381,#6382);
#5812=AXIS2_PLACEMENT_3D('',#7979,#6383,#6384);
#5813=AXIS2_PLACEMENT_3D('',#7983,#6386,#6387);
#5814=AXIS2_PLACEMENT_3D('',#7987,#6389,#6390);
#5815=AXIS2_PLACEMENT_3D('',#7991,#6392,#6393);
#5816=AXIS2_PLACEMENT_3D('',#7995,#6395,#6396);
#5817=AXIS2_PLACEMENT_3D('',#8041,#6402,#6403);
#5818=AXIS2_PLACEMENT_3D('',#8043,#6404,#6405);
#5819=AXIS2_PLACEMENT_3D('',#8047,#6407,#6408);
#5820=AXIS2_PLACEMENT_3D('',#8051,#6410,#6411);
#5821=AXIS2_PLACEMENT_3D('',#8052,#6412,#6413);
#5822=AXIS2_PLACEMENT_3D('',#8057,#6415,#6416);
#5823=AXIS2_PLACEMENT_3D('',#8128,#6422,#6423);
#5824=AXIS2_PLACEMENT_3D('',#8130,#6424,#6425);
#5825=AXIS2_PLACEMENT_3D('',#8134,#6427,#6428);
#5826=AXIS2_PLACEMENT_3D('',#8138,#6430,#6431);
#5827=AXIS2_PLACEMENT_3D('',#8142,#6433,#6434);
#5828=AXIS2_PLACEMENT_3D('',#8146,#6436,#6437);
#5829=AXIS2_PLACEMENT_3D('',#8147,#6438,#6439);
#5830=AXIS2_PLACEMENT_3D('',#8149,#6440,#6441);
#5831=AXIS2_PLACEMENT_3D('',#8151,#6442,#6443);
#5832=AXIS2_PLACEMENT_3D('',#8153,#6444,#6445);
#5833=AXIS2_PLACEMENT_3D('',#8155,#6446,#6447);
#5834=AXIS2_PLACEMENT_3D('',#8160,#6449,#6450);
#5835=AXIS2_PLACEMENT_3D('',#8164,#6452,#6453);
#5836=AXIS2_PLACEMENT_3D('',#8168,#6455,#6456);
#5837=AXIS2_PLACEMENT_3D('',#8172,#6458,#6459);
#5838=AXIS2_PLACEMENT_3D('',#8176,#6461,#6462);
#5839=AXIS2_PLACEMENT_3D('',#8180,#6464,#6465);
#5840=AXIS2_PLACEMENT_3D('',#8184,#6467,#6468);
#5841=AXIS2_PLACEMENT_3D('',#8188,#6470,#6471);
#5842=AXIS2_PLACEMENT_3D('',#8194,#6474,#6475);
#5843=AXIS2_PLACEMENT_3D('',#8198,#6477,#6478);
#5844=AXIS2_PLACEMENT_3D('',#8201,#6480,#6481);
#5845=AXIS2_PLACEMENT_3D('',#8203,#6482,#6483);
#5846=AXIS2_PLACEMENT_3D('',#8205,#6484,#6485);
#5847=AXIS2_PLACEMENT_3D('',#8207,#6486,#6487);
#5848=AXIS2_PLACEMENT_3D('',#8209,#6488,#6489);
#5849=AXIS2_PLACEMENT_3D('',#8210,#6490,#6491);
#5850=AXIS2_PLACEMENT_3D('',#8215,#6493,#6494);
#5851=AXIS2_PLACEMENT_3D('',#8221,#6497,#6498);
#5852=AXIS2_PLACEMENT_3D('',#8225,#6500,#6501);
#5853=AXIS2_PLACEMENT_3D('',#8251,#6512,#6513);
#5854=AXIS2_PLACEMENT_3D('',#8253,#6514,#6515);
#5855=AXIS2_PLACEMENT_3D('',#8254,#6516,#6517);
#5856=AXIS2_PLACEMENT_3D('',#8259,#6519,#6520);
#5857=AXIS2_PLACEMENT_3D('',#8265,#6523,#6524);
#5858=AXIS2_PLACEMENT_3D('',#8269,#6526,#6527);
#5859=AXIS2_PLACEMENT_3D('',#8340,#6543,#6544);
#5860=AXIS2_PLACEMENT_3D('',#8416,#6549,#6550);
#5861=AXIS2_PLACEMENT_3D('',#8422,#6553,#6554);
#5862=AXIS2_PLACEMENT_3D('',#8426,#6556,#6557);
#5863=AXIS2_PLACEMENT_3D('',#8430,#6559,#6560);
#5864=AXIS2_PLACEMENT_3D('',#8434,#6562,#6563);
#5865=AXIS2_PLACEMENT_3D('',#8438,#6565,#6566);
#5866=AXIS2_PLACEMENT_3D('',#8442,#6568,#6569);
#5867=AXIS2_PLACEMENT_3D('',#8446,#6571,#6572);
#5868=AXIS2_PLACEMENT_3D('',#8450,#6574,#6575);
#5869=AXIS2_PLACEMENT_3D('',#8454,#6577,#6578);
#5870=AXIS2_PLACEMENT_3D('',#8458,#6580,#6581);
#5871=AXIS2_PLACEMENT_3D('',#8483,#6594,#6595);
#5872=AXIS2_PLACEMENT_3D('',#8485,#6596,#6597);
#5873=AXIS2_PLACEMENT_3D('',#8487,#6598,#6599);
#5874=AXIS2_PLACEMENT_3D('',#8489,#6600,#6601);
#5875=AXIS2_PLACEMENT_3D('',#8491,#6602,#6603);
#5876=AXIS2_PLACEMENT_3D('',#8493,#6604,#6605);
#5877=AXIS2_PLACEMENT_3D('',#8495,#6606,#6607);
#5878=AXIS2_PLACEMENT_3D('',#8497,#6608,#6609);
#5879=AXIS2_PLACEMENT_3D('',#8499,#6610,#6611);
#5880=AXIS2_PLACEMENT_3D('',#8508,#6616,#6617);
#5881=AXIS2_PLACEMENT_3D('',#8517,#6622,#6623);
#5882=AXIS2_PLACEMENT_3D('',#8518,#6624,#6625);
#5883=AXIS2_PLACEMENT_3D('',#8520,#6626,#6627);
#5884=AXIS2_PLACEMENT_3D('',#8521,#6628,#6629);
#5885=AXIS2_PLACEMENT_3D('',#8523,#6630,#6631);
#5886=AXIS2_PLACEMENT_3D('',#8524,#6632,#6633);
#5887=AXIS2_PLACEMENT_3D('',#8526,#6634,#6635);
#5888=AXIS2_PLACEMENT_3D('',#8527,#6636,#6637);
#5889=AXIS2_PLACEMENT_3D('',#8529,#6638,#6639);
#5890=AXIS2_PLACEMENT_3D('',#8538,#6644,#6645);
#5891=AXIS2_PLACEMENT_3D('',#8547,#6650,#6651);
#5892=AXIS2_PLACEMENT_3D('',#8556,#6656,#6657);
#5893=AXIS2_PLACEMENT_3D('',#8565,#6662,#6663);
#5894=AXIS2_PLACEMENT_3D('',#8574,#6668,#6669);
#5895=AXIS2_PLACEMENT_3D('',#8578,#6671,#6672);
#5896=AXIS2_PLACEMENT_3D('',#8579,#6673,#6674);
#5897=AXIS2_PLACEMENT_3D('',#8580,#6675,#6676);
#5898=AXIS2_PLACEMENT_3D('',#8586,#6680,#6681);
#5899=AXIS2_PLACEMENT_3D('',#8587,#6682,#6683);
#5900=AXIS2_PLACEMENT_3D('',#8588,#6684,#6685);
#5901=AXIS2_PLACEMENT_3D('',#8589,#6686,#6687);
#5902=AXIS2_PLACEMENT_3D('',#8598,#6692,#6693);
#5903=AXIS2_PLACEMENT_3D('',#8599,#6694,#6695);
#5904=AXIS2_PLACEMENT_3D('',#8603,#6697,#6698);
#5905=AXIS2_PLACEMENT_3D('',#8604,#6699,#6700);
#5906=AXIS2_PLACEMENT_3D('',#8610,#6704,#6705);
#5907=AXIS2_PLACEMENT_3D('',#8611,#6706,#6707);
#5908=AXIS2_PLACEMENT_3D('',#8612,#6708,#6709);
#5909=AXIS2_PLACEMENT_3D('',#8613,#6710,#6711);
#5910=AXIS2_PLACEMENT_3D('',#8622,#6716,#6717);
#5911=AXIS2_PLACEMENT_3D('',#8626,#6719,#6720);
#5912=AXIS2_PLACEMENT_3D('',#8627,#6721,#6722);
#5913=AXIS2_PLACEMENT_3D('',#8628,#6723,#6724);
#5914=AXIS2_PLACEMENT_3D('',#8634,#6728,#6729);
#5915=AXIS2_PLACEMENT_3D('',#8635,#6730,#6731);
#5916=AXIS2_PLACEMENT_3D('',#8636,#6732,#6733);
#5917=AXIS2_PLACEMENT_3D('',#8637,#6734,#6735);
#5918=AXIS2_PLACEMENT_3D('',#8646,#6740,#6741);
#5919=AXIS2_PLACEMENT_3D('',#8650,#6743,#6744);
#5920=AXIS2_PLACEMENT_3D('',#8651,#6745,#6746);
#5921=AXIS2_PLACEMENT_3D('',#8652,#6747,#6748);
#5922=AXIS2_PLACEMENT_3D('',#8658,#6752,#6753);
#5923=AXIS2_PLACEMENT_3D('',#8659,#6754,#6755);
#5924=AXIS2_PLACEMENT_3D('',#8660,#6756,#6757);
#5925=AXIS2_PLACEMENT_3D('',#8661,#6758,#6759);
#5926=AXIS2_PLACEMENT_3D('',#8670,#6764,#6765);
#5927=AXIS2_PLACEMENT_3D('',#8674,#6767,#6768);
#5928=AXIS2_PLACEMENT_3D('',#8675,#6769,#6770);
#5929=AXIS2_PLACEMENT_3D('',#8676,#6771,#6772);
#5930=AXIS2_PLACEMENT_3D('',#8682,#6776,#6777);
#5931=AXIS2_PLACEMENT_3D('',#8683,#6778,#6779);
#5932=AXIS2_PLACEMENT_3D('',#8684,#6780,#6781);
#5933=AXIS2_PLACEMENT_3D('',#8685,#6782,#6783);
#5934=AXIS2_PLACEMENT_3D('',#8694,#6788,#6789);
#5935=AXIS2_PLACEMENT_3D('',#8698,#6791,#6792);
#5936=AXIS2_PLACEMENT_3D('',#8699,#6793,#6794);
#5937=AXIS2_PLACEMENT_3D('',#8700,#6795,#6796);
#5938=AXIS2_PLACEMENT_3D('',#8706,#6800,#6801);
#5939=AXIS2_PLACEMENT_3D('',#8707,#6802,#6803);
#5940=AXIS2_PLACEMENT_3D('',#8708,#6804,#6805);
#5941=AXIS2_PLACEMENT_3D('',#8709,#6806,#6807);
#5942=AXIS2_PLACEMENT_3D('',#8718,#6812,#6813);
#5943=AXIS2_PLACEMENT_3D('',#8722,#6815,#6816);
#5944=AXIS2_PLACEMENT_3D('',#8723,#6817,#6818);
#5945=AXIS2_PLACEMENT_3D('',#8724,#6819,#6820);
#5946=AXIS2_PLACEMENT_3D('',#8730,#6824,#6825);
#5947=AXIS2_PLACEMENT_3D('',#8731,#6826,#6827);
#5948=AXIS2_PLACEMENT_3D('',#8732,#6828,#6829);
#5949=AXIS2_PLACEMENT_3D('',#8733,#6830,#6831);
#5950=AXIS2_PLACEMENT_3D('',#8742,#6836,#6837);
#5951=AXIS2_PLACEMENT_3D('',#8746,#6839,#6840);
#5952=AXIS2_PLACEMENT_3D('',#8747,#6841,#6842);
#5953=AXIS2_PLACEMENT_3D('',#8748,#6843,#6844);
#5954=AXIS2_PLACEMENT_3D('',#8754,#6848,#6849);
#5955=AXIS2_PLACEMENT_3D('',#8755,#6850,#6851);
#5956=AXIS2_PLACEMENT_3D('',#8756,#6852,#6853);
#5957=AXIS2_PLACEMENT_3D('',#8757,#6854,#6855);
#5958=AXIS2_PLACEMENT_3D('',#8766,#6860,#6861);
#5959=AXIS2_PLACEMENT_3D('',#8770,#6863,#6864);
#5960=AXIS2_PLACEMENT_3D('',#8771,#6865,#6866);
#5961=AXIS2_PLACEMENT_3D('',#8772,#6867,#6868);
#5962=AXIS2_PLACEMENT_3D('',#8778,#6872,#6873);
#5963=AXIS2_PLACEMENT_3D('',#8779,#6874,#6875);
#5964=AXIS2_PLACEMENT_3D('',#8780,#6876,#6877);
#5965=AXIS2_PLACEMENT_3D('',#8781,#6878,#6879);
#5966=AXIS2_PLACEMENT_3D('',#8790,#6884,#6885);
#5967=AXIS2_PLACEMENT_3D('',#8794,#6887,#6888);
#5968=AXIS2_PLACEMENT_3D('',#8795,#6889,#6890);
#5969=AXIS2_PLACEMENT_3D('',#8796,#6891,#6892);
#5970=AXIS2_PLACEMENT_3D('',#8802,#6896,#6897);
#5971=AXIS2_PLACEMENT_3D('',#8803,#6898,#6899);
#5972=AXIS2_PLACEMENT_3D('',#8804,#6900,#6901);
#5973=AXIS2_PLACEMENT_3D('',#8805,#6902,#6903);
#5974=AXIS2_PLACEMENT_3D('',#8806,#6904,#6905);
#5975=AXIS2_PLACEMENT_3D('',#8807,#6906,#6907);
#5976=AXIS2_PLACEMENT_3D('',#8808,#6908,#6909);
#5977=AXIS2_PLACEMENT_3D('',#8809,#6910,#6911);
#5978=AXIS2_PLACEMENT_3D('',#8810,#6912,#6913);
#5979=AXIS2_PLACEMENT_3D('',#8811,#6914,#6915);
#5980=AXIS2_PLACEMENT_3D('',#8812,#6916,#6917);
#5981=AXIS2_PLACEMENT_3D('',#8813,#6918,#6919);
#5982=AXIS2_PLACEMENT_3D('',#8814,#6920,#6921);
#5983=AXIS2_PLACEMENT_3D('',#8815,#6922,#6923);
#5984=AXIS2_PLACEMENT_3D('',#8816,#6924,#6925);
#5985=AXIS2_PLACEMENT_3D('',#8817,#6926,#6927);
#5986=AXIS2_PLACEMENT_3D('',#8818,#6928,#6929);
#5987=AXIS2_PLACEMENT_3D('',#8819,#6930,#6931);
#5988=AXIS2_PLACEMENT_3D('',#8820,#6932,#6933);
#5989=AXIS2_PLACEMENT_3D('',#8821,#6934,#6935);
#5990=AXIS2_PLACEMENT_3D('',#8830,#6940,#6941);
#5991=AXIS2_PLACEMENT_3D('',#8839,#6946,#6947);
#5992=AXIS2_PLACEMENT_3D('',#8845,#6951,#6952);
#5993=AXIS2_PLACEMENT_3D('',#8854,#6957,#6958);
#5994=AXIS2_PLACEMENT_3D('',#8863,#6963,#6964);
#5995=AXIS2_PLACEMENT_3D('',#8872,#6969,#6970);
#5996=AXIS2_PLACEMENT_3D('',#8873,#6971,#6972);
#5997=AXIS2_PLACEMENT_3D('',#8874,#6973,#6974);
#5998=AXIS2_PLACEMENT_3D('',#8875,#6975,#6976);
#5999=AXIS2_PLACEMENT_3D('',#8876,#6977,#6978);
#6000=AXIS2_PLACEMENT_3D('',#8877,#6979,#6980);
#6001=AXIS2_PLACEMENT_3D('',#8878,#6981,#6982);
#6002=AXIS2_PLACEMENT_3D('',#8879,#6983,#6984);
#6003=AXIS2_PLACEMENT_3D('',#8880,#6985,#6986);
#6004=AXIS2_PLACEMENT_3D('',#8881,#6987,#6988);
#6005=AXIS2_PLACEMENT_3D('',#8882,#6989,#6990);
#6006=AXIS2_PLACEMENT_3D('',#8883,#6991,#6992);
#6007=AXIS2_PLACEMENT_3D('',#8884,#6993,#6994);
#6008=AXIS2_PLACEMENT_3D('',#8885,#6995,#6996);
#6009=AXIS2_PLACEMENT_3D('',#8886,#6997,#6998);
#6010=AXIS2_PLACEMENT_3D('',#8887,#6999,#7000);
#6011=AXIS2_PLACEMENT_3D('',#8888,#7001,#7002);
#6012=AXIS2_PLACEMENT_3D('',#8889,#7003,#7004);
#6013=AXIS2_PLACEMENT_3D('',#8890,#7005,#7006);
#6014=AXIS2_PLACEMENT_3D('',#8891,#7007,#7008);
#6015=AXIS2_PLACEMENT_3D('',#8892,#7009,#7010);
#6016=AXIS2_PLACEMENT_3D('',#8893,#7011,#7012);
#6017=AXIS2_PLACEMENT_3D('',#8896,#7015,#7016);
#6018=AXIS2_PLACEMENT_3D('',#8898,#7018,#7019);
#6019=AXIS2_PLACEMENT_3D('',#8900,#7021,#7022);
#6020=AXIS2_PLACEMENT_3D('',#8902,#7024,#7025);
#6021=AXIS2_PLACEMENT_3D('',#8904,#7027,#7028);
#6022=AXIS2_PLACEMENT_3D('',#8906,#7030,#7031);
#6023=AXIS2_PLACEMENT_3D('',#8908,#7033,#7034);
#6024=AXIS2_PLACEMENT_3D('',#8910,#7036,#7037);
#6025=AXIS2_PLACEMENT_3D('',#8912,#7039,#7040);
#6026=AXIS2_PLACEMENT_3D('',#8914,#7042,#7043);
#6027=AXIS2_PLACEMENT_3D('',#8916,#7045,#7046);
#6028=AXIS2_PLACEMENT_3D('',#8918,#7048,#7049);
#6029=AXIS2_PLACEMENT_3D('',#8920,#7051,#7052);
#6030=AXIS2_PLACEMENT_3D('',#8922,#7054,#7055);
#6031=AXIS2_PLACEMENT_3D('',#8924,#7057,#7058);
#6032=AXIS2_PLACEMENT_3D('',#8926,#7060,#7061);
#6033=AXIS2_PLACEMENT_3D('',#8928,#7063,#7064);
#6034=AXIS2_PLACEMENT_3D('',#8930,#7066,#7067);
#6035=AXIS2_PLACEMENT_3D('',#8932,#7069,#7070);
#6036=AXIS2_PLACEMENT_3D('',#8934,#7072,#7073);
#6037=AXIS2_PLACEMENT_3D('',#8936,#7075,#7076);
#6038=AXIS2_PLACEMENT_3D('',#8938,#7078,#7079);
#6039=AXIS2_PLACEMENT_3D('',#8939,#7080,#7081);
#6040=AXIS2_PLACEMENT_3D('',#8942,#7084,#7085);
#6041=AXIS2_PLACEMENT_3D('',#8944,#7087,#7088);
#6042=AXIS2_PLACEMENT_3D('',#8946,#7090,#7091);
#6043=AXIS2_PLACEMENT_3D('',#8948,#7093,#7094);
#6044=AXIS2_PLACEMENT_3D('',#8950,#7096,#7097);
#6045=AXIS2_PLACEMENT_3D('',#8952,#7099,#7100);
#6046=AXIS2_PLACEMENT_3D('',#8954,#7102,#7103);
#6047=AXIS2_PLACEMENT_3D('',#8956,#7105,#7106);
#6048=AXIS2_PLACEMENT_3D('',#8958,#7108,#7109);
#6049=AXIS2_PLACEMENT_3D('',#8960,#7111,#7112);
#6050=AXIS2_PLACEMENT_3D('',#8962,#7114,#7115);
#6051=AXIS2_PLACEMENT_3D('',#8964,#7117,#7118);
#6052=AXIS2_PLACEMENT_3D('',#8971,#7120,#7121);
#6053=AXIS2_PLACEMENT_3D('',#8973,#7123,#7124);
#6054=AXIS2_PLACEMENT_3D('',#8975,#7126,#7127);
#6055=AXIS2_PLACEMENT_3D('',#8977,#7129,#7130);
#6056=AXIS2_PLACEMENT_3D('',#8979,#7132,#7133);
#6057=AXIS2_PLACEMENT_3D('',#8981,#7135,#7136);
#6058=AXIS2_PLACEMENT_3D('',#8983,#7138,#7139);
#6059=AXIS2_PLACEMENT_3D('',#8985,#7141,#7142);
#6060=AXIS2_PLACEMENT_3D('',#8987,#7144,#7145);
#6061=AXIS2_PLACEMENT_3D('',#8989,#7147,#7148);
#6062=AXIS2_PLACEMENT_3D('',#9034,#7153,#7154);
#6063=AXIS2_PLACEMENT_3D('',#9068,#7160,#7161);
#6064=AXIS2_PLACEMENT_3D('',#9114,#7167,#7168);
#6065=AXIS2_PLACEMENT_3D('',#9160,#7174,#7175);
#6066=AXIS2_PLACEMENT_3D('',#9174,#7177,#7178);
#6067=AXIS2_PLACEMENT_3D('',#9175,#7179,#7180);
#6068=AXIS2_PLACEMENT_3D('',#9184,#7185,#7186);
#6069=AXIS2_PLACEMENT_3D('',#9190,#7190,#7191);
#6070=AXIS2_PLACEMENT_3D('',#9194,#7193,#7194);
#6071=AXIS2_PLACEMENT_3D('',#9195,#7195,#7196);
#6072=AXIS2_PLACEMENT_3D('',#9196,#7197,#7198);
#6073=AXIS2_PLACEMENT_3D('',#9221,#7203,#7204);
#6074=AXIS2_PLACEMENT_3D('',#9227,#7208,#7209);
#6075=AXIS2_PLACEMENT_3D('',#9231,#7212,#7213);
#6076=AXIS2_PLACEMENT_3D('',#9235,#7216,#7217);
#6077=AXIS2_PLACEMENT_3D('',#9239,#7220,#7221);
#6078=AXIS2_PLACEMENT_3D('',#9243,#7224,#7225);
#6079=AXIS2_PLACEMENT_3D('',#9247,#7228,#7229);
#6080=AXIS2_PLACEMENT_3D('',#9251,#7232,#7233);
#6081=AXIS2_PLACEMENT_3D('',#9255,#7236,#7237);
#6082=AXIS2_PLACEMENT_3D('',#9259,#7240,#7241);
#6083=AXIS2_PLACEMENT_3D('',#9263,#7244,#7245);
#6084=AXIS2_PLACEMENT_3D('',#9265,#7247,#7248);
#6085=AXIS2_PLACEMENT_3D('',#9268,#7251,#7252);
#6086=AXIS2_PLACEMENT_3D('',#9269,#7253,#7254);
#6087=AXIS2_PLACEMENT_3D('',#9275,#7258,#7259);
#6088=AXIS2_PLACEMENT_3D('',#9279,#7262,#7263);
#6089=AXIS2_PLACEMENT_3D('',#9283,#7266,#7267);
#6090=AXIS2_PLACEMENT_3D('',#9343,#7274,#7275);
#6091=AXIS2_PLACEMENT_3D('',#9387,#7280,#7281);
#6092=AXIS2_PLACEMENT_3D('',#9388,#7282,#7283);
#6093=AXIS2_PLACEMENT_3D('',#9394,#7287,#7288);
#6094=AXIS2_PLACEMENT_3D('',#9398,#7291,#7292);
#6095=AXIS2_PLACEMENT_3D('',#9402,#7295,#7296);
#6096=AXIS2_PLACEMENT_3D('',#9406,#7299,#7300);
#6097=AXIS2_PLACEMENT_3D('',#9410,#7303,#7304);
#6098=AXIS2_PLACEMENT_3D('',#9428,#7308,#7309);
#6099=AXIS2_PLACEMENT_3D('',#9432,#7312,#7313);
#6100=AXIS2_PLACEMENT_3D('',#9436,#7316,#7317);
#6101=AXIS2_PLACEMENT_3D('',#9440,#7320,#7321);
#6102=AXIS2_PLACEMENT_3D('',#9442,#7323,#7324);
#6103=AXIS2_PLACEMENT_3D('',#9443,#7325,#7326);
#6104=AXIS2_PLACEMENT_3D('',#9444,#7327,#7328);
#6105=AXIS2_PLACEMENT_3D('',#9450,#7332,#7333);
#6106=AXIS2_PLACEMENT_3D('',#9454,#7336,#7337);
#6107=AXIS2_PLACEMENT_3D('',#9458,#7340,#7341);
#6108=AXIS2_PLACEMENT_3D('',#9462,#7344,#7345);
#6109=AXIS2_PLACEMENT_3D('',#9466,#7348,#7349);
#6110=AXIS2_PLACEMENT_3D('',#9484,#7353,#7354);
#6111=AXIS2_PLACEMENT_3D('',#9488,#7357,#7358);
#6112=AXIS2_PLACEMENT_3D('',#9492,#7361,#7362);
#6113=AXIS2_PLACEMENT_3D('',#9496,#7365,#7366);
#6114=AXIS2_PLACEMENT_3D('',#9498,#7368,#7369);
#6115=AXIS2_PLACEMENT_3D('',#9499,#7370,#7371);
#6116=AXIS2_PLACEMENT_3D('',#9500,#7372,#7373);
#6117=AXIS2_PLACEMENT_3D('',#9502,#7374,#7375);
#6118=AXIS2_PLACEMENT_3D('',#9503,#7376,#7377);
#6119=AXIS2_PLACEMENT_3D('',#9505,#7378,#7379);
#6120=AXIS2_PLACEMENT_3D('',#9550,#7384,#7385);
#6121=AXIS2_PLACEMENT_3D('',#9596,#7391,#7392);
#6122=AXIS2_PLACEMENT_3D('',#9642,#7398,#7399);
#6123=AXIS2_PLACEMENT_3D('',#9688,#7405,#7406);
#6124=AXIS2_PLACEMENT_3D('',#9690,#7408,#7409);
#6125=AXIS2_PLACEMENT_3D('',#9691,#7410,#7411);
#6126=AXIS2_PLACEMENT_3D('',#9697,#7415,#7416);
#6127=AXIS2_PLACEMENT_3D('',#9701,#7419,#7420);
#6128=AXIS2_PLACEMENT_3D('',#9705,#7423,#7424);
#6129=AXIS2_PLACEMENT_3D('',#9765,#7431,#7432);
#6130=AXIS2_PLACEMENT_3D('',#9809,#7437,#7438);
#6131=AXIS2_PLACEMENT_3D('',#9810,#7439,#7440);
#6132=AXIS2_PLACEMENT_3D('',#9819,#7445,#7446);
#6133=AXIS2_PLACEMENT_3D('',#9825,#7450,#7451);
#6134=AXIS2_PLACEMENT_3D('',#9826,#7452,#7453);
#6135=AXIS2_PLACEMENT_3D('',#9830,#7455,#7456);
#6136=AXIS2_PLACEMENT_3D('',#9831,#7457,#7458);
#6137=AXIS2_PLACEMENT_3D('',#9856,#7463,#7464);
#6138=AXIS2_PLACEMENT_3D('',#9862,#7468,#7469);
#6139=AXIS2_PLACEMENT_3D('',#9866,#7472,#7473);
#6140=AXIS2_PLACEMENT_3D('',#9870,#7476,#7477);
#6141=AXIS2_PLACEMENT_3D('',#9874,#7480,#7481);
#6142=AXIS2_PLACEMENT_3D('',#9878,#7484,#7485);
#6143=AXIS2_PLACEMENT_3D('',#9882,#7488,#7489);
#6144=AXIS2_PLACEMENT_3D('',#9886,#7492,#7493);
#6145=AXIS2_PLACEMENT_3D('',#9890,#7496,#7497);
#6146=AXIS2_PLACEMENT_3D('',#9894,#7500,#7501);
#6147=AXIS2_PLACEMENT_3D('',#9898,#7504,#7505);
#6148=AXIS2_PLACEMENT_3D('',#9900,#7507,#7508);
#6149=AXIS2_PLACEMENT_3D('',#9903,#7511,#7512);
#6150=AXIS2_PLACEMENT_3D('',#9904,#7513,#7514);
#6151=AXIS2_PLACEMENT_3D('',#9905,#7515,#7516);
#6152=AXIS2_PLACEMENT_3D('',#9907,#7517,#7518);
#6153=AXIS2_PLACEMENT_3D('',#9908,#7519,#7520);
#6154=AXIS2_PLACEMENT_3D('',#9910,#7521,#7522);
#6155=AXIS2_PLACEMENT_3D('',#9911,#7523,#7524);
#6156=AXIS2_PLACEMENT_3D('',#9912,#7525,#7526);
#6157=AXIS2_PLACEMENT_3D('',#9914,#7527,#7528);
#6158=AXIS2_PLACEMENT_3D('',#9915,#7529,#7530);
#6159=AXIS2_PLACEMENT_3D('',#9917,#7531,#7532);
#6160=AXIS2_PLACEMENT_3D('',#9918,#7533,#7534);
#6161=AXIS2_PLACEMENT_3D('',#9919,#7535,#7536);
#6162=AXIS2_PLACEMENT_3D('',#9921,#7537,#7538);
#6163=AXIS2_PLACEMENT_3D('',#9922,#7539,#7540);
#6164=AXIS2_PLACEMENT_3D('',#9924,#7541,#7542);
#6165=AXIS2_PLACEMENT_3D('',#9925,#7543,#7544);
#6166=AXIS2_PLACEMENT_3D('',#9926,#7545,#7546);
#6167=AXIS2_PLACEMENT_3D('',#9927,#7547,#7548);
#6168=AXIS2_PLACEMENT_3D('',#9932,#7550,#7551);
#6169=AXIS2_PLACEMENT_3D('',#9935,#7553,#7554);
#6170=AXIS2_PLACEMENT_3D('',#9940,#7556,#7557);
#6171=AXIS2_PLACEMENT_3D('',#9943,#7559,#7560);
#6172=AXIS2_PLACEMENT_3D('',#9945,#7561,#7562);
#6173=AXIS2_PLACEMENT_3D('',#9946,#7563,#7564);
#6174=AXIS2_PLACEMENT_3D('',#9951,#7566,#7567);
#6175=AXIS2_PLACEMENT_3D('',#9954,#7569,#7570);
#6176=AXIS2_PLACEMENT_3D('',#9959,#7572,#7573);
#6177=AXIS2_PLACEMENT_3D('',#9962,#7575,#7576);
#6178=AXIS2_PLACEMENT_3D('',#9964,#7577,#7578);
#6179=AXIS2_PLACEMENT_3D('',#9965,#7579,#7580);
#6180=AXIS2_PLACEMENT_3D('',#9970,#7582,#7583);
#6181=AXIS2_PLACEMENT_3D('',#9973,#7585,#7586);
#6182=AXIS2_PLACEMENT_3D('',#9978,#7588,#7589);
#6183=AXIS2_PLACEMENT_3D('',#9981,#7591,#7592);
#6184=AXIS2_PLACEMENT_3D('',#9983,#7593,#7594);
#6185=AXIS2_PLACEMENT_3D('',#9984,#7595,#7596);
#6186=AXIS2_PLACEMENT_3D('',#9989,#7598,#7599);
#6187=AXIS2_PLACEMENT_3D('',#9992,#7601,#7602);
#6188=AXIS2_PLACEMENT_3D('',#9997,#7604,#7605);
#6189=AXIS2_PLACEMENT_3D('',#10000,#7607,#7608);
#6190=AXIS2_PLACEMENT_3D('',#10002,#7609,#7610);
#6191=AXIS2_PLACEMENT_3D('',#10003,#7611,#7612);
#6192=AXIS2_PLACEMENT_3D('',#10004,#7613,#7614);
#6193=AXIS2_PLACEMENT_3D('',#10005,#7615,#7616);
#6194=AXIS2_PLACEMENT_3D('',#10006,#7617,#7618);
#6195=AXIS2_PLACEMENT_3D('',#10007,#7619,#7620);
#6196=AXIS2_PLACEMENT_3D('',#10008,#7621,#7622);
#6197=AXIS2_PLACEMENT_3D('',#10009,#7623,#7624);
#6198=AXIS2_PLACEMENT_3D('',#10010,#7625,#7626);
#6199=AXIS2_PLACEMENT_3D('',#10011,#7627,#7628);
#6200=AXIS2_PLACEMENT_3D('',#10012,#7629,#7630);
#6201=AXIS2_PLACEMENT_3D('',#10013,#7631,#7632);
#6202=AXIS2_PLACEMENT_3D('',#10014,#7633,#7634);
#6203=AXIS2_PLACEMENT_3D('',#10015,#7635,#7636);
#6204=AXIS2_PLACEMENT_3D('',#10016,#7637,#7638);
#6205=AXIS2_PLACEMENT_3D('',#10017,#7639,#7640);
#6206=AXIS2_PLACEMENT_3D('',#10018,#7641,#7642);
#6207=AXIS2_PLACEMENT_3D('',#10019,#7643,#7644);
#6208=AXIS2_PLACEMENT_3D('',#10020,#7645,#7646);
#6209=AXIS2_PLACEMENT_3D('',#10021,#7647,#7648);
#6210=AXIS2_PLACEMENT_3D('',#10022,#7649,#7650);
#6211=AXIS2_PLACEMENT_3D('',#10023,#7651,#7652);
#6212=AXIS2_PLACEMENT_3D('',#10024,#7653,#7654);
#6213=AXIS2_PLACEMENT_3D('',#10025,#7655,#7656);
#6214=AXIS2_PLACEMENT_3D('',#10026,#7657,#7658);
#6215=AXIS2_PLACEMENT_3D('',#10027,#7659,#7660);
#6216=AXIS2_PLACEMENT_3D('',#10028,#7661,#7662);
#6217=AXIS2_PLACEMENT_3D('',#10029,#7663,#7664);
#6218=AXIS2_PLACEMENT_3D('',#10030,#7665,#7666);
#6219=AXIS2_PLACEMENT_3D('',#10031,#7667,#7668);
#6220=AXIS2_PLACEMENT_3D('',#10032,#7669,#7670);
#6221=AXIS2_PLACEMENT_3D('',#10033,#7671,#7672);
#6222=AXIS2_PLACEMENT_3D('',#10034,#7673,#7674);
#6223=AXIS2_PLACEMENT_3D('',#10035,#7675,#7676);
#6224=AXIS2_PLACEMENT_3D('',#10036,#7677,#7678);
#6225=AXIS2_PLACEMENT_3D('',#10037,#7679,#7680);
#6226=AXIS2_PLACEMENT_3D('',#10038,#7681,#7682);
#6227=AXIS2_PLACEMENT_3D('',#10039,#7683,#7684);
#6228=AXIS2_PLACEMENT_3D('',#10040,#7685,#7686);
#6229=AXIS2_PLACEMENT_3D('',#10041,#7687,#7688);
#6230=AXIS2_PLACEMENT_3D('',#10042,#7689,#7690);
#6231=AXIS2_PLACEMENT_3D('',#10043,#7691,#7692);
#6232=AXIS2_PLACEMENT_3D('',#10044,#7693,#7694);
#6233=AXIS2_PLACEMENT_3D('',#10045,#7695,#7696);
#6234=AXIS2_PLACEMENT_3D('',#10046,#7697,#7698);
#6235=AXIS2_PLACEMENT_3D('',#10047,#7699,#7700);
#6236=AXIS2_PLACEMENT_3D('',#10048,#7701,#7702);
#6237=AXIS2_PLACEMENT_3D('',#10049,#7703,#7704);
#6238=AXIS2_PLACEMENT_3D('',#10050,#7705,#7706);
#6239=AXIS2_PLACEMENT_3D('',#10051,#7707,#7708);
#6240=AXIS2_PLACEMENT_3D('',#10052,#7709,#7710);
#6241=AXIS2_PLACEMENT_3D('',#10053,#7711,#7712);
#6242=AXIS2_PLACEMENT_3D('',#10054,#7713,#7714);
#6243=AXIS2_PLACEMENT_3D('',#10055,#7715,#7716);
#6244=AXIS2_PLACEMENT_3D('',#10056,#7717,#7718);
#6245=AXIS2_PLACEMENT_3D('',#10057,#7719,#7720);
#6246=AXIS2_PLACEMENT_3D('',#10058,#7721,#7722);
#6247=AXIS2_PLACEMENT_3D('',#10059,#7723,#7724);
#6248=AXIS2_PLACEMENT_3D('',#10060,#7725,#7726);
#6249=AXIS2_PLACEMENT_3D('',#10061,#7727,#7728);
#6250=AXIS2_PLACEMENT_3D('',#10062,#7729,#7730);
#6251=AXIS2_PLACEMENT_3D('',#10063,#7731,#7732);
#6252=AXIS2_PLACEMENT_3D('',#10064,#7733,#7734);
#6253=AXIS2_PLACEMENT_3D('',#10065,#7735,#7736);
#6254=AXIS2_PLACEMENT_3D('',#10066,#7737,#7738);
#6255=AXIS2_PLACEMENT_3D('',#10067,#7739,#7740);
#6256=AXIS2_PLACEMENT_3D('',#10068,#7741,#7742);
#6257=AXIS2_PLACEMENT_3D('',#10069,#7743,#7744);
#6258=AXIS2_PLACEMENT_3D('',#10070,#7745,#7746);
#6259=AXIS2_PLACEMENT_3D('',#10071,#7747,#7748);
#6260=AXIS2_PLACEMENT_3D('',#10072,#7749,#7750);
#6261=AXIS2_PLACEMENT_3D('',#10073,#7751,#7752);
#6262=AXIS2_PLACEMENT_3D('',#10074,#7753,#7754);
#6263=AXIS2_PLACEMENT_3D('',#10075,#7755,#7756);
#6264=AXIS2_PLACEMENT_3D('',#10076,#7757,#7758);
#6265=AXIS2_PLACEMENT_3D('',#10077,#7759,#7760);
#6266=AXIS2_PLACEMENT_3D('',#10078,#7761,#7762);
#6267=AXIS2_PLACEMENT_3D('',#10079,#7763,#7764);
#6268=AXIS2_PLACEMENT_3D('',#10080,#7765,#7766);
#6269=AXIS2_PLACEMENT_3D('',#10081,#7767,#7768);
#6270=AXIS2_PLACEMENT_3D('',#10082,#7769,#7770);
#6271=AXIS2_PLACEMENT_3D('',#10083,#7771,#7772);
#6272=AXIS2_PLACEMENT_3D('',#10084,#7773,#7774);
#6273=AXIS2_PLACEMENT_3D('',#10085,#7775,#7776);
#6274=AXIS2_PLACEMENT_3D('',#10086,#7777,#7778);
#6275=AXIS2_PLACEMENT_3D('',#10087,#7779,#7780);
#6276=AXIS2_PLACEMENT_3D('',#10088,#7781,#7782);
#6277=AXIS2_PLACEMENT_3D('',#10089,#7783,#7784);
#6278=AXIS2_PLACEMENT_3D('',#10090,#7785,#7786);
#6279=AXIS2_PLACEMENT_3D('',#10091,#7787,#7788);
#6280=AXIS2_PLACEMENT_3D('',#10092,#7789,#7790);
#6281=AXIS2_PLACEMENT_3D('',#10093,#7791,#7792);
#6282=AXIS2_PLACEMENT_3D('',#10094,#7793,#7794);
#6283=AXIS2_PLACEMENT_3D('',#10095,#7795,#7796);
#6284=AXIS2_PLACEMENT_3D('',#10096,#7797,#7798);
#6285=AXIS2_PLACEMENT_3D('',#10097,#7799,#7800);
#6286=AXIS2_PLACEMENT_3D('',#10098,#7801,#7802);
#6287=AXIS2_PLACEMENT_3D('',#10099,#7803,#7804);
#6288=AXIS2_PLACEMENT_3D('',#10100,#7805,#7806);
#6289=AXIS2_PLACEMENT_3D('',#10101,#7807,#7808);
#6290=AXIS2_PLACEMENT_3D('',#10102,#7809,#7810);
#6291=AXIS2_PLACEMENT_3D('',#10103,#7811,#7812);
#6292=AXIS2_PLACEMENT_3D('',#10104,#7813,#7814);
#6293=AXIS2_PLACEMENT_3D('',#10105,#7815,#7816);
#6294=AXIS2_PLACEMENT_3D('',#10106,#7817,#7818);
#6295=AXIS2_PLACEMENT_3D('',#10107,#7819,#7820);
#6296=AXIS2_PLACEMENT_3D('',#10108,#7821,#7822);
#6297=AXIS2_PLACEMENT_3D('',#10109,#7823,#7824);
#6298=AXIS2_PLACEMENT_3D('',#10110,#7825,#7826);
#6299=AXIS2_PLACEMENT_3D('',#10111,#7827,#7828);
#6300=AXIS2_PLACEMENT_3D('',#10112,#7829,#7830);
#6301=AXIS2_PLACEMENT_3D('',#10113,#7831,#7832);
#6302=AXIS2_PLACEMENT_3D('',#10114,#7833,#7834);
#6303=AXIS2_PLACEMENT_3D('',#10115,#7835,#7836);
#6304=AXIS2_PLACEMENT_3D('',#10116,#7837,#7838);
#6305=AXIS2_PLACEMENT_3D('',#10117,#7839,#7840);
#6306=AXIS2_PLACEMENT_3D('',#10118,#7841,#7842);
#6307=AXIS2_PLACEMENT_3D('',#10119,#7843,#7844);
#6308=AXIS2_PLACEMENT_3D('',#10120,#7845,#7846);
#6309=AXIS2_PLACEMENT_3D('',#10121,#7847,#7848);
#6310=AXIS2_PLACEMENT_3D('',#10122,#7849,#7850);
#6311=AXIS2_PLACEMENT_3D('',#10123,#7851,#7852);
#6312=AXIS2_PLACEMENT_3D('',#10124,#7853,#7854);
#6313=AXIS2_PLACEMENT_3D('',#10125,#7855,#7856);
#6314=AXIS2_PLACEMENT_3D('',#10126,#7857,#7858);
#6315=AXIS2_PLACEMENT_3D('',#10127,#7859,#7860);
#6316=AXIS2_PLACEMENT_3D('',#10128,#7861,#7862);
#6317=AXIS2_PLACEMENT_3D('',#10129,#7863,#7864);
#6318=AXIS2_PLACEMENT_3D('',#10130,#7865,#7866);
#6319=AXIS2_PLACEMENT_3D('',#10131,#7867,#7868);
#6320=AXIS2_PLACEMENT_3D('',#10132,#7869,#7870);
#6321=AXIS2_PLACEMENT_3D('',#10133,#7871,#7872);
#6322=AXIS2_PLACEMENT_3D('',#10134,#7873,#7874);
#6323=AXIS2_PLACEMENT_3D('',#10135,#7875,#7876);
#6324=AXIS2_PLACEMENT_3D('',#10136,#7877,#7878);
#6325=AXIS2_PLACEMENT_3D('',#10137,#7879,#7880);
#6326=AXIS2_PLACEMENT_3D('',#10138,#7881,#7882);
#6327=AXIS2_PLACEMENT_3D('',#10139,#7883,#7884);
#6328=AXIS2_PLACEMENT_3D('',#10140,#7885,#7886);
#6329=AXIS2_PLACEMENT_3D('',#10141,#7887,#7888);
#6330=AXIS2_PLACEMENT_3D('',#10142,#7889,#7890);
#6331=AXIS2_PLACEMENT_3D('',#10143,#7891,#7892);
#6332=AXIS2_PLACEMENT_3D('',#10144,#7893,#7894);
#6333=AXIS2_PLACEMENT_3D('',#10145,#7895,#7896);
#6334=AXIS2_PLACEMENT_3D('',#10146,#7897,#7898);
#6335=AXIS2_PLACEMENT_3D('',#10147,#7899,#7900);
#6336=AXIS2_PLACEMENT_3D('',#10148,#7901,#7902);
#6337=AXIS2_PLACEMENT_3D('',#10149,#7903,#7904);
#6338=AXIS2_PLACEMENT_3D('',#10150,#7905,#7906);
#6339=AXIS2_PLACEMENT_3D('',#10151,#7907,#7908);
#6340=AXIS2_PLACEMENT_3D('',#10152,#7909,#7910);
#6341=AXIS2_PLACEMENT_3D('',#10153,#7911,#7912);
#6342=AXIS2_PLACEMENT_3D('',#10154,#7913,#7914);
#6343=AXIS2_PLACEMENT_3D('',#10155,#7915,#7916);
#6344=AXIS2_PLACEMENT_3D('',#10156,#7917,#7918);
#6345=AXIS2_PLACEMENT_3D('',#10157,#7919,#7920);
#6346=AXIS2_PLACEMENT_3D('',#10158,#7921,#7922);
#6347=AXIS2_PLACEMENT_3D('',#10159,#7923,#7924);
#6348=AXIS2_PLACEMENT_3D('',#10160,#7925,#7926);
#6349=AXIS2_PLACEMENT_3D('',#10161,#7927,#7928);
#6350=AXIS2_PLACEMENT_3D('',#10162,#7929,#7930);
#6351=AXIS2_PLACEMENT_3D('',#10163,#7931,#7932);
#6352=AXIS2_PLACEMENT_3D('',#10164,#7933,#7934);
#6353=AXIS2_PLACEMENT_3D('',#10165,#7935,#7936);
#6354=DIRECTION('',(0.,0.,1.));
#6355=DIRECTION('',(1.,0.,0.));
#6356=DIRECTION('',(0.,0.,-1.));
#6357=DIRECTION('',(1.,0.,0.));
#6358=DIRECTION('',(0.,0.,-1.));
#6359=DIRECTION('',(-1.,0.,0.));
#6360=DIRECTION('',(0.,1.,0.));
#6361=DIRECTION('',(0.,0.,-1.));
#6362=DIRECTION('',(-1.,0.,0.));
#6363=DIRECTION('',(0.,1.,0.));
#6364=DIRECTION('',(0.,1.,0.));
#6365=DIRECTION('',(0.,0.,-1.));
#6366=DIRECTION('',(-1.,0.,0.));
#6367=DIRECTION('',(0.,1.,0.));
#6368=DIRECTION('',(0.,0.,-1.));
#6369=DIRECTION('',(-1.,0.,0.));
#6370=DIRECTION('',(0.,1.,0.));
#6371=DIRECTION('',(-1.,0.,0.));
#6372=DIRECTION('',(0.,1.,0.));
#6373=DIRECTION('',(-1.,0.,0.));
#6374=DIRECTION('',(0.,-1.,0.));
#6375=DIRECTION('',(-1.,0.,0.));
#6376=DIRECTION('',(0.,-1.,0.));
#6377=DIRECTION('',(0.543597636848036,-0.839345941321712,0.));
#6378=DIRECTION('',(1.,0.,0.));
#6379=DIRECTION('',(0.,1.,0.));
#6380=DIRECTION('',(1.,0.,0.));
#6381=DIRECTION('',(0.,0.,-1.));
#6382=DIRECTION('',(-1.,0.,0.));
#6383=DIRECTION('',(0.,0.,-1.));
#6384=DIRECTION('',(1.,0.,0.));
#6385=DIRECTION('',(0.,1.,0.));
#6386=DIRECTION('',(0.,0.,-1.));
#6387=DIRECTION('',(-1.,0.,0.));
#6388=DIRECTION('',(0.,1.,0.));
#6389=DIRECTION('',(0.,0.,-1.));
#6390=DIRECTION('',(-1.,0.,0.));
#6391=DIRECTION('',(0.,1.,0.));
#6392=DIRECTION('',(0.,0.,-1.));
#6393=DIRECTION('',(-1.,0.,0.));
#6394=DIRECTION('',(0.,1.,0.));
#6395=DIRECTION('',(0.,0.,-1.));
#6396=DIRECTION('',(-1.,0.,0.));
#6397=DIRECTION('',(0.,-1.,0.));
#6398=DIRECTION('',(-0.713391799577947,-0.700765396045594,0.));
#6399=DIRECTION('',(1.,0.,0.));
#6400=DIRECTION('',(0.,1.,0.));
#6401=DIRECTION('',(-1.,0.,0.));
#6402=DIRECTION('',(0.,0.,-1.));
#6403=DIRECTION('',(-1.,0.,0.));
#6404=DIRECTION('',(0.,0.,-1.));
#6405=DIRECTION('',(1.,0.,0.));
#6406=DIRECTION('',(-1.,0.,0.));
#6407=DIRECTION('',(0.,0.,-1.));
#6408=DIRECTION('',(-1.,0.,0.));
#6409=DIRECTION('',(-1.,0.,0.));
#6410=DIRECTION('',(0.,0.,-1.));
#6411=DIRECTION('',(-1.,0.,0.));
#6412=DIRECTION('',(0.,0.,-1.));
#6413=DIRECTION('',(-1.,0.,0.));
#6414=DIRECTION('',(-1.,0.,0.));
#6415=DIRECTION('',(0.,0.,-1.));
#6416=DIRECTION('',(-1.,0.,0.));
#6417=DIRECTION('',(-1.,0.,0.));
#6418=DIRECTION('',(0.607910502716915,-0.794005554569027,0.));
#6419=DIRECTION('',(0.,-1.,0.));
#6420=DIRECTION('',(-0.645020920210725,-0.764164911842012,0.));
#6421=DIRECTION('',(0.,1.,0.));
#6422=DIRECTION('',(0.,0.,-1.));
#6423=DIRECTION('',(-1.,0.,0.));
#6424=DIRECTION('',(0.,0.,-1.));
#6425=DIRECTION('',(1.,0.,0.));
#6426=DIRECTION('',(-1.,0.,0.));
#6427=DIRECTION('',(0.,0.,-1.));
#6428=DIRECTION('',(-1.,0.,0.));
#6429=DIRECTION('',(-1.,0.,0.));
#6430=DIRECTION('',(0.,0.,-1.));
#6431=DIRECTION('',(-1.,0.,0.));
#6432=DIRECTION('',(-1.,0.,0.));
#6433=DIRECTION('',(0.,0.,-1.));
#6434=DIRECTION('',(-1.,0.,0.));
#6435=DIRECTION('',(-1.,0.,0.));
#6436=DIRECTION('',(0.,0.,-1.));
#6437=DIRECTION('',(-1.,0.,0.));
#6438=DIRECTION('',(0.,0.,-1.));
#6439=DIRECTION('',(-1.,0.,0.));
#6440=DIRECTION('',(0.,0.,-1.));
#6441=DIRECTION('',(-1.,0.,0.));
#6442=DIRECTION('',(0.,0.,-1.));
#6443=DIRECTION('',(-1.,0.,0.));
#6444=DIRECTION('',(0.,0.,-1.));
#6445=DIRECTION('',(-1.,0.,0.));
#6446=DIRECTION('',(0.,0.,-1.));
#6447=DIRECTION('',(-1.,0.,0.));
#6448=DIRECTION('',(-1.,1.98254111540206E-16,0.));
#6449=DIRECTION('',(0.,0.,-1.));
#6450=DIRECTION('',(-1.,0.,0.));
#6451=DIRECTION('',(0.,1.,0.));
#6452=DIRECTION('',(0.,0.,-1.));
#6453=DIRECTION('',(-1.,0.,0.));
#6454=DIRECTION('',(1.,0.,0.));
#6455=DIRECTION('',(0.,0.,-1.));
#6456=DIRECTION('',(-1.,0.,0.));
#6457=DIRECTION('',(0.,1.,0.));
#6458=DIRECTION('',(0.,0.,-1.));
#6459=DIRECTION('',(-1.,0.,0.));
#6460=DIRECTION('',(-1.,0.,0.));
#6461=DIRECTION('',(0.,0.,-1.));
#6462=DIRECTION('',(-1.,0.,0.));
#6463=DIRECTION('',(0.,1.,0.));
#6464=DIRECTION('',(0.,0.,-1.));
#6465=DIRECTION('',(-1.,0.,0.));
#6466=DIRECTION('',(1.,-1.23908819712629E-16,0.));
#6467=DIRECTION('',(0.,0.,-1.));
#6468=DIRECTION('',(-1.,0.,0.));
#6469=DIRECTION('',(0.,-1.,0.));
#6470=DIRECTION('',(0.,0.,-1.));
#6471=DIRECTION('',(-1.,0.,0.));
#6472=DIRECTION('',(-1.,0.,0.));
#6473=DIRECTION('',(0.,-1.,0.));
#6474=DIRECTION('',(0.,0.,-1.));
#6475=DIRECTION('',(-1.,0.,0.));
#6476=DIRECTION('',(1.,0.,0.));
#6477=DIRECTION('',(0.,0.,-1.));
#6478=DIRECTION('',(-1.,0.,0.));
#6479=DIRECTION('',(0.,-1.,0.));
#6480=DIRECTION('',(0.,0.,-1.));
#6481=DIRECTION('',(-1.,0.,0.));
#6482=DIRECTION('',(0.,0.,-1.));
#6483=DIRECTION('',(-1.,0.,0.));
#6484=DIRECTION('',(0.,0.,-1.));
#6485=DIRECTION('',(-1.,0.,0.));
#6486=DIRECTION('',(0.,0.,-1.));
#6487=DIRECTION('',(-1.,0.,0.));
#6488=DIRECTION('',(0.,0.,-1.));
#6489=DIRECTION('',(1.,0.,0.));
#6490=DIRECTION('',(0.,0.,-1.));
#6491=DIRECTION('',(-1.,0.,0.));
#6492=DIRECTION('',(-1.,0.,0.));
#6493=DIRECTION('',(0.,0.,-1.));
#6494=DIRECTION('',(-1.,0.,0.));
#6495=DIRECTION('',(-1.,0.,0.));
#6496=DIRECTION('',(-1.,0.,0.));
#6497=DIRECTION('',(0.,0.,-1.));
#6498=DIRECTION('',(-1.,0.,0.));
#6499=DIRECTION('',(-1.,0.,0.));
#6500=DIRECTION('',(0.,0.,-1.));
#6501=DIRECTION('',(-1.,0.,0.));
#6502=DIRECTION('',(0.,-1.,0.));
#6503=DIRECTION('',(1.,0.,0.));
#6504=DIRECTION('',(0.,-1.,0.));
#6505=DIRECTION('',(-1.,0.,0.));
#6506=DIRECTION('',(0.,-1.,0.));
#6507=DIRECTION('',(1.,0.,0.));
#6508=DIRECTION('',(0.,1.,0.));
#6509=DIRECTION('',(1.,0.,0.));
#6510=DIRECTION('',(0.,1.,0.));
#6511=DIRECTION('',(-1.,0.,0.));
#6512=DIRECTION('',(0.,0.,-1.));
#6513=DIRECTION('',(-1.,0.,0.));
#6514=DIRECTION('',(0.,0.,-1.));
#6515=DIRECTION('',(1.,0.,0.));
#6516=DIRECTION('',(0.,0.,-1.));
#6517=DIRECTION('',(-1.,0.,0.));
#6518=DIRECTION('',(-1.,0.,0.));
#6519=DIRECTION('',(0.,0.,-1.));
#6520=DIRECTION('',(-1.,0.,0.));
#6521=DIRECTION('',(-1.,0.,0.));
#6522=DIRECTION('',(-1.,0.,0.));
#6523=DIRECTION('',(0.,0.,-1.));
#6524=DIRECTION('',(-1.,0.,0.));
#6525=DIRECTION('',(-1.,0.,0.));
#6526=DIRECTION('',(0.,0.,-1.));
#6527=DIRECTION('',(-1.,0.,0.));
#6528=DIRECTION('',(-1.,0.,0.));
#6529=DIRECTION('',(0.,1.,0.));
#6530=DIRECTION('',(1.,0.,0.));
#6531=DIRECTION('',(0.,1.,0.));
#6532=DIRECTION('',(-1.,0.,0.));
#6533=DIRECTION('',(0.,1.,0.));
#6534=DIRECTION('',(1.,0.,0.));
#6535=DIRECTION('',(0.,-1.,0.));
#6536=DIRECTION('',(1.,0.,0.));
#6537=DIRECTION('',(0.,-1.,0.));
#6538=DIRECTION('',(-1.,0.,0.));
#6539=DIRECTION('',(0.,1.,0.));
#6540=DIRECTION('',(-0.713391799577948,0.700765396045593,0.));
#6541=DIRECTION('',(1.,0.,0.));
#6542=DIRECTION('',(0.,-1.,0.));
#6543=DIRECTION('',(0.,0.,-1.));
#6544=DIRECTION('',(-1.,0.,0.));
#6545=DIRECTION('',(0.,-1.,0.));
#6546=DIRECTION('',(0.607910502716912,0.794005554569029,0.));
#6547=DIRECTION('',(0.,1.,0.));
#6548=DIRECTION('',(-0.645020920210725,0.764164911842012,0.));
#6549=DIRECTION('',(0.,0.,-1.));
#6550=DIRECTION('',(-1.,0.,0.));
#6551=DIRECTION('',(0.,1.,0.));
#6552=DIRECTION('',(1.,0.,0.));
#6553=DIRECTION('',(0.,0.,-1.));
#6554=DIRECTION('',(-1.,0.,0.));
#6555=DIRECTION('',(0.,1.,0.));
#6556=DIRECTION('',(0.,0.,-1.));
#6557=DIRECTION('',(-1.,0.,0.));
#6558=DIRECTION('',(-1.,1.23908819712629E-16,0.));
#6559=DIRECTION('',(0.,0.,-1.));
#6560=DIRECTION('',(-1.,0.,0.));
#6561=DIRECTION('',(0.,-1.,0.));
#6562=DIRECTION('',(0.,0.,-1.));
#6563=DIRECTION('',(-1.,0.,0.));
#6564=DIRECTION('',(1.,0.,0.));
#6565=DIRECTION('',(0.,0.,-1.));
#6566=DIRECTION('',(-1.,0.,0.));
#6567=DIRECTION('',(0.,-1.,0.));
#6568=DIRECTION('',(0.,0.,-1.));
#6569=DIRECTION('',(-1.,0.,0.));
#6570=DIRECTION('',(-1.,0.,0.));
#6571=DIRECTION('',(0.,0.,-1.));
#6572=DIRECTION('',(-1.,0.,0.));
#6573=DIRECTION('',(0.,-1.,0.));
#6574=DIRECTION('',(0.,0.,-1.));
#6575=DIRECTION('',(-1.,0.,0.));
#6576=DIRECTION('',(1.,-1.98254111540206E-16,0.));
#6577=DIRECTION('',(0.,0.,-1.));
#6578=DIRECTION('',(-1.,0.,0.));
#6579=DIRECTION('',(0.,1.,0.));
#6580=DIRECTION('',(0.,0.,-1.));
#6581=DIRECTION('',(-1.,0.,0.));
#6582=DIRECTION('',(-1.,0.,0.));
#6583=DIRECTION('',(1.,0.,0.));
#6584=DIRECTION('',(0.,-1.,0.));
#6585=DIRECTION('',(-1.,0.,0.));
#6586=DIRECTION('',(0.,-1.,0.));
#6587=DIRECTION('',(-1.,0.,0.));
#6588=DIRECTION('',(0.,1.,0.));
#6589=DIRECTION('',(-1.,0.,0.));
#6590=DIRECTION('',(0.,1.,0.));
#6591=DIRECTION('',(0.543597636848037,0.839345941321712,0.));
#6592=DIRECTION('',(1.,0.,0.));
#6593=DIRECTION('',(0.,-1.,0.));
#6594=DIRECTION('',(0.,0.,-1.));
#6595=DIRECTION('',(-1.,0.,0.));
#6596=DIRECTION('',(0.,0.,-1.));
#6597=DIRECTION('',(-1.,0.,0.));
#6598=DIRECTION('',(0.,0.,-1.));
#6599=DIRECTION('',(-1.,0.,0.));
#6600=DIRECTION('',(0.,0.,-1.));
#6601=DIRECTION('',(-1.,0.,0.));
#6602=DIRECTION('',(0.,0.,-1.));
#6603=DIRECTION('',(-1.,0.,0.));
#6604=DIRECTION('',(0.,0.,-1.));
#6605=DIRECTION('',(-1.,0.,0.));
#6606=DIRECTION('',(0.,0.,-1.));
#6607=DIRECTION('',(-1.,0.,0.));
#6608=DIRECTION('',(0.,0.,-1.));
#6609=DIRECTION('',(-1.,0.,0.));
#6610=DIRECTION('',(-1.,0.,0.));
#6611=DIRECTION('',(0.,0.,1.));
#6612=DIRECTION('',(0.,0.,1.));
#6613=DIRECTION('',(0.,-1.,0.));
#6614=DIRECTION('',(0.,0.,1.));
#6615=DIRECTION('',(0.,1.,0.));
#6616=DIRECTION('',(-1.,0.,0.));
#6617=DIRECTION('',(0.,0.,1.));
#6618=DIRECTION('',(0.,0.,1.));
#6619=DIRECTION('',(0.,1.,0.));
#6620=DIRECTION('',(0.,0.,1.));
#6621=DIRECTION('',(0.,-1.,0.));
#6622=DIRECTION('',(0.,0.,-1.));
#6623=DIRECTION('',(-1.,0.,0.));
#6624=DIRECTION('',(0.,0.,-1.));
#6625=DIRECTION('',(-1.,0.,0.));
#6626=DIRECTION('',(0.,0.,-1.));
#6627=DIRECTION('',(-1.,0.,0.));
#6628=DIRECTION('',(0.,0.,-1.));
#6629=DIRECTION('',(-1.,0.,0.));
#6630=DIRECTION('',(0.,0.,-1.));
#6631=DIRECTION('',(-1.,0.,0.));
#6632=DIRECTION('',(0.,0.,-1.));
#6633=DIRECTION('',(-1.,0.,0.));
#6634=DIRECTION('',(0.,0.,-1.));
#6635=DIRECTION('',(-1.,0.,0.));
#6636=DIRECTION('',(0.,0.,-1.));
#6637=DIRECTION('',(-1.,0.,0.));
#6638=DIRECTION('',(1.23908819712629E-16,1.,0.));
#6639=DIRECTION('',(-1.,1.23908819712629E-16,0.));
#6640=DIRECTION('',(0.,0.,1.));
#6641=DIRECTION('',(1.,-1.23908819712629E-16,0.));
#6642=DIRECTION('',(0.,0.,1.));
#6643=DIRECTION('',(-1.,1.23908819712629E-16,0.));
#6644=DIRECTION('',(-1.,0.,0.));
#6645=DIRECTION('',(0.,0.,1.));
#6646=DIRECTION('',(0.,0.,1.));
#6647=DIRECTION('',(0.,-1.,0.));
#6648=DIRECTION('',(0.,0.,1.));
#6649=DIRECTION('',(0.,1.,0.));
#6650=DIRECTION('',(1.98254111540206E-16,1.,0.));
#6651=DIRECTION('',(-1.,1.98254111540206E-16,0.));
#6652=DIRECTION('',(0.,0.,1.));
#6653=DIRECTION('',(1.,-1.98254111540206E-16,0.));
#6654=DIRECTION('',(0.,0.,1.));
#6655=DIRECTION('',(-1.,1.98254111540206E-16,0.));
#6656=DIRECTION('',(-1.,0.,0.));
#6657=DIRECTION('',(0.,0.,1.));
#6658=DIRECTION('',(0.,0.,1.));
#6659=DIRECTION('',(0.,1.,0.));
#6660=DIRECTION('',(0.,0.,1.));
#6661=DIRECTION('',(0.,-1.,0.));
#6662=DIRECTION('',(0.,-1.,0.));
#6663=DIRECTION('',(0.,0.,-1.));
#6664=DIRECTION('',(0.,0.,1.));
#6665=DIRECTION('',(-1.,0.,0.));
#6666=DIRECTION('',(0.,0.,1.));
#6667=DIRECTION('',(-1.,0.,0.));
#6668=DIRECTION('',(0.,0.,1.));
#6669=DIRECTION('',(1.,0.,0.));
#6670=DIRECTION('',(0.,0.,1.));
#6671=DIRECTION('',(0.,0.,-1.));
#6672=DIRECTION('',(-1.,0.,0.));
#6673=DIRECTION('',(0.,0.,-1.));
#6674=DIRECTION('',(-1.,0.,0.));
#6675=DIRECTION('',(0.,-1.,0.));
#6676=DIRECTION('',(0.,0.,-1.));
#6677=DIRECTION('',(0.,0.,1.));
#6678=DIRECTION('',(-1.,0.,0.));
#6679=DIRECTION('',(-1.,0.,0.));
#6680=DIRECTION('',(0.,0.,1.));
#6681=DIRECTION('',(1.,0.,0.));
#6682=DIRECTION('',(0.,0.,-1.));
#6683=DIRECTION('',(-1.,0.,0.));
#6684=DIRECTION('',(0.,0.,-1.));
#6685=DIRECTION('',(-1.,0.,0.));
#6686=DIRECTION('',(0.,-1.,0.));
#6687=DIRECTION('',(0.,0.,-1.));
#6688=DIRECTION('',(0.,0.,1.));
#6689=DIRECTION('',(-1.,0.,0.));
#6690=DIRECTION('',(0.,0.,1.));
#6691=DIRECTION('',(-1.,0.,0.));
#6692=DIRECTION('',(0.,0.,1.));
#6693=DIRECTION('',(1.,0.,0.));
#6694=DIRECTION('',(0.,0.,-1.));
#6695=DIRECTION('',(-1.,0.,0.));
#6696=DIRECTION('',(0.,0.,1.));
#6697=DIRECTION('',(0.,0.,-1.));
#6698=DIRECTION('',(-1.,0.,0.));
#6699=DIRECTION('',(0.,-1.,0.));
#6700=DIRECTION('',(0.,0.,-1.));
#6701=DIRECTION('',(-1.,0.,0.));
#6702=DIRECTION('',(0.,0.,1.));
#6703=DIRECTION('',(-1.,0.,0.));
#6704=DIRECTION('',(0.,0.,1.));
#6705=DIRECTION('',(1.,0.,0.));
#6706=DIRECTION('',(0.,0.,-1.));
#6707=DIRECTION('',(-1.,0.,0.));
#6708=DIRECTION('',(0.,0.,-1.));
#6709=DIRECTION('',(-1.,0.,0.));
#6710=DIRECTION('',(0.,-1.,0.));
#6711=DIRECTION('',(0.,0.,-1.));
#6712=DIRECTION('',(0.,0.,1.));
#6713=DIRECTION('',(-1.,0.,0.));
#6714=DIRECTION('',(0.,0.,1.));
#6715=DIRECTION('',(1.,0.,0.));
#6716=DIRECTION('',(0.,0.,1.));
#6717=DIRECTION('',(1.,0.,0.));
#6718=DIRECTION('',(0.,0.,1.));
#6719=DIRECTION('',(0.,0.,-1.));
#6720=DIRECTION('',(-1.,0.,0.));
#6721=DIRECTION('',(0.,0.,-1.));
#6722=DIRECTION('',(-1.,0.,0.));
#6723=DIRECTION('',(0.,-1.,0.));
#6724=DIRECTION('',(0.,0.,-1.));
#6725=DIRECTION('',(0.,0.,1.));
#6726=DIRECTION('',(-1.,0.,0.));
#6727=DIRECTION('',(1.,0.,0.));
#6728=DIRECTION('',(0.,0.,1.));
#6729=DIRECTION('',(1.,0.,0.));
#6730=DIRECTION('',(0.,0.,-1.));
#6731=DIRECTION('',(-1.,0.,0.));
#6732=DIRECTION('',(0.,0.,-1.));
#6733=DIRECTION('',(-1.,0.,0.));
#6734=DIRECTION('',(-1.,0.,0.));
#6735=DIRECTION('',(0.,0.,1.));
#6736=DIRECTION('',(0.,0.,1.));
#6737=DIRECTION('',(0.,1.,0.));
#6738=DIRECTION('',(0.,0.,1.));
#6739=DIRECTION('',(0.,-1.,0.));
#6740=DIRECTION('',(0.,0.,1.));
#6741=DIRECTION('',(1.,0.,0.));
#6742=DIRECTION('',(0.,0.,1.));
#6743=DIRECTION('',(0.,0.,-1.));
#6744=DIRECTION('',(-1.,0.,0.));
#6745=DIRECTION('',(0.,0.,-1.));
#6746=DIRECTION('',(-1.,0.,0.));
#6747=DIRECTION('',(-1.,0.,0.));
#6748=DIRECTION('',(0.,0.,1.));
#6749=DIRECTION('',(0.,0.,1.));
#6750=DIRECTION('',(0.,1.,0.));
#6751=DIRECTION('',(0.,-1.,0.));
#6752=DIRECTION('',(0.,0.,1.));
#6753=DIRECTION('',(1.,0.,0.));
#6754=DIRECTION('',(0.,0.,-1.));
#6755=DIRECTION('',(-1.,0.,0.));
#6756=DIRECTION('',(0.,0.,-1.));
#6757=DIRECTION('',(-1.,0.,0.));
#6758=DIRECTION('',(-1.,0.,0.));
#6759=DIRECTION('',(0.,0.,1.));
#6760=DIRECTION('',(0.,0.,1.));
#6761=DIRECTION('',(0.,1.,0.));
#6762=DIRECTION('',(0.,0.,1.));
#6763=DIRECTION('',(0.,-1.,0.));
#6764=DIRECTION('',(0.,0.,1.));
#6765=DIRECTION('',(1.,0.,0.));
#6766=DIRECTION('',(0.,0.,1.));
#6767=DIRECTION('',(0.,0.,-1.));
#6768=DIRECTION('',(-1.,0.,0.));
#6769=DIRECTION('',(0.,0.,-1.));
#6770=DIRECTION('',(-1.,0.,0.));
#6771=DIRECTION('',(-1.,0.,0.));
#6772=DIRECTION('',(0.,0.,1.));
#6773=DIRECTION('',(0.,0.,1.));
#6774=DIRECTION('',(0.,1.,0.));
#6775=DIRECTION('',(0.,-1.,0.));
#6776=DIRECTION('',(0.,0.,1.));
#6777=DIRECTION('',(1.,0.,0.));
#6778=DIRECTION('',(0.,0.,-1.));
#6779=DIRECTION('',(-1.,0.,0.));
#6780=DIRECTION('',(0.,0.,-1.));
#6781=DIRECTION('',(-1.,0.,0.));
#6782=DIRECTION('',(-1.,0.,0.));
#6783=DIRECTION('',(0.,0.,1.));
#6784=DIRECTION('',(0.,0.,1.));
#6785=DIRECTION('',(0.,1.,0.));
#6786=DIRECTION('',(0.,0.,1.));
#6787=DIRECTION('',(0.,-1.,0.));
#6788=DIRECTION('',(0.,0.,1.));
#6789=DIRECTION('',(1.,0.,0.));
#6790=DIRECTION('',(0.,0.,1.));
#6791=DIRECTION('',(0.,0.,-1.));
#6792=DIRECTION('',(-1.,0.,0.));
#6793=DIRECTION('',(0.,0.,-1.));
#6794=DIRECTION('',(-1.,0.,0.));
#6795=DIRECTION('',(-1.,0.,0.));
#6796=DIRECTION('',(0.,0.,1.));
#6797=DIRECTION('',(0.,0.,1.));
#6798=DIRECTION('',(0.,1.,0.));
#6799=DIRECTION('',(0.,-1.,0.));
#6800=DIRECTION('',(0.,0.,1.));
#6801=DIRECTION('',(1.,0.,0.));
#6802=DIRECTION('',(0.,0.,-1.));
#6803=DIRECTION('',(-1.,0.,0.));
#6804=DIRECTION('',(0.,0.,-1.));
#6805=DIRECTION('',(-1.,0.,0.));
#6806=DIRECTION('',(0.,-1.,0.));
#6807=DIRECTION('',(0.,0.,-1.));
#6808=DIRECTION('',(0.,0.,1.));
#6809=DIRECTION('',(-1.,0.,0.));
#6810=DIRECTION('',(0.,0.,1.));
#6811=DIRECTION('',(1.,0.,0.));
#6812=DIRECTION('',(0.,0.,1.));
#6813=DIRECTION('',(1.,0.,0.));
#6814=DIRECTION('',(0.,0.,1.));
#6815=DIRECTION('',(0.,0.,-1.));
#6816=DIRECTION('',(-1.,0.,0.));
#6817=DIRECTION('',(0.,0.,-1.));
#6818=DIRECTION('',(-1.,0.,0.));
#6819=DIRECTION('',(0.,-1.,0.));
#6820=DIRECTION('',(0.,0.,-1.));
#6821=DIRECTION('',(0.,0.,1.));
#6822=DIRECTION('',(-1.,0.,0.));
#6823=DIRECTION('',(1.,0.,0.));
#6824=DIRECTION('',(0.,0.,1.));
#6825=DIRECTION('',(1.,0.,0.));
#6826=DIRECTION('',(0.,0.,-1.));
#6827=DIRECTION('',(-1.,0.,0.));
#6828=DIRECTION('',(0.,0.,-1.));
#6829=DIRECTION('',(-1.,0.,0.));
#6830=DIRECTION('',(0.,-1.,0.));
#6831=DIRECTION('',(0.,0.,-1.));
#6832=DIRECTION('',(0.,0.,1.));
#6833=DIRECTION('',(-1.,0.,0.));
#6834=DIRECTION('',(0.,0.,1.));
#6835=DIRECTION('',(1.,0.,0.));
#6836=DIRECTION('',(0.,0.,1.));
#6837=DIRECTION('',(1.,0.,0.));
#6838=DIRECTION('',(0.,0.,1.));
#6839=DIRECTION('',(0.,0.,-1.));
#6840=DIRECTION('',(-1.,0.,0.));
#6841=DIRECTION('',(0.,0.,-1.));
#6842=DIRECTION('',(-1.,0.,0.));
#6843=DIRECTION('',(0.,-1.,0.));
#6844=DIRECTION('',(0.,0.,-1.));
#6845=DIRECTION('',(0.,0.,1.));
#6846=DIRECTION('',(-1.,0.,0.));
#6847=DIRECTION('',(1.,0.,0.));
#6848=DIRECTION('',(0.,0.,1.));
#6849=DIRECTION('',(1.,0.,0.));
#6850=DIRECTION('',(0.,0.,-1.));
#6851=DIRECTION('',(-1.,0.,0.));
#6852=DIRECTION('',(0.,0.,-1.));
#6853=DIRECTION('',(-1.,0.,0.));
#6854=DIRECTION('',(0.,-1.,0.));
#6855=DIRECTION('',(0.,0.,-1.));
#6856=DIRECTION('',(0.,0.,1.));
#6857=DIRECTION('',(-1.,0.,0.));
#6858=DIRECTION('',(0.,0.,1.));
#6859=DIRECTION('',(1.,0.,0.));
#6860=DIRECTION('',(0.,0.,1.));
#6861=DIRECTION('',(1.,0.,0.));
#6862=DIRECTION('',(0.,0.,1.));
#6863=DIRECTION('',(0.,0.,-1.));
#6864=DIRECTION('',(-1.,0.,0.));
#6865=DIRECTION('',(0.,0.,-1.));
#6866=DIRECTION('',(-1.,0.,0.));
#6867=DIRECTION('',(0.,-1.,0.));
#6868=DIRECTION('',(0.,0.,-1.));
#6869=DIRECTION('',(0.,0.,1.));
#6870=DIRECTION('',(-1.,0.,0.));
#6871=DIRECTION('',(1.,0.,0.));
#6872=DIRECTION('',(0.,0.,1.));
#6873=DIRECTION('',(1.,0.,0.));
#6874=DIRECTION('',(0.,0.,-1.));
#6875=DIRECTION('',(-1.,0.,0.));
#6876=DIRECTION('',(0.,0.,-1.));
#6877=DIRECTION('',(-1.,0.,0.));
#6878=DIRECTION('',(-1.,0.,0.));
#6879=DIRECTION('',(0.,0.,1.));
#6880=DIRECTION('',(0.,0.,1.));
#6881=DIRECTION('',(0.,1.,0.));
#6882=DIRECTION('',(0.,0.,1.));
#6883=DIRECTION('',(0.,-1.,0.));
#6884=DIRECTION('',(0.,0.,1.));
#6885=DIRECTION('',(1.,0.,0.));
#6886=DIRECTION('',(0.,0.,1.));
#6887=DIRECTION('',(0.,0.,-1.));
#6888=DIRECTION('',(-1.,0.,0.));
#6889=DIRECTION('',(0.,0.,-1.));
#6890=DIRECTION('',(-1.,0.,0.));
#6891=DIRECTION('',(-1.,0.,0.));
#6892=DIRECTION('',(0.,0.,1.));
#6893=DIRECTION('',(0.,0.,1.));
#6894=DIRECTION('',(0.,1.,0.));
#6895=DIRECTION('',(0.,-1.,0.));
#6896=DIRECTION('',(0.,0.,1.));
#6897=DIRECTION('',(1.,0.,0.));
#6898=DIRECTION('',(0.,0.,-1.));
#6899=DIRECTION('',(-1.,0.,0.));
#6900=DIRECTION('',(0.,0.,-1.));
#6901=DIRECTION('',(-1.,0.,0.));
#6902=DIRECTION('',(0.,0.,1.));
#6903=DIRECTION('',(1.,0.,0.));
#6904=DIRECTION('',(0.,0.,-1.));
#6905=DIRECTION('',(-1.,0.,0.));
#6906=DIRECTION('',(0.,0.,-1.));
#6907=DIRECTION('',(-1.,0.,0.));
#6908=DIRECTION('',(0.,0.,-1.));
#6909=DIRECTION('',(-1.,0.,0.));
#6910=DIRECTION('',(0.,0.,-1.));
#6911=DIRECTION('',(-1.,0.,0.));
#6912=DIRECTION('',(0.,0.,-1.));
#6913=DIRECTION('',(-1.,0.,0.));
#6914=DIRECTION('',(0.,0.,1.));
#6915=DIRECTION('',(1.,0.,0.));
#6916=DIRECTION('',(0.,0.,-1.));
#6917=DIRECTION('',(-1.,0.,0.));
#6918=DIRECTION('',(0.,0.,-1.));
#6919=DIRECTION('',(-1.,0.,0.));
#6920=DIRECTION('',(0.,0.,-1.));
#6921=DIRECTION('',(-1.,0.,0.));
#6922=DIRECTION('',(0.,0.,-1.));
#6923=DIRECTION('',(-1.,0.,0.));
#6924=DIRECTION('',(0.,0.,-1.));
#6925=DIRECTION('',(-1.,0.,0.));
#6926=DIRECTION('',(0.,0.,-1.));
#6927=DIRECTION('',(-1.,0.,0.));
#6928=DIRECTION('',(0.,0.,-1.));
#6929=DIRECTION('',(-1.,0.,0.));
#6930=DIRECTION('',(0.,0.,-1.));
#6931=DIRECTION('',(-1.,0.,0.));
#6932=DIRECTION('',(0.,0.,-1.));
#6933=DIRECTION('',(-1.,0.,0.));
#6934=DIRECTION('',(1.,0.,0.));
#6935=DIRECTION('',(0.,0.,-1.));
#6936=DIRECTION('',(0.,0.,1.));
#6937=DIRECTION('',(0.,-1.,0.));
#6938=DIRECTION('',(0.,0.,1.));
#6939=DIRECTION('',(0.,1.,0.));
#6940=DIRECTION('',(0.,-1.,0.));
#6941=DIRECTION('',(0.,0.,-1.));
#6942=DIRECTION('',(0.,0.,1.));
#6943=DIRECTION('',(1.,0.,0.));
#6944=DIRECTION('',(0.,0.,1.));
#6945=DIRECTION('',(-1.,0.,0.));
#6946=DIRECTION('',(0.,-1.,0.));
#6947=DIRECTION('',(0.,0.,-1.));
#6948=DIRECTION('',(0.,0.,1.));
#6949=DIRECTION('',(-1.,0.,0.));
#6950=DIRECTION('',(1.,0.,0.));
#6951=DIRECTION('',(0.,1.,0.));
#6952=DIRECTION('',(0.,0.,1.));
#6953=DIRECTION('',(0.,0.,1.));
#6954=DIRECTION('',(-1.,0.,0.));
#6955=DIRECTION('',(0.,0.,1.));
#6956=DIRECTION('',(1.,0.,0.));
#6957=DIRECTION('',(1.,0.,0.));
#6958=DIRECTION('',(0.,0.,-1.));
#6959=DIRECTION('',(0.,0.,1.));
#6960=DIRECTION('',(0.,1.,0.));
#6961=DIRECTION('',(0.,0.,1.));
#6962=DIRECTION('',(0.,-1.,0.));
#6963=DIRECTION('',(0.,-1.,0.));
#6964=DIRECTION('',(0.,0.,-1.));
#6965=DIRECTION('',(0.,0.,1.));
#6966=DIRECTION('',(1.,0.,0.));
#6967=DIRECTION('',(0.,0.,1.));
#6968=DIRECTION('',(-1.,0.,0.));
#6969=DIRECTION('',(0.,0.,-1.));
#6970=DIRECTION('',(-1.,0.,0.));
#6971=DIRECTION('',(0.,0.,-1.));
#6972=DIRECTION('',(-1.,0.,0.));
#6973=DIRECTION('',(0.,0.,-1.));
#6974=DIRECTION('',(-1.,0.,0.));
#6975=DIRECTION('',(0.,0.,-1.));
#6976=DIRECTION('',(-1.,0.,0.));
#6977=DIRECTION('',(0.,0.,-1.));
#6978=DIRECTION('',(-1.,0.,0.));
#6979=DIRECTION('',(0.,0.,-1.));
#6980=DIRECTION('',(-1.,0.,0.));
#6981=DIRECTION('',(0.,0.,-1.));
#6982=DIRECTION('',(-1.,0.,0.));
#6983=DIRECTION('',(0.,0.,-1.));
#6984=DIRECTION('',(-1.,0.,0.));
#6985=DIRECTION('',(0.,0.,-1.));
#6986=DIRECTION('',(-1.,0.,0.));
#6987=DIRECTION('',(0.,0.,-1.));
#6988=DIRECTION('',(-1.,0.,0.));
#6989=DIRECTION('',(0.,0.,-1.));
#6990=DIRECTION('',(-1.,0.,0.));
#6991=DIRECTION('',(0.,0.,-1.));
#6992=DIRECTION('',(-1.,0.,0.));
#6993=DIRECTION('',(0.,0.,1.));
#6994=DIRECTION('',(1.,0.,0.));
#6995=DIRECTION('',(0.,0.,-1.));
#6996=DIRECTION('',(-1.,0.,0.));
#6997=DIRECTION('',(0.,0.,-1.));
#6998=DIRECTION('',(-1.,0.,0.));
#6999=DIRECTION('',(0.,0.,1.));
#7000=DIRECTION('',(1.,0.,0.));
#7001=DIRECTION('',(0.,0.,-1.));
#7002=DIRECTION('',(-1.,0.,0.));
#7003=DIRECTION('',(0.,0.,-1.));
#7004=DIRECTION('',(-1.,0.,0.));
#7005=DIRECTION('',(0.,0.,-1.));
#7006=DIRECTION('',(-1.,0.,0.));
#7007=DIRECTION('',(0.,0.,-1.));
#7008=DIRECTION('',(-1.,0.,0.));
#7009=DIRECTION('',(0.,0.,-1.));
#7010=DIRECTION('',(-1.,0.,0.));
#7011=DIRECTION('',(-8.76167666676217E-17,-0.70710678118655,0.707106781186545));
#7012=DIRECTION('',(-1.,1.23908819712629E-16,0.));
#7013=DIRECTION('',(0.,0.707106781186545,0.70710678118655));
#7014=DIRECTION('',(0.,-0.707106781186543,-0.707106781186552));
#7015=DIRECTION('',(0.,0.,1.));
#7016=DIRECTION('',(1.,0.,0.));
#7017=DIRECTION('',(0.707106781186548,0.,-0.707106781186548));
#7018=DIRECTION('',(0.,0.,1.));
#7019=DIRECTION('',(1.,0.,0.));
#7020=DIRECTION('',(0.707106781186548,0.,0.707106781186548));
#7021=DIRECTION('',(0.707106781186548,0.,0.707106781186548));
#7022=DIRECTION('',(0.,-1.,0.));
#7023=DIRECTION('',(0.707106781186548,0.,-0.707106781186548));
#7024=DIRECTION('',(0.707106781186548,0.,-0.707106781186548));
#7025=DIRECTION('',(0.,1.,0.));
#7026=DIRECTION('',(0.707106781186548,0.,0.707106781186548));
#7027=DIRECTION('',(0.,0.,1.));
#7028=DIRECTION('',(1.,0.,0.));
#7029=DIRECTION('',(0.,0.707106781186546,-0.707106781186549));
#7030=DIRECTION('',(0.,0.,1.));
#7031=DIRECTION('',(1.,0.,0.));
#7032=DIRECTION('',(0.,-0.707106781186546,0.707106781186549));
#7033=DIRECTION('',(0.,-0.707106781186551,-0.707106781186544));
#7034=DIRECTION('',(-1.,0.,0.));
#7035=DIRECTION('',(0.,0.707106781186544,-0.707106781186551));
#7036=DIRECTION('',(0.,0.707106781186549,0.707106781186546));
#7037=DIRECTION('',(-1.,0.,0.));
#7038=DIRECTION('',(-0.577350269189626,0.577350269189624,-0.577350269189626));
#7039=DIRECTION('',(0.,0.,-1.));
#7040=DIRECTION('',(-1.,0.,0.));
#7041=DIRECTION('',(0.707106781186548,0.,-0.707106781186548));
#7042=DIRECTION('',(-0.707106781186548,0.,0.707106781186548));
#7043=DIRECTION('',(0.,-1.,0.));
#7044=DIRECTION('',(0.707106781186548,0.,0.707106781186548));
#7045=DIRECTION('',(-0.707106781186548,0.,-0.707106781186548));
#7046=DIRECTION('',(0.,1.,0.));
#7047=DIRECTION('',(0.707106781186548,0.,-0.707106781186548));
#7048=DIRECTION('',(0.,0.,-1.));
#7049=DIRECTION('',(-1.,0.,0.));
#7050=DIRECTION('',(0.,0.707106781186548,0.707106781186548));
#7051=DIRECTION('',(0.,0.,-1.));
#7052=DIRECTION('',(-1.,0.,0.));
#7053=DIRECTION('',(0.,-0.707106781186548,-0.707106781186548));
#7054=DIRECTION('',(0.,0.707106781186548,-0.707106781186548));
#7055=DIRECTION('',(1.,0.,0.));
#7056=DIRECTION('',(0.,0.707106781186548,0.707106781186548));
#7057=DIRECTION('',(0.,0.707106781186548,-0.707106781186548));
#7058=DIRECTION('',(1.,0.,0.));
#7059=DIRECTION('',(0.,-0.707106781186548,-0.707106781186548));
#7060=DIRECTION('',(0.,0.,1.));
#7061=DIRECTION('',(1.,0.,0.));
#7062=DIRECTION('',(0.707106781186548,0.,0.707106781186548));
#7063=DIRECTION('',(0.,0.,1.));
#7064=DIRECTION('',(1.,0.,0.));
#7065=DIRECTION('',(0.707106781186548,0.,-0.707106781186548));
#7066=DIRECTION('',(0.707106781186548,0.,-0.707106781186548));
#7067=DIRECTION('',(0.,1.,0.));
#7068=DIRECTION('',(0.707106781186548,0.,0.707106781186548));
#7069=DIRECTION('',(0.707106781186548,0.,0.707106781186548));
#7070=DIRECTION('',(0.,-1.,0.));
#7071=DIRECTION('',(0.707106781186548,0.,-0.707106781186548));
#7072=DIRECTION('',(0.,0.,1.));
#7073=DIRECTION('',(1.,0.,0.));
#7074=DIRECTION('',(0.,-0.707106781186548,0.707106781186548));
#7075=DIRECTION('',(0.,0.,1.));
#7076=DIRECTION('',(1.,0.,0.));
#7077=DIRECTION('',(0.,0.707106781186548,-0.707106781186548));
#7078=DIRECTION('',(-1.40186826668194E-16,-0.707106781186548,-0.707106781186548));
#7079=DIRECTION('',(1.,-1.98254111540206E-16,0.));
#7080=DIRECTION('',(8.76167666676217E-17,0.70710678118655,0.707106781186545));
#7081=DIRECTION('',(1.,-1.23908819712629E-16,0.));
#7082=DIRECTION('',(0.,-0.707106781186548,0.707106781186548));
#7083=DIRECTION('',(0.,0.707106781186545,-0.70710678118655));
#7084=DIRECTION('',(0.,0.,-1.));
#7085=DIRECTION('',(-1.,0.,0.));
#7086=DIRECTION('',(-0.707106781186548,0.,-0.707106781186548));
#7087=DIRECTION('',(0.,0.,-1.));
#7088=DIRECTION('',(-1.,0.,0.));
#7089=DIRECTION('',(-0.707106781186548,0.,0.707106781186548));
#7090=DIRECTION('',(-0.707106781186548,0.,0.707106781186548));
#7091=DIRECTION('',(0.,1.,0.));
#7092=DIRECTION('',(-0.707106781186548,0.,-0.707106781186548));
#7093=DIRECTION('',(-0.707106781186548,0.,-0.707106781186548));
#7094=DIRECTION('',(0.,-1.,0.));
#7095=DIRECTION('',(-0.707106781186548,0.,0.707106781186548));
#7096=DIRECTION('',(0.,0.,-1.));
#7097=DIRECTION('',(-1.,0.,0.));
#7098=DIRECTION('',(0.,-0.707106781186546,-0.707106781186549));
#7099=DIRECTION('',(0.,0.,-1.));
#7100=DIRECTION('',(-1.,0.,0.));
#7101=DIRECTION('',(0.,0.707106781186546,0.707106781186549));
#7102=DIRECTION('',(0.,0.707106781186551,-0.707106781186544));
#7103=DIRECTION('',(1.,0.,0.));
#7104=DIRECTION('',(0.,-0.707106781186544,-0.707106781186551));
#7105=DIRECTION('',(0.,-0.707106781186549,0.707106781186546));
#7106=DIRECTION('',(1.,0.,0.));
#7107=DIRECTION('',(-0.577350269189626,0.577350269189624,0.577350269189626));
#7108=DIRECTION('',(0.,0.,1.));
#7109=DIRECTION('',(1.,0.,0.));
#7110=DIRECTION('',(-0.707106781186548,0.,-0.707106781186548));
#7111=DIRECTION('',(0.707106781186548,0.,0.707106781186548));
#7112=DIRECTION('',(0.,1.,0.));
#7113=DIRECTION('',(-0.707106781186548,0.,0.707106781186548));
#7114=DIRECTION('',(0.707106781186548,0.,-0.707106781186548));
#7115=DIRECTION('',(0.,-1.,0.));
#7116=DIRECTION('',(-0.707106781186548,0.,-0.707106781186548));
#7117=DIRECTION('',(0.,0.,1.));
#7118=DIRECTION('',(1.,0.,0.));
#7119=DIRECTION('',(0.,-0.707106781186548,0.707106781186548));
#7120=DIRECTION('',(0.,0.,1.));
#7121=DIRECTION('',(1.,0.,0.));
#7122=DIRECTION('',(0.,0.707106781186548,-0.707106781186548));
#7123=DIRECTION('',(0.,-0.707106781186548,-0.707106781186548));
#7124=DIRECTION('',(-1.,0.,0.));
#7125=DIRECTION('',(0.,-0.707106781186548,0.707106781186548));
#7126=DIRECTION('',(0.,-0.707106781186548,-0.707106781186548));
#7127=DIRECTION('',(-1.,0.,0.));
#7128=DIRECTION('',(0.,0.707106781186548,-0.707106781186548));
#7129=DIRECTION('',(0.,0.,-1.));
#7130=DIRECTION('',(-1.,0.,0.));
#7131=DIRECTION('',(-0.707106781186548,0.,0.707106781186548));
#7132=DIRECTION('',(0.,0.,-1.));
#7133=DIRECTION('',(-1.,0.,0.));
#7134=DIRECTION('',(-0.707106781186548,0.,-0.707106781186548));
#7135=DIRECTION('',(-0.707106781186548,0.,-0.707106781186548));
#7136=DIRECTION('',(0.,-1.,0.));
#7137=DIRECTION('',(-0.707106781186548,0.,0.707106781186548));
#7138=DIRECTION('',(-0.707106781186548,0.,0.707106781186548));
#7139=DIRECTION('',(0.,1.,0.));
#7140=DIRECTION('',(-0.707106781186548,0.,-0.707106781186548));
#7141=DIRECTION('',(0.,0.,-1.));
#7142=DIRECTION('',(-1.,0.,0.));
#7143=DIRECTION('',(0.,0.707106781186548,0.707106781186548));
#7144=DIRECTION('',(0.,0.,-1.));
#7145=DIRECTION('',(-1.,0.,0.));
#7146=DIRECTION('',(0.,-0.707106781186548,-0.707106781186548));
#7147=DIRECTION('',(1.40186826668194E-16,0.707106781186548,-0.707106781186548));
#7148=DIRECTION('',(-1.,1.98254111540206E-16,0.));
#7149=DIRECTION('',(0.,0.,1.));
#7150=DIRECTION('',(0.,0.,1.));
#7151=DIRECTION('',(0.,0.,1.));
#7152=DIRECTION('',(0.,0.,1.));
#7153=DIRECTION('',(1.,0.,0.));
#7154=DIRECTION('',(0.,0.,-1.));
#7155=DIRECTION('',(0.,0.,1.));
#7156=DIRECTION('',(0.,1.,0.));
#7157=DIRECTION('',(0.,0.,1.));
#7158=DIRECTION('',(0.,0.,1.));
#7159=DIRECTION('',(0.,0.,1.));
#7160=DIRECTION('',(-0.764164911842012,-0.645020920210725,0.));
#7161=DIRECTION('',(0.645020920210725,-0.764164911842012,0.));
#7162=DIRECTION('',(0.,0.,1.));
#7163=DIRECTION('',(0.645020920210725,-0.764164911842012,0.));
#7164=DIRECTION('',(0.,0.,1.));
#7165=DIRECTION('',(0.,0.,1.));
#7166=DIRECTION('',(0.,0.,1.));
#7167=DIRECTION('',(-1.,0.,0.));
#7168=DIRECTION('',(0.,0.,1.));
#7169=DIRECTION('',(0.,0.,1.));
#7170=DIRECTION('',(0.,-1.,0.));
#7171=DIRECTION('',(0.,0.,1.));
#7172=DIRECTION('',(0.,0.,1.));
#7173=DIRECTION('',(0.,0.,1.));
#7174=DIRECTION('',(-0.794005554569029,0.607910502716912,0.));
#7175=DIRECTION('',(-0.607910502716912,-0.794005554569029,0.));
#7176=DIRECTION('',(-0.607910502716912,-0.794005554569029,0.));
#7177=DIRECTION('',(0.,0.,1.));
#7178=DIRECTION('',(1.,0.,0.));
#7179=DIRECTION('',(0.,1.,0.));
#7180=DIRECTION('',(0.,0.,1.));
#7181=DIRECTION('',(0.,0.,1.));
#7182=DIRECTION('',(-1.,0.,0.));
#7183=DIRECTION('',(0.,0.,1.));
#7184=DIRECTION('',(1.,0.,0.));
#7185=DIRECTION('',(0.831490213969565,-0.555539399208416,0.));
#7186=DIRECTION('',(0.555539399208416,0.831490213969565,0.));
#7187=DIRECTION('',(0.,0.,1.));
#7188=DIRECTION('',(0.555539399208416,0.831490213969565,0.));
#7189=DIRECTION('',(-0.555539399208416,-0.831490213969565,0.));
#7190=DIRECTION('',(0.,0.,1.));
#7191=DIRECTION('',(0.877666610530997,-0.479271656536282,0.));
#7192=DIRECTION('',(0.,0.,1.));
#7193=DIRECTION('',(0.,0.,1.));
#7194=DIRECTION('',(1.,0.,0.));
#7195=DIRECTION('',(0.,0.,1.));
#7196=DIRECTION('',(1.,0.,0.));
#7197=DIRECTION('',(0.,-1.,0.));
#7198=DIRECTION('',(0.,0.,-1.));
#7199=DIRECTION('',(0.,0.,1.));
#7200=DIRECTION('',(1.,0.,0.));
#7201=DIRECTION('',(-1.,0.,0.));
#7202=DIRECTION('',(0.,0.,1.));
#7203=DIRECTION('',(1.,0.,0.));
#7204=DIRECTION('',(0.,0.,-1.));
#7205=DIRECTION('',(0.,0.,1.));
#7206=DIRECTION('',(0.,1.,0.));
#7207=DIRECTION('',(0.,0.,1.));
#7208=DIRECTION('',(0.,1.,0.));
#7209=DIRECTION('',(0.,0.,1.));
#7210=DIRECTION('',(0.,0.,1.));
#7211=DIRECTION('',(-1.,0.,0.));
#7212=DIRECTION('',(1.,0.,0.));
#7213=DIRECTION('',(0.,0.,-1.));
#7214=DIRECTION('',(0.,0.,1.));
#7215=DIRECTION('',(0.,1.,0.));
#7216=DIRECTION('',(0.,1.,0.));
#7217=DIRECTION('',(0.,0.,1.));
#7218=DIRECTION('',(0.,0.,1.));
#7219=DIRECTION('',(-1.,0.,0.));
#7220=DIRECTION('',(-0.839345941321712,0.543597636848037,0.));
#7221=DIRECTION('',(-0.543597636848037,-0.839345941321712,0.));
#7222=DIRECTION('',(0.,0.,1.));
#7223=DIRECTION('',(-0.543597636848037,-0.839345941321712,0.));
#7224=DIRECTION('',(-1.,0.,0.));
#7225=DIRECTION('',(0.,0.,1.));
#7226=DIRECTION('',(0.,0.,1.));
#7227=DIRECTION('',(0.,-1.,0.));
#7228=DIRECTION('',(0.,-1.,0.));
#7229=DIRECTION('',(0.,0.,-1.));
#7230=DIRECTION('',(0.,0.,1.));
#7231=DIRECTION('',(1.,0.,0.));
#7232=DIRECTION('',(-1.,0.,0.));
#7233=DIRECTION('',(0.,0.,1.));
#7234=DIRECTION('',(0.,0.,1.));
#7235=DIRECTION('',(0.,-1.,0.));
#7236=DIRECTION('',(0.,-1.,0.));
#7237=DIRECTION('',(0.,0.,-1.));
#7238=DIRECTION('',(0.,0.,1.));
#7239=DIRECTION('',(1.,0.,0.));
#7240=DIRECTION('',(1.,0.,0.));
#7241=DIRECTION('',(0.,0.,-1.));
#7242=DIRECTION('',(0.,0.,1.));
#7243=DIRECTION('',(0.,1.,0.));
#7244=DIRECTION('',(0.,-1.,0.));
#7245=DIRECTION('',(0.,0.,-1.));
#7246=DIRECTION('',(1.,0.,0.));
#7247=DIRECTION('',(-1.,0.,0.));
#7248=DIRECTION('',(0.,0.,1.));
#7249=DIRECTION('',(0.,-1.,0.));
#7250=DIRECTION('',(0.,1.,0.));
#7251=DIRECTION('',(0.,0.,1.));
#7252=DIRECTION('',(1.,0.,0.));
#7253=DIRECTION('',(-1.,0.,0.));
#7254=DIRECTION('',(0.,0.,1.));
#7255=DIRECTION('',(0.,0.,1.));
#7256=DIRECTION('',(0.,-1.,0.));
#7257=DIRECTION('',(0.,0.,1.));
#7258=DIRECTION('',(0.,-1.,0.));
#7259=DIRECTION('',(0.,0.,-1.));
#7260=DIRECTION('',(0.,0.,1.));
#7261=DIRECTION('',(1.,0.,0.));
#7262=DIRECTION('',(1.,0.,0.));
#7263=DIRECTION('',(0.,0.,-1.));
#7264=DIRECTION('',(0.,0.,1.));
#7265=DIRECTION('',(0.,1.,0.));
#7266=DIRECTION('',(0.,1.,0.));
#7267=DIRECTION('',(0.,0.,1.));
#7268=DIRECTION('',(0.,0.,1.));
#7269=DIRECTION('',(-1.,0.,0.));
#7270=DIRECTION('',(0.,0.,1.));
#7271=DIRECTION('',(0.,0.,1.));
#7272=DIRECTION('',(0.,0.,1.));
#7273=DIRECTION('',(0.,0.,1.));
#7274=DIRECTION('',(-0.700765396045593,-0.713391799577948,0.));
#7275=DIRECTION('',(0.713391799577948,-0.700765396045593,0.));
#7276=DIRECTION('',(0.,0.,1.));
#7277=DIRECTION('',(0.713391799577948,-0.700765396045593,0.));
#7278=DIRECTION('',(0.,0.,1.));
#7279=DIRECTION('',(0.,0.,1.));
#7280=DIRECTION('',(0.,0.,1.));
#7281=DIRECTION('',(1.,0.,0.));
#7282=DIRECTION('',(-1.,0.,0.));
#7283=DIRECTION('',(0.,0.,1.));
#7284=DIRECTION('',(0.,0.,1.));
#7285=DIRECTION('',(0.,-1.,0.));
#7286=DIRECTION('',(0.,0.,1.));
#7287=DIRECTION('',(0.,-1.,0.));
#7288=DIRECTION('',(0.,0.,-1.));
#7289=DIRECTION('',(0.,0.,1.));
#7290=DIRECTION('',(1.,0.,0.));
#7291=DIRECTION('',(1.,0.,0.));
#7292=DIRECTION('',(0.,0.,-1.));
#7293=DIRECTION('',(0.,0.,1.));
#7294=DIRECTION('',(0.,1.,0.));
#7295=DIRECTION('',(0.,1.,0.));
#7296=DIRECTION('',(0.,0.,1.));
#7297=DIRECTION('',(0.,0.,1.));
#7298=DIRECTION('',(-1.,0.,0.));
#7299=DIRECTION('',(1.,0.,0.));
#7300=DIRECTION('',(0.,0.,-1.));
#7301=DIRECTION('',(0.,0.,1.));
#7302=DIRECTION('',(0.,1.,0.));
#7303=DIRECTION('',(0.,1.,0.));
#7304=DIRECTION('',(0.,0.,1.));
#7305=DIRECTION('',(0.,0.,1.));
#7306=DIRECTION('',(-1.,0.,0.));
#7307=DIRECTION('',(0.,0.,1.));
#7308=DIRECTION('',(-1.,0.,0.));
#7309=DIRECTION('',(0.,0.,1.));
#7310=DIRECTION('',(0.,0.,1.));
#7311=DIRECTION('',(0.,-1.,0.));
#7312=DIRECTION('',(0.,-1.,0.));
#7313=DIRECTION('',(0.,0.,-1.));
#7314=DIRECTION('',(0.,0.,1.));
#7315=DIRECTION('',(1.,0.,0.));
#7316=DIRECTION('',(-1.,0.,0.));
#7317=DIRECTION('',(0.,0.,1.));
#7318=DIRECTION('',(0.,0.,1.));
#7319=DIRECTION('',(0.,-1.,0.));
#7320=DIRECTION('',(0.,1.,0.));
#7321=DIRECTION('',(0.,0.,1.));
#7322=DIRECTION('',(-1.,0.,0.));
#7323=DIRECTION('',(0.,0.,1.));
#7324=DIRECTION('',(1.,0.,0.));
#7325=DIRECTION('',(0.,0.,-1.));
#7326=DIRECTION('',(1.,0.,0.));
#7327=DIRECTION('',(1.,0.,0.));
#7328=DIRECTION('',(0.,0.,-1.));
#7329=DIRECTION('',(0.,0.,-1.));
#7330=DIRECTION('',(0.,-1.,0.));
#7331=DIRECTION('',(0.,0.,-1.));
#7332=DIRECTION('',(0.,-1.,0.));
#7333=DIRECTION('',(0.,0.,-1.));
#7334=DIRECTION('',(0.,0.,-1.));
#7335=DIRECTION('',(-1.,0.,0.));
#7336=DIRECTION('',(-1.,0.,0.));
#7337=DIRECTION('',(0.,0.,1.));
#7338=DIRECTION('',(0.,0.,-1.));
#7339=DIRECTION('',(0.,1.,0.));
#7340=DIRECTION('',(0.,1.,0.));
#7341=DIRECTION('',(0.,0.,1.));
#7342=DIRECTION('',(0.,0.,-1.));
#7343=DIRECTION('',(1.,0.,0.));
#7344=DIRECTION('',(-1.,0.,0.));
#7345=DIRECTION('',(0.,0.,1.));
#7346=DIRECTION('',(0.,0.,-1.));
#7347=DIRECTION('',(0.,1.,0.));
#7348=DIRECTION('',(0.,1.,0.));
#7349=DIRECTION('',(0.,0.,1.));
#7350=DIRECTION('',(0.,0.,-1.));
#7351=DIRECTION('',(1.,0.,0.));
#7352=DIRECTION('',(0.,0.,-1.));
#7353=DIRECTION('',(1.,0.,0.));
#7354=DIRECTION('',(0.,0.,-1.));
#7355=DIRECTION('',(0.,0.,-1.));
#7356=DIRECTION('',(0.,-1.,0.));
#7357=DIRECTION('',(0.,-1.,0.));
#7358=DIRECTION('',(0.,0.,-1.));
#7359=DIRECTION('',(0.,0.,-1.));
#7360=DIRECTION('',(-1.,0.,0.));
#7361=DIRECTION('',(1.,0.,0.));
#7362=DIRECTION('',(0.,0.,-1.));
#7363=DIRECTION('',(0.,0.,-1.));
#7364=DIRECTION('',(0.,-1.,0.));
#7365=DIRECTION('',(0.,1.,0.));
#7366=DIRECTION('',(0.,0.,1.));
#7367=DIRECTION('',(1.,0.,0.));
#7368=DIRECTION('',(0.,0.,-1.));
#7369=DIRECTION('',(1.,0.,0.));
#7370=DIRECTION('',(0.,0.,-1.));
#7371=DIRECTION('',(-1.,0.,0.));
#7372=DIRECTION('',(0.,0.,-1.));
#7373=DIRECTION('',(-1.,0.,0.));
#7374=DIRECTION('',(0.,0.,-1.));
#7375=DIRECTION('',(-1.,0.,0.));
#7376=DIRECTION('',(0.,0.,-1.));
#7377=DIRECTION('',(-1.,0.,0.));
#7378=DIRECTION('',(0.,0.,-1.));
#7379=DIRECTION('',(1.,0.,0.));
#7380=DIRECTION('',(0.,0.,-1.));
#7381=DIRECTION('',(0.,0.,-1.));
#7382=DIRECTION('',(0.,0.,-1.));
#7383=DIRECTION('',(0.,0.,-1.));
#7384=DIRECTION('',(-1.,0.,0.));
#7385=DIRECTION('',(0.,0.,1.));
#7386=DIRECTION('',(0.,0.,-1.));
#7387=DIRECTION('',(0.,1.,0.));
#7388=DIRECTION('',(0.,0.,-1.));
#7389=DIRECTION('',(0.,0.,-1.));
#7390=DIRECTION('',(0.,0.,-1.));
#7391=DIRECTION('',(0.764164911842012,-0.645020920210725,0.));
#7392=DIRECTION('',(0.645020920210725,0.764164911842012,0.));
#7393=DIRECTION('',(0.,0.,-1.));
#7394=DIRECTION('',(-0.645020920210725,-0.764164911842012,0.));
#7395=DIRECTION('',(0.,0.,-1.));
#7396=DIRECTION('',(0.,0.,-1.));
#7397=DIRECTION('',(0.,0.,-1.));
#7398=DIRECTION('',(1.,0.,0.));
#7399=DIRECTION('',(0.,0.,-1.));
#7400=DIRECTION('',(0.,0.,-1.));
#7401=DIRECTION('',(0.,-1.,0.));
#7402=DIRECTION('',(0.,0.,-1.));
#7403=DIRECTION('',(0.,0.,-1.));
#7404=DIRECTION('',(0.,0.,-1.));
#7405=DIRECTION('',(0.794005554569027,0.607910502716915,0.));
#7406=DIRECTION('',(-0.607910502716915,0.794005554569027,0.));
#7407=DIRECTION('',(0.607910502716915,-0.794005554569027,0.));
#7408=DIRECTION('',(0.,0.,-1.));
#7409=DIRECTION('',(1.,0.,0.));
#7410=DIRECTION('',(1.,0.,0.));
#7411=DIRECTION('',(0.,0.,-1.));
#7412=DIRECTION('',(0.,0.,-1.));
#7413=DIRECTION('',(0.,-1.,0.));
#7414=DIRECTION('',(0.,0.,-1.));
#7415=DIRECTION('',(0.,-1.,0.));
#7416=DIRECTION('',(0.,0.,-1.));
#7417=DIRECTION('',(0.,0.,-1.));
#7418=DIRECTION('',(-1.,0.,0.));
#7419=DIRECTION('',(-1.,0.,0.));
#7420=DIRECTION('',(0.,0.,1.));
#7421=DIRECTION('',(0.,0.,-1.));
#7422=DIRECTION('',(0.,1.,0.));
#7423=DIRECTION('',(0.,1.,0.));
#7424=DIRECTION('',(0.,0.,1.));
#7425=DIRECTION('',(0.,0.,-1.));
#7426=DIRECTION('',(1.,0.,0.));
#7427=DIRECTION('',(0.,0.,-1.));
#7428=DIRECTION('',(0.,0.,-1.));
#7429=DIRECTION('',(0.,0.,-1.));
#7430=DIRECTION('',(0.,0.,-1.));
#7431=DIRECTION('',(0.700765396045594,-0.713391799577947,0.));
#7432=DIRECTION('',(0.713391799577947,0.700765396045594,0.));
#7433=DIRECTION('',(0.,0.,-1.));
#7434=DIRECTION('',(-0.713391799577947,-0.700765396045594,0.));
#7435=DIRECTION('',(0.,0.,-1.));
#7436=DIRECTION('',(0.,0.,-1.));
#7437=DIRECTION('',(0.,0.,-1.));
#7438=DIRECTION('',(1.,0.,0.));
#7439=DIRECTION('',(0.,1.,0.));
#7440=DIRECTION('',(0.,0.,1.));
#7441=DIRECTION('',(1.,0.,0.));
#7442=DIRECTION('',(0.,0.,-1.));
#7443=DIRECTION('',(1.,0.,0.));
#7444=DIRECTION('',(0.,0.,-1.));
#7445=DIRECTION('',(-0.831490213969565,-0.555539399208416,0.));
#7446=DIRECTION('',(0.555539399208416,-0.831490213969565,0.));
#7447=DIRECTION('',(-0.555539399208416,0.831490213969565,0.));
#7448=DIRECTION('',(0.,0.,-1.));
#7449=DIRECTION('',(-0.555539399208416,0.831490213969565,0.));
#7450=DIRECTION('',(0.,0.,-1.));
#7451=DIRECTION('',(-0.877666610530995,-0.479271656536285,0.));
#7452=DIRECTION('',(0.,0.,-1.));
#7453=DIRECTION('',(-1.,0.,0.));
#7454=DIRECTION('',(0.,0.,-1.));
#7455=DIRECTION('',(0.,0.,-1.));
#7456=DIRECTION('',(-1.,0.,0.));
#7457=DIRECTION('',(0.,-1.,0.));
#7458=DIRECTION('',(0.,0.,-1.));
#7459=DIRECTION('',(-1.,0.,0.));
#7460=DIRECTION('',(0.,0.,-1.));
#7461=DIRECTION('',(-1.,0.,0.));
#7462=DIRECTION('',(0.,0.,-1.));
#7463=DIRECTION('',(-1.,0.,0.));
#7464=DIRECTION('',(0.,0.,1.));
#7465=DIRECTION('',(0.,0.,-1.));
#7466=DIRECTION('',(0.,1.,0.));
#7467=DIRECTION('',(0.,0.,-1.));
#7468=DIRECTION('',(0.,1.,0.));
#7469=DIRECTION('',(0.,0.,1.));
#7470=DIRECTION('',(0.,0.,-1.));
#7471=DIRECTION('',(1.,0.,0.));
#7472=DIRECTION('',(-1.,0.,0.));
#7473=DIRECTION('',(0.,0.,1.));
#7474=DIRECTION('',(0.,0.,-1.));
#7475=DIRECTION('',(0.,1.,0.));
#7476=DIRECTION('',(0.,1.,0.));
#7477=DIRECTION('',(0.,0.,1.));
#7478=DIRECTION('',(0.,0.,-1.));
#7479=DIRECTION('',(1.,0.,0.));
#7480=DIRECTION('',(0.839345941321712,0.543597636848036,0.));
#7481=DIRECTION('',(-0.543597636848036,0.839345941321712,0.));
#7482=DIRECTION('',(0.,0.,-1.));
#7483=DIRECTION('',(0.543597636848036,-0.839345941321712,0.));
#7484=DIRECTION('',(1.,0.,0.));
#7485=DIRECTION('',(0.,0.,-1.));
#7486=DIRECTION('',(0.,0.,-1.));
#7487=DIRECTION('',(0.,-1.,0.));
#7488=DIRECTION('',(0.,-1.,0.));
#7489=DIRECTION('',(0.,0.,-1.));
#7490=DIRECTION('',(0.,0.,-1.));
#7491=DIRECTION('',(-1.,0.,0.));
#7492=DIRECTION('',(1.,0.,0.));
#7493=DIRECTION('',(0.,0.,-1.));
#7494=DIRECTION('',(0.,0.,-1.));
#7495=DIRECTION('',(0.,-1.,0.));
#7496=DIRECTION('',(0.,-1.,0.));
#7497=DIRECTION('',(0.,0.,-1.));
#7498=DIRECTION('',(0.,0.,-1.));
#7499=DIRECTION('',(-1.,0.,0.));
#7500=DIRECTION('',(-1.,0.,0.));
#7501=DIRECTION('',(0.,0.,1.));
#7502=DIRECTION('',(0.,0.,-1.));
#7503=DIRECTION('',(0.,1.,0.));
#7504=DIRECTION('',(0.,-1.,0.));
#7505=DIRECTION('',(0.,0.,-1.));
#7506=DIRECTION('',(-1.,0.,0.));
#7507=DIRECTION('',(1.,0.,0.));
#7508=DIRECTION('',(0.,0.,-1.));
#7509=DIRECTION('',(0.,-1.,0.));
#7510=DIRECTION('',(0.,-1.,0.));
#7511=DIRECTION('',(0.,0.,-1.));
#7512=DIRECTION('',(1.,0.,0.));
#7513=DIRECTION('',(0.,0.,-1.));
#7514=DIRECTION('',(-1.,0.,0.));
#7515=DIRECTION('',(0.,0.,-1.));
#7516=DIRECTION('',(-1.,0.,0.));
#7517=DIRECTION('',(0.,0.,-1.));
#7518=DIRECTION('',(-1.,0.,0.));
#7519=DIRECTION('',(0.,0.,-1.));
#7520=DIRECTION('',(-1.,0.,0.));
#7521=DIRECTION('',(0.,0.,-1.));
#7522=DIRECTION('',(1.,0.,0.));
#7523=DIRECTION('',(0.,0.,-1.));
#7524=DIRECTION('',(-1.,0.,0.));
#7525=DIRECTION('',(0.,0.,-1.));
#7526=DIRECTION('',(-1.,0.,0.));
#7527=DIRECTION('',(0.,0.,-1.));
#7528=DIRECTION('',(-1.,0.,0.));
#7529=DIRECTION('',(0.,0.,-1.));
#7530=DIRECTION('',(-1.,0.,0.));
#7531=DIRECTION('',(0.,0.,-1.));
#7532=DIRECTION('',(1.,0.,0.));
#7533=DIRECTION('',(0.,0.,-1.));
#7534=DIRECTION('',(-1.,0.,0.));
#7535=DIRECTION('',(0.,0.,-1.));
#7536=DIRECTION('',(-1.,0.,0.));
#7537=DIRECTION('',(0.,0.,-1.));
#7538=DIRECTION('',(-1.,0.,0.));
#7539=DIRECTION('',(0.,0.,-1.));
#7540=DIRECTION('',(-1.,0.,0.));
#7541=DIRECTION('',(0.,0.,-1.));
#7542=DIRECTION('',(1.,0.,0.));
#7543=DIRECTION('',(0.,0.,-1.));
#7544=DIRECTION('',(1.,0.,0.));
#7545=DIRECTION('',(0.,0.,-1.));
#7546=DIRECTION('',(1.,0.,0.));
#7547=DIRECTION('',(0.,0.,-1.));
#7548=DIRECTION('',(-1.,0.,0.));
#7549=DIRECTION('',(0.,-1.,0.));
#7550=DIRECTION('',(0.,0.,-1.));
#7551=DIRECTION('',(-1.,0.,0.));
#7552=DIRECTION('',(0.,-1.,0.));
#7553=DIRECTION('',(0.,0.,-1.));
#7554=DIRECTION('',(-1.,0.,0.));
#7555=DIRECTION('',(0.,-1.,0.));
#7556=DIRECTION('',(0.,0.,-1.));
#7557=DIRECTION('',(-1.,0.,0.));
#7558=DIRECTION('',(0.,-1.,0.));
#7559=DIRECTION('',(0.,0.,-1.));
#7560=DIRECTION('',(-1.,0.,0.));
#7561=DIRECTION('',(0.,0.,-1.));
#7562=DIRECTION('',(1.,0.,0.));
#7563=DIRECTION('',(0.,0.,-1.));
#7564=DIRECTION('',(-1.,0.,0.));
#7565=DIRECTION('',(1.,0.,0.));
#7566=DIRECTION('',(0.,0.,-1.));
#7567=DIRECTION('',(-1.,0.,0.));
#7568=DIRECTION('',(1.,0.,0.));
#7569=DIRECTION('',(0.,0.,-1.));
#7570=DIRECTION('',(-1.,0.,0.));
#7571=DIRECTION('',(1.,0.,0.));
#7572=DIRECTION('',(0.,0.,-1.));
#7573=DIRECTION('',(-1.,0.,0.));
#7574=DIRECTION('',(1.,0.,0.));
#7575=DIRECTION('',(0.,0.,-1.));
#7576=DIRECTION('',(-1.,0.,0.));
#7577=DIRECTION('',(0.,0.,-1.));
#7578=DIRECTION('',(1.,0.,0.));
#7579=DIRECTION('',(0.,0.,-1.));
#7580=DIRECTION('',(-1.,0.,0.));
#7581=DIRECTION('',(0.,-1.,0.));
#7582=DIRECTION('',(0.,0.,-1.));
#7583=DIRECTION('',(-1.,0.,0.));
#7584=DIRECTION('',(0.,-1.,0.));
#7585=DIRECTION('',(0.,0.,-1.));
#7586=DIRECTION('',(-1.,0.,0.));
#7587=DIRECTION('',(0.,-1.,0.));
#7588=DIRECTION('',(0.,0.,-1.));
#7589=DIRECTION('',(-1.,0.,0.));
#7590=DIRECTION('',(0.,-1.,0.));
#7591=DIRECTION('',(0.,0.,-1.));
#7592=DIRECTION('',(-1.,0.,0.));
#7593=DIRECTION('',(0.,0.,-1.));
#7594=DIRECTION('',(1.,0.,0.));
#7595=DIRECTION('',(0.,0.,-1.));
#7596=DIRECTION('',(-1.,0.,0.));
#7597=DIRECTION('',(1.,0.,0.));
#7598=DIRECTION('',(0.,0.,-1.));
#7599=DIRECTION('',(-1.,0.,0.));
#7600=DIRECTION('',(1.,0.,0.));
#7601=DIRECTION('',(0.,0.,-1.));
#7602=DIRECTION('',(-1.,0.,0.));
#7603=DIRECTION('',(1.,0.,0.));
#7604=DIRECTION('',(0.,0.,-1.));
#7605=DIRECTION('',(-1.,0.,0.));
#7606=DIRECTION('',(1.,0.,0.));
#7607=DIRECTION('',(0.,0.,-1.));
#7608=DIRECTION('',(-1.,0.,0.));
#7609=DIRECTION('',(0.,-1.,0.));
#7610=DIRECTION('',(0.,0.,-1.));
#7611=DIRECTION('',(0.,1.,0.));
#7612=DIRECTION('',(0.,0.,1.));
#7613=DIRECTION('',(0.,-1.,0.));
#7614=DIRECTION('',(0.,0.,-1.));
#7615=DIRECTION('',(0.,0.,-1.));
#7616=DIRECTION('',(-1.,0.,0.));
#7617=DIRECTION('',(0.,1.,0.));
#7618=DIRECTION('',(0.,0.,1.));
#7619=DIRECTION('',(0.,0.,-1.));
#7620=DIRECTION('',(-1.,0.,0.));
#7621=DIRECTION('',(0.,-1.,0.));
#7622=DIRECTION('',(0.,0.,-1.));
#7623=DIRECTION('',(0.,1.,0.));
#7624=DIRECTION('',(0.,0.,1.));
#7625=DIRECTION('',(-1.,0.,0.));
#7626=DIRECTION('',(0.,0.,1.));
#7627=DIRECTION('',(-1.,0.,0.));
#7628=DIRECTION('',(0.,0.,1.));
#7629=DIRECTION('',(1.,0.,0.));
#7630=DIRECTION('',(0.,0.,-1.));
#7631=DIRECTION('',(0.,0.,-1.));
#7632=DIRECTION('',(-1.,0.,0.));
#7633=DIRECTION('',(-1.,0.,0.));
#7634=DIRECTION('',(0.,0.,1.));
#7635=DIRECTION('',(0.,0.,-1.));
#7636=DIRECTION('',(-1.,0.,0.));
#7637=DIRECTION('',(1.,0.,0.));
#7638=DIRECTION('',(0.,0.,-1.));
#7639=DIRECTION('',(1.,0.,0.));
#7640=DIRECTION('',(0.,0.,-1.));
#7641=DIRECTION('',(0.,0.,-1.));
#7642=DIRECTION('',(-1.,0.,0.));
#7643=DIRECTION('',(1.,0.,0.));
#7644=DIRECTION('',(0.,0.,-1.));
#7645=DIRECTION('',(1.,0.,0.));
#7646=DIRECTION('',(0.,0.,-1.));
#7647=DIRECTION('',(1.,0.,0.));
#7648=DIRECTION('',(0.,0.,-1.));
#7649=DIRECTION('',(1.,0.,0.));
#7650=DIRECTION('',(0.,0.,-1.));
#7651=DIRECTION('',(-1.,0.,0.));
#7652=DIRECTION('',(0.,0.,1.));
#7653=DIRECTION('',(1.,0.,0.));
#7654=DIRECTION('',(0.,0.,-1.));
#7655=DIRECTION('',(0.,0.,-1.));
#7656=DIRECTION('',(-1.,0.,0.));
#7657=DIRECTION('',(0.,0.,-1.));
#7658=DIRECTION('',(-1.,0.,0.));
#7659=DIRECTION('',(0.,-1.,0.));
#7660=DIRECTION('',(0.,0.,-1.));
#7661=DIRECTION('',(0.,-1.,0.));
#7662=DIRECTION('',(0.,0.,-1.));
#7663=DIRECTION('',(0.,-1.,0.));
#7664=DIRECTION('',(0.,0.,-1.));
#7665=DIRECTION('',(0.,-1.,0.));
#7666=DIRECTION('',(0.,0.,-1.));
#7667=DIRECTION('',(0.,1.,0.));
#7668=DIRECTION('',(0.,0.,1.));
#7669=DIRECTION('',(0.,-1.,0.));
#7670=DIRECTION('',(0.,0.,-1.));
#7671=DIRECTION('',(0.,0.,-1.));
#7672=DIRECTION('',(-1.,0.,0.));
#7673=DIRECTION('',(0.,0.,-1.));
#7674=DIRECTION('',(-1.,0.,0.));
#7675=DIRECTION('',(1.,0.,0.));
#7676=DIRECTION('',(0.,0.,-1.));
#7677=DIRECTION('',(1.,0.,0.));
#7678=DIRECTION('',(0.,0.,-1.));
#7679=DIRECTION('',(1.,0.,0.));
#7680=DIRECTION('',(0.,0.,-1.));
#7681=DIRECTION('',(1.,0.,0.));
#7682=DIRECTION('',(0.,0.,-1.));
#7683=DIRECTION('',(-1.,0.,0.));
#7684=DIRECTION('',(0.,0.,1.));
#7685=DIRECTION('',(1.,0.,0.));
#7686=DIRECTION('',(0.,0.,-1.));
#7687=DIRECTION('',(0.,0.,-1.));
#7688=DIRECTION('',(-1.,0.,0.));
#7689=DIRECTION('',(-1.,0.,0.));
#7690=DIRECTION('',(0.,0.,1.));
#7691=DIRECTION('',(-1.,0.,0.));
#7692=DIRECTION('',(0.,0.,1.));
#7693=DIRECTION('',(1.,0.,0.));
#7694=DIRECTION('',(0.,0.,-1.));
#7695=DIRECTION('',(0.,0.,-1.));
#7696=DIRECTION('',(-1.,0.,0.));
#7697=DIRECTION('',(-1.,0.,0.));
#7698=DIRECTION('',(0.,0.,1.));
#7699=DIRECTION('',(0.,0.,-1.));
#7700=DIRECTION('',(-1.,0.,0.));
#7701=DIRECTION('',(1.,0.,0.));
#7702=DIRECTION('',(0.,0.,-1.));
#7703=DIRECTION('',(1.,0.,0.));
#7704=DIRECTION('',(0.,0.,-1.));
#7705=DIRECTION('',(0.,0.,-1.));
#7706=DIRECTION('',(-1.,0.,0.));
#7707=DIRECTION('',(0.,-1.,0.));
#7708=DIRECTION('',(0.,0.,-1.));
#7709=DIRECTION('',(0.,-1.,0.));
#7710=DIRECTION('',(0.,0.,-1.));
#7711=DIRECTION('',(0.,-1.,0.));
#7712=DIRECTION('',(0.,0.,-1.));
#7713=DIRECTION('',(0.,-1.,0.));
#7714=DIRECTION('',(0.,0.,-1.));
#7715=DIRECTION('',(0.,1.,0.));
#7716=DIRECTION('',(0.,0.,1.));
#7717=DIRECTION('',(0.,-1.,0.));
#7718=DIRECTION('',(0.,0.,-1.));
#7719=DIRECTION('',(0.,0.,-1.));
#7720=DIRECTION('',(-1.,0.,0.));
#7721=DIRECTION('',(0.,0.,-1.));
#7722=DIRECTION('',(-1.,0.,0.));
#7723=DIRECTION('',(0.,-1.,0.));
#7724=DIRECTION('',(0.,0.,-1.));
#7725=DIRECTION('',(0.,-1.,0.));
#7726=DIRECTION('',(0.,0.,-1.));
#7727=DIRECTION('',(0.,-1.,0.));
#7728=DIRECTION('',(0.,0.,-1.));
#7729=DIRECTION('',(0.,-1.,0.));
#7730=DIRECTION('',(0.,0.,-1.));
#7731=DIRECTION('',(0.,1.,0.));
#7732=DIRECTION('',(0.,0.,1.));
#7733=DIRECTION('',(0.,-1.,0.));
#7734=DIRECTION('',(0.,0.,-1.));
#7735=DIRECTION('',(0.,0.,-1.));
#7736=DIRECTION('',(-1.,0.,0.));
#7737=DIRECTION('',(-1.,0.,0.));
#7738=DIRECTION('',(0.,0.,1.));
#7739=DIRECTION('',(-1.,0.,0.));
#7740=DIRECTION('',(0.,0.,1.));
#7741=DIRECTION('',(1.,0.,0.));
#7742=DIRECTION('',(0.,0.,-1.));
#7743=DIRECTION('',(0.,0.,-1.));
#7744=DIRECTION('',(-1.,0.,0.));
#7745=DIRECTION('',(-1.,0.,0.));
#7746=DIRECTION('',(0.,0.,1.));
#7747=DIRECTION('',(0.,0.,-1.));
#7748=DIRECTION('',(-1.,0.,0.));
#7749=DIRECTION('',(1.,0.,0.));
#7750=DIRECTION('',(0.,0.,-1.));
#7751=DIRECTION('',(1.,0.,0.));
#7752=DIRECTION('',(0.,0.,-1.));
#7753=DIRECTION('',(0.,0.,-1.));
#7754=DIRECTION('',(-1.,0.,0.));
#7755=DIRECTION('',(1.,0.,0.));
#7756=DIRECTION('',(0.,0.,-1.));
#7757=DIRECTION('',(1.,0.,0.));
#7758=DIRECTION('',(0.,0.,-1.));
#7759=DIRECTION('',(1.,0.,0.));
#7760=DIRECTION('',(0.,0.,-1.));
#7761=DIRECTION('',(1.,0.,0.));
#7762=DIRECTION('',(0.,0.,-1.));
#7763=DIRECTION('',(-1.,0.,0.));
#7764=DIRECTION('',(0.,0.,1.));
#7765=DIRECTION('',(1.,0.,0.));
#7766=DIRECTION('',(0.,0.,-1.));
#7767=DIRECTION('',(0.,0.,-1.));
#7768=DIRECTION('',(-1.,0.,0.));
#7769=DIRECTION('',(0.,0.,-1.));
#7770=DIRECTION('',(-1.,0.,0.));
#7771=DIRECTION('',(1.,0.,0.));
#7772=DIRECTION('',(0.,0.,-1.));
#7773=DIRECTION('',(1.,0.,0.));
#7774=DIRECTION('',(0.,0.,-1.));
#7775=DIRECTION('',(1.,0.,0.));
#7776=DIRECTION('',(0.,0.,-1.));
#7777=DIRECTION('',(1.,0.,0.));
#7778=DIRECTION('',(0.,0.,-1.));
#7779=DIRECTION('',(-1.,0.,0.));
#7780=DIRECTION('',(0.,0.,1.));
#7781=DIRECTION('',(1.,0.,0.));
#7782=DIRECTION('',(0.,0.,-1.));
#7783=DIRECTION('',(0.,0.,-1.));
#7784=DIRECTION('',(-1.,0.,0.));
#7785=DIRECTION('',(0.,0.,-1.));
#7786=DIRECTION('',(-1.,0.,0.));
#7787=DIRECTION('',(1.,0.,0.));
#7788=DIRECTION('',(0.,0.,-1.));
#7789=DIRECTION('',(1.,0.,0.));
#7790=DIRECTION('',(0.,0.,-1.));
#7791=DIRECTION('',(-1.,0.,0.));
#7792=DIRECTION('',(0.,0.,1.));
#7793=DIRECTION('',(1.,0.,0.));
#7794=DIRECTION('',(0.,0.,-1.));
#7795=DIRECTION('',(1.,0.,0.));
#7796=DIRECTION('',(0.,0.,-1.));
#7797=DIRECTION('',(1.,0.,0.));
#7798=DIRECTION('',(0.,0.,-1.));
#7799=DIRECTION('',(0.,0.,-1.));
#7800=DIRECTION('',(-1.,0.,0.));
#7801=DIRECTION('',(-1.,0.,0.));
#7802=DIRECTION('',(0.,0.,1.));
#7803=DIRECTION('',(1.,0.,0.));
#7804=DIRECTION('',(0.,0.,-1.));
#7805=DIRECTION('',(-1.,0.,0.));
#7806=DIRECTION('',(0.,0.,1.));
#7807=DIRECTION('',(0.,0.,-1.));
#7808=DIRECTION('',(-1.,0.,0.));
#7809=DIRECTION('',(1.,0.,0.));
#7810=DIRECTION('',(0.,0.,-1.));
#7811=DIRECTION('',(0.,0.,-1.));
#7812=DIRECTION('',(-1.,0.,0.));
#7813=DIRECTION('',(-1.,0.,0.));
#7814=DIRECTION('',(0.,0.,1.));
#7815=DIRECTION('',(1.,0.,0.));
#7816=DIRECTION('',(0.,0.,-1.));
#7817=DIRECTION('',(-1.,0.,0.));
#7818=DIRECTION('',(0.,0.,1.));
#7819=DIRECTION('',(1.,0.,0.));
#7820=DIRECTION('',(0.,0.,-1.));
#7821=DIRECTION('',(-1.,0.,0.));
#7822=DIRECTION('',(0.,0.,1.));
#7823=DIRECTION('',(0.,0.,-1.));
#7824=DIRECTION('',(-1.,0.,0.));
#7825=DIRECTION('',(1.,0.,0.));
#7826=DIRECTION('',(0.,0.,-1.));
#7827=DIRECTION('',(0.,0.,-1.));
#7828=DIRECTION('',(-1.,0.,0.));
#7829=DIRECTION('',(-1.,0.,0.));
#7830=DIRECTION('',(0.,0.,1.));
#7831=DIRECTION('',(1.,0.,0.));
#7832=DIRECTION('',(0.,0.,-1.));
#7833=DIRECTION('',(0.,0.,-1.));
#7834=DIRECTION('',(-1.,0.,0.));
#7835=DIRECTION('',(0.,1.,0.));
#7836=DIRECTION('',(0.,0.,1.));
#7837=DIRECTION('',(0.,-1.,0.));
#7838=DIRECTION('',(0.,0.,-1.));
#7839=DIRECTION('',(0.,1.,0.));
#7840=DIRECTION('',(0.,0.,1.));
#7841=DIRECTION('',(0.,0.,-1.));
#7842=DIRECTION('',(-1.,0.,0.));
#7843=DIRECTION('',(0.,-1.,0.));
#7844=DIRECTION('',(0.,0.,-1.));
#7845=DIRECTION('',(0.,0.,-1.));
#7846=DIRECTION('',(-1.,0.,0.));
#7847=DIRECTION('',(0.,1.,0.));
#7848=DIRECTION('',(0.,0.,1.));
#7849=DIRECTION('',(0.,-1.,0.));
#7850=DIRECTION('',(0.,0.,-1.));
#7851=DIRECTION('',(0.,1.,0.));
#7852=DIRECTION('',(0.,0.,1.));
#7853=DIRECTION('',(0.,-1.,0.));
#7854=DIRECTION('',(0.,0.,-1.));
#7855=DIRECTION('',(0.,1.,0.));
#7856=DIRECTION('',(0.,0.,1.));
#7857=DIRECTION('',(0.,0.,-1.));
#7858=DIRECTION('',(-1.,0.,0.));
#7859=DIRECTION('',(0.,-1.,0.));
#7860=DIRECTION('',(0.,0.,-1.));
#7861=DIRECTION('',(0.,0.,-1.));
#7862=DIRECTION('',(-1.,0.,0.));
#7863=DIRECTION('',(0.,1.,0.));
#7864=DIRECTION('',(0.,0.,1.));
#7865=DIRECTION('',(0.,-1.,0.));
#7866=DIRECTION('',(0.,0.,-1.));
#7867=DIRECTION('',(0.,0.,-1.));
#7868=DIRECTION('',(-1.,0.,0.));
#7869=DIRECTION('',(0.,1.,0.));
#7870=DIRECTION('',(0.,0.,1.));
#7871=DIRECTION('',(0.,-1.,0.));
#7872=DIRECTION('',(0.,0.,-1.));
#7873=DIRECTION('',(0.,1.,0.));
#7874=DIRECTION('',(0.,0.,1.));
#7875=DIRECTION('',(0.,0.,-1.));
#7876=DIRECTION('',(-1.,0.,0.));
#7877=DIRECTION('',(0.,-1.,0.));
#7878=DIRECTION('',(0.,0.,-1.));
#7879=DIRECTION('',(0.,0.,-1.));
#7880=DIRECTION('',(-1.,0.,0.));
#7881=DIRECTION('',(0.,1.,0.));
#7882=DIRECTION('',(0.,0.,1.));
#7883=DIRECTION('',(0.,-1.,0.));
#7884=DIRECTION('',(0.,0.,-1.));
#7885=DIRECTION('',(0.,1.,0.));
#7886=DIRECTION('',(0.,0.,1.));
#7887=DIRECTION('',(0.,-1.,0.));
#7888=DIRECTION('',(0.,0.,-1.));
#7889=DIRECTION('',(0.,1.,0.));
#7890=DIRECTION('',(0.,0.,1.));
#7891=DIRECTION('',(0.,0.,-1.));
#7892=DIRECTION('',(-1.,0.,0.));
#7893=DIRECTION('',(0.,-1.,0.));
#7894=DIRECTION('',(0.,0.,-1.));
#7895=DIRECTION('',(0.,0.,-1.));
#7896=DIRECTION('',(-1.,0.,0.));
#7897=DIRECTION('',(0.,1.,0.));
#7898=DIRECTION('',(0.,0.,1.));
#7899=DIRECTION('',(0.,-1.,0.));
#7900=DIRECTION('',(0.,0.,-1.));
#7901=DIRECTION('',(0.,0.,-1.));
#7902=DIRECTION('',(-1.,0.,0.));
#7903=DIRECTION('',(-1.,0.,0.));
#7904=DIRECTION('',(0.,0.,1.));
#7905=DIRECTION('',(1.,0.,0.));
#7906=DIRECTION('',(0.,0.,-1.));
#7907=DIRECTION('',(-1.,0.,0.));
#7908=DIRECTION('',(0.,0.,1.));
#7909=DIRECTION('',(0.,0.,-1.));
#7910=DIRECTION('',(-1.,0.,0.));
#7911=DIRECTION('',(1.,0.,0.));
#7912=DIRECTION('',(0.,0.,-1.));
#7913=DIRECTION('',(0.,0.,-1.));
#7914=DIRECTION('',(-1.,0.,0.));
#7915=DIRECTION('',(-1.,0.,0.));
#7916=DIRECTION('',(0.,0.,1.));
#7917=DIRECTION('',(1.,0.,0.));
#7918=DIRECTION('',(0.,0.,-1.));
#7919=DIRECTION('',(-1.,0.,0.));
#7920=DIRECTION('',(0.,0.,1.));
#7921=DIRECTION('',(1.,0.,0.));
#7922=DIRECTION('',(0.,0.,-1.));
#7923=DIRECTION('',(-1.,0.,0.));
#7924=DIRECTION('',(0.,0.,1.));
#7925=DIRECTION('',(0.,0.,-1.));
#7926=DIRECTION('',(-1.,0.,0.));
#7927=DIRECTION('',(1.,0.,0.));
#7928=DIRECTION('',(0.,0.,-1.));
#7929=DIRECTION('',(0.,0.,-1.));
#7930=DIRECTION('',(-1.,0.,0.));
#7931=DIRECTION('',(-1.,0.,0.));
#7932=DIRECTION('',(0.,0.,1.));
#7933=DIRECTION('',(1.,0.,0.));
#7934=DIRECTION('',(0.,0.,-1.));
#7935=DIRECTION('',(0.,0.,-1.));
#7936=DIRECTION('',(-1.,0.,0.));
#7937=CARTESIAN_POINT('',(0.,0.,0.));
#7938=CARTESIAN_POINT('',(0.,-0.0200678864024859,0.018));
#7939=CARTESIAN_POINT('',(-0.015,-0.0440678864024859,0.018));
#7940=CARTESIAN_POINT('',(-0.0165,-0.0440678864024859,0.018));
#7941=CARTESIAN_POINT('',(-0.0135,-0.0440678864024859,0.018));
#7942=CARTESIAN_POINT('',(-0.0135,-0.0200678864024859,0.018));
#7943=CARTESIAN_POINT('',(-0.0135,-0.0380678864024859,0.018));
#7944=CARTESIAN_POINT('',(-0.015,-0.0380678864024859,0.018));
#7945=CARTESIAN_POINT('',(-0.0165,-0.0380678864024859,0.018));
#7946=CARTESIAN_POINT('',(-0.0165,-0.0440678864024859,0.018));
#7947=CARTESIAN_POINT('',(0.0135,-0.0440678864024859,0.018));
#7948=CARTESIAN_POINT('',(0.0135,-0.0380678864024859,0.018));
#7949=CARTESIAN_POINT('',(0.0135,-0.0440678864024859,0.018));
#7950=CARTESIAN_POINT('',(0.015,-0.0440678864024859,0.018));
#7951=CARTESIAN_POINT('',(0.0165,-0.0440678864024859,0.018));
#7952=CARTESIAN_POINT('',(0.0165,-0.0200678864024859,0.018));
#7953=CARTESIAN_POINT('',(0.0165,-0.0380678864024859,0.018));
#7954=CARTESIAN_POINT('',(0.015,-0.0380678864024859,0.018));
#7955=CARTESIAN_POINT('',(-0.00324327256944444,-0.0427551693885971,0.018));
#7956=CARTESIAN_POINT('',(-0.00324327256944444,-0.0432618968191526,0.018));
#7957=CARTESIAN_POINT('',(-0.00324327256944444,-0.0422484419580415,0.018));
#7958=CARTESIAN_POINT('',(-0.00256944444444444,-0.0432618968191526,0.018));
#7959=CARTESIAN_POINT('',(-0.00189561631944444,-0.0432618968191526,0.018));
#7960=CARTESIAN_POINT('',(-0.00189561631944444,-0.0446648916108192,0.018));
#7961=CARTESIAN_POINT('',(-0.00189561631944444,-0.0460678864024859,0.018));
#7962=CARTESIAN_POINT('',(-0.00129231770833333,-0.0460678864024859,0.018));
#7963=CARTESIAN_POINT('',(-0.000689019097222221,-0.0460678864024859,0.018));
#7964=CARTESIAN_POINT('',(-0.000689019097222221,-0.0446648916108192,0.018));
#7965=CARTESIAN_POINT('',(-0.000689019097222221,-0.0432618968191526,0.018));
#7966=CARTESIAN_POINT('',(0.00152669270833333,-0.0432618968191526,0.018));
#7967=CARTESIAN_POINT('',(0.00374240451388889,-0.0432618968191526,0.018));
#7968=CARTESIAN_POINT('',(0.00374240451388889,-0.042845230152486,0.018));
#7969=CARTESIAN_POINT('',(0.00374240451388889,-0.0424285634858192,0.018));
#7970=CARTESIAN_POINT('',(0.00162434895833333,-0.0391581641802637,0.018));
#7971=CARTESIAN_POINT('',(-0.000493706597222225,-0.0358877648747081,0.018));
#7972=CARTESIAN_POINT('',(-0.00119466145833333,-0.0358877648747081,0.018));
#7973=CARTESIAN_POINT('',(-0.00189561631944444,-0.0358877648747081,0.018));
#7974=CARTESIAN_POINT('',(-0.00189561631944444,-0.0390681034163749,0.018));
#7975=CARTESIAN_POINT('',(-0.00189561631944444,-0.0422484419580415,0.018));
#7976=CARTESIAN_POINT('',(-0.00256944444444444,-0.0422484419580415,0.018));
#7977=CARTESIAN_POINT('',(3.46944695195361E-18,-0.041067886402486,0.018));
#7978=CARTESIAN_POINT('',(-0.017356470248934,-0.041067886402486,0.018));
#7979=CARTESIAN_POINT('',(0.,-0.0200678864024859,0.018));
#7980=CARTESIAN_POINT('',(0.0135,-0.00206788640248597,0.018));
#7981=CARTESIAN_POINT('',(0.0135,0.00393211359751404,0.018));
#7982=CARTESIAN_POINT('',(0.0135,-0.00206788640248597,0.018));
#7983=CARTESIAN_POINT('',(0.015,-0.00206788640248597,0.018));
#7984=CARTESIAN_POINT('',(0.0165,-0.00206788640248597,0.018));
#7985=CARTESIAN_POINT('',(0.0165,-0.0200678864024859,0.018));
#7986=CARTESIAN_POINT('',(0.0165,0.00393211359751404,0.018));
#7987=CARTESIAN_POINT('',(0.015,0.00393211359751404,0.018));
#7988=CARTESIAN_POINT('',(-0.0165,-0.00206788640248597,0.018));
#7989=CARTESIAN_POINT('',(-0.0165,0.00393211359751404,0.018));
#7990=CARTESIAN_POINT('',(-0.0165,-0.00206788640248597,0.018));
#7991=CARTESIAN_POINT('',(-0.015,-0.00206788640248597,0.018));
#7992=CARTESIAN_POINT('',(-0.0135,-0.00206788640248597,0.018));
#7993=CARTESIAN_POINT('',(-0.0135,-0.0200678864024859,0.018));
#7994=CARTESIAN_POINT('',(-0.0135,0.00393211359751404,0.018));
#7995=CARTESIAN_POINT('',(-0.015,0.00393211359751404,0.018));
#7996=CARTESIAN_POINT('',(0.00328342013888888,-0.00369245237470819,0.018));
#7997=CARTESIAN_POINT('',(0.00328342013888888,-0.00331701834693041,0.018));
#7998=CARTESIAN_POINT('',(0.00328342013888888,-0.00406788640248597,0.018));
#7999=CARTESIAN_POINT('',(-0.00138237847222223,0.00325199206973626,0.018));
#8000=CARTESIAN_POINT('',(-0.00138237847222223,0.00150068998640292,0.018));
#8001=CARTESIAN_POINT('',(8.8975694444441E-5,-0.0005262197358193,0.018));
#8002=CARTESIAN_POINT('',(0.00328342013888888,-0.00331701834693041,0.018));
#8003=CARTESIAN_POINT('',(-0.00138237847222223,0.00325199206973626,0.018));
#8004=CARTESIAN_POINT('',(0.000492621527777775,0.00526588095862515,0.018));
#8005=CARTESIAN_POINT('',(-0.000770399305555559,0.00526588095862515,0.018));
#8006=CARTESIAN_POINT('',(-0.00138237847222223,0.00441735665306959,0.018));
#8007=CARTESIAN_POINT('',(-0.00138237847222223,0.00325199206973626,0.018));
#8008=CARTESIAN_POINT('',(0.000492621527777775,0.00526588095862515,0.018));
#8009=CARTESIAN_POINT('',(0.00260416666666667,0.00408532540306959,0.018));
#8010=CARTESIAN_POINT('',(0.00204861111111111,0.00475155804195848,0.018));
#8011=CARTESIAN_POINT('',(0.00132595486111111,0.00526588095862515,0.018));
#8012=CARTESIAN_POINT('',(0.000492621527777775,0.00526588095862515,0.018));
#8013=CARTESIAN_POINT('',(0.00260416666666667,0.00408532540306959,0.018));
#8014=CARTESIAN_POINT('',(0.00297200520833333,0.00444665352806959,0.018));
#8015=CARTESIAN_POINT('',(0.00333984375,0.00480798165306959,0.018));
#8016=CARTESIAN_POINT('',(0.000340711805555552,0.00630754762529181,0.018));
#8017=CARTESIAN_POINT('',(0.00163194444444444,0.00630754762529181,0.018));
#8018=CARTESIAN_POINT('',(0.00250651041666667,0.00571075943084737,0.018));
#8019=CARTESIAN_POINT('',(0.00333984375,0.00480798165306959,0.018));
#8020=CARTESIAN_POINT('',(0.000340711805555552,0.00630754762529181,0.018));
#8021=CARTESIAN_POINT('',(-0.0026193576388889,0.00329322470862515,0.018));
#8022=CARTESIAN_POINT('',(-0.0026193576388889,0.00511180109751404,0.018));
#8023=CARTESIAN_POINT('',(-0.00148003472222223,0.00630754762529181,0.018));
#8024=CARTESIAN_POINT('',(0.000340711805555552,0.00630754762529181,0.018));
#8025=CARTESIAN_POINT('',(-0.0026193576388889,0.00329322470862515,0.018));
#8026=CARTESIAN_POINT('',(0.0013671875,-0.00306745237470819,0.018));
#8027=CARTESIAN_POINT('',(-0.00102213541666667,-0.000803997513597078,0.018));
#8028=CARTESIAN_POINT('',(-0.0026193576388889,0.00126631498640292,0.018));
#8029=CARTESIAN_POINT('',(-0.0026193576388889,0.00329322470862515,0.018));
#8030=CARTESIAN_POINT('',(0.0013671875,-0.00306745237470819,0.018));
#8031=CARTESIAN_POINT('',(-0.00029947916666667,-0.00296979612470819,0.018));
#8032=CARTESIAN_POINT('',(0.000214843749999997,-0.00296979612470819,0.018));
#8033=CARTESIAN_POINT('',(0.000839843749999997,-0.0030262197358193,0.018));
#8034=CARTESIAN_POINT('',(0.0013671875,-0.00306745237470819,0.018));
#8035=CARTESIAN_POINT('',(-0.00029947916666667,-0.00296979612470819,0.018));
#8036=CARTESIAN_POINT('',(-0.001708984375,-0.00296979612470819,0.018));
#8037=CARTESIAN_POINT('',(-0.00311848958333334,-0.00296979612470819,0.018));
#8038=CARTESIAN_POINT('',(-0.00311848958333334,-0.00351884126359708,0.018));
#8039=CARTESIAN_POINT('',(-0.00311848958333334,-0.00406788640248597,0.018));
#8040=CARTESIAN_POINT('',(8.24652777777742E-5,-0.00406788640248597,0.018));
#8041=CARTESIAN_POINT('',(-3.46944695195361E-18,0.000932113597514032,0.018));
#8042=CARTESIAN_POINT('',(-0.0173564702489341,0.000932113597514032,0.018));
#8043=CARTESIAN_POINT('',(0.,-0.0200678864024859,0.018));
#8044=CARTESIAN_POINT('',(0.0483762052181537,-0.0365678864024859,0.018));
#8045=CARTESIAN_POINT('',(0.0423762052181538,-0.0365678864024859,0.018));
#8046=CARTESIAN_POINT('',(0.0483762052181537,-0.0365678864024859,0.018));
#8047=CARTESIAN_POINT('',(0.0483762052181537,-0.0350678864024859,0.018));
#8048=CARTESIAN_POINT('',(0.0483762052181537,-0.0335678864024859,0.018));
#8049=CARTESIAN_POINT('',(0.,-0.0335678864024859,0.018));
#8050=CARTESIAN_POINT('',(0.0423762052181538,-0.0335678864024859,0.018));
#8051=CARTESIAN_POINT('',(0.0423762052181538,-0.0350678864024859,0.018));
#8052=CARTESIAN_POINT('',(0.0423762052181538,-0.00506788640248596,0.018));
#8053=CARTESIAN_POINT('',(0.0423762052181538,-0.00356788640248595,0.018));
#8054=CARTESIAN_POINT('',(0.0423762052181538,-0.00656788640248595,0.018));
#8055=CARTESIAN_POINT('',(0.0483762052181537,-0.00656788640248596,0.018));
#8056=CARTESIAN_POINT('',(0.0483762052181537,-0.00656788640248595,0.018));
#8057=CARTESIAN_POINT('',(0.0483762052181537,-0.00506788640248596,0.018));
#8058=CARTESIAN_POINT('',(0.0483762052181537,-0.00356788640248595,0.018));
#8059=CARTESIAN_POINT('',(0.,-0.00356788640248595,0.018));
#8060=CARTESIAN_POINT('',(0.0488267260514871,-0.0238591190413749,0.018));
#8061=CARTESIAN_POINT('',(0.0481604934125982,-0.0245817752913748,0.018));
#8062=CARTESIAN_POINT('',(0.0471600593848204,-0.0252480079302638,0.018));
#8063=CARTESIAN_POINT('',(0.0455628371625982,-0.0252480079302638,0.018));
#8064=CARTESIAN_POINT('',(0.0488267260514871,-0.0238591190413749,0.018));
#8065=CARTESIAN_POINT('',(0.0455628371625982,-0.0252480079302638,0.018));
#8066=CARTESIAN_POINT('',(0.0485077156348204,-0.0234424523747082,0.018));
#8067=CARTESIAN_POINT('',(0.0481887052181537,-0.0230257857080415,0.018));
#8068=CARTESIAN_POINT('',(0.0456604934125982,-0.0241933204302637,0.018));
#8069=CARTESIAN_POINT('',(0.0468128371625982,-0.0241933204302637,0.018));
#8070=CARTESIAN_POINT('',(0.0475919170237093,-0.0236507857080415,0.018));
#8071=CARTESIAN_POINT('',(0.0481887052181537,-0.0230257857080415,0.018));
#8072=CARTESIAN_POINT('',(0.0456604934125982,-0.0241933204302637,0.018));
#8073=CARTESIAN_POINT('',(0.0435923510514871,-0.0223031294580415,0.018));
#8074=CARTESIAN_POINT('',(0.0435923510514871,-0.0234706641802638,0.018));
#8075=CARTESIAN_POINT('',(0.044451726051487,-0.0241933204302637,0.018));
#8076=CARTESIAN_POINT('',(0.0456604934125982,-0.0241933204302637,0.018));
#8077=CARTESIAN_POINT('',(0.0435923510514871,-0.0223031294580415,0.018));
#8078=CARTESIAN_POINT('',(0.046758583690376,-0.020263198902486,0.018));
#8079=CARTESIAN_POINT('',(0.0444104934125982,-0.020263198902486,0.018));
#8080=CARTESIAN_POINT('',(0.0435923510514871,-0.0210813412635971,0.018));
#8081=CARTESIAN_POINT('',(0.0435923510514871,-0.0223031294580415,0.018));
#8082=CARTESIAN_POINT('',(0.046758583690376,-0.020263198902486,0.018));
#8083=CARTESIAN_POINT('',(0.046758583690376,-0.0197770877913749,0.018));
#8084=CARTESIAN_POINT('',(0.046758583690376,-0.0192909766802637,0.018));
#8085=CARTESIAN_POINT('',(0.0439395732737093,-0.0173465322358193,0.018));
#8086=CARTESIAN_POINT('',(0.0439395732737093,-0.0184424523747082,0.018));
#8087=CARTESIAN_POINT('',(0.0446600593848204,-0.0192909766802637,0.018));
#8088=CARTESIAN_POINT('',(0.046758583690376,-0.0192909766802637,0.018));
#8089=CARTESIAN_POINT('',(0.0439395732737093,-0.0173465322358193,0.018));
#8090=CARTESIAN_POINT('',(0.0456604934125982,-0.0157059072358193,0.018));
#8091=CARTESIAN_POINT('',(0.0446058059125982,-0.0157341190413749,0.018));
#8092=CARTESIAN_POINT('',(0.0439395732737093,-0.0163591190413749,0.018));
#8093=CARTESIAN_POINT('',(0.0439395732737093,-0.0173465322358193,0.018));
#8094=CARTESIAN_POINT('',(0.0456604934125982,-0.0157059072358193,0.018));
#8095=CARTESIAN_POINT('',(0.0477720385514871,-0.0167215322358193,0.018));
#8096=CARTESIAN_POINT('',(0.0472034621625982,-0.0161507857080415,0.018));
#8097=CARTESIAN_POINT('',(0.0464808059125982,-0.0157341190413749,0.018));
#8098=CARTESIAN_POINT('',(0.0456604934125982,-0.0157059072358193,0.018));
#8099=CARTESIAN_POINT('',(0.0477720385514871,-0.0167215322358193,0.018));
#8100=CARTESIAN_POINT('',(0.0481127503570426,-0.0163178864024859,0.018));
#8101=CARTESIAN_POINT('',(0.0484534621625982,-0.0159142405691526,0.018));
#8102=CARTESIAN_POINT('',(0.0456062399403759,-0.0146924523747082,0.018));
#8103=CARTESIAN_POINT('',(0.0467867954959315,-0.0146924523747082,0.018));
#8104=CARTESIAN_POINT('',(0.0476895732737093,-0.0152067752913749,0.018));
#8105=CARTESIAN_POINT('',(0.0484534621625982,-0.0159142405691527,0.018));
#8106=CARTESIAN_POINT('',(0.0456062399403759,-0.0146924523747082,0.018));
#8107=CARTESIAN_POINT('',(0.0426461704959315,-0.0172488759858193,0.018));
#8108=CARTESIAN_POINT('',(0.0426461704959315,-0.0156104211247082,0.018));
#8109=CARTESIAN_POINT('',(0.0438961704959315,-0.0146924523747082,0.018));
#8110=CARTESIAN_POINT('',(0.0456062399403759,-0.0146924523747082,0.018));
#8111=CARTESIAN_POINT('',(0.0426461704959315,-0.0172488759858193,0.018));
#8112=CARTESIAN_POINT('',(0.0444669170237093,-0.0197076433469304,0.018));
#8113=CARTESIAN_POINT('',(0.0433840177181537,-0.0193039975135971,0.018));
#8114=CARTESIAN_POINT('',(0.0426461704959315,-0.0184836850135971,0.018));
#8115=CARTESIAN_POINT('',(0.0426461704959315,-0.0172488759858193,0.018));
#8116=CARTESIAN_POINT('',(0.0444669170237093,-0.0197076433469304,0.018));
#8117=CARTESIAN_POINT('',(0.0444669170237093,-0.0197347700830415,0.018));
#8118=CARTESIAN_POINT('',(0.0444669170237093,-0.0197618968191526,0.018));
#8119=CARTESIAN_POINT('',(0.0422989482737093,-0.0223465322358193,0.018));
#8120=CARTESIAN_POINT('',(0.0422989482737093,-0.0209576433469304,0.018));
#8121=CARTESIAN_POINT('',(0.0432581496625981,-0.0200396745969304,0.018));
#8122=CARTESIAN_POINT('',(0.0444669170237093,-0.0197618968191526,0.018));
#8123=CARTESIAN_POINT('',(0.0422989482737093,-0.0223465322358193,0.018));
#8124=CARTESIAN_POINT('',(0.0455628371625982,-0.0252480079302638,0.018));
#8125=CARTESIAN_POINT('',(0.0437572816070426,-0.0252480079302638,0.018));
#8126=CARTESIAN_POINT('',(0.0422989482737093,-0.0241651086247082,0.018));
#8127=CARTESIAN_POINT('',(0.0422989482737093,-0.0223465322358193,0.018));
#8128=CARTESIAN_POINT('',(0.0453762052181537,-0.0200678864024859,0.018));
#8129=CARTESIAN_POINT('',(0.0280197349692196,-0.0200678864024859,0.018));
#8130=CARTESIAN_POINT('',(0.,-0.0200678864024859,0.018));
#8131=CARTESIAN_POINT('',(-0.039,0.017432113597514,0.018));
#8132=CARTESIAN_POINT('',(-0.041,0.017432113597514,0.018));
#8133=CARTESIAN_POINT('',(-0.039,0.017432113597514,0.018));
#8134=CARTESIAN_POINT('',(-0.039,0.018932113597514,0.018));
#8135=CARTESIAN_POINT('',(-0.039,0.020432113597514,0.018));
#8136=CARTESIAN_POINT('',(0.,0.020432113597514,0.018));
#8137=CARTESIAN_POINT('',(-0.041,0.020432113597514,0.018));
#8138=CARTESIAN_POINT('',(-0.041,0.018932113597514,0.018));
#8139=CARTESIAN_POINT('',(-0.039,0.00743211359751405,0.018));
#8140=CARTESIAN_POINT('',(-0.041,0.00743211359751405,0.018));
#8141=CARTESIAN_POINT('',(-0.039,0.00743211359751405,0.018));
#8142=CARTESIAN_POINT('',(-0.039,0.00893211359751405,0.018));
#8143=CARTESIAN_POINT('',(-0.039,0.0104321135975141,0.018));
#8144=CARTESIAN_POINT('',(0.,0.0104321135975141,0.018));
#8145=CARTESIAN_POINT('',(-0.041,0.0104321135975141,0.018));
#8146=CARTESIAN_POINT('',(-0.041,0.00893211359751405,0.018));
#8147=CARTESIAN_POINT('',(3.46944695195361E-18,-0.041067886402486,0.018));
#8148=CARTESIAN_POINT('',(-0.018356470248934,-0.041067886402486,0.018));
#8149=CARTESIAN_POINT('',(-3.46944695195361E-18,0.000932113597514032,0.018));
#8150=CARTESIAN_POINT('',(-0.0183564702489341,0.000932113597514032,0.018));
#8151=CARTESIAN_POINT('',(0.0453762052181537,-0.0200678864024859,0.018));
#8152=CARTESIAN_POINT('',(0.0270197349692196,-0.0200678864024859,0.018));
#8153=CARTESIAN_POINT('',(-0.0453762052181537,-0.0200678864024859,0.018));
#8154=CARTESIAN_POINT('',(-0.0637326754670877,-0.0200678864024859,0.018));
#8155=CARTESIAN_POINT('',(0.065,-0.060067886402486,0.018));
#8156=CARTESIAN_POINT('',(0.0695,-0.060067886402486,0.018));
#8157=CARTESIAN_POINT('',(0.065,-0.064567886402486,0.018));
#8158=CARTESIAN_POINT('',(-0.065,-0.0645678864024859,0.018));
#8159=CARTESIAN_POINT('',(-0.065,-0.0645678864024859,0.018));
#8160=CARTESIAN_POINT('',(-0.065,-0.0600678864024859,0.018));
#8161=CARTESIAN_POINT('',(-0.0695,-0.0600678864024859,0.018));
#8162=CARTESIAN_POINT('',(-0.0695,-0.0200678864024859,0.018));
#8163=CARTESIAN_POINT('',(-0.0695,-0.034,0.018));
#8164=CARTESIAN_POINT('',(-0.0685,-0.034,0.018));
#8165=CARTESIAN_POINT('',(-0.0685,-0.033,0.018));
#8166=CARTESIAN_POINT('',(-0.0665,-0.033,0.018));
#8167=CARTESIAN_POINT('',(-0.0665,-0.033,0.018));
#8168=CARTESIAN_POINT('',(-0.0665,-0.031,0.018));
#8169=CARTESIAN_POINT('',(-0.0645,-0.031,0.018));
#8170=CARTESIAN_POINT('',(-0.0645,0.011,0.018));
#8171=CARTESIAN_POINT('',(-0.0645,0.011,0.018));
#8172=CARTESIAN_POINT('',(-0.0665,0.011,0.018));
#8173=CARTESIAN_POINT('',(-0.0665,0.013,0.018));
#8174=CARTESIAN_POINT('',(-0.0685,0.013,0.018));
#8175=CARTESIAN_POINT('',(-0.0685,0.013,0.018));
#8176=CARTESIAN_POINT('',(-0.0685,0.014,0.018));
#8177=CARTESIAN_POINT('',(-0.0695,0.014,0.018));
#8178=CARTESIAN_POINT('',(-0.0695,-0.0200678864024859,0.018));
#8179=CARTESIAN_POINT('',(-0.0695,0.019932113597514,0.018));
#8180=CARTESIAN_POINT('',(-0.065,0.019932113597514,0.018));
#8181=CARTESIAN_POINT('',(-0.065,0.0244321135975141,0.018));
#8182=CARTESIAN_POINT('',(5.51394247721199E-18,0.0244321135975141,0.018));
#8183=CARTESIAN_POINT('',(0.065,0.0244321135975141,0.018));
#8184=CARTESIAN_POINT('',(0.065,0.019932113597514,0.018));
#8185=CARTESIAN_POINT('',(0.0695,0.019932113597514,0.018));
#8186=CARTESIAN_POINT('',(0.0695,0.014,0.018));
#8187=CARTESIAN_POINT('',(0.0695,0.014,0.018));
#8188=CARTESIAN_POINT('',(0.0685,0.014,0.018));
#8189=CARTESIAN_POINT('',(0.0685,0.013,0.018));
#8190=CARTESIAN_POINT('',(0.,0.013,0.018));
#8191=CARTESIAN_POINT('',(0.0645,0.013,0.018));
#8192=CARTESIAN_POINT('',(0.0645,-0.0200678864024859,0.018));
#8193=CARTESIAN_POINT('',(0.0645,-0.031,0.018));
#8194=CARTESIAN_POINT('',(0.0665,-0.031,0.018));
#8195=CARTESIAN_POINT('',(0.0665,-0.033,0.018));
#8196=CARTESIAN_POINT('',(0.0685,-0.033,0.018));
#8197=CARTESIAN_POINT('',(0.0685,-0.033,0.018));
#8198=CARTESIAN_POINT('',(0.0685,-0.034,0.018));
#8199=CARTESIAN_POINT('',(0.0695,-0.034,0.018));
#8200=CARTESIAN_POINT('',(0.0695,-0.060067886402486,0.018));
#8201=CARTESIAN_POINT('',(-0.065,-0.0450678864024859,0.018));
#8202=CARTESIAN_POINT('',(-0.06675,-0.0450678864024859,0.018));
#8203=CARTESIAN_POINT('',(0.065,0.019932113597514,0.018));
#8204=CARTESIAN_POINT('',(0.06325,0.019932113597514,0.018));
#8205=CARTESIAN_POINT('',(0.065,-0.045067886402486,0.018));
#8206=CARTESIAN_POINT('',(0.06325,-0.045067886402486,0.018));
#8207=CARTESIAN_POINT('',(-0.065,0.019932113597514,0.018));
#8208=CARTESIAN_POINT('',(-0.06675,0.019932113597514,0.018));
#8209=CARTESIAN_POINT('',(0.,-0.0200678864024859,0.018));
#8210=CARTESIAN_POINT('',(-0.0483762052181537,-0.00506788640248598,0.018));
#8211=CARTESIAN_POINT('',(-0.0483762052181537,-0.00356788640248597,0.018));
#8212=CARTESIAN_POINT('',(-0.0483762052181537,-0.00656788640248598,0.018));
#8213=CARTESIAN_POINT('',(-0.0423762052181537,-0.00656788640248598,0.018));
#8214=CARTESIAN_POINT('',(-0.0423762052181537,-0.00656788640248598,0.018));
#8215=CARTESIAN_POINT('',(-0.0423762052181537,-0.00506788640248598,0.018));
#8216=CARTESIAN_POINT('',(-0.0423762052181537,-0.00356788640248597,0.018));
#8217=CARTESIAN_POINT('',(0.,-0.00356788640248597,0.018));
#8218=CARTESIAN_POINT('',(-0.0423762052181537,-0.0365678864024859,0.018));
#8219=CARTESIAN_POINT('',(-0.0483762052181537,-0.0365678864024859,0.018));
#8220=CARTESIAN_POINT('',(-0.0423762052181537,-0.0365678864024859,0.018));
#8221=CARTESIAN_POINT('',(-0.0423762052181537,-0.0350678864024859,0.018));
#8222=CARTESIAN_POINT('',(-0.0423762052181537,-0.0335678864024859,0.018));
#8223=CARTESIAN_POINT('',(0.,-0.0335678864024859,0.018));
#8224=CARTESIAN_POINT('',(-0.0483762052181537,-0.0335678864024859,0.018));
#8225=CARTESIAN_POINT('',(-0.0483762052181537,-0.0350678864024859,0.018));
#8226=CARTESIAN_POINT('',(-0.0428067607737093,-0.0245405426524859,0.018));
#8227=CARTESIAN_POINT('',(-0.0428067607737093,-0.024013198902486,0.018));
#8228=CARTESIAN_POINT('',(-0.0428067607737093,-0.0250678864024859,0.018));
#8229=CARTESIAN_POINT('',(-0.0439384882042649,-0.024013198902486,0.018));
#8230=CARTESIAN_POINT('',(-0.0450702156348204,-0.024013198902486,0.018));
#8231=CARTESIAN_POINT('',(-0.0450702156348204,-0.0202143707774859,0.018));
#8232=CARTESIAN_POINT('',(-0.0450702156348204,-0.0164155426524859,0.018));
#8233=CARTESIAN_POINT('',(-0.0441674378570426,-0.0164155426524859,0.018));
#8234=CARTESIAN_POINT('',(-0.0432646600792649,-0.0164155426524859,0.018));
#8235=CARTESIAN_POINT('',(-0.0432646600792649,-0.016012981888597,0.018));
#8236=CARTESIAN_POINT('',(-0.0432646600792649,-0.0156104211247082,0.018));
#8237=CARTESIAN_POINT('',(-0.0453762052181537,-0.0148877648747082,0.018));
#8238=CARTESIAN_POINT('',(-0.0448206496625981,-0.0152067752913749,0.018));
#8239=CARTESIAN_POINT('',(-0.0441674378570426,-0.0154433204302638,0.018));
#8240=CARTESIAN_POINT('',(-0.0432646600792649,-0.0156104211247082,0.018));
#8241=CARTESIAN_POINT('',(-0.0453762052181537,-0.0148877648747082,0.018));
#8242=CARTESIAN_POINT('',(-0.0458623163292648,-0.0148877648747082,0.018));
#8243=CARTESIAN_POINT('',(-0.046348427440376,-0.0148877648747082,0.018));
#8244=CARTESIAN_POINT('',(-0.046348427440376,-0.019450481888597,0.018));
#8245=CARTESIAN_POINT('',(-0.046348427440376,-0.024013198902486,0.018));
#8246=CARTESIAN_POINT('',(-0.0473694777875982,-0.024013198902486,0.018));
#8247=CARTESIAN_POINT('',(-0.0483905281348204,-0.024013198902486,0.018));
#8248=CARTESIAN_POINT('',(-0.0483905281348204,-0.0245405426524859,0.018));
#8249=CARTESIAN_POINT('',(-0.0483905281348204,-0.0250678864024859,0.018));
#8250=CARTESIAN_POINT('',(-0.0455986444542648,-0.0250678864024859,0.018));
#8251=CARTESIAN_POINT('',(-0.0453762052181537,-0.0200678864024859,0.018));
#8252=CARTESIAN_POINT('',(-0.0627326754670877,-0.0200678864024859,0.018));
#8253=CARTESIAN_POINT('',(0.,-0.0200678864024859,0.022));
#8254=CARTESIAN_POINT('',(-0.041,0.018932113597514,0.022));
#8255=CARTESIAN_POINT('',(-0.041,0.017432113597514,0.022));
#8256=CARTESIAN_POINT('',(-0.041,0.020432113597514,0.022));
#8257=CARTESIAN_POINT('',(-0.039,0.020432113597514,0.022));
#8258=CARTESIAN_POINT('',(-0.039,0.020432113597514,0.022));
#8259=CARTESIAN_POINT('',(-0.039,0.018932113597514,0.022));
#8260=CARTESIAN_POINT('',(-0.039,0.017432113597514,0.022));
#8261=CARTESIAN_POINT('',(0.,0.017432113597514,0.022));
#8262=CARTESIAN_POINT('',(-0.039,0.010432113597514,0.022));
#8263=CARTESIAN_POINT('',(-0.041,0.010432113597514,0.022));
#8264=CARTESIAN_POINT('',(-0.039,0.010432113597514,0.022));
#8265=CARTESIAN_POINT('',(-0.039,0.00893211359751405,0.022));
#8266=CARTESIAN_POINT('',(-0.039,0.00743211359751405,0.022));
#8267=CARTESIAN_POINT('',(0.,0.00743211359751405,0.022));
#8268=CARTESIAN_POINT('',(-0.041,0.00743211359751405,0.022));
#8269=CARTESIAN_POINT('',(-0.041,0.00893211359751405,0.022));
#8270=CARTESIAN_POINT('',(0.,-0.0418671980360803,0.022));
#8271=CARTESIAN_POINT('',(-0.0245087776331234,-0.0418671980360803,0.022));
#8272=CARTESIAN_POINT('',(-0.0300925449942345,-0.0418671980360803,0.022));
#8273=CARTESIAN_POINT('',(-0.0300925449942345,-0.0200678864024859,0.022));
#8274=CARTESIAN_POINT('',(-0.0300925449942345,-0.0408125105360804,0.022));
#8275=CARTESIAN_POINT('',(0.,-0.0408125105360804,0.022));
#8276=CARTESIAN_POINT('',(-0.0278290901331234,-0.0408125105360804,0.022));
#8277=CARTESIAN_POINT('',(-0.0278290901331234,-0.0200678864024859,0.022));
#8278=CARTESIAN_POINT('',(-0.0278290901331234,-0.0332148542860803,0.022));
#8279=CARTESIAN_POINT('',(0.,-0.0332148542860803,0.022));
#8280=CARTESIAN_POINT('',(-0.0296346456886789,-0.0332148542860803,0.022));
#8281=CARTESIAN_POINT('',(-0.0296346456886789,-0.0200678864024859,0.022));
#8282=CARTESIAN_POINT('',(-0.0296346456886789,-0.0324097327583025,0.022));
#8283=CARTESIAN_POINT('',(-0.0275231005497901,-0.0316870765083026,0.022));
#8284=CARTESIAN_POINT('',(-0.0280786561053456,-0.0320060869249693,0.022));
#8285=CARTESIAN_POINT('',(-0.0287318679109012,-0.0322426320638581,0.022));
#8286=CARTESIAN_POINT('',(-0.0296346456886789,-0.0324097327583025,0.022));
#8287=CARTESIAN_POINT('',(-0.0275231005497901,-0.0316870765083026,0.022));
#8288=CARTESIAN_POINT('',(0.,-0.0316870765083026,0.022));
#8289=CARTESIAN_POINT('',(-0.0265508783275679,-0.0316870765083026,0.022));
#8290=CARTESIAN_POINT('',(-0.0265508783275679,-0.0200678864024859,0.022));
#8291=CARTESIAN_POINT('',(-0.0265508783275679,-0.0408125105360804,0.022));
#8292=CARTESIAN_POINT('',(0.,-0.0408125105360804,0.022));
#8293=CARTESIAN_POINT('',(-0.0245087776331234,-0.0408125105360804,0.022));
#8294=CARTESIAN_POINT('',(-0.0245087776331234,-0.0200678864024859,0.022));
#8295=CARTESIAN_POINT('',(0.,-0.0208671980360804,0.022));
#8296=CARTESIAN_POINT('',(0.0210757609183637,-0.0208671980360804,0.022));
#8297=CARTESIAN_POINT('',(0.0146738511961414,-0.0208671980360804,0.022));
#8298=CARTESIAN_POINT('',(0.0146738511961414,-0.0200678864024859,0.022));
#8299=CARTESIAN_POINT('',(0.0146738511961414,-0.0201163299805248,0.022));
#8300=CARTESIAN_POINT('',(0.0193396498072525,-0.0135473195638581,0.022));
#8301=CARTESIAN_POINT('',(0.0193396498072525,-0.0152986216471914,0.022));
#8302=CARTESIAN_POINT('',(0.0178682956405859,-0.0173255313694137,0.022));
#8303=CARTESIAN_POINT('',(0.0146738511961414,-0.0201163299805248,0.022));
#8304=CARTESIAN_POINT('',(0.0193396498072525,-0.0135473195638581,0.022));
#8305=CARTESIAN_POINT('',(0.0174646498072525,-0.0115334306749692,0.022));
#8306=CARTESIAN_POINT('',(0.0187276706405859,-0.0115334306749692,0.022));
#8307=CARTESIAN_POINT('',(0.0193396498072525,-0.0123819549805248,0.022));
#8308=CARTESIAN_POINT('',(0.0193396498072525,-0.0135473195638581,0.022));
#8309=CARTESIAN_POINT('',(0.0174646498072525,-0.0115334306749692,0.022));
#8310=CARTESIAN_POINT('',(0.0153531046683637,-0.0127139862305248,0.022));
#8311=CARTESIAN_POINT('',(0.0159086602239192,-0.0120477535916359,0.022));
#8312=CARTESIAN_POINT('',(0.0166313164739192,-0.0115334306749692,0.022));
#8313=CARTESIAN_POINT('',(0.0174646498072525,-0.0115334306749692,0.022));
#8314=CARTESIAN_POINT('',(0.0153531046683637,-0.0127139862305248,0.022));
#8315=CARTESIAN_POINT('',(0.0112158458539584,-0.00864995323584356,0.022));
#8316=CARTESIAN_POINT('',(0.0146174275850303,-0.0119913299805248,0.022));
#8317=CARTESIAN_POINT('',(0.0176165595294747,-0.0104917640083026,0.022));
#8318=CARTESIAN_POINT('',(0.0163253268905858,-0.0104917640083026,0.022));
#8319=CARTESIAN_POINT('',(0.0154507609183636,-0.011088552202747,0.022));
#8320=CARTESIAN_POINT('',(0.0146174275850303,-0.0119913299805248,0.022));
#8321=CARTESIAN_POINT('',(0.0176165595294747,-0.0104917640083026,0.022));
#8322=CARTESIAN_POINT('',(0.0205766289739192,-0.0135060869249692,0.022));
#8323=CARTESIAN_POINT('',(0.0205766289739192,-0.0116875105360803,0.022));
#8324=CARTESIAN_POINT('',(0.0194373060572525,-0.0104917640083026,0.022));
#8325=CARTESIAN_POINT('',(0.0176165595294747,-0.0104917640083026,0.022));
#8326=CARTESIAN_POINT('',(0.0205766289739192,-0.0135060869249692,0.022));
#8327=CARTESIAN_POINT('',(0.0165900838350303,-0.0198667640083025,0.022));
#8328=CARTESIAN_POINT('',(0.018979406751697,-0.0176033091471914,0.022));
#8329=CARTESIAN_POINT('',(0.0205766289739192,-0.0155329966471915,0.022));
#8330=CARTESIAN_POINT('',(0.0205766289739192,-0.0135060869249692,0.022));
#8331=CARTESIAN_POINT('',(0.0165900838350303,-0.0198667640083025,0.022));
#8332=CARTESIAN_POINT('',(0.018256750501697,-0.0197691077583026,0.022));
#8333=CARTESIAN_POINT('',(0.0177424275850303,-0.0197691077583026,0.022));
#8334=CARTESIAN_POINT('',(0.0171174275850303,-0.0198255313694136,0.022));
#8335=CARTESIAN_POINT('',(0.0165900838350303,-0.0198667640083025,0.022));
#8336=CARTESIAN_POINT('',(0.018256750501697,-0.0197691077583026,0.022));
#8337=CARTESIAN_POINT('',(0.,-0.0197691077583026,0.022));
#8338=CARTESIAN_POINT('',(0.0210757609183637,-0.0197691077583026,0.022));
#8339=CARTESIAN_POINT('',(0.0210757609183637,-0.0200678864024859,0.022));
#8340=CARTESIAN_POINT('',(0.0665,-0.031,0.022));
#8341=CARTESIAN_POINT('',(0.0665,-0.033,0.022));
#8342=CARTESIAN_POINT('',(0.065749970155812,-0.0328540375489259,0.022));
#8343=CARTESIAN_POINT('',(0.0660222786365174,-0.0340481876194137,0.022));
#8344=CARTESIAN_POINT('',(0.0660222786365174,-0.0324097327583025,0.022));
#8345=CARTESIAN_POINT('',(0.0647722786365174,-0.0314917640083026,0.022));
#8346=CARTESIAN_POINT('',(0.063062209192073,-0.0314917640083026,0.022));
#8347=CARTESIAN_POINT('',(0.0660222786365174,-0.0340481876194137,0.022));
#8348=CARTESIAN_POINT('',(0.0642015321087396,-0.0365069549805248,0.022));
#8349=CARTESIAN_POINT('',(0.0652844314142952,-0.0361033091471915,0.022));
#8350=CARTESIAN_POINT('',(0.0660222786365174,-0.0352829966471915,0.022));
#8351=CARTESIAN_POINT('',(0.0660222786365174,-0.0340481876194137,0.022));
#8352=CARTESIAN_POINT('',(0.0642015321087396,-0.0365069549805248,0.022));
#8353=CARTESIAN_POINT('',(0.0642015321087396,-0.0200678864024859,0.022));
#8354=CARTESIAN_POINT('',(0.0642015321087396,-0.036561208452747,0.022));
#8355=CARTESIAN_POINT('',(0.0663695008587396,-0.0391458438694137,0.022));
#8356=CARTESIAN_POINT('',(0.0663695008587396,-0.0377569549805248,0.022));
#8357=CARTESIAN_POINT('',(0.0654102994698507,-0.0368389862305248,0.022));
#8358=CARTESIAN_POINT('',(0.0642015321087396,-0.036561208452747,0.022));
#8359=CARTESIAN_POINT('',(0.0663695008587396,-0.0391458438694137,0.022));
#8360=CARTESIAN_POINT('',(0.0631056119698507,-0.0420473195638581,0.022));
#8361=CARTESIAN_POINT('',(0.0649111675254063,-0.0420473195638581,0.022));
#8362=CARTESIAN_POINT('',(0.0663695008587396,-0.0409644202583025,0.022));
#8363=CARTESIAN_POINT('',(0.0663695008587396,-0.0391458438694137,0.022));
#8364=CARTESIAN_POINT('',(0.0631056119698507,-0.0420473195638581,0.022));
#8365=CARTESIAN_POINT('',(0.0598417230809618,-0.0406584306749693,0.022));
#8366=CARTESIAN_POINT('',(0.0605079557198507,-0.0413810869249693,0.022));
#8367=CARTESIAN_POINT('',(0.0615083897476285,-0.0420473195638581,0.022));
#8368=CARTESIAN_POINT('',(0.0631056119698507,-0.0420473195638581,0.022));
#8369=CARTESIAN_POINT('',(0.0598417230809618,-0.0406584306749693,0.022));
#8370=CARTESIAN_POINT('',(0.0476656371522438,-0.0565618898471725,0.022));
#8371=CARTESIAN_POINT('',(0.0604797439142952,-0.0398250973416359,0.022));
#8372=CARTESIAN_POINT('',(0.0630079557198507,-0.0409926320638581,0.022));
#8373=CARTESIAN_POINT('',(0.0618556119698507,-0.0409926320638581,0.022));
#8374=CARTESIAN_POINT('',(0.0610765321087396,-0.0404500973416359,0.022));
#8375=CARTESIAN_POINT('',(0.0604797439142952,-0.0398250973416359,0.022));
#8376=CARTESIAN_POINT('',(0.0630079557198507,-0.0409926320638581,0.022));
#8377=CARTESIAN_POINT('',(0.0650760980809618,-0.0391024410916359,0.022));
#8378=CARTESIAN_POINT('',(0.0650760980809618,-0.0402699758138581,0.022));
#8379=CARTESIAN_POINT('',(0.0642167230809618,-0.0409926320638581,0.022));
#8380=CARTESIAN_POINT('',(0.0630079557198507,-0.0409926320638581,0.022));
#8381=CARTESIAN_POINT('',(0.0650760980809618,-0.0391024410916359,0.022));
#8382=CARTESIAN_POINT('',(0.0619098654420729,-0.0370625105360803,0.022));
#8383=CARTESIAN_POINT('',(0.0642579557198507,-0.0370625105360803,0.022));
#8384=CARTESIAN_POINT('',(0.0650760980809618,-0.0378806528971914,0.022));
#8385=CARTESIAN_POINT('',(0.0650760980809618,-0.0391024410916359,0.022));
#8386=CARTESIAN_POINT('',(0.0619098654420729,-0.0370625105360803,0.022));
#8387=CARTESIAN_POINT('',(0.0619098654420729,-0.0200678864024859,0.022));
#8388=CARTESIAN_POINT('',(0.0619098654420729,-0.0360902883138581,0.022));
#8389=CARTESIAN_POINT('',(0.0647288758587396,-0.0341458438694136,0.022));
#8390=CARTESIAN_POINT('',(0.0647288758587396,-0.0352417640083026,0.022));
#8391=CARTESIAN_POINT('',(0.0640083897476285,-0.0360902883138581,0.022));
#8392=CARTESIAN_POINT('',(0.0619098654420729,-0.0360902883138581,0.022));
#8393=CARTESIAN_POINT('',(0.0647288758587396,-0.0341458438694136,0.022));
#8394=CARTESIAN_POINT('',(0.0630079557198507,-0.0325052188694136,0.022));
#8395=CARTESIAN_POINT('',(0.0640626432198507,-0.0325334306749692,0.022));
#8396=CARTESIAN_POINT('',(0.0647288758587396,-0.0331584306749692,0.022));
#8397=CARTESIAN_POINT('',(0.0647288758587396,-0.0341458438694136,0.022));
#8398=CARTESIAN_POINT('',(0.0630079557198507,-0.0325052188694136,0.022));
#8399=CARTESIAN_POINT('',(0.0608964105809618,-0.0335208438694136,0.022));
#8400=CARTESIAN_POINT('',(0.0614649869698507,-0.0329500973416359,0.022));
#8401=CARTESIAN_POINT('',(0.0621876432198507,-0.0325334306749692,0.022));
#8402=CARTESIAN_POINT('',(0.0630079557198507,-0.0325052188694136,0.022));
#8403=CARTESIAN_POINT('',(0.0608964105809618,-0.0335208438694136,0.022));
#8404=CARTESIAN_POINT('',(0.0289293435143851,0.00435096806933356,0.022));
#8405=CARTESIAN_POINT('',(0.0602149869698507,-0.032713552202747,0.022));
#8406=CARTESIAN_POINT('',(0.063062209192073,-0.0314917640083026,0.022));
#8407=CARTESIAN_POINT('',(0.0618816536365174,-0.0314917640083026,0.022));
#8408=CARTESIAN_POINT('',(0.0609788758587396,-0.0320060869249692,0.022));
#8409=CARTESIAN_POINT('',(0.0602149869698507,-0.032713552202747,0.022));
#8410=CARTESIAN_POINT('',(0.063062209192073,-0.0314917640083026,0.022));
#8411=CARTESIAN_POINT('',(0.0660222786365174,-0.0340481876194137,0.022));
#8412=CARTESIAN_POINT('',(0.0660222786365174,-0.0324097327583025,0.022));
#8413=CARTESIAN_POINT('',(0.0647722786365174,-0.0314917640083026,0.022));
#8414=CARTESIAN_POINT('',(0.063062209192073,-0.0314917640083026,0.022));
#8415=CARTESIAN_POINT('',(0.0646821449911972,-0.0318339083684497,0.022));
#8416=CARTESIAN_POINT('',(0.0665,-0.031,0.022));
#8417=CARTESIAN_POINT('',(0.0645,-0.031,0.022));
#8418=CARTESIAN_POINT('',(0.0645,0.0125,0.022));
#8419=CARTESIAN_POINT('',(0.0645,0.013,0.022));
#8420=CARTESIAN_POINT('',(0.0685,0.013,0.022));
#8421=CARTESIAN_POINT('',(0.0685,0.013,0.022));
#8422=CARTESIAN_POINT('',(0.0685,0.014,0.022));
#8423=CARTESIAN_POINT('',(0.0695,0.014,0.022));
#8424=CARTESIAN_POINT('',(0.0695,-0.0200678864024859,0.022));
#8425=CARTESIAN_POINT('',(0.0695,0.019932113597514,0.022));
#8426=CARTESIAN_POINT('',(0.065,0.019932113597514,0.022));
#8427=CARTESIAN_POINT('',(0.065,0.0244321135975141,0.022));
#8428=CARTESIAN_POINT('',(-0.065,0.0244321135975141,0.022));
#8429=CARTESIAN_POINT('',(-0.065,0.0244321135975141,0.022));
#8430=CARTESIAN_POINT('',(-0.065,0.019932113597514,0.022));
#8431=CARTESIAN_POINT('',(-0.0695,0.019932113597514,0.022));
#8432=CARTESIAN_POINT('',(-0.0695,0.014,0.022));
#8433=CARTESIAN_POINT('',(-0.0695,0.014,0.022));
#8434=CARTESIAN_POINT('',(-0.0685,0.014,0.022));
#8435=CARTESIAN_POINT('',(-0.0685,0.013,0.022));
#8436=CARTESIAN_POINT('',(0.,0.013,0.022));
#8437=CARTESIAN_POINT('',(-0.0665,0.013,0.022));
#8438=CARTESIAN_POINT('',(-0.0665,0.011,0.022));
#8439=CARTESIAN_POINT('',(-0.0645,0.011,0.022));
#8440=CARTESIAN_POINT('',(-0.0645,-0.0200678864024859,0.022));
#8441=CARTESIAN_POINT('',(-0.0645,-0.031,0.022));
#8442=CARTESIAN_POINT('',(-0.0665,-0.031,0.022));
#8443=CARTESIAN_POINT('',(-0.0665,-0.033,0.022));
#8444=CARTESIAN_POINT('',(0.,-0.033,0.022));
#8445=CARTESIAN_POINT('',(-0.0685,-0.033,0.022));
#8446=CARTESIAN_POINT('',(-0.0685,-0.034,0.022));
#8447=CARTESIAN_POINT('',(-0.0695,-0.034,0.022));
#8448=CARTESIAN_POINT('',(-0.0695,-0.0600678864024859,0.022));
#8449=CARTESIAN_POINT('',(-0.0695,-0.0600678864024859,0.022));
#8450=CARTESIAN_POINT('',(-0.065,-0.0600678864024859,0.022));
#8451=CARTESIAN_POINT('',(-0.065,-0.0645678864024859,0.022));
#8452=CARTESIAN_POINT('',(-8.82230796353919E-18,-0.064567886402486,0.022));
#8453=CARTESIAN_POINT('',(0.065,-0.064567886402486,0.022));
#8454=CARTESIAN_POINT('',(0.065,-0.060067886402486,0.022));
#8455=CARTESIAN_POINT('',(0.0695,-0.060067886402486,0.022));
#8456=CARTESIAN_POINT('',(0.0695,-0.0200678864024859,0.022));
#8457=CARTESIAN_POINT('',(0.0695,-0.034,0.022));
#8458=CARTESIAN_POINT('',(0.0685,-0.034,0.022));
#8459=CARTESIAN_POINT('',(0.0685,-0.033,0.022));
#8460=CARTESIAN_POINT('',(0.,-0.033,0.022));
#8461=CARTESIAN_POINT('',(0.,-0.0590477535916359,0.022));
#8462=CARTESIAN_POINT('',(0.0199776706405859,-0.0590477535916359,0.022));
#8463=CARTESIAN_POINT('',(0.0213253268905859,-0.0590477535916359,0.022));
#8464=CARTESIAN_POINT('',(0.0213253268905859,-0.0200678864024859,0.022));
#8465=CARTESIAN_POINT('',(0.0213253268905859,-0.060061208452747,0.022));
#8466=CARTESIAN_POINT('',(0.,-0.060061208452747,0.022));
#8467=CARTESIAN_POINT('',(0.0199776706405859,-0.060061208452747,0.022));
#8468=CARTESIAN_POINT('',(0.0199776706405859,-0.0200678864024859,0.022));
#8469=CARTESIAN_POINT('',(0.0199776706405859,-0.0628671980360803,0.022));
#8470=CARTESIAN_POINT('',(0.,-0.0628671980360803,0.022));
#8471=CARTESIAN_POINT('',(0.0187710734183636,-0.0628671980360803,0.022));
#8472=CARTESIAN_POINT('',(0.0187710734183636,-0.0200678864024859,0.022));
#8473=CARTESIAN_POINT('',(0.0187710734183636,-0.060061208452747,0.022));
#8474=CARTESIAN_POINT('',(0.,-0.060061208452747,0.022));
#8475=CARTESIAN_POINT('',(0.0143396498072525,-0.060061208452747,0.022));
#8476=CARTESIAN_POINT('',(0.0143396498072525,-0.0200678864024859,0.022));
#8477=CARTESIAN_POINT('',(0.0143396498072525,-0.0592278751194136,0.022));
#8478=CARTESIAN_POINT('',(0.0279696961897265,-0.0381823014530321,0.022));
#8479=CARTESIAN_POINT('',(0.0185757609183636,-0.0526870765083025,0.022));
#8480=CARTESIAN_POINT('',(0.,-0.0526870765083025,0.022));
#8481=CARTESIAN_POINT('',(0.0199776706405859,-0.0526870765083025,0.022));
#8482=CARTESIAN_POINT('',(0.0199776706405859,-0.0200678864024859,0.022));
#8483=CARTESIAN_POINT('',(0.,-0.041067886402486,0.022));
#8484=CARTESIAN_POINT('',(-0.0183564702489341,-0.041067886402486,0.022));
#8485=CARTESIAN_POINT('',(0.0453762052181537,-0.0200678864024859,0.022));
#8486=CARTESIAN_POINT('',(0.0270197349692196,-0.0200678864024859,0.022));
#8487=CARTESIAN_POINT('',(-3.46944695195361E-18,0.000932113597514033,0.022));
#8488=CARTESIAN_POINT('',(-0.0183564702489341,0.000932113597514033,0.022));
#8489=CARTESIAN_POINT('',(-0.0453762052181537,-0.020067886402486,0.022));
#8490=CARTESIAN_POINT('',(-0.0637326754670877,-0.020067886402486,0.022));
#8491=CARTESIAN_POINT('',(-0.065,0.019932113597514,0.022));
#8492=CARTESIAN_POINT('',(-0.06675,0.019932113597514,0.022));
#8493=CARTESIAN_POINT('',(0.065,-0.045067886402486,0.022));
#8494=CARTESIAN_POINT('',(0.06325,-0.045067886402486,0.022));
#8495=CARTESIAN_POINT('',(0.065,0.019932113597514,0.022));
#8496=CARTESIAN_POINT('',(0.06325,0.019932113597514,0.022));
#8497=CARTESIAN_POINT('',(-0.065,-0.0450678864024859,0.022));
#8498=CARTESIAN_POINT('',(-0.06675,-0.0450678864024859,0.022));
#8499=CARTESIAN_POINT('',(0.07,-0.0200678864024859,0.018));
#8500=CARTESIAN_POINT('',(0.07,0.019932113597514,0.022));
#8501=CARTESIAN_POINT('',(0.07,0.019932113597514,0.0185));
#8502=CARTESIAN_POINT('',(0.07,0.019932113597514,0.0215));
#8503=CARTESIAN_POINT('',(0.07,-0.0200678864024859,0.0215));
#8504=CARTESIAN_POINT('',(0.07,0.014,0.0215));
#8505=CARTESIAN_POINT('',(0.07,0.014,0.018));
#8506=CARTESIAN_POINT('',(0.07,0.014,0.0185));
#8507=CARTESIAN_POINT('',(0.07,0.019932113597514,0.0185));
#8508=CARTESIAN_POINT('',(-0.07,-0.0200678864024859,0.018));
#8509=CARTESIAN_POINT('',(-0.07,0.014,0.022));
#8510=CARTESIAN_POINT('',(-0.07,0.014,0.0185));
#8511=CARTESIAN_POINT('',(-0.07,0.014,0.0215));
#8512=CARTESIAN_POINT('',(-0.07,0.019932113597514,0.0215));
#8513=CARTESIAN_POINT('',(-0.07,0.019932113597514,0.0215));
#8514=CARTESIAN_POINT('',(-0.07,0.019932113597514,0.018));
#8515=CARTESIAN_POINT('',(-0.07,0.019932113597514,0.0185));
#8516=CARTESIAN_POINT('',(-0.07,-0.0200678864024859,0.0185));
#8517=CARTESIAN_POINT('',(-0.0453762052181537,-0.020067886402486,0.0225));
#8518=CARTESIAN_POINT('',(-0.0453762052181537,-0.020067886402486,0.0225));
#8519=CARTESIAN_POINT('',(-0.0637326754670877,-0.020067886402486,0.0225));
#8520=CARTESIAN_POINT('',(-3.46944695195361E-18,0.000932113597514033,0.0225));
#8521=CARTESIAN_POINT('',(-3.46944695195361E-18,0.000932113597514033,0.0225));
#8522=CARTESIAN_POINT('',(-0.0183564702489341,0.000932113597514033,0.0225));
#8523=CARTESIAN_POINT('',(0.0453762052181537,-0.0200678864024859,0.0225));
#8524=CARTESIAN_POINT('',(0.0453762052181537,-0.0200678864024859,0.0225));
#8525=CARTESIAN_POINT('',(0.0270197349692196,-0.0200678864024859,0.0225));
#8526=CARTESIAN_POINT('',(0.,-0.041067886402486,0.0225));
#8527=CARTESIAN_POINT('',(0.,-0.041067886402486,0.0225));
#8528=CARTESIAN_POINT('',(-0.0183564702489341,-0.041067886402486,0.0225));
#8529=CARTESIAN_POINT('',(0.,0.024932113597514,0.018));
#8530=CARTESIAN_POINT('',(-0.065,0.024932113597514,0.018));
#8531=CARTESIAN_POINT('',(-0.065,0.024932113597514,0.0185));
#8532=CARTESIAN_POINT('',(-0.065,0.024932113597514,0.0215));
#8533=CARTESIAN_POINT('',(0.065,0.024932113597514,0.0215));
#8534=CARTESIAN_POINT('',(0.065,0.024932113597514,0.0215));
#8535=CARTESIAN_POINT('',(0.065,0.024932113597514,0.018));
#8536=CARTESIAN_POINT('',(0.065,0.024932113597514,0.0185));
#8537=CARTESIAN_POINT('',(0.,0.024932113597514,0.0185));
#8538=CARTESIAN_POINT('',(0.07,-0.0200678864024859,0.018));
#8539=CARTESIAN_POINT('',(0.07,-0.034,0.018));
#8540=CARTESIAN_POINT('',(0.07,-0.034,0.0185));
#8541=CARTESIAN_POINT('',(0.07,-0.034,0.0215));
#8542=CARTESIAN_POINT('',(0.07,-0.0200678864024859,0.0215));
#8543=CARTESIAN_POINT('',(0.07,-0.060067886402486,0.0215));
#8544=CARTESIAN_POINT('',(0.07,-0.060067886402486,0.018));
#8545=CARTESIAN_POINT('',(0.07,-0.060067886402486,0.0185));
#8546=CARTESIAN_POINT('',(0.07,-0.034,0.0185));
#8547=CARTESIAN_POINT('',(0.,-0.065067886402486,0.018));
#8548=CARTESIAN_POINT('',(-0.065,-0.0650678864024859,0.018));
#8549=CARTESIAN_POINT('',(-0.065,-0.0650678864024859,0.0215));
#8550=CARTESIAN_POINT('',(-0.065,-0.0650678864024859,0.0185));
#8551=CARTESIAN_POINT('',(0.065,-0.065067886402486,0.0185));
#8552=CARTESIAN_POINT('',(0.065,-0.065067886402486,0.0185));
#8553=CARTESIAN_POINT('',(0.065,-0.065067886402486,0.018));
#8554=CARTESIAN_POINT('',(0.065,-0.065067886402486,0.0215));
#8555=CARTESIAN_POINT('',(0.,-0.065067886402486,0.0215));
#8556=CARTESIAN_POINT('',(-0.07,-0.0200678864024859,0.018));
#8557=CARTESIAN_POINT('',(-0.07,-0.0600678864024859,0.022));
#8558=CARTESIAN_POINT('',(-0.07,-0.0600678864024859,0.0185));
#8559=CARTESIAN_POINT('',(-0.07,-0.0600678864024859,0.0215));
#8560=CARTESIAN_POINT('',(-0.07,-0.034,0.0215));
#8561=CARTESIAN_POINT('',(-0.07,-0.034,0.0215));
#8562=CARTESIAN_POINT('',(-0.07,-0.034,0.018));
#8563=CARTESIAN_POINT('',(-0.07,-0.034,0.0185));
#8564=CARTESIAN_POINT('',(-0.07,-0.0200678864024859,0.0185));
#8565=CARTESIAN_POINT('',(-0.04,0.00993211359751405,-0.0025));
#8566=CARTESIAN_POINT('',(-0.041,0.00993211359751405,-0.0025));
#8567=CARTESIAN_POINT('',(-0.041,0.00993211359751405,0.0185));
#8568=CARTESIAN_POINT('',(-0.041,0.00993211359751405,0.0215));
#8569=CARTESIAN_POINT('',(-0.04,0.00993211359751405,0.0185));
#8570=CARTESIAN_POINT('',(-0.039,0.00993211359751405,0.0185));
#8571=CARTESIAN_POINT('',(-0.039,0.00993211359751405,-0.0025));
#8572=CARTESIAN_POINT('',(-0.039,0.00993211359751405,0.0215));
#8573=CARTESIAN_POINT('',(-0.041,0.00993211359751405,0.0215));
#8574=CARTESIAN_POINT('',(-0.041,0.00893211359751405,-0.0025));
#8575=CARTESIAN_POINT('',(-0.041,0.00793211359751405,-0.0025));
#8576=CARTESIAN_POINT('',(-0.041,0.00793211359751405,0.0185));
#8577=CARTESIAN_POINT('',(-0.041,0.00793211359751405,0.0215));
#8578=CARTESIAN_POINT('',(-0.041,0.00893211359751405,0.0185));
#8579=CARTESIAN_POINT('',(-0.041,0.00893211359751405,0.0215));
#8580=CARTESIAN_POINT('',(-0.04,0.00793211359751405,-0.0025));
#8581=CARTESIAN_POINT('',(-0.039,0.00793211359751405,-0.0025));
#8582=CARTESIAN_POINT('',(-0.039,0.00793211359751405,0.0185));
#8583=CARTESIAN_POINT('',(-0.039,0.00793211359751405,0.0215));
#8584=CARTESIAN_POINT('',(-0.041,0.00793211359751405,0.0185));
#8585=CARTESIAN_POINT('',(-0.04,0.00793211359751405,0.0215));
#8586=CARTESIAN_POINT('',(-0.039,0.00893211359751405,-0.0025));
#8587=CARTESIAN_POINT('',(-0.039,0.00893211359751405,0.0185));
#8588=CARTESIAN_POINT('',(-0.039,0.00893211359751405,0.0215));
#8589=CARTESIAN_POINT('',(-0.04,0.019932113597514,-0.0025));
#8590=CARTESIAN_POINT('',(-0.039,0.019932113597514,-0.0025));
#8591=CARTESIAN_POINT('',(-0.039,0.019932113597514,0.0185));
#8592=CARTESIAN_POINT('',(-0.039,0.019932113597514,0.0215));
#8593=CARTESIAN_POINT('',(-0.041,0.019932113597514,0.0215));
#8594=CARTESIAN_POINT('',(-0.041,0.019932113597514,0.0215));
#8595=CARTESIAN_POINT('',(-0.041,0.019932113597514,-0.0025));
#8596=CARTESIAN_POINT('',(-0.041,0.019932113597514,0.0185));
#8597=CARTESIAN_POINT('',(-0.04,0.019932113597514,0.0185));
#8598=CARTESIAN_POINT('',(-0.041,0.018932113597514,-0.0025));
#8599=CARTESIAN_POINT('',(-0.041,0.018932113597514,0.0215));
#8600=CARTESIAN_POINT('',(-0.041,0.017932113597514,0.0215));
#8601=CARTESIAN_POINT('',(-0.041,0.017932113597514,-0.0025));
#8602=CARTESIAN_POINT('',(-0.041,0.017932113597514,0.0185));
#8603=CARTESIAN_POINT('',(-0.041,0.018932113597514,0.0185));
#8604=CARTESIAN_POINT('',(-0.04,0.017932113597514,-0.0025));
#8605=CARTESIAN_POINT('',(-0.04,0.017932113597514,0.0215));
#8606=CARTESIAN_POINT('',(-0.039,0.017932113597514,0.0215));
#8607=CARTESIAN_POINT('',(-0.039,0.017932113597514,-0.0025));
#8608=CARTESIAN_POINT('',(-0.039,0.017932113597514,0.0185));
#8609=CARTESIAN_POINT('',(-0.041,0.017932113597514,0.0185));
#8610=CARTESIAN_POINT('',(-0.039,0.018932113597514,-0.0025));
#8611=CARTESIAN_POINT('',(-0.039,0.018932113597514,0.0215));
#8612=CARTESIAN_POINT('',(-0.039,0.018932113597514,0.0185));
#8613=CARTESIAN_POINT('',(-0.0453762052181537,-0.0340678864024859,-0.0025));
#8614=CARTESIAN_POINT('',(-0.0483762052181537,-0.0340678864024859,-0.0025));
#8615=CARTESIAN_POINT('',(-0.0483762052181537,-0.0340678864024859,0.0185));
#8616=CARTESIAN_POINT('',(-0.0483762052181537,-0.0340678864024859,0.0225));
#8617=CARTESIAN_POINT('',(-0.0453762052181537,-0.0340678864024859,0.0185));
#8618=CARTESIAN_POINT('',(-0.0423762052181537,-0.0340678864024859,0.0185));
#8619=CARTESIAN_POINT('',(-0.0423762052181537,-0.0340678864024859,-0.0025));
#8620=CARTESIAN_POINT('',(-0.0423762052181537,-0.0340678864024859,0.0225));
#8621=CARTESIAN_POINT('',(-0.0483762052181537,-0.0340678864024859,0.0225));
#8622=CARTESIAN_POINT('',(-0.0483762052181537,-0.0350678864024859,-0.0025));
#8623=CARTESIAN_POINT('',(-0.0483762052181537,-0.0360678864024859,-0.0025));
#8624=CARTESIAN_POINT('',(-0.0483762052181537,-0.0360678864024859,0.0185));
#8625=CARTESIAN_POINT('',(-0.0483762052181537,-0.0360678864024859,0.0225));
#8626=CARTESIAN_POINT('',(-0.0483762052181537,-0.0350678864024859,0.0185));
#8627=CARTESIAN_POINT('',(-0.0483762052181537,-0.0350678864024859,0.0225));
#8628=CARTESIAN_POINT('',(-0.0453762052181537,-0.0360678864024859,-0.0025));
#8629=CARTESIAN_POINT('',(-0.0423762052181537,-0.0360678864024859,-0.0025));
#8630=CARTESIAN_POINT('',(-0.0423762052181537,-0.0360678864024859,0.0185));
#8631=CARTESIAN_POINT('',(-0.0423762052181537,-0.0360678864024859,0.0225));
#8632=CARTESIAN_POINT('',(-0.0483762052181537,-0.0360678864024859,0.0185));
#8633=CARTESIAN_POINT('',(-0.0453762052181537,-0.0360678864024859,0.0225));
#8634=CARTESIAN_POINT('',(-0.0423762052181537,-0.0350678864024859,-0.0025));
#8635=CARTESIAN_POINT('',(-0.0423762052181537,-0.0350678864024859,0.0185));
#8636=CARTESIAN_POINT('',(-0.0423762052181537,-0.0350678864024859,0.0225));
#8637=CARTESIAN_POINT('',(-0.014,0.000932113597514032,-0.0025));
#8638=CARTESIAN_POINT('',(-0.014,0.00393211359751404,-0.0025));
#8639=CARTESIAN_POINT('',(-0.014,0.00393211359751404,0.0185));
#8640=CARTESIAN_POINT('',(-0.014,0.00393211359751404,0.0225));
#8641=CARTESIAN_POINT('',(-0.014,0.000932113597514032,0.0185));
#8642=CARTESIAN_POINT('',(-0.014,-0.00206788640248597,0.0185));
#8643=CARTESIAN_POINT('',(-0.014,-0.00206788640248597,-0.0025));
#8644=CARTESIAN_POINT('',(-0.014,-0.00206788640248597,0.0225));
#8645=CARTESIAN_POINT('',(-0.014,0.00393211359751404,0.0225));
#8646=CARTESIAN_POINT('',(-0.015,0.00393211359751404,-0.0025));
#8647=CARTESIAN_POINT('',(-0.016,0.00393211359751404,-0.0025));
#8648=CARTESIAN_POINT('',(-0.016,0.00393211359751404,0.0185));
#8649=CARTESIAN_POINT('',(-0.016,0.00393211359751404,0.0225));
#8650=CARTESIAN_POINT('',(-0.015,0.00393211359751404,0.0185));
#8651=CARTESIAN_POINT('',(-0.015,0.00393211359751404,0.0225));
#8652=CARTESIAN_POINT('',(-0.016,0.000932113597514032,-0.0025));
#8653=CARTESIAN_POINT('',(-0.016,-0.00206788640248597,-0.0025));
#8654=CARTESIAN_POINT('',(-0.016,-0.00206788640248597,0.0185));
#8655=CARTESIAN_POINT('',(-0.016,-0.00206788640248597,0.0225));
#8656=CARTESIAN_POINT('',(-0.016,0.00393211359751404,0.0185));
#8657=CARTESIAN_POINT('',(-0.016,0.000932113597514032,0.0225));
#8658=CARTESIAN_POINT('',(-0.015,-0.00206788640248597,-0.0025));
#8659=CARTESIAN_POINT('',(-0.015,-0.00206788640248597,0.0185));
#8660=CARTESIAN_POINT('',(-0.015,-0.00206788640248597,0.0225));
#8661=CARTESIAN_POINT('',(0.016,-0.041067886402486,-0.0025));
#8662=CARTESIAN_POINT('',(0.016,-0.0380678864024859,-0.0025));
#8663=CARTESIAN_POINT('',(0.016,-0.0380678864024859,0.0185));
#8664=CARTESIAN_POINT('',(0.016,-0.0380678864024859,0.0225));
#8665=CARTESIAN_POINT('',(0.016,-0.041067886402486,0.0185));
#8666=CARTESIAN_POINT('',(0.016,-0.0440678864024859,0.0185));
#8667=CARTESIAN_POINT('',(0.016,-0.0440678864024859,-0.0025));
#8668=CARTESIAN_POINT('',(0.016,-0.0440678864024859,0.0225));
#8669=CARTESIAN_POINT('',(0.016,-0.0380678864024859,0.0225));
#8670=CARTESIAN_POINT('',(0.015,-0.0380678864024859,-0.0025));
#8671=CARTESIAN_POINT('',(0.014,-0.0380678864024859,-0.0025));
#8672=CARTESIAN_POINT('',(0.014,-0.0380678864024859,0.0185));
#8673=CARTESIAN_POINT('',(0.014,-0.0380678864024859,0.0225));
#8674=CARTESIAN_POINT('',(0.015,-0.0380678864024859,0.0185));
#8675=CARTESIAN_POINT('',(0.015,-0.0380678864024859,0.0225));
#8676=CARTESIAN_POINT('',(0.014,-0.041067886402486,-0.0025));
#8677=CARTESIAN_POINT('',(0.014,-0.0440678864024859,-0.0025));
#8678=CARTESIAN_POINT('',(0.014,-0.0440678864024859,0.0185));
#8679=CARTESIAN_POINT('',(0.014,-0.0440678864024859,0.0225));
#8680=CARTESIAN_POINT('',(0.014,-0.0380678864024859,0.0185));
#8681=CARTESIAN_POINT('',(0.014,-0.041067886402486,0.0225));
#8682=CARTESIAN_POINT('',(0.015,-0.0440678864024859,-0.0025));
#8683=CARTESIAN_POINT('',(0.015,-0.0440678864024859,0.0185));
#8684=CARTESIAN_POINT('',(0.015,-0.0440678864024859,0.0225));
#8685=CARTESIAN_POINT('',(-0.014,-0.041067886402486,-0.0025));
#8686=CARTESIAN_POINT('',(-0.014,-0.0380678864024859,-0.0025));
#8687=CARTESIAN_POINT('',(-0.014,-0.0380678864024859,0.0185));
#8688=CARTESIAN_POINT('',(-0.014,-0.0380678864024859,0.0225));
#8689=CARTESIAN_POINT('',(-0.014,-0.041067886402486,0.0185));
#8690=CARTESIAN_POINT('',(-0.014,-0.0440678864024859,0.0185));
#8691=CARTESIAN_POINT('',(-0.014,-0.0440678864024859,-0.0025));
#8692=CARTESIAN_POINT('',(-0.014,-0.0440678864024859,0.0225));
#8693=CARTESIAN_POINT('',(-0.014,-0.0380678864024859,0.0225));
#8694=CARTESIAN_POINT('',(-0.015,-0.0380678864024859,-0.0025));
#8695=CARTESIAN_POINT('',(-0.016,-0.0380678864024859,-0.0025));
#8696=CARTESIAN_POINT('',(-0.016,-0.0380678864024859,0.0185));
#8697=CARTESIAN_POINT('',(-0.016,-0.0380678864024859,0.0225));
#8698=CARTESIAN_POINT('',(-0.015,-0.0380678864024859,0.0185));
#8699=CARTESIAN_POINT('',(-0.015,-0.0380678864024859,0.0225));
#8700=CARTESIAN_POINT('',(-0.016,-0.041067886402486,-0.0025));
#8701=CARTESIAN_POINT('',(-0.016,-0.0440678864024859,-0.0025));
#8702=CARTESIAN_POINT('',(-0.016,-0.0440678864024859,0.0185));
#8703=CARTESIAN_POINT('',(-0.016,-0.0440678864024859,0.0225));
#8704=CARTESIAN_POINT('',(-0.016,-0.0380678864024859,0.0185));
#8705=CARTESIAN_POINT('',(-0.016,-0.041067886402486,0.0225));
#8706=CARTESIAN_POINT('',(-0.015,-0.0440678864024859,-0.0025));
#8707=CARTESIAN_POINT('',(-0.015,-0.0440678864024859,0.0185));
#8708=CARTESIAN_POINT('',(-0.015,-0.0440678864024859,0.0225));
#8709=CARTESIAN_POINT('',(-0.0453762052181537,-0.00406788640248597,-0.0025));
#8710=CARTESIAN_POINT('',(-0.0483762052181537,-0.00406788640248597,-0.0025));
#8711=CARTESIAN_POINT('',(-0.0483762052181537,-0.00406788640248597,0.0185));
#8712=CARTESIAN_POINT('',(-0.0483762052181537,-0.00406788640248597,0.0225));
#8713=CARTESIAN_POINT('',(-0.0453762052181537,-0.00406788640248597,0.0185));
#8714=CARTESIAN_POINT('',(-0.0423762052181537,-0.00406788640248597,0.0185));
#8715=CARTESIAN_POINT('',(-0.0423762052181537,-0.00406788640248597,-0.0025));
#8716=CARTESIAN_POINT('',(-0.0423762052181537,-0.00406788640248597,0.0225));
#8717=CARTESIAN_POINT('',(-0.0483762052181537,-0.00406788640248597,0.0225));
#8718=CARTESIAN_POINT('',(-0.0483762052181537,-0.00506788640248598,-0.0025));
#8719=CARTESIAN_POINT('',(-0.0483762052181537,-0.00606788640248598,-0.0025));
#8720=CARTESIAN_POINT('',(-0.0483762052181537,-0.00606788640248598,0.0185));
#8721=CARTESIAN_POINT('',(-0.0483762052181537,-0.00606788640248598,0.0225));
#8722=CARTESIAN_POINT('',(-0.0483762052181537,-0.00506788640248598,0.0185));
#8723=CARTESIAN_POINT('',(-0.0483762052181537,-0.00506788640248598,0.0225));
#8724=CARTESIAN_POINT('',(-0.0453762052181537,-0.00606788640248598,-0.0025));
#8725=CARTESIAN_POINT('',(-0.0423762052181537,-0.00606788640248598,-0.0025));
#8726=CARTESIAN_POINT('',(-0.0423762052181537,-0.00606788640248598,0.0185));
#8727=CARTESIAN_POINT('',(-0.0423762052181537,-0.00606788640248598,0.0225));
#8728=CARTESIAN_POINT('',(-0.0483762052181537,-0.00606788640248598,0.0185));
#8729=CARTESIAN_POINT('',(-0.0453762052181537,-0.00606788640248598,0.0225));
#8730=CARTESIAN_POINT('',(-0.0423762052181537,-0.00506788640248598,-0.0025));
#8731=CARTESIAN_POINT('',(-0.0423762052181537,-0.00506788640248598,0.0185));
#8732=CARTESIAN_POINT('',(-0.0423762052181537,-0.00506788640248598,0.0225));
#8733=CARTESIAN_POINT('',(0.0453762052181537,-0.0340678864024859,-0.0025));
#8734=CARTESIAN_POINT('',(0.0423762052181538,-0.0340678864024859,-0.0025));
#8735=CARTESIAN_POINT('',(0.0423762052181538,-0.0340678864024859,0.0185));
#8736=CARTESIAN_POINT('',(0.0423762052181538,-0.0340678864024859,0.0225));
#8737=CARTESIAN_POINT('',(0.0453762052181537,-0.0340678864024859,0.0185));
#8738=CARTESIAN_POINT('',(0.0483762052181537,-0.0340678864024859,0.0185));
#8739=CARTESIAN_POINT('',(0.0483762052181537,-0.0340678864024859,-0.0025));
#8740=CARTESIAN_POINT('',(0.0483762052181537,-0.0340678864024859,0.0225));
#8741=CARTESIAN_POINT('',(0.0423762052181538,-0.0340678864024859,0.0225));
#8742=CARTESIAN_POINT('',(0.0423762052181538,-0.0350678864024859,-0.0025));
#8743=CARTESIAN_POINT('',(0.0423762052181538,-0.0360678864024859,-0.0025));
#8744=CARTESIAN_POINT('',(0.0423762052181538,-0.0360678864024859,0.0185));
#8745=CARTESIAN_POINT('',(0.0423762052181538,-0.0360678864024859,0.0225));
#8746=CARTESIAN_POINT('',(0.0423762052181538,-0.0350678864024859,0.0185));
#8747=CARTESIAN_POINT('',(0.0423762052181538,-0.0350678864024859,0.0225));
#8748=CARTESIAN_POINT('',(0.0453762052181537,-0.0360678864024859,-0.0025));
#8749=CARTESIAN_POINT('',(0.0483762052181537,-0.0360678864024859,-0.0025));
#8750=CARTESIAN_POINT('',(0.0483762052181537,-0.0360678864024859,0.0185));
#8751=CARTESIAN_POINT('',(0.0483762052181537,-0.0360678864024859,0.0225));
#8752=CARTESIAN_POINT('',(0.0423762052181538,-0.0360678864024859,0.0185));
#8753=CARTESIAN_POINT('',(0.0453762052181537,-0.0360678864024859,0.0225));
#8754=CARTESIAN_POINT('',(0.0483762052181537,-0.0350678864024859,-0.0025));
#8755=CARTESIAN_POINT('',(0.0483762052181537,-0.0350678864024859,0.0185));
#8756=CARTESIAN_POINT('',(0.0483762052181537,-0.0350678864024859,0.0225));
#8757=CARTESIAN_POINT('',(0.0453762052181537,-0.00406788640248595,-0.0025));
#8758=CARTESIAN_POINT('',(0.0423762052181538,-0.00406788640248595,-0.0025));
#8759=CARTESIAN_POINT('',(0.0423762052181538,-0.00406788640248595,0.0185));
#8760=CARTESIAN_POINT('',(0.0423762052181538,-0.00406788640248595,0.0225));
#8761=CARTESIAN_POINT('',(0.0453762052181537,-0.00406788640248595,0.0185));
#8762=CARTESIAN_POINT('',(0.0483762052181537,-0.00406788640248595,0.0185));
#8763=CARTESIAN_POINT('',(0.0483762052181537,-0.00406788640248595,-0.0025));
#8764=CARTESIAN_POINT('',(0.0483762052181537,-0.00406788640248595,0.0225));
#8765=CARTESIAN_POINT('',(0.0423762052181538,-0.00406788640248595,0.0225));
#8766=CARTESIAN_POINT('',(0.0423762052181538,-0.00506788640248596,-0.0025));
#8767=CARTESIAN_POINT('',(0.0423762052181538,-0.00606788640248596,-0.0025));
#8768=CARTESIAN_POINT('',(0.0423762052181538,-0.00606788640248596,0.0185));
#8769=CARTESIAN_POINT('',(0.0423762052181538,-0.00606788640248596,0.0225));
#8770=CARTESIAN_POINT('',(0.0423762052181538,-0.00506788640248596,0.0185));
#8771=CARTESIAN_POINT('',(0.0423762052181538,-0.00506788640248596,0.0225));
#8772=CARTESIAN_POINT('',(0.0453762052181537,-0.00606788640248596,-0.0025));
#8773=CARTESIAN_POINT('',(0.0483762052181537,-0.00606788640248596,-0.0025));
#8774=CARTESIAN_POINT('',(0.0483762052181537,-0.00606788640248596,0.0185));
#8775=CARTESIAN_POINT('',(0.0483762052181537,-0.00606788640248596,0.0225));
#8776=CARTESIAN_POINT('',(0.0423762052181538,-0.00606788640248596,0.0185));
#8777=CARTESIAN_POINT('',(0.0453762052181537,-0.00606788640248596,0.0225));
#8778=CARTESIAN_POINT('',(0.0483762052181537,-0.00506788640248596,-0.0025));
#8779=CARTESIAN_POINT('',(0.0483762052181537,-0.00506788640248596,0.0185));
#8780=CARTESIAN_POINT('',(0.0483762052181537,-0.00506788640248596,0.0225));
#8781=CARTESIAN_POINT('',(0.016,0.000932113597514034,-0.0025));
#8782=CARTESIAN_POINT('',(0.016,0.00393211359751404,-0.0025));
#8783=CARTESIAN_POINT('',(0.016,0.00393211359751404,0.0185));
#8784=CARTESIAN_POINT('',(0.016,0.00393211359751404,0.0225));
#8785=CARTESIAN_POINT('',(0.016,0.000932113597514034,0.0185));
#8786=CARTESIAN_POINT('',(0.016,-0.00206788640248597,0.0185));
#8787=CARTESIAN_POINT('',(0.016,-0.00206788640248597,-0.0025));
#8788=CARTESIAN_POINT('',(0.016,-0.00206788640248597,0.0225));
#8789=CARTESIAN_POINT('',(0.016,0.00393211359751404,0.0225));
#8790=CARTESIAN_POINT('',(0.015,0.00393211359751404,-0.0025));
#8791=CARTESIAN_POINT('',(0.014,0.00393211359751404,-0.0025));
#8792=CARTESIAN_POINT('',(0.014,0.00393211359751404,0.0185));
#8793=CARTESIAN_POINT('',(0.014,0.00393211359751404,0.0225));
#8794=CARTESIAN_POINT('',(0.015,0.00393211359751404,0.0185));
#8795=CARTESIAN_POINT('',(0.015,0.00393211359751404,0.0225));
#8796=CARTESIAN_POINT('',(0.014,0.000932113597514034,-0.0025));
#8797=CARTESIAN_POINT('',(0.014,-0.00206788640248597,-0.0025));
#8798=CARTESIAN_POINT('',(0.014,-0.00206788640248597,0.0185));
#8799=CARTESIAN_POINT('',(0.014,-0.00206788640248597,0.0225));
#8800=CARTESIAN_POINT('',(0.014,0.00393211359751404,0.0185));
#8801=CARTESIAN_POINT('',(0.014,0.000932113597514034,0.0225));
#8802=CARTESIAN_POINT('',(0.015,-0.00206788640248597,-0.0025));
#8803=CARTESIAN_POINT('',(0.015,-0.00206788640248597,0.0185));
#8804=CARTESIAN_POINT('',(0.015,-0.00206788640248597,0.0225));
#8805=CARTESIAN_POINT('',(-0.065,0.019932113597514,0.018));
#8806=CARTESIAN_POINT('',(-0.065,0.019932113597514,0.0215));
#8807=CARTESIAN_POINT('',(-0.065,0.019932113597514,0.0185));
#8808=CARTESIAN_POINT('',(-0.065,-0.0600678864024859,0.018));
#8809=CARTESIAN_POINT('',(-0.065,-0.0600678864024859,0.0215));
#8810=CARTESIAN_POINT('',(-0.065,-0.0600678864024859,0.0185));
#8811=CARTESIAN_POINT('',(0.065,-0.060067886402486,0.018));
#8812=CARTESIAN_POINT('',(0.065,-0.060067886402486,0.0215));
#8813=CARTESIAN_POINT('',(0.065,-0.060067886402486,0.0185));
#8814=CARTESIAN_POINT('',(0.065,0.019932113597514,0.018));
#8815=CARTESIAN_POINT('',(0.065,0.019932113597514,0.0215));
#8816=CARTESIAN_POINT('',(0.065,0.019932113597514,0.0185));
#8817=CARTESIAN_POINT('',(-0.065,0.019932113597514,0.043));
#8818=CARTESIAN_POINT('',(0.065,-0.045067886402486,0.043));
#8819=CARTESIAN_POINT('',(0.065,0.019932113597514,0.043));
#8820=CARTESIAN_POINT('',(-0.065,-0.0450678864024859,0.043));
#8821=CARTESIAN_POINT('',(0.065,-0.01,-0.003));
#8822=CARTESIAN_POINT('',(0.065,0.0125,-0.003));
#8823=CARTESIAN_POINT('',(0.065,0.0125,0.0185));
#8824=CARTESIAN_POINT('',(0.065,0.0125,0.0215));
#8825=CARTESIAN_POINT('',(0.065,-0.031,0.0215));
#8826=CARTESIAN_POINT('',(0.065,-0.031,0.0215));
#8827=CARTESIAN_POINT('',(0.065,-0.031,-0.003));
#8828=CARTESIAN_POINT('',(0.065,-0.031,0.0185));
#8829=CARTESIAN_POINT('',(0.065,-0.01,0.0185));
#8830=CARTESIAN_POINT('',(0.0675,-0.0325,-0.003));
#8831=CARTESIAN_POINT('',(0.0665,-0.0325,-0.003));
#8832=CARTESIAN_POINT('',(0.0665,-0.0325,0.0185));
#8833=CARTESIAN_POINT('',(0.0665,-0.0325,0.0215));
#8834=CARTESIAN_POINT('',(0.0675,-0.0325,0.0215));
#8835=CARTESIAN_POINT('',(0.0685,-0.0325,0.0215));
#8836=CARTESIAN_POINT('',(0.0685,-0.0325,-0.003));
#8837=CARTESIAN_POINT('',(0.0685,-0.0325,0.0185));
#8838=CARTESIAN_POINT('',(0.0665,-0.0325,0.0185));
#8839=CARTESIAN_POINT('',(0.0675,0.0125,-0.003));
#8840=CARTESIAN_POINT('',(0.0685,0.0125,0.022));
#8841=CARTESIAN_POINT('',(0.0685,0.0125,0.0185));
#8842=CARTESIAN_POINT('',(0.0685,0.0125,0.0215));
#8843=CARTESIAN_POINT('',(0.065,0.0125,0.0215));
#8844=CARTESIAN_POINT('',(0.0675,0.0125,0.0185));
#8845=CARTESIAN_POINT('',(-0.0675,0.0125,-0.003));
#8846=CARTESIAN_POINT('',(-0.0665,0.0125,0.022));
#8847=CARTESIAN_POINT('',(-0.0665,0.0125,0.0185));
#8848=CARTESIAN_POINT('',(-0.0665,0.0125,0.0215));
#8849=CARTESIAN_POINT('',(-0.0675,0.0125,0.0215));
#8850=CARTESIAN_POINT('',(-0.0685,0.0125,0.0215));
#8851=CARTESIAN_POINT('',(-0.0685,0.0125,0.018));
#8852=CARTESIAN_POINT('',(-0.0685,0.0125,0.0185));
#8853=CARTESIAN_POINT('',(-0.0665,0.0125,0.0185));
#8854=CARTESIAN_POINT('',(-0.065,0.00125,-0.003));
#8855=CARTESIAN_POINT('',(-0.065,-0.031,0.022));
#8856=CARTESIAN_POINT('',(-0.065,-0.031,0.0185));
#8857=CARTESIAN_POINT('',(-0.065,-0.031,0.0215));
#8858=CARTESIAN_POINT('',(-0.065,0.00125,0.0215));
#8859=CARTESIAN_POINT('',(-0.065,0.011,0.0215));
#8860=CARTESIAN_POINT('',(-0.065,0.011,0.018));
#8861=CARTESIAN_POINT('',(-0.065,0.011,0.0185));
#8862=CARTESIAN_POINT('',(-0.065,-0.031,0.0185));
#8863=CARTESIAN_POINT('',(-0.0675,-0.0325,-0.003));
#8864=CARTESIAN_POINT('',(-0.0685,-0.0325,0.022));
#8865=CARTESIAN_POINT('',(-0.0685,-0.0325,0.0185));
#8866=CARTESIAN_POINT('',(-0.0685,-0.0325,0.0215));
#8867=CARTESIAN_POINT('',(-0.0675,-0.0325,0.0215));
#8868=CARTESIAN_POINT('',(-0.0665,-0.0325,0.0215));
#8869=CARTESIAN_POINT('',(-0.0665,-0.0325,0.018));
#8870=CARTESIAN_POINT('',(-0.0665,-0.0325,0.0185));
#8871=CARTESIAN_POINT('',(-0.0685,-0.0325,0.0185));
#8872=CARTESIAN_POINT('',(-0.0665,0.011,-0.003));
#8873=CARTESIAN_POINT('',(-0.0665,0.011,0.0215));
#8874=CARTESIAN_POINT('',(-0.0665,0.011,0.0185));
#8875=CARTESIAN_POINT('',(-0.0685,0.014,0.018));
#8876=CARTESIAN_POINT('',(-0.0685,0.014,0.0215));
#8877=CARTESIAN_POINT('',(-0.0685,0.014,0.0185));
#8878=CARTESIAN_POINT('',(-0.0665,-0.031,-0.003));
#8879=CARTESIAN_POINT('',(-0.0665,-0.031,0.0215));
#8880=CARTESIAN_POINT('',(-0.0665,-0.031,0.0185));
#8881=CARTESIAN_POINT('',(-0.0685,-0.034,-0.003));
#8882=CARTESIAN_POINT('',(-0.0685,-0.034,0.0215));
#8883=CARTESIAN_POINT('',(-0.0685,-0.034,0.0185));
#8884=CARTESIAN_POINT('',(0.0665,-0.031,-0.003));
#8885=CARTESIAN_POINT('',(0.0665,-0.031,0.0215));
#8886=CARTESIAN_POINT('',(0.0665,-0.031,0.0185));
#8887=CARTESIAN_POINT('',(0.0685,-0.034,0.018));
#8888=CARTESIAN_POINT('',(0.0685,-0.034,0.0215));
#8889=CARTESIAN_POINT('',(0.0685,-0.034,0.0185));
#8890=CARTESIAN_POINT('',(0.0685,0.014,-0.003));
#8891=CARTESIAN_POINT('',(0.0685,0.014,0.0215));
#8892=CARTESIAN_POINT('',(0.0685,0.014,0.0185));
#8893=CARTESIAN_POINT('',(0.,0.024932113597514,0.0185));
#8894=CARTESIAN_POINT('',(0.065,0.0244321135975141,0.018));
#8895=CARTESIAN_POINT('',(-0.065,0.024932113597514,0.0185));
#8896=CARTESIAN_POINT('',(-0.065,0.019932113597514,0.018));
#8897=CARTESIAN_POINT('',(-0.07,0.019932113597514,0.0185));
#8898=CARTESIAN_POINT('',(0.065,0.019932113597514,0.018));
#8899=CARTESIAN_POINT('',(0.0695,0.019932113597514,0.018));
#8900=CARTESIAN_POINT('',(-0.07,-0.0200678864024859,0.0185));
#8901=CARTESIAN_POINT('',(-0.07,0.014,0.0185));
#8902=CARTESIAN_POINT('',(0.0695,-0.0200678864024859,0.018));
#8903=CARTESIAN_POINT('',(0.0695,0.014,0.018));
#8904=CARTESIAN_POINT('',(-0.0685,0.014,0.018));
#8905=CARTESIAN_POINT('',(-0.0685,0.0125,0.0185));
#8906=CARTESIAN_POINT('',(0.0685,0.014,0.018));
#8907=CARTESIAN_POINT('',(0.0685,0.013,0.018));
#8908=CARTESIAN_POINT('',(-0.0675,0.0125,0.0185));
#8909=CARTESIAN_POINT('',(-0.0665,0.0125,0.0185));
#8910=CARTESIAN_POINT('',(0.,0.013,0.018));
#8911=CARTESIAN_POINT('',(0.0755226288008287,0.00197737119917141,0.0290226288008286));
#8912=CARTESIAN_POINT('',(-0.0665,0.011,0.018));
#8913=CARTESIAN_POINT('',(-0.065,0.011,0.0185));
#8914=CARTESIAN_POINT('',(0.0645,-0.0200678864024859,0.018));
#8915=CARTESIAN_POINT('',(0.0645,-0.031,0.018));
#8916=CARTESIAN_POINT('',(-0.065,0.00125,0.0185));
#8917=CARTESIAN_POINT('',(-0.065,-0.031,0.0185));
#8918=CARTESIAN_POINT('',(0.0665,-0.031,0.018));
#8919=CARTESIAN_POINT('',(0.0665,-0.033,0.018));
#8920=CARTESIAN_POINT('',(-0.0665,-0.031,0.018));
#8921=CARTESIAN_POINT('',(-0.0665,-0.0325,0.0185));
#8922=CARTESIAN_POINT('',(0.0675,-0.0325,0.0185));
#8923=CARTESIAN_POINT('',(0.0685,-0.033,0.018));
#8924=CARTESIAN_POINT('',(-0.0675,-0.0325,0.0185));
#8925=CARTESIAN_POINT('',(-0.0685,-0.0325,0.0185));
#8926=CARTESIAN_POINT('',(0.0685,-0.034,0.018));
#8927=CARTESIAN_POINT('',(0.0695,-0.034,0.018));
#8928=CARTESIAN_POINT('',(-0.0685,-0.034,0.018));
#8929=CARTESIAN_POINT('',(-0.07,-0.034,0.0185));
#8930=CARTESIAN_POINT('',(0.0695,-0.0200678864024859,0.018));
#8931=CARTESIAN_POINT('',(0.0695,-0.060067886402486,0.018));
#8932=CARTESIAN_POINT('',(-0.07,-0.0200678864024859,0.0185));
#8933=CARTESIAN_POINT('',(-0.07,-0.0600678864024859,0.0185));
#8934=CARTESIAN_POINT('',(0.065,-0.060067886402486,0.018));
#8935=CARTESIAN_POINT('',(0.065,-0.064567886402486,0.018));
#8936=CARTESIAN_POINT('',(-0.065,-0.0600678864024859,0.018));
#8937=CARTESIAN_POINT('',(-0.065,-0.0650678864024859,0.0185));
#8938=CARTESIAN_POINT('',(-8.82230796353919E-18,-0.064567886402486,0.018));
#8939=CARTESIAN_POINT('',(5.51394247721199E-18,0.0244321135975141,0.022));
#8940=CARTESIAN_POINT('',(0.065,0.024932113597514,0.0215));
#8941=CARTESIAN_POINT('',(-0.065,0.0244321135975141,0.022));
#8942=CARTESIAN_POINT('',(-0.065,0.019932113597514,0.022));
#8943=CARTESIAN_POINT('',(-0.0695,0.019932113597514,0.022));
#8944=CARTESIAN_POINT('',(0.065,0.019932113597514,0.022));
#8945=CARTESIAN_POINT('',(0.07,0.019932113597514,0.0215));
#8946=CARTESIAN_POINT('',(-0.0695,-0.0200678864024859,0.022));
#8947=CARTESIAN_POINT('',(-0.0695,0.014,0.022));
#8948=CARTESIAN_POINT('',(0.07,-0.0200678864024859,0.0215));
#8949=CARTESIAN_POINT('',(0.07,0.014,0.0215));
#8950=CARTESIAN_POINT('',(-0.0685,0.014,0.022));
#8951=CARTESIAN_POINT('',(-0.0685,0.013,0.022));
#8952=CARTESIAN_POINT('',(0.0685,0.014,0.022));
#8953=CARTESIAN_POINT('',(0.0685,0.0125,0.0215));
#8954=CARTESIAN_POINT('',(0.,0.013,0.022));
#8955=CARTESIAN_POINT('',(-0.0665,0.013,0.022));
#8956=CARTESIAN_POINT('',(0.0675,0.0125,0.0215));
#8957=CARTESIAN_POINT('',(0.0658333333333333,0.0116666666666667,0.0206666666666666));
#8958=CARTESIAN_POINT('',(-0.0665,0.011,0.022));
#8959=CARTESIAN_POINT('',(-0.0645,0.011,0.022));
#8960=CARTESIAN_POINT('',(0.065,-0.01,0.0215));
#8961=CARTESIAN_POINT('',(0.065,-0.031,0.0215));
#8962=CARTESIAN_POINT('',(-0.0645,-0.0200678864024859,0.022));
#8963=CARTESIAN_POINT('',(-0.0645,-0.031,0.022));
#8964=CARTESIAN_POINT('',(0.0665,-0.031,0.022));
#8965=CARTESIAN_POINT('',(0.0657499701558116,-0.032854037548927,0.022));
#8966=CARTESIAN_POINT('',(0.0656458052694076,-0.0326528952966834,0.0218526007425922));
#8967=CARTESIAN_POINT('',(0.0653318582071418,-0.0322211942653877,0.0216233428365112));
#8968=CARTESIAN_POINT('',(0.0648868654481502,-0.0319346699276346,0.0218559368996729));
#8969=CARTESIAN_POINT('',(0.0646821449911972,-0.0318339083684497,0.022));
#8970=CARTESIAN_POINT('',(0.0665,-0.0325,0.0215));
#8971=CARTESIAN_POINT('',(-0.0665,-0.031,0.022));
#8972=CARTESIAN_POINT('',(-0.0665,-0.033,0.022));
#8973=CARTESIAN_POINT('',(0.,-0.033,0.022));
#8974=CARTESIAN_POINT('',(0.0685,-0.0325,0.0215));
#8975=CARTESIAN_POINT('',(0.,-0.033,0.022));
#8976=CARTESIAN_POINT('',(-0.0685,-0.033,0.022));
#8977=CARTESIAN_POINT('',(0.0685,-0.034,0.022));
#8978=CARTESIAN_POINT('',(0.07,-0.034,0.0215));
#8979=CARTESIAN_POINT('',(-0.0685,-0.034,0.022));
#8980=CARTESIAN_POINT('',(-0.0695,-0.034,0.022));
#8981=CARTESIAN_POINT('',(0.07,-0.0200678864024859,0.0215));
#8982=CARTESIAN_POINT('',(0.07,-0.060067886402486,0.0215));
#8983=CARTESIAN_POINT('',(-0.0695,-0.0200678864024859,0.022));
#8984=CARTESIAN_POINT('',(-0.0695,-0.0600678864024859,0.022));
#8985=CARTESIAN_POINT('',(0.065,-0.060067886402486,0.022));
#8986=CARTESIAN_POINT('',(0.065,-0.065067886402486,0.0215));
#8987=CARTESIAN_POINT('',(-0.065,-0.0600678864024859,0.022));
#8988=CARTESIAN_POINT('',(-0.065,-0.0645678864024859,0.022));
#8989=CARTESIAN_POINT('',(0.,-0.065067886402486,0.0215));
#8990=CARTESIAN_POINT('',(0.0598417230809618,-0.0406584306749693,0.0215));
#8991=CARTESIAN_POINT('',(0.0598417230809618,-0.0406584306749693,0.022));
#8992=CARTESIAN_POINT('',(0.0605079557198507,-0.0413810869249693,0.0215));
#8993=CARTESIAN_POINT('',(0.0605079557198507,-0.0413810869249693,0.022));
#8994=CARTESIAN_POINT('',(0.0615083897476285,-0.0420473195638581,0.0215));
#8995=CARTESIAN_POINT('',(0.0615083897476285,-0.0420473195638581,0.022));
#8996=CARTESIAN_POINT('',(0.0631056119698507,-0.0420473195638581,0.0215));
#8997=CARTESIAN_POINT('',(0.0631056119698507,-0.0420473195638581,0.022));
#8998=CARTESIAN_POINT('',(0.0631056119698507,-0.0420473195638581,0.0215));
#8999=CARTESIAN_POINT('',(0.0631056119698507,-0.0420473195638581,0.0215));
#9000=CARTESIAN_POINT('',(0.0598417230809618,-0.0406584306749693,0.0215));
#9001=CARTESIAN_POINT('',(0.0605079557198507,-0.0413810869249693,0.0215));
#9002=CARTESIAN_POINT('',(0.0615083897476285,-0.0420473195638581,0.0215));
#9003=CARTESIAN_POINT('',(0.0631056119698507,-0.0420473195638581,0.0215));
#9004=CARTESIAN_POINT('',(0.0598417230809618,-0.0406584306749693,0.0215));
#9005=CARTESIAN_POINT('',(0.0598417230809618,-0.0406584306749693,0.0215));
#9006=CARTESIAN_POINT('',(0.0631056119698507,-0.0420473195638581,0.0215));
#9007=CARTESIAN_POINT('',(0.0631056119698507,-0.0420473195638581,0.022));
#9008=CARTESIAN_POINT('',(0.0649111675254063,-0.0420473195638581,0.0215));
#9009=CARTESIAN_POINT('',(0.0649111675254063,-0.0420473195638581,0.022));
#9010=CARTESIAN_POINT('',(0.0663695008587396,-0.0409644202583025,0.0215));
#9011=CARTESIAN_POINT('',(0.0663695008587396,-0.0409644202583025,0.022));
#9012=CARTESIAN_POINT('',(0.0663695008587396,-0.0391458438694137,0.0215));
#9013=CARTESIAN_POINT('',(0.0663695008587396,-0.0391458438694137,0.022));
#9014=CARTESIAN_POINT('',(0.0663695008587396,-0.0391458438694137,0.0215));
#9015=CARTESIAN_POINT('',(0.0663695008587396,-0.0391458438694137,0.0215));
#9016=CARTESIAN_POINT('',(0.0631056119698507,-0.0420473195638581,0.0215));
#9017=CARTESIAN_POINT('',(0.0649111675254063,-0.0420473195638581,0.0215));
#9018=CARTESIAN_POINT('',(0.0663695008587396,-0.0409644202583025,0.0215));
#9019=CARTESIAN_POINT('',(0.0663695008587396,-0.0391458438694137,0.0215));
#9020=CARTESIAN_POINT('',(0.0663695008587396,-0.0391458438694137,0.0215));
#9021=CARTESIAN_POINT('',(0.0663695008587396,-0.0391458438694137,0.022));
#9022=CARTESIAN_POINT('',(0.0663695008587396,-0.0377569549805248,0.0215));
#9023=CARTESIAN_POINT('',(0.0663695008587396,-0.0377569549805248,0.022));
#9024=CARTESIAN_POINT('',(0.0654102994698507,-0.0368389862305248,0.0215));
#9025=CARTESIAN_POINT('',(0.0654102994698507,-0.0368389862305248,0.022));
#9026=CARTESIAN_POINT('',(0.0642015321087396,-0.036561208452747,0.0215));
#9027=CARTESIAN_POINT('',(0.0642015321087396,-0.036561208452747,0.022));
#9028=CARTESIAN_POINT('',(0.0642015321087396,-0.036561208452747,0.0215));
#9029=CARTESIAN_POINT('',(0.0642015321087396,-0.036561208452747,0.0215));
#9030=CARTESIAN_POINT('',(0.0663695008587396,-0.0391458438694137,0.0215));
#9031=CARTESIAN_POINT('',(0.0663695008587396,-0.0377569549805248,0.0215));
#9032=CARTESIAN_POINT('',(0.0654102994698507,-0.0368389862305248,0.0215));
#9033=CARTESIAN_POINT('',(0.0642015321087396,-0.036561208452747,0.0215));
#9034=CARTESIAN_POINT('',(0.0642015321087396,-0.0365340817166359,0.0215));
#9035=CARTESIAN_POINT('',(0.0642015321087396,-0.0365069549805248,0.0215));
#9036=CARTESIAN_POINT('',(0.0642015321087396,-0.0365069549805248,0.0215));
#9037=CARTESIAN_POINT('',(0.0642015321087396,-0.0365340817166359,0.0215));
#9038=CARTESIAN_POINT('',(0.0642015321087396,-0.0365069549805248,0.0215));
#9039=CARTESIAN_POINT('',(0.0642015321087396,-0.0365069549805248,0.022));
#9040=CARTESIAN_POINT('',(0.0652844314142952,-0.0361033091471915,0.0215));
#9041=CARTESIAN_POINT('',(0.0652844314142952,-0.0361033091471915,0.022));
#9042=CARTESIAN_POINT('',(0.0660222786365174,-0.0352829966471915,0.0215));
#9043=CARTESIAN_POINT('',(0.0660222786365174,-0.0352829966471915,0.022));
#9044=CARTESIAN_POINT('',(0.0660222786365174,-0.0340481876194137,0.0215));
#9045=CARTESIAN_POINT('',(0.0660222786365174,-0.0340481876194137,0.022));
#9046=CARTESIAN_POINT('',(0.0660222786365174,-0.0340481876194137,0.0215));
#9047=CARTESIAN_POINT('',(0.0660222786365174,-0.0340481876194137,0.0215));
#9048=CARTESIAN_POINT('',(0.0642015321087396,-0.0365069549805248,0.0215));
#9049=CARTESIAN_POINT('',(0.0652844314142952,-0.0361033091471915,0.0215));
#9050=CARTESIAN_POINT('',(0.0660222786365174,-0.0352829966471915,0.0215));
#9051=CARTESIAN_POINT('',(0.0660222786365174,-0.0340481876194137,0.0215));
#9052=CARTESIAN_POINT('',(0.063062209192073,-0.0314917640083026,0.0215));
#9053=CARTESIAN_POINT('',(0.063062209192073,-0.0314917640083026,0.022));
#9054=CARTESIAN_POINT('',(0.0618816536365174,-0.0314917640083026,0.0215));
#9055=CARTESIAN_POINT('',(0.0618816536365174,-0.0314917640083026,0.022));
#9056=CARTESIAN_POINT('',(0.0609788758587396,-0.0320060869249692,0.0215));
#9057=CARTESIAN_POINT('',(0.0609788758587396,-0.0320060869249692,0.022));
#9058=CARTESIAN_POINT('',(0.0602149869698507,-0.032713552202747,0.0215));
#9059=CARTESIAN_POINT('',(0.0602149869698507,-0.032713552202747,0.022));
#9060=CARTESIAN_POINT('',(0.0602149869698507,-0.032713552202747,0.0215));
#9061=CARTESIAN_POINT('',(0.0602149869698507,-0.032713552202747,0.0215));
#9062=CARTESIAN_POINT('',(0.063062209192073,-0.0314917640083026,0.0215));
#9063=CARTESIAN_POINT('',(0.0618816536365174,-0.0314917640083026,0.0215));
#9064=CARTESIAN_POINT('',(0.0609788758587396,-0.0320060869249692,0.0215));
#9065=CARTESIAN_POINT('',(0.0602149869698507,-0.032713552202747,0.0215));
#9066=CARTESIAN_POINT('',(0.063062209192073,-0.0314917640083026,0.0215));
#9067=CARTESIAN_POINT('',(0.063062209192073,-0.0314917640083026,0.0215));
#9068=CARTESIAN_POINT('',(0.0605556987754063,-0.0331171980360803,0.0215));
#9069=CARTESIAN_POINT('',(0.0608964105809618,-0.0335208438694136,0.0215));
#9070=CARTESIAN_POINT('',(0.0608964105809618,-0.0335208438694136,0.0215));
#9071=CARTESIAN_POINT('',(0.0605556987754063,-0.0331171980360803,0.0215));
#9072=CARTESIAN_POINT('',(0.0608964105809618,-0.0335208438694136,0.0215));
#9073=CARTESIAN_POINT('',(0.0608964105809618,-0.0335208438694136,0.022));
#9074=CARTESIAN_POINT('',(0.0614649869698507,-0.0329500973416359,0.0215));
#9075=CARTESIAN_POINT('',(0.0614649869698507,-0.0329500973416359,0.022));
#9076=CARTESIAN_POINT('',(0.0621876432198507,-0.0325334306749692,0.0215));
#9077=CARTESIAN_POINT('',(0.0621876432198507,-0.0325334306749692,0.022));
#9078=CARTESIAN_POINT('',(0.0630079557198507,-0.0325052188694136,0.0215));
#9079=CARTESIAN_POINT('',(0.0630079557198507,-0.0325052188694136,0.022));
#9080=CARTESIAN_POINT('',(0.0630079557198507,-0.0325052188694136,0.0215));
#9081=CARTESIAN_POINT('',(0.0630079557198507,-0.0325052188694136,0.0215));
#9082=CARTESIAN_POINT('',(0.0608964105809618,-0.0335208438694136,0.0215));
#9083=CARTESIAN_POINT('',(0.0614649869698507,-0.0329500973416359,0.0215));
#9084=CARTESIAN_POINT('',(0.0621876432198507,-0.0325334306749692,0.0215));
#9085=CARTESIAN_POINT('',(0.0630079557198507,-0.0325052188694136,0.0215));
#9086=CARTESIAN_POINT('',(0.0630079557198507,-0.0325052188694136,0.0215));
#9087=CARTESIAN_POINT('',(0.0630079557198507,-0.0325052188694136,0.022));
#9088=CARTESIAN_POINT('',(0.0640626432198507,-0.0325334306749692,0.0215));
#9089=CARTESIAN_POINT('',(0.0640626432198507,-0.0325334306749692,0.022));
#9090=CARTESIAN_POINT('',(0.0647288758587396,-0.0331584306749692,0.0215));
#9091=CARTESIAN_POINT('',(0.0647288758587396,-0.0331584306749692,0.022));
#9092=CARTESIAN_POINT('',(0.0647288758587396,-0.0341458438694136,0.0215));
#9093=CARTESIAN_POINT('',(0.0647288758587396,-0.0341458438694136,0.022));
#9094=CARTESIAN_POINT('',(0.0647288758587396,-0.0341458438694136,0.0215));
#9095=CARTESIAN_POINT('',(0.0647288758587396,-0.0341458438694136,0.0215));
#9096=CARTESIAN_POINT('',(0.0630079557198507,-0.0325052188694136,0.0215));
#9097=CARTESIAN_POINT('',(0.0640626432198507,-0.0325334306749692,0.0215));
#9098=CARTESIAN_POINT('',(0.0647288758587396,-0.0331584306749692,0.0215));
#9099=CARTESIAN_POINT('',(0.0647288758587396,-0.0341458438694136,0.0215));
#9100=CARTESIAN_POINT('',(0.0647288758587396,-0.0341458438694136,0.0215));
#9101=CARTESIAN_POINT('',(0.0647288758587396,-0.0341458438694136,0.022));
#9102=CARTESIAN_POINT('',(0.0647288758587396,-0.0352417640083026,0.0215));
#9103=CARTESIAN_POINT('',(0.0647288758587396,-0.0352417640083026,0.022));
#9104=CARTESIAN_POINT('',(0.0640083897476285,-0.0360902883138581,0.0215));
#9105=CARTESIAN_POINT('',(0.0640083897476285,-0.0360902883138581,0.022));
#9106=CARTESIAN_POINT('',(0.0619098654420729,-0.0360902883138581,0.0215));
#9107=CARTESIAN_POINT('',(0.0619098654420729,-0.0360902883138581,0.022));
#9108=CARTESIAN_POINT('',(0.0619098654420729,-0.0360902883138581,0.0215));
#9109=CARTESIAN_POINT('',(0.0619098654420729,-0.0360902883138581,0.0215));
#9110=CARTESIAN_POINT('',(0.0647288758587396,-0.0341458438694136,0.0215));
#9111=CARTESIAN_POINT('',(0.0647288758587396,-0.0352417640083026,0.0215));
#9112=CARTESIAN_POINT('',(0.0640083897476285,-0.0360902883138581,0.0215));
#9113=CARTESIAN_POINT('',(0.0619098654420729,-0.0360902883138581,0.0215));
#9114=CARTESIAN_POINT('',(0.0619098654420729,-0.0365763994249692,0.0215));
#9115=CARTESIAN_POINT('',(0.0619098654420729,-0.0370625105360803,0.0215));
#9116=CARTESIAN_POINT('',(0.0619098654420729,-0.0370625105360803,0.0215));
#9117=CARTESIAN_POINT('',(0.0619098654420729,-0.0365763994249692,0.0215));
#9118=CARTESIAN_POINT('',(0.0619098654420729,-0.0370625105360803,0.0215));
#9119=CARTESIAN_POINT('',(0.0619098654420729,-0.0370625105360803,0.022));
#9120=CARTESIAN_POINT('',(0.0642579557198507,-0.0370625105360803,0.0215));
#9121=CARTESIAN_POINT('',(0.0642579557198507,-0.0370625105360803,0.022));
#9122=CARTESIAN_POINT('',(0.0650760980809618,-0.0378806528971914,0.0215));
#9123=CARTESIAN_POINT('',(0.0650760980809618,-0.0378806528971914,0.022));
#9124=CARTESIAN_POINT('',(0.0650760980809618,-0.0391024410916359,0.0215));
#9125=CARTESIAN_POINT('',(0.0650760980809618,-0.0391024410916359,0.022));
#9126=CARTESIAN_POINT('',(0.0650760980809618,-0.0391024410916359,0.0215));
#9127=CARTESIAN_POINT('',(0.0650760980809618,-0.0391024410916359,0.0215));
#9128=CARTESIAN_POINT('',(0.0619098654420729,-0.0370625105360803,0.0215));
#9129=CARTESIAN_POINT('',(0.0642579557198507,-0.0370625105360803,0.0215));
#9130=CARTESIAN_POINT('',(0.0650760980809618,-0.0378806528971914,0.0215));
#9131=CARTESIAN_POINT('',(0.0650760980809618,-0.0391024410916359,0.0215));
#9132=CARTESIAN_POINT('',(0.0650760980809618,-0.0391024410916359,0.0215));
#9133=CARTESIAN_POINT('',(0.0650760980809618,-0.0391024410916359,0.022));
#9134=CARTESIAN_POINT('',(0.0650760980809618,-0.0402699758138581,0.0215));
#9135=CARTESIAN_POINT('',(0.0650760980809618,-0.0402699758138581,0.022));
#9136=CARTESIAN_POINT('',(0.0642167230809618,-0.0409926320638581,0.0215));
#9137=CARTESIAN_POINT('',(0.0642167230809618,-0.0409926320638581,0.022));
#9138=CARTESIAN_POINT('',(0.0630079557198507,-0.0409926320638581,0.0215));
#9139=CARTESIAN_POINT('',(0.0630079557198507,-0.0409926320638581,0.022));
#9140=CARTESIAN_POINT('',(0.0630079557198507,-0.0409926320638581,0.0215));
#9141=CARTESIAN_POINT('',(0.0630079557198507,-0.0409926320638581,0.0215));
#9142=CARTESIAN_POINT('',(0.0650760980809618,-0.0391024410916359,0.0215));
#9143=CARTESIAN_POINT('',(0.0650760980809618,-0.0402699758138581,0.0215));
#9144=CARTESIAN_POINT('',(0.0642167230809618,-0.0409926320638581,0.0215));
#9145=CARTESIAN_POINT('',(0.0630079557198507,-0.0409926320638581,0.0215));
#9146=CARTESIAN_POINT('',(0.0630079557198507,-0.0409926320638581,0.0215));
#9147=CARTESIAN_POINT('',(0.0630079557198507,-0.0409926320638581,0.022));
#9148=CARTESIAN_POINT('',(0.0618556119698507,-0.0409926320638581,0.0215));
#9149=CARTESIAN_POINT('',(0.0618556119698507,-0.0409926320638581,0.022));
#9150=CARTESIAN_POINT('',(0.0610765321087396,-0.0404500973416359,0.0215));
#9151=CARTESIAN_POINT('',(0.0610765321087396,-0.0404500973416359,0.022));
#9152=CARTESIAN_POINT('',(0.0604797439142952,-0.0398250973416359,0.0215));
#9153=CARTESIAN_POINT('',(0.0604797439142952,-0.0398250973416359,0.022));
#9154=CARTESIAN_POINT('',(0.0604797439142952,-0.0398250973416359,0.0215));
#9155=CARTESIAN_POINT('',(0.0604797439142952,-0.0398250973416359,0.0215));
#9156=CARTESIAN_POINT('',(0.0630079557198507,-0.0409926320638581,0.0215));
#9157=CARTESIAN_POINT('',(0.0618556119698507,-0.0409926320638581,0.0215));
#9158=CARTESIAN_POINT('',(0.0610765321087396,-0.0404500973416359,0.0215));
#9159=CARTESIAN_POINT('',(0.0604797439142952,-0.0398250973416359,0.0215));
#9160=CARTESIAN_POINT('',(0.0601607334976285,-0.0402417640083026,0.0215));
#9161=CARTESIAN_POINT('',(0.0601607334976285,-0.0402417640083026,0.0215));
#9162=CARTESIAN_POINT('',(0.0660222786365174,-0.0340481876194137,0.0215));
#9163=CARTESIAN_POINT('',(0.0660222786365174,-0.0340481876194137,0.022));
#9164=CARTESIAN_POINT('',(0.0660222786365174,-0.0324097327583025,0.0215));
#9165=CARTESIAN_POINT('',(0.0660222786365174,-0.0324097327583025,0.022));
#9166=CARTESIAN_POINT('',(0.0647722786365174,-0.0314917640083026,0.0215));
#9167=CARTESIAN_POINT('',(0.0647722786365174,-0.0314917640083026,0.022));
#9168=CARTESIAN_POINT('',(0.063062209192073,-0.0314917640083026,0.0215));
#9169=CARTESIAN_POINT('',(0.063062209192073,-0.0314917640083026,0.022));
#9170=CARTESIAN_POINT('',(0.0660222786365174,-0.0340481876194137,0.0215));
#9171=CARTESIAN_POINT('',(0.0660222786365174,-0.0324097327583025,0.0215));
#9172=CARTESIAN_POINT('',(0.0647722786365174,-0.0314917640083026,0.0215));
#9173=CARTESIAN_POINT('',(0.063062209192073,-0.0314917640083026,0.0215));
#9174=CARTESIAN_POINT('',(0.00170686755693704,-0.0309675422192832,0.0215));
#9175=CARTESIAN_POINT('',(0.0172150838350303,-0.0590477535916359,0.0215));
#9176=CARTESIAN_POINT('',(0.015659094251697,-0.0590477535916359,0.0215));
#9177=CARTESIAN_POINT('',(0.015659094251697,-0.0590477535916359,0.0215));
#9178=CARTESIAN_POINT('',(0.015659094251697,-0.0590477535916359,0.022));
#9179=CARTESIAN_POINT('',(0.0172150838350303,-0.0590477535916359,0.0215));
#9180=CARTESIAN_POINT('',(0.0187710734183636,-0.0590477535916359,0.0215));
#9181=CARTESIAN_POINT('',(0.0187710734183636,-0.0590477535916359,0.0215));
#9182=CARTESIAN_POINT('',(0.0187710734183636,-0.0590477535916359,0.022));
#9183=CARTESIAN_POINT('',(0.,-0.0590477535916359,0.022));
#9184=CARTESIAN_POINT('',(0.0168190334878081,-0.0573116424805248,0.0215));
#9185=CARTESIAN_POINT('',(0.0179789727239192,-0.0555755313694136,0.0215));
#9186=CARTESIAN_POINT('',(0.0179787377656297,-0.0555753931196088,0.0215));
#9187=CARTESIAN_POINT('',(0.0179787377656295,-0.0555753931196087,0.0219999997000001));
#9188=CARTESIAN_POINT('',(0.0168190334878081,-0.0573116424805248,0.0215));
#9189=CARTESIAN_POINT('',(0.0288321190929327,-0.0393313459714516,0.022));
#9190=CARTESIAN_POINT('',(-0.00521233464472112,-0.0419297318326814,0.0215));
#9191=CARTESIAN_POINT('',(0.0187977517957926,-0.0540759653971914,0.0215));
#9192=CARTESIAN_POINT('',(0.0187977517957926,-0.0540759653971914,0.0215));
#9193=CARTESIAN_POINT('',(0.0187977517957926,-0.0540759653971914,0.022));
#9194=CARTESIAN_POINT('',(-0.00521233464472112,-0.0419297318326814,0.0215));
#9195=CARTESIAN_POINT('',(-0.00521233464472112,-0.0419297318326814,0.022));
#9196=CARTESIAN_POINT('',(0.0188253268905859,-0.0540759653971914,0.0215));
#9197=CARTESIAN_POINT('',(0.0188535386961414,-0.0540759653971914,0.0215));
#9198=CARTESIAN_POINT('',(0.0188535386961414,-0.0540759653971914,0.0215));
#9199=CARTESIAN_POINT('',(0.0188535386961414,-0.0540759653971914,0.022));
#9200=CARTESIAN_POINT('',(0.0188253268905859,-0.0540759653971914,0.0215));
#9201=CARTESIAN_POINT('',(0.,-0.0540759653971914,0.022));
#9202=CARTESIAN_POINT('',(0.0188535386961414,-0.0540759653971914,0.0215));
#9203=CARTESIAN_POINT('',(0.0188535386961414,-0.0540759653971914,0.022));
#9204=CARTESIAN_POINT('',(0.0188253268905859,-0.0546033091471914,0.0215));
#9205=CARTESIAN_POINT('',(0.0188253268905859,-0.0546033091471914,0.022));
#9206=CARTESIAN_POINT('',(0.0187710734183636,-0.0554236216471914,0.0215));
#9207=CARTESIAN_POINT('',(0.0187710734183636,-0.0554236216471914,0.022));
#9208=CARTESIAN_POINT('',(0.0187710734183636,-0.0559227535916359,0.0215));
#9209=CARTESIAN_POINT('',(0.0187710734183636,-0.0559227535916359,0.022));
#9210=CARTESIAN_POINT('',(0.0187710734183636,-0.0559227535916359,0.0215));
#9211=CARTESIAN_POINT('',(0.0187710734183636,-0.0559227535916359,0.0215));
#9212=CARTESIAN_POINT('',(0.0187710734183636,-0.0559227535916359,0.022));
#9213=CARTESIAN_POINT('',(0.0188535386961414,-0.0540759653971914,0.0215));
#9214=CARTESIAN_POINT('',(0.0188253268905859,-0.0546033091471914,0.0215));
#9215=CARTESIAN_POINT('',(0.0187710734183636,-0.0554236216471914,0.0215));
#9216=CARTESIAN_POINT('',(0.0187710734183636,-0.0559227535916359,0.0215));
#9217=CARTESIAN_POINT('',(0.0188535386961414,-0.0540759653971914,0.022));
#9218=CARTESIAN_POINT('',(0.0188253268905859,-0.0546033091471914,0.022));
#9219=CARTESIAN_POINT('',(0.0187710734183636,-0.0554236216471914,0.022));
#9220=CARTESIAN_POINT('',(0.0187710734183636,-0.0559227535916359,0.022));
#9221=CARTESIAN_POINT('',(0.0213253268905859,-0.0595544810221914,0.0215));
#9222=CARTESIAN_POINT('',(0.0213253268905859,-0.0590477535916359,0.0215));
#9223=CARTESIAN_POINT('',(0.0213253268905859,-0.0590477535916359,0.0215));
#9224=CARTESIAN_POINT('',(0.0213253268905859,-0.0595544810221914,0.0215));
#9225=CARTESIAN_POINT('',(0.0213253268905859,-0.060061208452747,0.0215));
#9226=CARTESIAN_POINT('',(0.0213253268905859,-0.060061208452747,0.0215));
#9227=CARTESIAN_POINT('',(0.0206514987655859,-0.0590477535916359,0.0215));
#9228=CARTESIAN_POINT('',(0.0199776706405859,-0.0590477535916359,0.0215));
#9229=CARTESIAN_POINT('',(0.0199776706405859,-0.0590477535916359,0.0215));
#9230=CARTESIAN_POINT('',(0.0206514987655859,-0.0590477535916359,0.0215));
#9231=CARTESIAN_POINT('',(0.0199776706405859,-0.0558674150499692,0.0215));
#9232=CARTESIAN_POINT('',(0.0199776706405859,-0.0526870765083025,0.0215));
#9233=CARTESIAN_POINT('',(0.0199776706405859,-0.0526870765083025,0.0215));
#9234=CARTESIAN_POINT('',(0.0199776706405859,-0.0558674150499692,0.0215));
#9235=CARTESIAN_POINT('',(0.0192767157794748,-0.0526870765083025,0.0215));
#9236=CARTESIAN_POINT('',(0.0185757609183636,-0.0526870765083025,0.0215));
#9237=CARTESIAN_POINT('',(0.0185757609183636,-0.0526870765083025,0.0215));
#9238=CARTESIAN_POINT('',(0.0192767157794748,-0.0526870765083025,0.0215));
#9239=CARTESIAN_POINT('',(0.0164577053628081,-0.0559574758138581,0.0215));
#9240=CARTESIAN_POINT('',(0.0143396498072525,-0.0592278751194136,0.0215));
#9241=CARTESIAN_POINT('',(0.0143396498072525,-0.0592278751194136,0.0215));
#9242=CARTESIAN_POINT('',(0.0164577053628081,-0.0559574758138581,0.0215));
#9243=CARTESIAN_POINT('',(0.0143396498072525,-0.0596445417860803,0.0215));
#9244=CARTESIAN_POINT('',(0.0143396498072525,-0.060061208452747,0.0215));
#9245=CARTESIAN_POINT('',(0.0143396498072525,-0.060061208452747,0.0215));
#9246=CARTESIAN_POINT('',(0.0143396498072525,-0.0596445417860803,0.0215));
#9247=CARTESIAN_POINT('',(0.0165553616128081,-0.060061208452747,0.0215));
#9248=CARTESIAN_POINT('',(0.0187710734183636,-0.060061208452747,0.0215));
#9249=CARTESIAN_POINT('',(0.0187710734183636,-0.060061208452747,0.0215));
#9250=CARTESIAN_POINT('',(0.0165553616128081,-0.060061208452747,0.0215));
#9251=CARTESIAN_POINT('',(0.0187710734183636,-0.0614642032444137,0.0215));
#9252=CARTESIAN_POINT('',(0.0187710734183636,-0.0628671980360803,0.0215));
#9253=CARTESIAN_POINT('',(0.0187710734183636,-0.0628671980360803,0.0215));
#9254=CARTESIAN_POINT('',(0.0187710734183636,-0.0614642032444137,0.0215));
#9255=CARTESIAN_POINT('',(0.0193743720294747,-0.0628671980360803,0.0215));
#9256=CARTESIAN_POINT('',(0.0199776706405859,-0.0628671980360803,0.0215));
#9257=CARTESIAN_POINT('',(0.0199776706405859,-0.0628671980360803,0.0215));
#9258=CARTESIAN_POINT('',(0.0193743720294747,-0.0628671980360803,0.0215));
#9259=CARTESIAN_POINT('',(0.0199776706405859,-0.0614642032444137,0.0215));
#9260=CARTESIAN_POINT('',(0.0199776706405859,-0.060061208452747,0.0215));
#9261=CARTESIAN_POINT('',(0.0199776706405859,-0.060061208452747,0.0215));
#9262=CARTESIAN_POINT('',(0.0199776706405859,-0.0614642032444137,0.0215));
#9263=CARTESIAN_POINT('',(0.0206514987655859,-0.060061208452747,0.0215));
#9264=CARTESIAN_POINT('',(0.0206514987655859,-0.060061208452747,0.0215));
#9265=CARTESIAN_POINT('',(0.0187710734183636,-0.0574852535916359,0.0215));
#9266=CARTESIAN_POINT('',(0.0187710734183636,-0.0574852535916359,0.0215));
#9267=CARTESIAN_POINT('',(0.0187710734183636,-0.0200678864024859,0.022));
#9268=CARTESIAN_POINT('',(0.00170686755693704,-0.0309675422192832,0.0215));
#9269=CARTESIAN_POINT('',(0.0146738511961414,-0.0204917640083025,0.0215));
#9270=CARTESIAN_POINT('',(0.0146738511961414,-0.0208671980360804,0.0215));
#9271=CARTESIAN_POINT('',(0.0146738511961414,-0.0208671980360804,0.0215));
#9272=CARTESIAN_POINT('',(0.0146738511961414,-0.0204917640083025,0.0215));
#9273=CARTESIAN_POINT('',(0.0146738511961414,-0.0201163299805248,0.0215));
#9274=CARTESIAN_POINT('',(0.0146738511961414,-0.0201163299805248,0.0215));
#9275=CARTESIAN_POINT('',(0.0178748060572525,-0.0208671980360804,0.0215));
#9276=CARTESIAN_POINT('',(0.0210757609183637,-0.0208671980360804,0.0215));
#9277=CARTESIAN_POINT('',(0.0210757609183637,-0.0208671980360804,0.0215));
#9278=CARTESIAN_POINT('',(0.0178748060572525,-0.0208671980360804,0.0215));
#9279=CARTESIAN_POINT('',(0.0210757609183637,-0.0203181528971914,0.0215));
#9280=CARTESIAN_POINT('',(0.0210757609183637,-0.0197691077583026,0.0215));
#9281=CARTESIAN_POINT('',(0.0210757609183637,-0.0197691077583026,0.0215));
#9282=CARTESIAN_POINT('',(0.0210757609183637,-0.0203181528971914,0.0215));
#9283=CARTESIAN_POINT('',(0.0196662557100303,-0.0197691077583026,0.0215));
#9284=CARTESIAN_POINT('',(0.018256750501697,-0.0197691077583026,0.0215));
#9285=CARTESIAN_POINT('',(0.018256750501697,-0.0197691077583026,0.0215));
#9286=CARTESIAN_POINT('',(0.0196662557100303,-0.0197691077583026,0.0215));
#9287=CARTESIAN_POINT('',(0.018256750501697,-0.0197691077583026,0.0215));
#9288=CARTESIAN_POINT('',(0.018256750501697,-0.0197691077583026,0.022));
#9289=CARTESIAN_POINT('',(0.0177424275850303,-0.0197691077583026,0.0215));
#9290=CARTESIAN_POINT('',(0.0177424275850303,-0.0197691077583026,0.022));
#9291=CARTESIAN_POINT('',(0.0171174275850303,-0.0198255313694136,0.0215));
#9292=CARTESIAN_POINT('',(0.0171174275850303,-0.0198255313694136,0.022));
#9293=CARTESIAN_POINT('',(0.0165900838350303,-0.0198667640083025,0.0215));
#9294=CARTESIAN_POINT('',(0.0165900838350303,-0.0198667640083025,0.022));
#9295=CARTESIAN_POINT('',(0.0165900838350303,-0.0198667640083025,0.0215));
#9296=CARTESIAN_POINT('',(0.0165900838350303,-0.0198667640083025,0.0215));
#9297=CARTESIAN_POINT('',(0.018256750501697,-0.0197691077583026,0.0215));
#9298=CARTESIAN_POINT('',(0.0177424275850303,-0.0197691077583026,0.0215));
#9299=CARTESIAN_POINT('',(0.0171174275850303,-0.0198255313694136,0.0215));
#9300=CARTESIAN_POINT('',(0.0165900838350303,-0.0198667640083025,0.0215));
#9301=CARTESIAN_POINT('',(0.0165900838350303,-0.0198667640083025,0.0215));
#9302=CARTESIAN_POINT('',(0.0165900838350303,-0.0198667640083025,0.022));
#9303=CARTESIAN_POINT('',(0.018979406751697,-0.0176033091471914,0.0215));
#9304=CARTESIAN_POINT('',(0.018979406751697,-0.0176033091471914,0.022));
#9305=CARTESIAN_POINT('',(0.0205766289739192,-0.0155329966471915,0.0215));
#9306=CARTESIAN_POINT('',(0.0205766289739192,-0.0155329966471915,0.022));
#9307=CARTESIAN_POINT('',(0.0205766289739192,-0.0135060869249692,0.0215));
#9308=CARTESIAN_POINT('',(0.0205766289739192,-0.0135060869249692,0.022));
#9309=CARTESIAN_POINT('',(0.0205766289739192,-0.0135060869249692,0.0215));
#9310=CARTESIAN_POINT('',(0.0205766289739192,-0.0135060869249692,0.0215));
#9311=CARTESIAN_POINT('',(0.0165900838350303,-0.0198667640083025,0.0215));
#9312=CARTESIAN_POINT('',(0.018979406751697,-0.0176033091471914,0.0215));
#9313=CARTESIAN_POINT('',(0.0205766289739192,-0.0155329966471915,0.0215));
#9314=CARTESIAN_POINT('',(0.0205766289739192,-0.0135060869249692,0.0215));
#9315=CARTESIAN_POINT('',(0.0205766289739192,-0.0135060869249692,0.0215));
#9316=CARTESIAN_POINT('',(0.0205766289739192,-0.0135060869249692,0.022));
#9317=CARTESIAN_POINT('',(0.0205766289739192,-0.0116875105360803,0.0215));
#9318=CARTESIAN_POINT('',(0.0205766289739192,-0.0116875105360803,0.022));
#9319=CARTESIAN_POINT('',(0.0194373060572525,-0.0104917640083026,0.0215));
#9320=CARTESIAN_POINT('',(0.0194373060572525,-0.0104917640083026,0.022));
#9321=CARTESIAN_POINT('',(0.0176165595294747,-0.0104917640083026,0.0215));
#9322=CARTESIAN_POINT('',(0.0176165595294747,-0.0104917640083026,0.022));
#9323=CARTESIAN_POINT('',(0.0176165595294747,-0.0104917640083026,0.0215));
#9324=CARTESIAN_POINT('',(0.0176165595294747,-0.0104917640083026,0.0215));
#9325=CARTESIAN_POINT('',(0.0205766289739192,-0.0135060869249692,0.0215));
#9326=CARTESIAN_POINT('',(0.0205766289739192,-0.0116875105360803,0.0215));
#9327=CARTESIAN_POINT('',(0.0194373060572525,-0.0104917640083026,0.0215));
#9328=CARTESIAN_POINT('',(0.0176165595294747,-0.0104917640083026,0.0215));
#9329=CARTESIAN_POINT('',(0.0176165595294747,-0.0104917640083026,0.0215));
#9330=CARTESIAN_POINT('',(0.0176165595294747,-0.0104917640083026,0.022));
#9331=CARTESIAN_POINT('',(0.0163253268905859,-0.0104917640083026,0.0215));
#9332=CARTESIAN_POINT('',(0.0163253268905859,-0.0104917640083026,0.022));
#9333=CARTESIAN_POINT('',(0.0154507609183636,-0.011088552202747,0.0215));
#9334=CARTESIAN_POINT('',(0.0154507609183636,-0.011088552202747,0.022));
#9335=CARTESIAN_POINT('',(0.0146174275850303,-0.0119913299805248,0.0215));
#9336=CARTESIAN_POINT('',(0.0146174275850303,-0.0119913299805248,0.022));
#9337=CARTESIAN_POINT('',(0.0146174275850303,-0.0119913299805248,0.0215));
#9338=CARTESIAN_POINT('',(0.0146174275850303,-0.0119913299805248,0.0215));
#9339=CARTESIAN_POINT('',(0.0176165595294747,-0.0104917640083026,0.0215));
#9340=CARTESIAN_POINT('',(0.0163253268905858,-0.0104917640083026,0.0215));
#9341=CARTESIAN_POINT('',(0.0154507609183636,-0.011088552202747,0.0215));
#9342=CARTESIAN_POINT('',(0.0146174275850303,-0.0119913299805248,0.0215));
#9343=CARTESIAN_POINT('',(0.014985266126697,-0.0123526581055248,0.0215));
#9344=CARTESIAN_POINT('',(0.0153531046683637,-0.0127139862305248,0.0215));
#9345=CARTESIAN_POINT('',(0.0153531046683637,-0.0127139862305248,0.0215));
#9346=CARTESIAN_POINT('',(0.014985266126697,-0.0123526581055248,0.0215));
#9347=CARTESIAN_POINT('',(0.0153531046683637,-0.0127139862305248,0.0215));
#9348=CARTESIAN_POINT('',(0.0153531046683637,-0.0127139862305248,0.022));
#9349=CARTESIAN_POINT('',(0.0159086602239192,-0.0120477535916359,0.0215));
#9350=CARTESIAN_POINT('',(0.0159086602239192,-0.0120477535916359,0.022));
#9351=CARTESIAN_POINT('',(0.0166313164739192,-0.0115334306749692,0.0215));
#9352=CARTESIAN_POINT('',(0.0166313164739192,-0.0115334306749692,0.022));
#9353=CARTESIAN_POINT('',(0.0174646498072525,-0.0115334306749692,0.0215));
#9354=CARTESIAN_POINT('',(0.0174646498072525,-0.0115334306749692,0.022));
#9355=CARTESIAN_POINT('',(0.0174646498072525,-0.0115334306749692,0.0215));
#9356=CARTESIAN_POINT('',(0.0174646498072525,-0.0115334306749692,0.0215));
#9357=CARTESIAN_POINT('',(0.0153531046683637,-0.0127139862305248,0.0215));
#9358=CARTESIAN_POINT('',(0.0159086602239192,-0.0120477535916359,0.0215));
#9359=CARTESIAN_POINT('',(0.0166313164739192,-0.0115334306749692,0.0215));
#9360=CARTESIAN_POINT('',(0.0174646498072525,-0.0115334306749692,0.0215));
#9361=CARTESIAN_POINT('',(0.0174646498072525,-0.0115334306749692,0.0215));
#9362=CARTESIAN_POINT('',(0.0174646498072525,-0.0115334306749692,0.022));
#9363=CARTESIAN_POINT('',(0.0187276706405859,-0.0115334306749692,0.0215));
#9364=CARTESIAN_POINT('',(0.0187276706405859,-0.0115334306749692,0.022));
#9365=CARTESIAN_POINT('',(0.0193396498072525,-0.0123819549805248,0.0215));
#9366=CARTESIAN_POINT('',(0.0193396498072525,-0.0123819549805248,0.022));
#9367=CARTESIAN_POINT('',(0.0193396498072525,-0.0135473195638581,0.0215));
#9368=CARTESIAN_POINT('',(0.0193396498072525,-0.0135473195638581,0.022));
#9369=CARTESIAN_POINT('',(0.0193396498072525,-0.0135473195638581,0.0215));
#9370=CARTESIAN_POINT('',(0.0193396498072525,-0.0135473195638581,0.0215));
#9371=CARTESIAN_POINT('',(0.0174646498072525,-0.0115334306749692,0.0215));
#9372=CARTESIAN_POINT('',(0.0187276706405859,-0.0115334306749692,0.0215));
#9373=CARTESIAN_POINT('',(0.0193396498072525,-0.0123819549805248,0.0215));
#9374=CARTESIAN_POINT('',(0.0193396498072525,-0.0135473195638581,0.0215));
#9375=CARTESIAN_POINT('',(0.0193396498072525,-0.0135473195638581,0.0215));
#9376=CARTESIAN_POINT('',(0.0193396498072525,-0.0135473195638581,0.022));
#9377=CARTESIAN_POINT('',(0.0193396498072525,-0.0152986216471914,0.0215));
#9378=CARTESIAN_POINT('',(0.0193396498072525,-0.0152986216471914,0.022));
#9379=CARTESIAN_POINT('',(0.0178682956405859,-0.0173255313694136,0.0215));
#9380=CARTESIAN_POINT('',(0.0178682956405859,-0.0173255313694136,0.022));
#9381=CARTESIAN_POINT('',(0.0146738511961414,-0.0201163299805248,0.0215));
#9382=CARTESIAN_POINT('',(0.0146738511961414,-0.0201163299805248,0.022));
#9383=CARTESIAN_POINT('',(0.0193396498072525,-0.0135473195638581,0.0215));
#9384=CARTESIAN_POINT('',(0.0193396498072525,-0.0152986216471914,0.0215));
#9385=CARTESIAN_POINT('',(0.0178682956405859,-0.0173255313694137,0.0215));
#9386=CARTESIAN_POINT('',(0.0146738511961414,-0.0201163299805248,0.0215));
#9387=CARTESIAN_POINT('',(0.00170686755693704,-0.0309675422192832,0.0215));
#9388=CARTESIAN_POINT('',(-0.0300925449942345,-0.0413398542860803,0.0215));
#9389=CARTESIAN_POINT('',(-0.0300925449942345,-0.0418671980360803,0.0215));
#9390=CARTESIAN_POINT('',(-0.0300925449942345,-0.0418671980360803,0.0215));
#9391=CARTESIAN_POINT('',(-0.0300925449942345,-0.0413398542860803,0.0215));
#9392=CARTESIAN_POINT('',(-0.0300925449942345,-0.0408125105360804,0.0215));
#9393=CARTESIAN_POINT('',(-0.0300925449942345,-0.0408125105360804,0.0215));
#9394=CARTESIAN_POINT('',(-0.027300661313679,-0.0418671980360803,0.0215));
#9395=CARTESIAN_POINT('',(-0.0245087776331234,-0.0418671980360803,0.0215));
#9396=CARTESIAN_POINT('',(-0.0245087776331234,-0.0418671980360803,0.0215));
#9397=CARTESIAN_POINT('',(-0.027300661313679,-0.0418671980360803,0.0215));
#9398=CARTESIAN_POINT('',(-0.0245087776331234,-0.0413398542860803,0.0215));
#9399=CARTESIAN_POINT('',(-0.0245087776331234,-0.0408125105360804,0.0215));
#9400=CARTESIAN_POINT('',(-0.0245087776331234,-0.0408125105360804,0.0215));
#9401=CARTESIAN_POINT('',(-0.0245087776331234,-0.0413398542860803,0.0215));
#9402=CARTESIAN_POINT('',(-0.0255298279803456,-0.0408125105360804,0.0215));
#9403=CARTESIAN_POINT('',(-0.0265508783275679,-0.0408125105360804,0.0215));
#9404=CARTESIAN_POINT('',(-0.0265508783275679,-0.0408125105360804,0.0215));
#9405=CARTESIAN_POINT('',(-0.0255298279803456,-0.0408125105360804,0.0215));
#9406=CARTESIAN_POINT('',(-0.0265508783275679,-0.0362497935221915,0.0215));
#9407=CARTESIAN_POINT('',(-0.0265508783275679,-0.0316870765083026,0.0215));
#9408=CARTESIAN_POINT('',(-0.0265508783275679,-0.0316870765083026,0.0215));
#9409=CARTESIAN_POINT('',(-0.0265508783275679,-0.0362497935221915,0.0215));
#9410=CARTESIAN_POINT('',(-0.0270369894386789,-0.0316870765083026,0.0215));
#9411=CARTESIAN_POINT('',(-0.0275231005497901,-0.0316870765083026,0.0215));
#9412=CARTESIAN_POINT('',(-0.0275231005497901,-0.0316870765083026,0.0215));
#9413=CARTESIAN_POINT('',(-0.0270369894386789,-0.0316870765083026,0.0215));
#9414=CARTESIAN_POINT('',(-0.0275231005497901,-0.0316870765083026,0.0215));
#9415=CARTESIAN_POINT('',(-0.0275231005497901,-0.0316870765083026,0.022));
#9416=CARTESIAN_POINT('',(-0.0280786561053456,-0.0320060869249693,0.0215));
#9417=CARTESIAN_POINT('',(-0.0280786561053456,-0.0320060869249693,0.022));
#9418=CARTESIAN_POINT('',(-0.0287318679109012,-0.0322426320638581,0.0215));
#9419=CARTESIAN_POINT('',(-0.0287318679109012,-0.0322426320638581,0.022));
#9420=CARTESIAN_POINT('',(-0.0296346456886789,-0.0324097327583025,0.0215));
#9421=CARTESIAN_POINT('',(-0.0296346456886789,-0.0324097327583025,0.022));
#9422=CARTESIAN_POINT('',(-0.0296346456886789,-0.0324097327583025,0.0215));
#9423=CARTESIAN_POINT('',(-0.0296346456886789,-0.0324097327583025,0.0215));
#9424=CARTESIAN_POINT('',(-0.0275231005497901,-0.0316870765083026,0.0215));
#9425=CARTESIAN_POINT('',(-0.0280786561053456,-0.0320060869249693,0.0215));
#9426=CARTESIAN_POINT('',(-0.0287318679109012,-0.0322426320638581,0.0215));
#9427=CARTESIAN_POINT('',(-0.0296346456886789,-0.0324097327583025,0.0215));
#9428=CARTESIAN_POINT('',(-0.0296346456886789,-0.0328122935221914,0.0215));
#9429=CARTESIAN_POINT('',(-0.0296346456886789,-0.0332148542860803,0.0215));
#9430=CARTESIAN_POINT('',(-0.0296346456886789,-0.0332148542860803,0.0215));
#9431=CARTESIAN_POINT('',(-0.0296346456886789,-0.0328122935221914,0.0215));
#9432=CARTESIAN_POINT('',(-0.0287318679109012,-0.0332148542860803,0.0215));
#9433=CARTESIAN_POINT('',(-0.0278290901331234,-0.0332148542860803,0.0215));
#9434=CARTESIAN_POINT('',(-0.0278290901331234,-0.0332148542860803,0.0215));
#9435=CARTESIAN_POINT('',(-0.0287318679109012,-0.0332148542860803,0.0215));
#9436=CARTESIAN_POINT('',(-0.0278290901331234,-0.0370136824110803,0.0215));
#9437=CARTESIAN_POINT('',(-0.0278290901331234,-0.0408125105360804,0.0215));
#9438=CARTESIAN_POINT('',(-0.0278290901331234,-0.0408125105360804,0.0215));
#9439=CARTESIAN_POINT('',(-0.0278290901331234,-0.0370136824110803,0.0215));
#9440=CARTESIAN_POINT('',(-0.028960817563679,-0.0408125105360804,0.0215));
#9441=CARTESIAN_POINT('',(-0.028960817563679,-0.0408125105360804,0.0215));
#9442=CARTESIAN_POINT('',(0.00170686755693704,-0.0309675422192832,0.0215));
#9443=CARTESIAN_POINT('',(0.,-0.0200678864024859,0.022));
#9444=CARTESIAN_POINT('',(-0.0428067607737093,-0.0245405426524859,0.0185));
#9445=CARTESIAN_POINT('',(-0.0428067607737093,-0.0250678864024859,0.0185));
#9446=CARTESIAN_POINT('',(-0.0428067607737093,-0.0250678864024859,0.0185));
#9447=CARTESIAN_POINT('',(-0.0428067607737093,-0.0245405426524859,0.0185));
#9448=CARTESIAN_POINT('',(-0.0428067607737093,-0.024013198902486,0.0185));
#9449=CARTESIAN_POINT('',(-0.0428067607737093,-0.024013198902486,0.0185));
#9450=CARTESIAN_POINT('',(-0.0455986444542648,-0.0250678864024859,0.0185));
#9451=CARTESIAN_POINT('',(-0.0483905281348204,-0.0250678864024859,0.0185));
#9452=CARTESIAN_POINT('',(-0.0483905281348204,-0.0250678864024859,0.0185));
#9453=CARTESIAN_POINT('',(-0.0455986444542648,-0.0250678864024859,0.0185));
#9454=CARTESIAN_POINT('',(-0.0483905281348204,-0.0245405426524859,0.0185));
#9455=CARTESIAN_POINT('',(-0.0483905281348204,-0.024013198902486,0.0185));
#9456=CARTESIAN_POINT('',(-0.0483905281348204,-0.024013198902486,0.0185));
#9457=CARTESIAN_POINT('',(-0.0483905281348204,-0.0245405426524859,0.0185));
#9458=CARTESIAN_POINT('',(-0.0473694777875982,-0.024013198902486,0.0185));
#9459=CARTESIAN_POINT('',(-0.046348427440376,-0.024013198902486,0.0185));
#9460=CARTESIAN_POINT('',(-0.046348427440376,-0.024013198902486,0.0185));
#9461=CARTESIAN_POINT('',(-0.0473694777875982,-0.024013198902486,0.0185));
#9462=CARTESIAN_POINT('',(-0.046348427440376,-0.019450481888597,0.0185));
#9463=CARTESIAN_POINT('',(-0.046348427440376,-0.0148877648747082,0.0185));
#9464=CARTESIAN_POINT('',(-0.046348427440376,-0.0148877648747082,0.0185));
#9465=CARTESIAN_POINT('',(-0.046348427440376,-0.019450481888597,0.0185));
#9466=CARTESIAN_POINT('',(-0.0458623163292648,-0.0148877648747082,0.0185));
#9467=CARTESIAN_POINT('',(-0.0453762052181537,-0.0148877648747082,0.0185));
#9468=CARTESIAN_POINT('',(-0.0453762052181537,-0.0148877648747082,0.0185));
#9469=CARTESIAN_POINT('',(-0.0458623163292648,-0.0148877648747082,0.0185));
#9470=CARTESIAN_POINT('',(-0.0453762052181537,-0.0148877648747082,0.0185));
#9471=CARTESIAN_POINT('',(-0.0453762052181537,-0.0148877648747082,0.018));
#9472=CARTESIAN_POINT('',(-0.0448206496625982,-0.0152067752913749,0.0185));
#9473=CARTESIAN_POINT('',(-0.0448206496625982,-0.0152067752913749,0.018));
#9474=CARTESIAN_POINT('',(-0.0441674378570426,-0.0154433204302638,0.0185));
#9475=CARTESIAN_POINT('',(-0.0441674378570426,-0.0154433204302638,0.018));
#9476=CARTESIAN_POINT('',(-0.0432646600792649,-0.0156104211247082,0.0185));
#9477=CARTESIAN_POINT('',(-0.0432646600792649,-0.0156104211247082,0.018));
#9478=CARTESIAN_POINT('',(-0.0432646600792649,-0.0156104211247082,0.0185));
#9479=CARTESIAN_POINT('',(-0.0432646600792649,-0.0156104211247082,0.0185));
#9480=CARTESIAN_POINT('',(-0.0453762052181537,-0.0148877648747082,0.0185));
#9481=CARTESIAN_POINT('',(-0.0448206496625981,-0.0152067752913749,0.0185));
#9482=CARTESIAN_POINT('',(-0.0441674378570426,-0.0154433204302638,0.0185));
#9483=CARTESIAN_POINT('',(-0.0432646600792649,-0.0156104211247082,0.0185));
#9484=CARTESIAN_POINT('',(-0.0432646600792649,-0.016012981888597,0.0185));
#9485=CARTESIAN_POINT('',(-0.0432646600792649,-0.0164155426524859,0.0185));
#9486=CARTESIAN_POINT('',(-0.0432646600792649,-0.0164155426524859,0.0185));
#9487=CARTESIAN_POINT('',(-0.0432646600792649,-0.016012981888597,0.0185));
#9488=CARTESIAN_POINT('',(-0.0441674378570426,-0.0164155426524859,0.0185));
#9489=CARTESIAN_POINT('',(-0.0450702156348204,-0.0164155426524859,0.0185));
#9490=CARTESIAN_POINT('',(-0.0450702156348204,-0.0164155426524859,0.0185));
#9491=CARTESIAN_POINT('',(-0.0441674378570426,-0.0164155426524859,0.0185));
#9492=CARTESIAN_POINT('',(-0.0450702156348204,-0.0202143707774859,0.0185));
#9493=CARTESIAN_POINT('',(-0.0450702156348204,-0.024013198902486,0.0185));
#9494=CARTESIAN_POINT('',(-0.0450702156348204,-0.024013198902486,0.0185));
#9495=CARTESIAN_POINT('',(-0.0450702156348204,-0.0202143707774859,0.0185));
#9496=CARTESIAN_POINT('',(-0.0439384882042649,-0.024013198902486,0.0185));
#9497=CARTESIAN_POINT('',(-0.0439384882042649,-0.024013198902486,0.0185));
#9498=CARTESIAN_POINT('',(0.,-0.0200678864024859,0.0185));
#9499=CARTESIAN_POINT('',(-0.0453762052181537,-0.0200678864024859,0.0185));
#9500=CARTESIAN_POINT('',(-0.0453762052181537,-0.0200678864024859,0.0185));
#9501=CARTESIAN_POINT('',(-0.0627326754670877,-0.0200678864024859,0.0185));
#9502=CARTESIAN_POINT('',(-0.0453762052181537,-0.0200678864024859,0.0185));
#9503=CARTESIAN_POINT('',(-0.0453762052181537,-0.0200678864024859,0.0185));
#9504=CARTESIAN_POINT('',(-0.0637326754670877,-0.0200678864024859,0.0185));
#9505=CARTESIAN_POINT('',(0.,-0.0200678864024859,0.0185));
#9506=CARTESIAN_POINT('',(0.0488267260514871,-0.0238591190413749,0.0185));
#9507=CARTESIAN_POINT('',(0.0488267260514871,-0.0238591190413749,0.018));
#9508=CARTESIAN_POINT('',(0.0481604934125982,-0.0245817752913748,0.0185));
#9509=CARTESIAN_POINT('',(0.0481604934125982,-0.0245817752913748,0.018));
#9510=CARTESIAN_POINT('',(0.0471600593848204,-0.0252480079302638,0.0185));
#9511=CARTESIAN_POINT('',(0.0471600593848204,-0.0252480079302638,0.018));
#9512=CARTESIAN_POINT('',(0.0455628371625982,-0.0252480079302638,0.0185));
#9513=CARTESIAN_POINT('',(0.0455628371625982,-0.0252480079302638,0.018));
#9514=CARTESIAN_POINT('',(0.0455628371625982,-0.0252480079302638,0.0185));
#9515=CARTESIAN_POINT('',(0.0455628371625982,-0.0252480079302638,0.0185));
#9516=CARTESIAN_POINT('',(0.0488267260514871,-0.0238591190413749,0.0185));
#9517=CARTESIAN_POINT('',(0.0481604934125982,-0.0245817752913748,0.0185));
#9518=CARTESIAN_POINT('',(0.0471600593848204,-0.0252480079302638,0.0185));
#9519=CARTESIAN_POINT('',(0.0455628371625982,-0.0252480079302638,0.0185));
#9520=CARTESIAN_POINT('',(0.0488267260514871,-0.0238591190413749,0.0185));
#9521=CARTESIAN_POINT('',(0.0488267260514871,-0.0238591190413749,0.0185));
#9522=CARTESIAN_POINT('',(0.0455628371625982,-0.0252480079302638,0.0185));
#9523=CARTESIAN_POINT('',(0.0455628371625982,-0.0252480079302638,0.018));
#9524=CARTESIAN_POINT('',(0.0437572816070426,-0.0252480079302638,0.0185));
#9525=CARTESIAN_POINT('',(0.0437572816070426,-0.0252480079302638,0.018));
#9526=CARTESIAN_POINT('',(0.0422989482737093,-0.0241651086247082,0.0185));
#9527=CARTESIAN_POINT('',(0.0422989482737093,-0.0241651086247082,0.018));
#9528=CARTESIAN_POINT('',(0.0422989482737093,-0.0223465322358193,0.0185));
#9529=CARTESIAN_POINT('',(0.0422989482737093,-0.0223465322358193,0.018));
#9530=CARTESIAN_POINT('',(0.0422989482737093,-0.0223465322358193,0.0185));
#9531=CARTESIAN_POINT('',(0.0422989482737093,-0.0223465322358193,0.0185));
#9532=CARTESIAN_POINT('',(0.0455628371625982,-0.0252480079302638,0.0185));
#9533=CARTESIAN_POINT('',(0.0437572816070426,-0.0252480079302638,0.0185));
#9534=CARTESIAN_POINT('',(0.0422989482737093,-0.0241651086247082,0.0185));
#9535=CARTESIAN_POINT('',(0.0422989482737093,-0.0223465322358193,0.0185));
#9536=CARTESIAN_POINT('',(0.0422989482737093,-0.0223465322358193,0.0185));
#9537=CARTESIAN_POINT('',(0.0422989482737093,-0.0223465322358193,0.018));
#9538=CARTESIAN_POINT('',(0.0422989482737093,-0.0209576433469304,0.0185));
#9539=CARTESIAN_POINT('',(0.0422989482737093,-0.0209576433469304,0.018));
#9540=CARTESIAN_POINT('',(0.0432581496625981,-0.0200396745969304,0.0185));
#9541=CARTESIAN_POINT('',(0.0432581496625981,-0.0200396745969304,0.018));
#9542=CARTESIAN_POINT('',(0.0444669170237093,-0.0197618968191526,0.0185));
#9543=CARTESIAN_POINT('',(0.0444669170237093,-0.0197618968191526,0.018));
#9544=CARTESIAN_POINT('',(0.0444669170237093,-0.0197618968191526,0.0185));
#9545=CARTESIAN_POINT('',(0.0444669170237093,-0.0197618968191526,0.0185));
#9546=CARTESIAN_POINT('',(0.0422989482737093,-0.0223465322358193,0.0185));
#9547=CARTESIAN_POINT('',(0.0422989482737093,-0.0209576433469304,0.0185));
#9548=CARTESIAN_POINT('',(0.0432581496625981,-0.0200396745969304,0.0185));
#9549=CARTESIAN_POINT('',(0.0444669170237093,-0.0197618968191526,0.0185));
#9550=CARTESIAN_POINT('',(0.0444669170237093,-0.0197347700830415,0.0185));
#9551=CARTESIAN_POINT('',(0.0444669170237093,-0.0197076433469304,0.0185));
#9552=CARTESIAN_POINT('',(0.0444669170237093,-0.0197076433469304,0.0185));
#9553=CARTESIAN_POINT('',(0.0444669170237093,-0.0197347700830415,0.0185));
#9554=CARTESIAN_POINT('',(0.0444669170237093,-0.0197076433469304,0.0185));
#9555=CARTESIAN_POINT('',(0.0444669170237093,-0.0197076433469304,0.018));
#9556=CARTESIAN_POINT('',(0.0433840177181537,-0.0193039975135971,0.0185));
#9557=CARTESIAN_POINT('',(0.0433840177181537,-0.0193039975135971,0.018));
#9558=CARTESIAN_POINT('',(0.0426461704959315,-0.0184836850135971,0.0185));
#9559=CARTESIAN_POINT('',(0.0426461704959315,-0.0184836850135971,0.018));
#9560=CARTESIAN_POINT('',(0.0426461704959315,-0.0172488759858193,0.0185));
#9561=CARTESIAN_POINT('',(0.0426461704959315,-0.0172488759858193,0.018));
#9562=CARTESIAN_POINT('',(0.0426461704959315,-0.0172488759858193,0.0185));
#9563=CARTESIAN_POINT('',(0.0426461704959315,-0.0172488759858193,0.0185));
#9564=CARTESIAN_POINT('',(0.0444669170237093,-0.0197076433469304,0.0185));
#9565=CARTESIAN_POINT('',(0.0433840177181537,-0.0193039975135971,0.0185));
#9566=CARTESIAN_POINT('',(0.0426461704959315,-0.0184836850135971,0.0185));
#9567=CARTESIAN_POINT('',(0.0426461704959315,-0.0172488759858193,0.0185));
#9568=CARTESIAN_POINT('',(0.0426461704959315,-0.0172488759858193,0.0185));
#9569=CARTESIAN_POINT('',(0.0426461704959315,-0.0172488759858193,0.018));
#9570=CARTESIAN_POINT('',(0.0426461704959315,-0.0156104211247082,0.0185));
#9571=CARTESIAN_POINT('',(0.0426461704959315,-0.0156104211247082,0.018));
#9572=CARTESIAN_POINT('',(0.0438961704959315,-0.0146924523747082,0.0185));
#9573=CARTESIAN_POINT('',(0.0438961704959315,-0.0146924523747082,0.018));
#9574=CARTESIAN_POINT('',(0.0456062399403759,-0.0146924523747082,0.0185));
#9575=CARTESIAN_POINT('',(0.0456062399403759,-0.0146924523747082,0.018));
#9576=CARTESIAN_POINT('',(0.0456062399403759,-0.0146924523747082,0.0185));
#9577=CARTESIAN_POINT('',(0.0456062399403759,-0.0146924523747082,0.0185));
#9578=CARTESIAN_POINT('',(0.0426461704959315,-0.0172488759858193,0.0185));
#9579=CARTESIAN_POINT('',(0.0426461704959315,-0.0156104211247082,0.0185));
#9580=CARTESIAN_POINT('',(0.0438961704959315,-0.0146924523747082,0.0185));
#9581=CARTESIAN_POINT('',(0.0456062399403759,-0.0146924523747082,0.0185));
#9582=CARTESIAN_POINT('',(0.0456062399403759,-0.0146924523747082,0.0185));
#9583=CARTESIAN_POINT('',(0.0456062399403759,-0.0146924523747082,0.018));
#9584=CARTESIAN_POINT('',(0.0467867954959315,-0.0146924523747082,0.0185));
#9585=CARTESIAN_POINT('',(0.0467867954959315,-0.0146924523747082,0.018));
#9586=CARTESIAN_POINT('',(0.0476895732737093,-0.0152067752913749,0.0185));
#9587=CARTESIAN_POINT('',(0.0476895732737093,-0.0152067752913749,0.018));
#9588=CARTESIAN_POINT('',(0.0484534621625982,-0.0159142405691527,0.0185));
#9589=CARTESIAN_POINT('',(0.0484534621625982,-0.0159142405691527,0.018));
#9590=CARTESIAN_POINT('',(0.0484534621625982,-0.0159142405691526,0.0185));
#9591=CARTESIAN_POINT('',(0.0484534621625982,-0.0159142405691526,0.0185));
#9592=CARTESIAN_POINT('',(0.0456062399403759,-0.0146924523747082,0.0185));
#9593=CARTESIAN_POINT('',(0.0467867954959315,-0.0146924523747082,0.0185));
#9594=CARTESIAN_POINT('',(0.0476895732737093,-0.0152067752913749,0.0185));
#9595=CARTESIAN_POINT('',(0.0484534621625982,-0.0159142405691527,0.0185));
#9596=CARTESIAN_POINT('',(0.0481127503570426,-0.0163178864024859,0.0185));
#9597=CARTESIAN_POINT('',(0.0477720385514871,-0.0167215322358193,0.0185));
#9598=CARTESIAN_POINT('',(0.0477720385514871,-0.0167215322358193,0.0185));
#9599=CARTESIAN_POINT('',(0.0481127503570426,-0.0163178864024859,0.0185));
#9600=CARTESIAN_POINT('',(0.0477720385514871,-0.0167215322358193,0.0185));
#9601=CARTESIAN_POINT('',(0.0477720385514871,-0.0167215322358193,0.018));
#9602=CARTESIAN_POINT('',(0.0472034621625982,-0.0161507857080415,0.0185));
#9603=CARTESIAN_POINT('',(0.0472034621625982,-0.0161507857080415,0.018));
#9604=CARTESIAN_POINT('',(0.0464808059125982,-0.0157341190413749,0.0185));
#9605=CARTESIAN_POINT('',(0.0464808059125982,-0.0157341190413749,0.018));
#9606=CARTESIAN_POINT('',(0.0456604934125982,-0.0157059072358193,0.0185));
#9607=CARTESIAN_POINT('',(0.0456604934125982,-0.0157059072358193,0.018));
#9608=CARTESIAN_POINT('',(0.0456604934125982,-0.0157059072358193,0.0185));
#9609=CARTESIAN_POINT('',(0.0456604934125982,-0.0157059072358193,0.0185));
#9610=CARTESIAN_POINT('',(0.0477720385514871,-0.0167215322358193,0.0185));
#9611=CARTESIAN_POINT('',(0.0472034621625982,-0.0161507857080415,0.0185));
#9612=CARTESIAN_POINT('',(0.0464808059125982,-0.0157341190413749,0.0185));
#9613=CARTESIAN_POINT('',(0.0456604934125982,-0.0157059072358193,0.0185));
#9614=CARTESIAN_POINT('',(0.0456604934125982,-0.0157059072358193,0.0185));
#9615=CARTESIAN_POINT('',(0.0456604934125982,-0.0157059072358193,0.018));
#9616=CARTESIAN_POINT('',(0.0446058059125982,-0.0157341190413749,0.0185));
#9617=CARTESIAN_POINT('',(0.0446058059125982,-0.0157341190413749,0.018));
#9618=CARTESIAN_POINT('',(0.0439395732737093,-0.0163591190413749,0.0185));
#9619=CARTESIAN_POINT('',(0.0439395732737093,-0.0163591190413749,0.018));
#9620=CARTESIAN_POINT('',(0.0439395732737093,-0.0173465322358193,0.0185));
#9621=CARTESIAN_POINT('',(0.0439395732737093,-0.0173465322358193,0.018));
#9622=CARTESIAN_POINT('',(0.0439395732737093,-0.0173465322358193,0.0185));
#9623=CARTESIAN_POINT('',(0.0439395732737093,-0.0173465322358193,0.0185));
#9624=CARTESIAN_POINT('',(0.0456604934125982,-0.0157059072358193,0.0185));
#9625=CARTESIAN_POINT('',(0.0446058059125982,-0.0157341190413749,0.0185));
#9626=CARTESIAN_POINT('',(0.0439395732737093,-0.0163591190413749,0.0185));
#9627=CARTESIAN_POINT('',(0.0439395732737093,-0.0173465322358193,0.0185));
#9628=CARTESIAN_POINT('',(0.0439395732737093,-0.0173465322358193,0.0185));
#9629=CARTESIAN_POINT('',(0.0439395732737093,-0.0173465322358193,0.018));
#9630=CARTESIAN_POINT('',(0.0439395732737093,-0.0184424523747082,0.0185));
#9631=CARTESIAN_POINT('',(0.0439395732737093,-0.0184424523747082,0.018));
#9632=CARTESIAN_POINT('',(0.0446600593848204,-0.0192909766802637,0.0185));
#9633=CARTESIAN_POINT('',(0.0446600593848204,-0.0192909766802637,0.018));
#9634=CARTESIAN_POINT('',(0.046758583690376,-0.0192909766802637,0.0185));
#9635=CARTESIAN_POINT('',(0.046758583690376,-0.0192909766802637,0.018));
#9636=CARTESIAN_POINT('',(0.046758583690376,-0.0192909766802637,0.0185));
#9637=CARTESIAN_POINT('',(0.046758583690376,-0.0192909766802637,0.0185));
#9638=CARTESIAN_POINT('',(0.0439395732737093,-0.0173465322358193,0.0185));
#9639=CARTESIAN_POINT('',(0.0439395732737093,-0.0184424523747082,0.0185));
#9640=CARTESIAN_POINT('',(0.0446600593848204,-0.0192909766802637,0.0185));
#9641=CARTESIAN_POINT('',(0.046758583690376,-0.0192909766802637,0.0185));
#9642=CARTESIAN_POINT('',(0.046758583690376,-0.0197770877913749,0.0185));
#9643=CARTESIAN_POINT('',(0.046758583690376,-0.020263198902486,0.0185));
#9644=CARTESIAN_POINT('',(0.046758583690376,-0.020263198902486,0.0185));
#9645=CARTESIAN_POINT('',(0.046758583690376,-0.0197770877913749,0.0185));
#9646=CARTESIAN_POINT('',(0.046758583690376,-0.020263198902486,0.0185));
#9647=CARTESIAN_POINT('',(0.046758583690376,-0.020263198902486,0.018));
#9648=CARTESIAN_POINT('',(0.0444104934125982,-0.020263198902486,0.0185));
#9649=CARTESIAN_POINT('',(0.0444104934125982,-0.020263198902486,0.018));
#9650=CARTESIAN_POINT('',(0.043592351051487,-0.0210813412635971,0.0185));
#9651=CARTESIAN_POINT('',(0.043592351051487,-0.0210813412635971,0.018));
#9652=CARTESIAN_POINT('',(0.0435923510514871,-0.0223031294580415,0.0185));
#9653=CARTESIAN_POINT('',(0.0435923510514871,-0.0223031294580415,0.018));
#9654=CARTESIAN_POINT('',(0.0435923510514871,-0.0223031294580415,0.0185));
#9655=CARTESIAN_POINT('',(0.0435923510514871,-0.0223031294580415,0.0185));
#9656=CARTESIAN_POINT('',(0.046758583690376,-0.020263198902486,0.0185));
#9657=CARTESIAN_POINT('',(0.0444104934125982,-0.020263198902486,0.0185));
#9658=CARTESIAN_POINT('',(0.0435923510514871,-0.0210813412635971,0.0185));
#9659=CARTESIAN_POINT('',(0.0435923510514871,-0.0223031294580415,0.0185));
#9660=CARTESIAN_POINT('',(0.0435923510514871,-0.0223031294580415,0.0185));
#9661=CARTESIAN_POINT('',(0.0435923510514871,-0.0223031294580415,0.018));
#9662=CARTESIAN_POINT('',(0.043592351051487,-0.0234706641802638,0.0185));
#9663=CARTESIAN_POINT('',(0.043592351051487,-0.0234706641802638,0.018));
#9664=CARTESIAN_POINT('',(0.044451726051487,-0.0241933204302637,0.0185));
#9665=CARTESIAN_POINT('',(0.044451726051487,-0.0241933204302637,0.018));
#9666=CARTESIAN_POINT('',(0.0456604934125982,-0.0241933204302637,0.0185));
#9667=CARTESIAN_POINT('',(0.0456604934125982,-0.0241933204302637,0.018));
#9668=CARTESIAN_POINT('',(0.0456604934125982,-0.0241933204302637,0.0185));
#9669=CARTESIAN_POINT('',(0.0456604934125982,-0.0241933204302637,0.0185));
#9670=CARTESIAN_POINT('',(0.0435923510514871,-0.0223031294580415,0.0185));
#9671=CARTESIAN_POINT('',(0.0435923510514871,-0.0234706641802638,0.0185));
#9672=CARTESIAN_POINT('',(0.044451726051487,-0.0241933204302637,0.0185));
#9673=CARTESIAN_POINT('',(0.0456604934125982,-0.0241933204302637,0.0185));
#9674=CARTESIAN_POINT('',(0.0456604934125982,-0.0241933204302637,0.0185));
#9675=CARTESIAN_POINT('',(0.0456604934125982,-0.0241933204302637,0.018));
#9676=CARTESIAN_POINT('',(0.0468128371625982,-0.0241933204302637,0.0185));
#9677=CARTESIAN_POINT('',(0.0468128371625982,-0.0241933204302637,0.018));
#9678=CARTESIAN_POINT('',(0.0475919170237093,-0.0236507857080415,0.0185));
#9679=CARTESIAN_POINT('',(0.0475919170237093,-0.0236507857080415,0.018));
#9680=CARTESIAN_POINT('',(0.0481887052181537,-0.0230257857080415,0.0185));
#9681=CARTESIAN_POINT('',(0.0481887052181537,-0.0230257857080415,0.018));
#9682=CARTESIAN_POINT('',(0.0481887052181537,-0.0230257857080415,0.0185));
#9683=CARTESIAN_POINT('',(0.0481887052181537,-0.0230257857080415,0.0185));
#9684=CARTESIAN_POINT('',(0.0456604934125982,-0.0241933204302637,0.0185));
#9685=CARTESIAN_POINT('',(0.0468128371625982,-0.0241933204302637,0.0185));
#9686=CARTESIAN_POINT('',(0.0475919170237093,-0.0236507857080415,0.0185));
#9687=CARTESIAN_POINT('',(0.0481887052181537,-0.0230257857080415,0.0185));
#9688=CARTESIAN_POINT('',(0.0485077156348204,-0.0234424523747082,0.0185));
#9689=CARTESIAN_POINT('',(0.0485077156348204,-0.0234424523747082,0.0185));
#9690=CARTESIAN_POINT('',(0.,-0.0200678864024859,0.0185));
#9691=CARTESIAN_POINT('',(0.00328342013888888,-0.00369245237470819,0.0185));
#9692=CARTESIAN_POINT('',(0.00328342013888888,-0.00406788640248597,0.0185));
#9693=CARTESIAN_POINT('',(0.00328342013888888,-0.00406788640248597,0.0185));
#9694=CARTESIAN_POINT('',(0.00328342013888888,-0.00369245237470819,0.0185));
#9695=CARTESIAN_POINT('',(0.00328342013888888,-0.00331701834693041,0.0185));
#9696=CARTESIAN_POINT('',(0.00328342013888888,-0.00331701834693041,0.0185));
#9697=CARTESIAN_POINT('',(8.24652777777742E-5,-0.00406788640248597,0.0185));
#9698=CARTESIAN_POINT('',(-0.00311848958333334,-0.00406788640248597,0.0185));
#9699=CARTESIAN_POINT('',(-0.00311848958333334,-0.00406788640248597,0.0185));
#9700=CARTESIAN_POINT('',(8.24652777777742E-5,-0.00406788640248597,0.0185));
#9701=CARTESIAN_POINT('',(-0.00311848958333334,-0.00351884126359708,0.0185));
#9702=CARTESIAN_POINT('',(-0.00311848958333334,-0.00296979612470819,0.0185));
#9703=CARTESIAN_POINT('',(-0.00311848958333334,-0.00296979612470819,0.0185));
#9704=CARTESIAN_POINT('',(-0.00311848958333334,-0.00351884126359708,0.0185));
#9705=CARTESIAN_POINT('',(-0.001708984375,-0.00296979612470819,0.0185));
#9706=CARTESIAN_POINT('',(-0.00029947916666667,-0.00296979612470819,0.0185));
#9707=CARTESIAN_POINT('',(-0.00029947916666667,-0.00296979612470819,0.0185));
#9708=CARTESIAN_POINT('',(-0.001708984375,-0.00296979612470819,0.0185));
#9709=CARTESIAN_POINT('',(-0.00029947916666667,-0.00296979612470819,0.0185));
#9710=CARTESIAN_POINT('',(-0.00029947916666667,-0.00296979612470819,0.018));
#9711=CARTESIAN_POINT('',(0.000214843749999997,-0.00296979612470819,0.0185));
#9712=CARTESIAN_POINT('',(0.000214843749999997,-0.00296979612470819,0.018));
#9713=CARTESIAN_POINT('',(0.000839843749999997,-0.0030262197358193,0.0185));
#9714=CARTESIAN_POINT('',(0.000839843749999997,-0.0030262197358193,0.018));
#9715=CARTESIAN_POINT('',(0.0013671875,-0.00306745237470819,0.0185));
#9716=CARTESIAN_POINT('',(0.0013671875,-0.00306745237470819,0.018));
#9717=CARTESIAN_POINT('',(0.0013671875,-0.00306745237470819,0.0185));
#9718=CARTESIAN_POINT('',(0.0013671875,-0.00306745237470819,0.0185));
#9719=CARTESIAN_POINT('',(-0.00029947916666667,-0.00296979612470819,0.0185));
#9720=CARTESIAN_POINT('',(0.000214843749999997,-0.00296979612470819,0.0185));
#9721=CARTESIAN_POINT('',(0.000839843749999997,-0.0030262197358193,0.0185));
#9722=CARTESIAN_POINT('',(0.0013671875,-0.00306745237470819,0.0185));
#9723=CARTESIAN_POINT('',(0.0013671875,-0.00306745237470819,0.0185));
#9724=CARTESIAN_POINT('',(0.0013671875,-0.00306745237470819,0.018));
#9725=CARTESIAN_POINT('',(-0.00102213541666667,-0.000803997513597078,0.0185));
#9726=CARTESIAN_POINT('',(-0.00102213541666667,-0.000803997513597078,0.018));
#9727=CARTESIAN_POINT('',(-0.00261935763888889,0.00126631498640292,0.0185));
#9728=CARTESIAN_POINT('',(-0.00261935763888889,0.00126631498640292,0.018));
#9729=CARTESIAN_POINT('',(-0.0026193576388889,0.00329322470862515,0.0185));
#9730=CARTESIAN_POINT('',(-0.0026193576388889,0.00329322470862515,0.018));
#9731=CARTESIAN_POINT('',(-0.0026193576388889,0.00329322470862515,0.0185));
#9732=CARTESIAN_POINT('',(-0.0026193576388889,0.00329322470862515,0.0185));
#9733=CARTESIAN_POINT('',(0.0013671875,-0.00306745237470819,0.0185));
#9734=CARTESIAN_POINT('',(-0.00102213541666667,-0.000803997513597078,0.0185));
#9735=CARTESIAN_POINT('',(-0.0026193576388889,0.00126631498640292,0.0185));
#9736=CARTESIAN_POINT('',(-0.0026193576388889,0.00329322470862515,0.0185));
#9737=CARTESIAN_POINT('',(-0.0026193576388889,0.00329322470862515,0.0185));
#9738=CARTESIAN_POINT('',(-0.0026193576388889,0.00329322470862515,0.018));
#9739=CARTESIAN_POINT('',(-0.00261935763888889,0.00511180109751404,0.0185));
#9740=CARTESIAN_POINT('',(-0.00261935763888889,0.00511180109751404,0.018));
#9741=CARTESIAN_POINT('',(-0.00148003472222223,0.00630754762529181,0.0185));
#9742=CARTESIAN_POINT('',(-0.00148003472222223,0.00630754762529181,0.018));
#9743=CARTESIAN_POINT('',(0.000340711805555552,0.00630754762529181,0.0185));
#9744=CARTESIAN_POINT('',(0.000340711805555552,0.00630754762529181,0.018));
#9745=CARTESIAN_POINT('',(0.000340711805555552,0.00630754762529181,0.0185));
#9746=CARTESIAN_POINT('',(0.000340711805555552,0.00630754762529181,0.0185));
#9747=CARTESIAN_POINT('',(-0.0026193576388889,0.00329322470862515,0.0185));
#9748=CARTESIAN_POINT('',(-0.0026193576388889,0.00511180109751404,0.0185));
#9749=CARTESIAN_POINT('',(-0.00148003472222223,0.00630754762529181,0.0185));
#9750=CARTESIAN_POINT('',(0.000340711805555552,0.00630754762529181,0.0185));
#9751=CARTESIAN_POINT('',(0.000340711805555552,0.00630754762529181,0.0185));
#9752=CARTESIAN_POINT('',(0.000340711805555552,0.00630754762529181,0.018));
#9753=CARTESIAN_POINT('',(0.00163194444444444,0.00630754762529181,0.0185));
#9754=CARTESIAN_POINT('',(0.00163194444444444,0.00630754762529181,0.018));
#9755=CARTESIAN_POINT('',(0.00250651041666667,0.00571075943084737,0.0185));
#9756=CARTESIAN_POINT('',(0.00250651041666667,0.00571075943084737,0.018));
#9757=CARTESIAN_POINT('',(0.00333984375,0.00480798165306959,0.0185));
#9758=CARTESIAN_POINT('',(0.00333984375,0.00480798165306959,0.018));
#9759=CARTESIAN_POINT('',(0.00333984375,0.00480798165306959,0.0185));
#9760=CARTESIAN_POINT('',(0.00333984375,0.00480798165306959,0.0185));
#9761=CARTESIAN_POINT('',(0.000340711805555552,0.00630754762529181,0.0185));
#9762=CARTESIAN_POINT('',(0.00163194444444444,0.00630754762529181,0.0185));
#9763=CARTESIAN_POINT('',(0.00250651041666667,0.00571075943084737,0.0185));
#9764=CARTESIAN_POINT('',(0.00333984375,0.00480798165306959,0.0185));
#9765=CARTESIAN_POINT('',(0.00297200520833333,0.00444665352806959,0.0185));
#9766=CARTESIAN_POINT('',(0.00260416666666667,0.00408532540306959,0.0185));
#9767=CARTESIAN_POINT('',(0.00260416666666667,0.00408532540306959,0.0185));
#9768=CARTESIAN_POINT('',(0.00297200520833333,0.00444665352806959,0.0185));
#9769=CARTESIAN_POINT('',(0.00260416666666667,0.00408532540306959,0.0185));
#9770=CARTESIAN_POINT('',(0.00260416666666667,0.00408532540306959,0.018));
#9771=CARTESIAN_POINT('',(0.00204861111111111,0.00475155804195848,0.0185));
#9772=CARTESIAN_POINT('',(0.00204861111111111,0.00475155804195848,0.018));
#9773=CARTESIAN_POINT('',(0.00132595486111111,0.00526588095862515,0.0185));
#9774=CARTESIAN_POINT('',(0.00132595486111111,0.00526588095862515,0.018));
#9775=CARTESIAN_POINT('',(0.000492621527777775,0.00526588095862515,0.0185));
#9776=CARTESIAN_POINT('',(0.000492621527777775,0.00526588095862515,0.018));
#9777=CARTESIAN_POINT('',(0.000492621527777775,0.00526588095862515,0.0185));
#9778=CARTESIAN_POINT('',(0.000492621527777775,0.00526588095862515,0.0185));
#9779=CARTESIAN_POINT('',(0.00260416666666667,0.00408532540306959,0.0185));
#9780=CARTESIAN_POINT('',(0.00204861111111111,0.00475155804195848,0.0185));
#9781=CARTESIAN_POINT('',(0.00132595486111111,0.00526588095862515,0.0185));
#9782=CARTESIAN_POINT('',(0.000492621527777775,0.00526588095862515,0.0185));
#9783=CARTESIAN_POINT('',(0.000492621527777775,0.00526588095862515,0.0185));
#9784=CARTESIAN_POINT('',(0.000492621527777775,0.00526588095862515,0.018));
#9785=CARTESIAN_POINT('',(-0.000770399305555559,0.00526588095862515,0.0185));
#9786=CARTESIAN_POINT('',(-0.000770399305555559,0.00526588095862515,0.018));
#9787=CARTESIAN_POINT('',(-0.00138237847222223,0.00441735665306959,0.0185));
#9788=CARTESIAN_POINT('',(-0.00138237847222223,0.00441735665306959,0.018));
#9789=CARTESIAN_POINT('',(-0.00138237847222223,0.00325199206973626,0.0185));
#9790=CARTESIAN_POINT('',(-0.00138237847222223,0.00325199206973626,0.018));
#9791=CARTESIAN_POINT('',(-0.00138237847222223,0.00325199206973626,0.0185));
#9792=CARTESIAN_POINT('',(-0.00138237847222223,0.00325199206973626,0.0185));
#9793=CARTESIAN_POINT('',(0.000492621527777775,0.00526588095862515,0.0185));
#9794=CARTESIAN_POINT('',(-0.000770399305555559,0.00526588095862515,0.0185));
#9795=CARTESIAN_POINT('',(-0.00138237847222223,0.00441735665306959,0.0185));
#9796=CARTESIAN_POINT('',(-0.00138237847222223,0.00325199206973626,0.0185));
#9797=CARTESIAN_POINT('',(-0.00138237847222223,0.00325199206973626,0.0185));
#9798=CARTESIAN_POINT('',(-0.00138237847222223,0.00325199206973626,0.018));
#9799=CARTESIAN_POINT('',(-0.00138237847222223,0.00150068998640292,0.0185));
#9800=CARTESIAN_POINT('',(-0.00138237847222223,0.00150068998640292,0.018));
#9801=CARTESIAN_POINT('',(8.8975694444441E-5,-0.0005262197358193,0.0185));
#9802=CARTESIAN_POINT('',(8.8975694444441E-5,-0.0005262197358193,0.018));
#9803=CARTESIAN_POINT('',(0.00328342013888888,-0.00331701834693041,0.0185));
#9804=CARTESIAN_POINT('',(0.00328342013888888,-0.00331701834693041,0.018));
#9805=CARTESIAN_POINT('',(-0.00138237847222223,0.00325199206973626,0.0185));
#9806=CARTESIAN_POINT('',(-0.00138237847222223,0.00150068998640292,0.0185));
#9807=CARTESIAN_POINT('',(8.8975694444441E-5,-0.0005262197358193,0.0185));
#9808=CARTESIAN_POINT('',(0.00328342013888888,-0.00331701834693041,0.0185));
#9809=CARTESIAN_POINT('',(0.,-0.0200678864024859,0.0185));
#9810=CARTESIAN_POINT('',(0.000866970486111113,-0.0422484419580415,0.0185));
#9811=CARTESIAN_POINT('',(0.000866970486111113,-0.0422484419580415,0.018));
#9812=CARTESIAN_POINT('',(-0.000689019097222221,-0.0422484419580415,0.018));
#9813=CARTESIAN_POINT('',(0.00242296006944444,-0.0422484419580415,0.018));
#9814=CARTESIAN_POINT('',(0.00242296006944444,-0.0422484419580415,0.0185));
#9815=CARTESIAN_POINT('',(0.00242296006944444,-0.0422484419580415,0.0185));
#9816=CARTESIAN_POINT('',(0.000866970486111113,-0.0422484419580415,0.0185));
#9817=CARTESIAN_POINT('',(-0.000689019097222221,-0.0422484419580415,0.0185));
#9818=CARTESIAN_POINT('',(-0.000689019097222221,-0.0422484419580415,0.0185));
#9819=CARTESIAN_POINT('',(0.00126302083333333,-0.0405123308469304,0.0185));
#9820=CARTESIAN_POINT('',(0.00126302083333333,-0.0405123308469304,0.018));
#9821=CARTESIAN_POINT('',(0.000103316555511739,-0.0387760814860144,0.018));
#9822=CARTESIAN_POINT('',(0.000103081597222224,-0.0387762197358193,0.0185));
#9823=CARTESIAN_POINT('',(0.000103316555511738,-0.0387760814860144,0.0185));
#9824=CARTESIAN_POINT('',(0.00126302083333333,-0.0405123308469304,0.0185));
#9825=CARTESIAN_POINT('',(0.0232943889659127,-0.0251304201990595,0.0184999999999991));
#9826=CARTESIAN_POINT('',(0.0232943889659127,-0.0251304201990595,0.018));
#9827=CARTESIAN_POINT('',(-0.000715697474651153,-0.0372766537635971,0.018));
#9828=CARTESIAN_POINT('',(-0.000715697474651152,-0.0372766537635971,0.0185));
#9829=CARTESIAN_POINT('',(-0.000715697474651153,-0.0372766537635971,0.0185));
#9830=CARTESIAN_POINT('',(0.0232943889659127,-0.0251304201990595,0.0185));
#9831=CARTESIAN_POINT('',(-0.000743272569444444,-0.0372766537635971,0.0185));
#9832=CARTESIAN_POINT('',(-0.000743272569444444,-0.0372766537635971,0.018));
#9833=CARTESIAN_POINT('',(-0.000771484374999999,-0.0372766537635971,0.018));
#9834=CARTESIAN_POINT('',(-0.000771484374999999,-0.0372766537635971,0.0185));
#9835=CARTESIAN_POINT('',(-0.000771484374999999,-0.0372766537635971,0.0185));
#9836=CARTESIAN_POINT('',(-0.000743272569444444,-0.0372766537635971,0.0185));
#9837=CARTESIAN_POINT('',(-0.000771484374999999,-0.0372766537635971,0.0185));
#9838=CARTESIAN_POINT('',(-0.000771484374999999,-0.0372766537635971,0.018));
#9839=CARTESIAN_POINT('',(-0.000743272569444444,-0.037803997513597,0.0185));
#9840=CARTESIAN_POINT('',(-0.000743272569444444,-0.037803997513597,0.018));
#9841=CARTESIAN_POINT('',(-0.000689019097222221,-0.038624310013597,0.0185));
#9842=CARTESIAN_POINT('',(-0.000689019097222221,-0.038624310013597,0.018));
#9843=CARTESIAN_POINT('',(-0.000689019097222221,-0.0391234419580415,0.0185));
#9844=CARTESIAN_POINT('',(-0.000689019097222221,-0.0391234419580415,0.018));
#9845=CARTESIAN_POINT('',(-0.000771484374999999,-0.0372766537635971,0.018));
#9846=CARTESIAN_POINT('',(-0.000743272569444444,-0.037803997513597,0.018));
#9847=CARTESIAN_POINT('',(-0.000689019097222221,-0.038624310013597,0.018));
#9848=CARTESIAN_POINT('',(-0.000689019097222221,-0.0391234419580415,0.018));
#9849=CARTESIAN_POINT('',(-0.000689019097222221,-0.0391234419580415,0.018));
#9850=CARTESIAN_POINT('',(-0.000689019097222221,-0.0391234419580415,0.0185));
#9851=CARTESIAN_POINT('',(-0.000689019097222221,-0.0391234419580415,0.0185));
#9852=CARTESIAN_POINT('',(-0.000771484374999999,-0.0372766537635971,0.0185));
#9853=CARTESIAN_POINT('',(-0.000743272569444444,-0.037803997513597,0.0185));
#9854=CARTESIAN_POINT('',(-0.000689019097222221,-0.038624310013597,0.0185));
#9855=CARTESIAN_POINT('',(-0.000689019097222221,-0.0391234419580415,0.0185));
#9856=CARTESIAN_POINT('',(-0.00324327256944444,-0.0427551693885971,0.0185));
#9857=CARTESIAN_POINT('',(-0.00324327256944444,-0.0422484419580415,0.0185));
#9858=CARTESIAN_POINT('',(-0.00324327256944444,-0.0422484419580415,0.0185));
#9859=CARTESIAN_POINT('',(-0.00324327256944444,-0.0427551693885971,0.0185));
#9860=CARTESIAN_POINT('',(-0.00324327256944444,-0.0432618968191526,0.0185));
#9861=CARTESIAN_POINT('',(-0.00324327256944444,-0.0432618968191526,0.0185));
#9862=CARTESIAN_POINT('',(-0.00256944444444444,-0.0422484419580415,0.0185));
#9863=CARTESIAN_POINT('',(-0.00189561631944444,-0.0422484419580415,0.0185));
#9864=CARTESIAN_POINT('',(-0.00189561631944444,-0.0422484419580415,0.0185));
#9865=CARTESIAN_POINT('',(-0.00256944444444444,-0.0422484419580415,0.0185));
#9866=CARTESIAN_POINT('',(-0.00189561631944444,-0.0390681034163749,0.0185));
#9867=CARTESIAN_POINT('',(-0.00189561631944444,-0.0358877648747081,0.0185));
#9868=CARTESIAN_POINT('',(-0.00189561631944444,-0.0358877648747081,0.0185));
#9869=CARTESIAN_POINT('',(-0.00189561631944444,-0.0390681034163749,0.0185));
#9870=CARTESIAN_POINT('',(-0.00119466145833333,-0.0358877648747081,0.0185));
#9871=CARTESIAN_POINT('',(-0.000493706597222225,-0.0358877648747081,0.0185));
#9872=CARTESIAN_POINT('',(-0.000493706597222225,-0.0358877648747081,0.0185));
#9873=CARTESIAN_POINT('',(-0.00119466145833333,-0.0358877648747081,0.0185));
#9874=CARTESIAN_POINT('',(0.00162434895833333,-0.0391581641802637,0.0185));
#9875=CARTESIAN_POINT('',(0.00374240451388889,-0.0424285634858192,0.0185));
#9876=CARTESIAN_POINT('',(0.00374240451388889,-0.0424285634858192,0.0185));
#9877=CARTESIAN_POINT('',(0.00162434895833333,-0.0391581641802637,0.0185));
#9878=CARTESIAN_POINT('',(0.00374240451388889,-0.042845230152486,0.0185));
#9879=CARTESIAN_POINT('',(0.00374240451388889,-0.0432618968191526,0.0185));
#9880=CARTESIAN_POINT('',(0.00374240451388889,-0.0432618968191526,0.0185));
#9881=CARTESIAN_POINT('',(0.00374240451388889,-0.042845230152486,0.0185));
#9882=CARTESIAN_POINT('',(0.00152669270833333,-0.0432618968191526,0.0185));
#9883=CARTESIAN_POINT('',(-0.000689019097222221,-0.0432618968191526,0.0185));
#9884=CARTESIAN_POINT('',(-0.000689019097222221,-0.0432618968191526,0.0185));
#9885=CARTESIAN_POINT('',(0.00152669270833333,-0.0432618968191526,0.0185));
#9886=CARTESIAN_POINT('',(-0.000689019097222221,-0.0446648916108192,0.0185));
#9887=CARTESIAN_POINT('',(-0.000689019097222221,-0.0460678864024859,0.0185));
#9888=CARTESIAN_POINT('',(-0.000689019097222221,-0.0460678864024859,0.0185));
#9889=CARTESIAN_POINT('',(-0.000689019097222221,-0.0446648916108192,0.0185));
#9890=CARTESIAN_POINT('',(-0.00129231770833333,-0.0460678864024859,0.0185));
#9891=CARTESIAN_POINT('',(-0.00189561631944444,-0.0460678864024859,0.0185));
#9892=CARTESIAN_POINT('',(-0.00189561631944444,-0.0460678864024859,0.0185));
#9893=CARTESIAN_POINT('',(-0.00129231770833333,-0.0460678864024859,0.0185));
#9894=CARTESIAN_POINT('',(-0.00189561631944444,-0.0446648916108192,0.0185));
#9895=CARTESIAN_POINT('',(-0.00189561631944444,-0.0432618968191526,0.0185));
#9896=CARTESIAN_POINT('',(-0.00189561631944444,-0.0432618968191526,0.0185));
#9897=CARTESIAN_POINT('',(-0.00189561631944444,-0.0446648916108192,0.0185));
#9898=CARTESIAN_POINT('',(-0.00256944444444444,-0.0432618968191526,0.0185));
#9899=CARTESIAN_POINT('',(-0.00256944444444444,-0.0432618968191526,0.0185));
#9900=CARTESIAN_POINT('',(-0.000689019097222221,-0.0406859419580415,0.0185));
#9901=CARTESIAN_POINT('',(-0.000689019097222221,-0.0406859419580415,0.018));
#9902=CARTESIAN_POINT('',(-0.000689019097222221,-0.0406859419580415,0.0185));
#9903=CARTESIAN_POINT('',(0.,-0.0200678864024859,0.0185));
#9904=CARTESIAN_POINT('',(0.0453762052181537,-0.0200678864024859,0.0185));
#9905=CARTESIAN_POINT('',(0.0453762052181537,-0.0200678864024859,0.0185));
#9906=CARTESIAN_POINT('',(0.0280197349692196,-0.0200678864024859,0.0185));
#9907=CARTESIAN_POINT('',(0.0453762052181537,-0.0200678864024859,0.0185));
#9908=CARTESIAN_POINT('',(0.0453762052181537,-0.0200678864024859,0.0185));
#9909=CARTESIAN_POINT('',(0.0270197349692196,-0.0200678864024859,0.0185));
#9910=CARTESIAN_POINT('',(0.,-0.0200678864024859,0.0185));
#9911=CARTESIAN_POINT('',(-3.46944695195361E-18,0.000932113597514032,0.0185));
#9912=CARTESIAN_POINT('',(-3.46944695195361E-18,0.000932113597514032,0.0185));
#9913=CARTESIAN_POINT('',(-0.0173564702489341,0.000932113597514032,0.0185));
#9914=CARTESIAN_POINT('',(-3.46944695195361E-18,0.000932113597514032,0.0185));
#9915=CARTESIAN_POINT('',(-3.46944695195361E-18,0.000932113597514032,0.0185));
#9916=CARTESIAN_POINT('',(-0.0183564702489341,0.000932113597514032,0.0185));
#9917=CARTESIAN_POINT('',(0.,-0.0200678864024859,0.0185));
#9918=CARTESIAN_POINT('',(3.46944695195361E-18,-0.041067886402486,0.0185));
#9919=CARTESIAN_POINT('',(3.46944695195361E-18,-0.041067886402486,0.0185));
#9920=CARTESIAN_POINT('',(-0.017356470248934,-0.041067886402486,0.0185));
#9921=CARTESIAN_POINT('',(3.46944695195361E-18,-0.041067886402486,0.0185));
#9922=CARTESIAN_POINT('',(3.46944695195361E-18,-0.041067886402486,0.0185));
#9923=CARTESIAN_POINT('',(-0.018356470248934,-0.041067886402486,0.0185));
#9924=CARTESIAN_POINT('',(0.,-0.0200678864024859,0.0185));
#9925=CARTESIAN_POINT('',(0.,-0.0200678864024859,0.018));
#9926=CARTESIAN_POINT('',(1.38777878078145E-17,-0.020067886402486,0.023));
#9927=CARTESIAN_POINT('',(0.015,-0.0440678864024859,0.023));
#9928=CARTESIAN_POINT('',(0.0165,-0.0440678864024859,0.023));
#9929=CARTESIAN_POINT('',(0.0135,-0.0440678864024859,0.023));
#9930=CARTESIAN_POINT('',(0.0135,-0.020067886402486,0.023));
#9931=CARTESIAN_POINT('',(0.0135,-0.0380678864024859,0.023));
#9932=CARTESIAN_POINT('',(0.015,-0.0380678864024859,0.023));
#9933=CARTESIAN_POINT('',(0.0165,-0.0380678864024859,0.023));
#9934=CARTESIAN_POINT('',(0.0165,-0.0440678864024859,0.023));
#9935=CARTESIAN_POINT('',(-0.015,-0.0440678864024859,0.023));
#9936=CARTESIAN_POINT('',(-0.0135,-0.0440678864024859,0.023));
#9937=CARTESIAN_POINT('',(-0.0165,-0.0440678864024859,0.023));
#9938=CARTESIAN_POINT('',(-0.0165,-0.020067886402486,0.023));
#9939=CARTESIAN_POINT('',(-0.0165,-0.0380678864024859,0.023));
#9940=CARTESIAN_POINT('',(-0.015,-0.0380678864024859,0.023));
#9941=CARTESIAN_POINT('',(-0.0135,-0.0380678864024859,0.023));
#9942=CARTESIAN_POINT('',(-0.0135,-0.0440678864024859,0.023));
#9943=CARTESIAN_POINT('',(0.,-0.041067886402486,0.023));
#9944=CARTESIAN_POINT('',(-0.017856470248934,-0.041067886402486,0.023));
#9945=CARTESIAN_POINT('',(1.38777878078145E-17,-0.020067886402486,0.023));
#9946=CARTESIAN_POINT('',(0.0483762052181537,-0.0350678864024859,0.023));
#9947=CARTESIAN_POINT('',(0.0483762052181537,-0.0335678864024859,0.023));
#9948=CARTESIAN_POINT('',(0.0483762052181537,-0.0365678864024859,0.023));
#9949=CARTESIAN_POINT('',(1.38777878078145E-17,-0.0365678864024859,0.023));
#9950=CARTESIAN_POINT('',(0.0423762052181538,-0.0365678864024859,0.023));
#9951=CARTESIAN_POINT('',(0.0423762052181538,-0.0350678864024859,0.023));
#9952=CARTESIAN_POINT('',(0.0423762052181538,-0.0335678864024859,0.023));
#9953=CARTESIAN_POINT('',(0.0483762052181537,-0.0335678864024859,0.023));
#9954=CARTESIAN_POINT('',(0.0483762052181537,-0.00506788640248596,0.023));
#9955=CARTESIAN_POINT('',(0.0483762052181537,-0.00356788640248595,0.023));
#9956=CARTESIAN_POINT('',(0.0483762052181537,-0.00656788640248595,0.023));
#9957=CARTESIAN_POINT('',(1.38777878078145E-17,-0.00656788640248596,0.023));
#9958=CARTESIAN_POINT('',(0.0423762052181538,-0.00656788640248595,0.023));
#9959=CARTESIAN_POINT('',(0.0423762052181538,-0.00506788640248596,0.023));
#9960=CARTESIAN_POINT('',(0.0423762052181538,-0.00356788640248595,0.023));
#9961=CARTESIAN_POINT('',(0.0483762052181537,-0.00356788640248595,0.023));
#9962=CARTESIAN_POINT('',(0.0453762052181537,-0.0200678864024859,0.023));
#9963=CARTESIAN_POINT('',(0.0275197349692196,-0.0200678864024859,0.023));
#9964=CARTESIAN_POINT('',(1.38777878078145E-17,-0.020067886402486,0.023));
#9965=CARTESIAN_POINT('',(0.015,-0.00206788640248597,0.023));
#9966=CARTESIAN_POINT('',(0.0165,-0.00206788640248597,0.023));
#9967=CARTESIAN_POINT('',(0.0135,-0.00206788640248597,0.023));
#9968=CARTESIAN_POINT('',(0.0135,-0.020067886402486,0.023));
#9969=CARTESIAN_POINT('',(0.0135,0.00393211359751404,0.023));
#9970=CARTESIAN_POINT('',(0.015,0.00393211359751404,0.023));
#9971=CARTESIAN_POINT('',(0.0165,0.00393211359751404,0.023));
#9972=CARTESIAN_POINT('',(0.0165,-0.00206788640248597,0.023));
#9973=CARTESIAN_POINT('',(-0.015,-0.00206788640248597,0.023));
#9974=CARTESIAN_POINT('',(-0.0135,-0.00206788640248597,0.023));
#9975=CARTESIAN_POINT('',(-0.0165,-0.00206788640248597,0.023));
#9976=CARTESIAN_POINT('',(-0.0165,-0.020067886402486,0.023));
#9977=CARTESIAN_POINT('',(-0.0165,0.00393211359751404,0.023));
#9978=CARTESIAN_POINT('',(-0.015,0.00393211359751404,0.023));
#9979=CARTESIAN_POINT('',(-0.0135,0.00393211359751404,0.023));
#9980=CARTESIAN_POINT('',(-0.0135,-0.00206788640248597,0.023));
#9981=CARTESIAN_POINT('',(-3.46944695195361E-18,0.000932113597514033,0.023));
#9982=CARTESIAN_POINT('',(-0.0178564702489341,0.000932113597514033,0.023));
#9983=CARTESIAN_POINT('',(1.38777878078145E-17,-0.020067886402486,0.023));
#9984=CARTESIAN_POINT('',(-0.0423762052181537,-0.0350678864024859,0.023));
#9985=CARTESIAN_POINT('',(-0.0423762052181537,-0.0335678864024859,0.023));
#9986=CARTESIAN_POINT('',(-0.0423762052181537,-0.0365678864024859,0.023));
#9987=CARTESIAN_POINT('',(1.38777878078145E-17,-0.0365678864024859,0.023));
#9988=CARTESIAN_POINT('',(-0.0483762052181537,-0.0365678864024859,0.023));
#9989=CARTESIAN_POINT('',(-0.0483762052181537,-0.0350678864024859,0.023));
#9990=CARTESIAN_POINT('',(-0.0483762052181537,-0.0335678864024859,0.023));
#9991=CARTESIAN_POINT('',(-0.0423762052181537,-0.0335678864024859,0.023));
#9992=CARTESIAN_POINT('',(-0.0423762052181537,-0.00506788640248598,0.023));
#9993=CARTESIAN_POINT('',(-0.0423762052181537,-0.00356788640248597,0.023));
#9994=CARTESIAN_POINT('',(-0.0423762052181537,-0.00656788640248598,0.023));
#9995=CARTESIAN_POINT('',(1.38777878078145E-17,-0.00656788640248598,0.023));
#9996=CARTESIAN_POINT('',(-0.0483762052181537,-0.00656788640248598,0.023));
#9997=CARTESIAN_POINT('',(-0.0483762052181537,-0.00506788640248598,0.023));
#9998=CARTESIAN_POINT('',(-0.0483762052181537,-0.00356788640248597,0.023));
#9999=CARTESIAN_POINT('',(-0.0423762052181537,-0.00356788640248597,0.023));
#10000=CARTESIAN_POINT('',(-0.0453762052181537,-0.020067886402486,0.023));
#10001=CARTESIAN_POINT('',(-0.0632326754670877,-0.020067886402486,0.023));
#10002=CARTESIAN_POINT('',(-0.0165,-0.041067886402486,0.0185));
#10003=CARTESIAN_POINT('',(-0.0165,-0.0380678864024859,0.0185));
#10004=CARTESIAN_POINT('',(-0.0165,-0.0440678864024859,0.0185));
#10005=CARTESIAN_POINT('',(-0.015,-0.0440678864024859,0.0185));
#10006=CARTESIAN_POINT('',(-0.0135,-0.0440678864024859,0.0185));
#10007=CARTESIAN_POINT('',(-0.015,-0.0380678864024859,0.0185));
#10008=CARTESIAN_POINT('',(-0.0135,-0.0380678864024859,0.0185));
#10009=CARTESIAN_POINT('',(-0.0135,-0.0200678864024859,0.0185));
#10010=CARTESIAN_POINT('',(0.,-0.00356788640248597,0.0185));
#10011=CARTESIAN_POINT('',(-0.0483762052181537,-0.00356788640248597,0.0185));
#10012=CARTESIAN_POINT('',(-0.0423762052181537,-0.00356788640248597,0.0185));
#10013=CARTESIAN_POINT('',(-0.0423762052181537,-0.00506788640248598,0.0185));
#10014=CARTESIAN_POINT('',(-0.0423762052181537,-0.00656788640248598,0.0185));
#10015=CARTESIAN_POINT('',(-0.0483762052181537,-0.00506788640248598,0.0185));
#10016=CARTESIAN_POINT('',(-0.0483762052181537,-0.00656788640248598,0.0185));
#10017=CARTESIAN_POINT('',(-0.0453762052181537,-0.00656788640248598,0.0185));
#10018=CARTESIAN_POINT('',(-0.0483762052181537,-0.0350678864024859,0.0185));
#10019=CARTESIAN_POINT('',(-0.0483762052181537,-0.0335678864024859,0.0185));
#10020=CARTESIAN_POINT('',(-0.0483762052181537,-0.0365678864024859,0.0185));
#10021=CARTESIAN_POINT('',(-0.0453762052181537,-0.0365678864024859,0.0185));
#10022=CARTESIAN_POINT('',(-0.0423762052181537,-0.0365678864024859,0.0185));
#10023=CARTESIAN_POINT('',(0.,-0.0335678864024859,0.0185));
#10024=CARTESIAN_POINT('',(-0.0423762052181537,-0.0335678864024859,0.0185));
#10025=CARTESIAN_POINT('',(-0.0423762052181537,-0.0350678864024859,0.0185));
#10026=CARTESIAN_POINT('',(0.015,-0.0380678864024859,0.0185));
#10027=CARTESIAN_POINT('',(0.0165,-0.0380678864024859,0.0185));
#10028=CARTESIAN_POINT('',(0.0135,-0.0380678864024859,0.0185));
#10029=CARTESIAN_POINT('',(0.0135,-0.041067886402486,0.0185));
#10030=CARTESIAN_POINT('',(0.0135,-0.0440678864024859,0.0185));
#10031=CARTESIAN_POINT('',(0.0165,-0.0200678864024859,0.0185));
#10032=CARTESIAN_POINT('',(0.0165,-0.0440678864024859,0.0185));
#10033=CARTESIAN_POINT('',(0.015,-0.0440678864024859,0.0185));
#10034=CARTESIAN_POINT('',(0.0423762052181538,-0.0350678864024859,0.0185));
#10035=CARTESIAN_POINT('',(0.0423762052181538,-0.0335678864024859,0.0185));
#10036=CARTESIAN_POINT('',(0.0423762052181538,-0.0365678864024859,0.0185));
#10037=CARTESIAN_POINT('',(0.0453762052181537,-0.0365678864024859,0.0185));
#10038=CARTESIAN_POINT('',(0.0483762052181537,-0.0365678864024859,0.0185));
#10039=CARTESIAN_POINT('',(0.,-0.0335678864024859,0.0185));
#10040=CARTESIAN_POINT('',(0.0483762052181537,-0.0335678864024859,0.0185));
#10041=CARTESIAN_POINT('',(0.0483762052181537,-0.0350678864024859,0.0185));
#10042=CARTESIAN_POINT('',(0.,-0.00356788640248595,0.0185));
#10043=CARTESIAN_POINT('',(0.0423762052181538,-0.00356788640248595,0.0185));
#10044=CARTESIAN_POINT('',(0.0483762052181537,-0.00356788640248595,0.0185));
#10045=CARTESIAN_POINT('',(0.0483762052181537,-0.00506788640248596,0.0185));
#10046=CARTESIAN_POINT('',(0.0483762052181537,-0.00656788640248595,0.0185));
#10047=CARTESIAN_POINT('',(0.0423762052181538,-0.00506788640248596,0.0185));
#10048=CARTESIAN_POINT('',(0.0423762052181538,-0.00656788640248595,0.0185));
#10049=CARTESIAN_POINT('',(0.0453762052181537,-0.00656788640248596,0.0185));
#10050=CARTESIAN_POINT('',(0.015,0.00393211359751404,0.0185));
#10051=CARTESIAN_POINT('',(0.0165,0.00393211359751404,0.0185));
#10052=CARTESIAN_POINT('',(0.0135,0.00393211359751404,0.0185));
#10053=CARTESIAN_POINT('',(0.0135,0.000932113597514034,0.0185));
#10054=CARTESIAN_POINT('',(0.0135,-0.00206788640248597,0.0185));
#10055=CARTESIAN_POINT('',(0.0165,-0.0200678864024859,0.0185));
#10056=CARTESIAN_POINT('',(0.0165,-0.00206788640248597,0.0185));
#10057=CARTESIAN_POINT('',(0.015,-0.00206788640248597,0.0185));
#10058=CARTESIAN_POINT('',(-0.015,0.00393211359751404,0.0185));
#10059=CARTESIAN_POINT('',(-0.0135,0.00393211359751404,0.0185));
#10060=CARTESIAN_POINT('',(-0.0165,0.00393211359751404,0.0185));
#10061=CARTESIAN_POINT('',(-0.0165,0.000932113597514032,0.0185));
#10062=CARTESIAN_POINT('',(-0.0165,-0.00206788640248597,0.0185));
#10063=CARTESIAN_POINT('',(-0.0135,-0.0200678864024859,0.0185));
#10064=CARTESIAN_POINT('',(-0.0135,-0.00206788640248597,0.0185));
#10065=CARTESIAN_POINT('',(-0.015,-0.00206788640248597,0.0185));
#10066=CARTESIAN_POINT('',(0.,0.017432113597514,0.0215));
#10067=CARTESIAN_POINT('',(-0.041,0.017432113597514,0.0215));
#10068=CARTESIAN_POINT('',(-0.039,0.017432113597514,0.0215));
#10069=CARTESIAN_POINT('',(-0.039,0.018932113597514,0.0215));
#10070=CARTESIAN_POINT('',(-0.039,0.020432113597514,0.0215));
#10071=CARTESIAN_POINT('',(-0.041,0.018932113597514,0.0215));
#10072=CARTESIAN_POINT('',(-0.041,0.020432113597514,0.0215));
#10073=CARTESIAN_POINT('',(-0.04,0.020432113597514,0.0215));
#10074=CARTESIAN_POINT('',(-0.041,0.018932113597514,0.0185));
#10075=CARTESIAN_POINT('',(-0.041,0.020432113597514,0.0185));
#10076=CARTESIAN_POINT('',(-0.041,0.017432113597514,0.0185));
#10077=CARTESIAN_POINT('',(-0.04,0.017432113597514,0.0185));
#10078=CARTESIAN_POINT('',(-0.039,0.017432113597514,0.0185));
#10079=CARTESIAN_POINT('',(0.,0.020432113597514,0.0185));
#10080=CARTESIAN_POINT('',(-0.039,0.020432113597514,0.0185));
#10081=CARTESIAN_POINT('',(-0.039,0.018932113597514,0.0185));
#10082=CARTESIAN_POINT('',(-0.041,0.00893211359751405,0.0185));
#10083=CARTESIAN_POINT('',(-0.041,0.010432113597514,0.0185));
#10084=CARTESIAN_POINT('',(-0.041,0.00743211359751405,0.0185));
#10085=CARTESIAN_POINT('',(-0.04,0.00743211359751405,0.0185));
#10086=CARTESIAN_POINT('',(-0.039,0.00743211359751405,0.0185));
#10087=CARTESIAN_POINT('',(0.,0.0104321135975141,0.0185));
#10088=CARTESIAN_POINT('',(-0.039,0.010432113597514,0.0185));
#10089=CARTESIAN_POINT('',(-0.039,0.00893211359751405,0.0185));
#10090=CARTESIAN_POINT('',(-0.041,0.00893211359751405,0.0215));
#10091=CARTESIAN_POINT('',(-0.041,0.010432113597514,0.0215));
#10092=CARTESIAN_POINT('',(-0.041,0.00743211359751405,0.0215));
#10093=CARTESIAN_POINT('',(0.,0.00743211359751405,0.0215));
#10094=CARTESIAN_POINT('',(-0.039,0.00743211359751405,0.0215));
#10095=CARTESIAN_POINT('',(-0.04,0.010432113597514,0.0215));
#10096=CARTESIAN_POINT('',(-0.039,0.010432113597514,0.0215));
#10097=CARTESIAN_POINT('',(-0.039,0.00893211359751405,0.0215));
#10098=CARTESIAN_POINT('',(1.38777878078145E-17,-0.0335678864024859,0.0225));
#10099=CARTESIAN_POINT('',(0.0483762052181537,-0.0335678864024859,0.0225));
#10100=CARTESIAN_POINT('',(0.0423762052181538,-0.0335678864024859,0.0225));
#10101=CARTESIAN_POINT('',(0.0423762052181538,-0.0350678864024859,0.0225));
#10102=CARTESIAN_POINT('',(0.0423762052181538,-0.0365678864024859,0.0225));
#10103=CARTESIAN_POINT('',(0.0483762052181537,-0.0350678864024859,0.0225));
#10104=CARTESIAN_POINT('',(0.0483762052181537,-0.0365678864024859,0.0225));
#10105=CARTESIAN_POINT('',(0.0453762052181537,-0.0365678864024859,0.0225));
#10106=CARTESIAN_POINT('',(1.38777878078145E-17,-0.00356788640248595,0.0225));
#10107=CARTESIAN_POINT('',(0.0483762052181537,-0.00356788640248595,0.0225));
#10108=CARTESIAN_POINT('',(0.0423762052181538,-0.00356788640248595,0.0225));
#10109=CARTESIAN_POINT('',(0.0423762052181538,-0.00506788640248596,0.0225));
#10110=CARTESIAN_POINT('',(0.0423762052181538,-0.00656788640248595,0.0225));
#10111=CARTESIAN_POINT('',(0.0483762052181537,-0.00506788640248596,0.0225));
#10112=CARTESIAN_POINT('',(0.0483762052181537,-0.00656788640248595,0.0225));
#10113=CARTESIAN_POINT('',(0.0453762052181537,-0.00656788640248596,0.0225));
#10114=CARTESIAN_POINT('',(0.0453762052181537,-0.0200678864024859,0.0225));
#10115=CARTESIAN_POINT('',(0.0165,-0.020067886402486,0.0225));
#10116=CARTESIAN_POINT('',(0.0165,-0.0440678864024859,0.0225));
#10117=CARTESIAN_POINT('',(0.0165,-0.0380678864024859,0.0225));
#10118=CARTESIAN_POINT('',(0.015,-0.0380678864024859,0.0225));
#10119=CARTESIAN_POINT('',(0.0135,-0.0380678864024859,0.0225));
#10120=CARTESIAN_POINT('',(0.015,-0.0440678864024859,0.0225));
#10121=CARTESIAN_POINT('',(0.0135,-0.0440678864024859,0.0225));
#10122=CARTESIAN_POINT('',(0.0135,-0.041067886402486,0.0225));
#10123=CARTESIAN_POINT('',(-0.0135,-0.020067886402486,0.0225));
#10124=CARTESIAN_POINT('',(-0.0135,-0.0440678864024859,0.0225));
#10125=CARTESIAN_POINT('',(-0.0135,-0.0380678864024859,0.0225));
#10126=CARTESIAN_POINT('',(-0.015,-0.0380678864024859,0.0225));
#10127=CARTESIAN_POINT('',(-0.0165,-0.0380678864024859,0.0225));
#10128=CARTESIAN_POINT('',(-0.015,-0.0440678864024859,0.0225));
#10129=CARTESIAN_POINT('',(-0.0165,-0.0440678864024859,0.0225));
#10130=CARTESIAN_POINT('',(-0.0165,-0.041067886402486,0.0225));
#10131=CARTESIAN_POINT('',(0.,-0.041067886402486,0.0225));
#10132=CARTESIAN_POINT('',(0.0165,-0.020067886402486,0.0225));
#10133=CARTESIAN_POINT('',(0.0165,-0.00206788640248597,0.0225));
#10134=CARTESIAN_POINT('',(0.0165,0.00393211359751404,0.0225));
#10135=CARTESIAN_POINT('',(0.015,0.00393211359751404,0.0225));
#10136=CARTESIAN_POINT('',(0.0135,0.00393211359751404,0.0225));
#10137=CARTESIAN_POINT('',(0.015,-0.00206788640248597,0.0225));
#10138=CARTESIAN_POINT('',(0.0135,-0.00206788640248597,0.0225));
#10139=CARTESIAN_POINT('',(0.0135,0.000932113597514034,0.0225));
#10140=CARTESIAN_POINT('',(-0.0135,-0.020067886402486,0.0225));
#10141=CARTESIAN_POINT('',(-0.0135,-0.00206788640248597,0.0225));
#10142=CARTESIAN_POINT('',(-0.0135,0.00393211359751404,0.0225));
#10143=CARTESIAN_POINT('',(-0.015,0.00393211359751404,0.0225));
#10144=CARTESIAN_POINT('',(-0.0165,0.00393211359751404,0.0225));
#10145=CARTESIAN_POINT('',(-0.015,-0.00206788640248597,0.0225));
#10146=CARTESIAN_POINT('',(-0.0165,-0.00206788640248597,0.0225));
#10147=CARTESIAN_POINT('',(-0.0165,0.000932113597514032,0.0225));
#10148=CARTESIAN_POINT('',(-3.46944695195361E-18,0.000932113597514033,0.0225));
#10149=CARTESIAN_POINT('',(1.38777878078145E-17,-0.0335678864024859,0.0225));
#10150=CARTESIAN_POINT('',(-0.0423762052181537,-0.0335678864024859,0.0225));
#10151=CARTESIAN_POINT('',(-0.0483762052181537,-0.0335678864024859,0.0225));
#10152=CARTESIAN_POINT('',(-0.0483762052181537,-0.0350678864024859,0.0225));
#10153=CARTESIAN_POINT('',(-0.0483762052181537,-0.0365678864024859,0.0225));
#10154=CARTESIAN_POINT('',(-0.0423762052181537,-0.0350678864024859,0.0225));
#10155=CARTESIAN_POINT('',(-0.0423762052181537,-0.0365678864024859,0.0225));
#10156=CARTESIAN_POINT('',(-0.0453762052181537,-0.0365678864024859,0.0225));
#10157=CARTESIAN_POINT('',(1.38777878078145E-17,-0.00356788640248597,0.0225));
#10158=CARTESIAN_POINT('',(-0.0423762052181537,-0.00356788640248597,0.0225));
#10159=CARTESIAN_POINT('',(-0.0483762052181537,-0.00356788640248597,0.0225));
#10160=CARTESIAN_POINT('',(-0.0483762052181537,-0.00506788640248598,0.0225));
#10161=CARTESIAN_POINT('',(-0.0483762052181537,-0.00656788640248598,0.0225));
#10162=CARTESIAN_POINT('',(-0.0423762052181537,-0.00506788640248598,0.0225));
#10163=CARTESIAN_POINT('',(-0.0423762052181537,-0.00656788640248598,0.0225));
#10164=CARTESIAN_POINT('',(-0.0453762052181537,-0.00656788640248598,0.0225));
#10165=CARTESIAN_POINT('',(-0.0453762052181537,-0.020067886402486,0.0225));
#10166=MECHANICAL_DESIGN_GEOMETRIC_PRESENTATION_REPRESENTATION('',(#5794),
#10167);
#10167=(
GEOMETRIC_REPRESENTATION_CONTEXT(3)
GLOBAL_UNCERTAINTY_ASSIGNED_CONTEXT((#10168))
GLOBAL_UNIT_ASSIGNED_CONTEXT((#10171,#10170,#10169))
REPRESENTATION_CONTEXT('Switch_Cover','TOP_LEVEL_ASSEMBLY_PART')
);
#10168=UNCERTAINTY_MEASURE_WITH_UNIT(LENGTH_MEASURE(2.E-5),#10171,
'DISTANCE_ACCURACY_VALUE','Maximum Tolerance applied to model');
#10169=(
NAMED_UNIT(*)
SI_UNIT($,.STERADIAN.)
SOLID_ANGLE_UNIT()
);
#10170=(
NAMED_UNIT(*)
PLANE_ANGLE_UNIT()
SI_UNIT($,.RADIAN.)
);
#10171=(
LENGTH_UNIT()
NAMED_UNIT(*)
SI_UNIT($,.METRE.)
);
#10172=PRODUCT_DEFINITION_SHAPE('','',#10173);
#10173=PRODUCT_DEFINITION('','',#10175,#10174);
#10174=PRODUCT_DEFINITION_CONTEXT('',#10181,'design');
#10175=PRODUCT_DEFINITION_FORMATION_WITH_SPECIFIED_SOURCE('','',#10177,
 .NOT_KNOWN.);
#10176=PRODUCT_RELATED_PRODUCT_CATEGORY('','',(#10177));
#10177=PRODUCT('Switch_Cover','Switch_Cover','Switch_Cover',(#10179));
#10178=PRODUCT_CATEGORY('','');
#10179=PRODUCT_CONTEXT('',#10181,'mechanical');
#10180=APPLICATION_PROTOCOL_DEFINITION('international standard',
'ap242_managed_model_based_3d_engineering',2020,#10181);
#10181=APPLICATION_CONTEXT('managed model based 3d engineering');
ENDSEC;
END-ISO-10303-21;
